a,b,shell,t,nmatched,rmsd,error
tests/data/csd_families/ABEKUN/ABEKUN.cif,tests/data/csd_families/ABEKUN/ABEKUN01.cif,15,0.08468018658459187,8,2.940635219733835,
tests/data/csd_families/ABEKUN/ABEKUN.cif,tests/data/csd_families/ABEKUN/ABEKUN02.cif,15,0.07295544352382421,7,2.192239755268862,
tests/data/csd_families/ABEKUN/ABEKUN.cif,tests/data/csd_families/ABEKUN/ABEKUN03.cif,15,0.017058136872947216,15,0.0064019997890761285,
tests/data/csd_families/ABEKUN/ABEKUN.cif,tests/data/csd_families/ABEKUN/ABEKUN04.cif,15,0.01718888897448778,15,0.01614990376141737,
tests/data/csd_families/ABEKUN/ABEKUN01.cif,tests/data/csd_families/ABEKUN/ABEKUN02.cif,15,0.040376512333750725,15,0.04132867521128192,
tests/data/csd_families/ABEKUN/ABEKUN01.cif,tests/data/csd_families/ABEKUN/ABEKUN03.cif,15,0.10365145280957222,8,2.9407388260341056,
tests/data/csd_families/ABEKUN/ABEKUN01.cif,tests/data/csd_families/ABEKUN/ABEKUN04.cif,15,0.09945708699524403,8,2.9426961162451124,
tests/data/csd_families/ABEKUN/ABEKUN02.cif,tests/data/csd_families/ABEKUN/ABEKUN03.cif,15,0.0923004848882556,7,2.1919926757488035,
tests/data/csd_families/ABEKUN/ABEKUN02.cif,tests/data/csd_families/ABEKUN/ABEKUN04.cif,15,0.07746932283043861,7,2.19450320339267,
tests/data/csd_families/ABEKUN/ABEKUN03.cif,tests/data/csd_families/ABEKUN/ABEKUN04.cif,15,0.01786172855645418,15,0.010976004518464637,
tests/data/csd_families/ACACCR/ACACCR.cif,tests/data/csd_families/ACACCR/ACACCR02.cif,15,0.025365537963807583,15,0.01940806676637959,
tests/data/csd_families/ACACCR/ACACCR.cif,tests/data/csd_families/ACACCR/ACACCR05.cif,15,0.027076813392341137,15,0.02502187226900978,
tests/data/csd_families/ACACCR/ACACCR.cif,tests/data/csd_families/ACACCR/ACACCR07.cif,15,0.027128824964165688,15,0.021182048776293087,
tests/data/csd_families/ACACCR/ACACCR.cif,tests/data/csd_families/ACACCR/ACACCR10.cif,15,0.8369317045435309,15,0.23194561832989624,
tests/data/csd_families/ACACCR/ACACCR02.cif,tests/data/csd_families/ACACCR/ACACCR05.cif,15,0.034010883420705795,15,0.018074987538865297,
tests/data/csd_families/ACACCR/ACACCR02.cif,tests/data/csd_families/ACACCR/ACACCR07.cif,15,0.029223378747701645,15,0.010349101259614291,
tests/data/csd_families/ACACCR/ACACCR02.cif,tests/data/csd_families/ACACCR/ACACCR10.cif,15,0.7766254507005215,15,0.2276558350965712,
tests/data/csd_families/ACACCR/ACACCR05.cif,tests/data/csd_families/ACACCR/ACACCR07.cif,15,0.02793773729354143,15,0.01606094684181233,
tests/data/csd_families/ACACCR/ACACCR05.cif,tests/data/csd_families/ACACCR/ACACCR10.cif,15,0.7073568161576986,15,0.23092951300290057,
tests/data/csd_families/ACACCR/ACACCR07.cif,tests/data/csd_families/ACACCR/ACACCR10.cif,15,0.7090377127751708,15,0.22582144397345755,
tests/data/csd_families/ACEMID/ACEMID.cif,tests/data/csd_families/ACEMID/ACEMID01.cif,15,0.35373179893940687,8,2.6803820845264856,
tests/data/csd_families/ACEMID/ACEMID.cif,tests/data/csd_families/ACEMID/ACEMID02.cif,15,0.4245125763118267,8,2.642473171248763,
tests/data/csd_families/ACEMID/ACEMID.cif,tests/data/csd_families/ACEMID/ACEMID03.cif,15,0.4205630850046873,8,2.626421427447408,
tests/data/csd_families/ACEMID/ACEMID.cif,tests/data/csd_families/ACEMID/ACEMID05.cif,15,0.4219184275716543,8,2.622926372262234,
tests/data/csd_families/ACEMID/ACEMID01.cif,tests/data/csd_families/ACEMID/ACEMID02.cif,15,0.014011068269610405,15,0.10117620582671656,
tests/data/csd_families/ACEMID/ACEMID01.cif,tests/data/csd_families/ACEMID/ACEMID03.cif,15,0.01408758107572794,15,0.14409662625167435,
tests/data/csd_families/ACEMID/ACEMID01.cif,tests/data/csd_families/ACEMID/ACEMID05.cif,15,0.014050040394067764,15,0.14195632605686434,
tests/data/csd_families/ACEMID/ACEMID02.cif,tests/data/csd_families/ACEMID/ACEMID03.cif,15,0.013134355656802654,15,0.044360174616748856,
tests/data/csd_families/ACEMID/ACEMID02.cif,tests/data/csd_families/ACEMID/ACEMID05.cif,15,0.013149876147508621,15,0.042309508560259085,
tests/data/csd_families/ACEMID/ACEMID03.cif,tests/data/csd_families/ACEMID/ACEMID05.cif,15,0.01692067552357912,15,0.010947671230845505,
tests/data/csd_families/ACENAP/ACENAP.cif,tests/data/csd_families/ACENAP/ACENAP03.cif,15,0.45587132778018713,15,0.05138012606400803,
tests/data/csd_families/ACENAP/ACENAP.cif,tests/data/csd_families/ACENAP/ACENAP04.cif,15,0.3658745978027582,15,0.05238664426047593,
tests/data/csd_families/ACENAP/ACENAP.cif,tests/data/csd_families/ACENAP/ACENAP05.cif,15,0.42113402392715216,15,0.06975023720056185,
tests/data/csd_families/ACENAP/ACENAP.cif,tests/data/csd_families/ACENAP/ACENAP06.cif,15,0.4605484213680029,15,0.10565715023419774,
tests/data/csd_families/ACENAP/ACENAP03.cif,tests/data/csd_families/ACENAP/ACENAP04.cif,15,0.4055679300799966,15,0.024848270153065344,
tests/data/csd_families/ACENAP/ACENAP03.cif,tests/data/csd_families/ACENAP/ACENAP05.cif,15,0.4487404664978385,15,0.05041346982069186,
tests/data/csd_families/ACENAP/ACENAP03.cif,tests/data/csd_families/ACENAP/ACENAP06.cif,15,0.4907406037673354,15,0.09389288586508034,
tests/data/csd_families/ACENAP/ACENAP04.cif,tests/data/csd_families/ACENAP/ACENAP05.cif,15,0.38457443099468946,15,0.041374043972865565,
tests/data/csd_families/ACENAP/ACENAP04.cif,tests/data/csd_families/ACENAP/ACENAP06.cif,15,0.3970081368461251,15,0.08289093808477711,
tests/data/csd_families/ACENAP/ACENAP05.cif,tests/data/csd_families/ACENAP/ACENAP06.cif,15,0.3616734929382801,15,0.04390597373661614,
tests/data/csd_families/ACRLAC/ACRLAC.cif,tests/data/csd_families/ACRLAC/ACRLAC01.cif,15,0.02157140802592039,15,0.06251405355809293,
tests/data/csd_families/ACRLAC/ACRLAC.cif,tests/data/csd_families/ACRLAC/ACRLAC02.cif,15,0.1317110126838088,15,0.0479620039806528,
tests/data/csd_families/ACRLAC/ACRLAC.cif,tests/data/csd_families/ACRLAC/ACRLAC03.cif,15,0.09572530910372734,15,0.04071981773156109,
tests/data/csd_families/ACRLAC/ACRLAC.cif,tests/data/csd_families/ACRLAC/ACRLAC04.cif,15,0.38406473211944103,8,2.3315423483416784,
tests/data/csd_families/ACRLAC/ACRLAC01.cif,tests/data/csd_families/ACRLAC/ACRLAC02.cif,15,0.1269449982792139,15,0.08516556654629076,
tests/data/csd_families/ACRLAC/ACRLAC01.cif,tests/data/csd_families/ACRLAC/ACRLAC03.cif,15,0.09471251256763935,15,0.04864998555071076,
tests/data/csd_families/ACRLAC/ACRLAC01.cif,tests/data/csd_families/ACRLAC/ACRLAC04.cif,15,0.3811462474986911,8,2.355732829240051,
tests/data/csd_families/ACRLAC/ACRLAC02.cif,tests/data/csd_families/ACRLAC/ACRLAC03.cif,15,0.20086810551583767,15,0.056836088748725394,
tests/data/csd_families/ACRLAC/ACRLAC02.cif,tests/data/csd_families/ACRLAC/ACRLAC04.cif,15,0.30175023525953293,8,2.8336775799477376,
tests/data/csd_families/ACRLAC/ACRLAC03.cif,tests/data/csd_families/ACRLAC/ACRLAC04.cif,15,0.28726764768362045,8,3.2387374408336242,
tests/data/csd_families/ACSALA/ACSALA.cif,tests/data/csd_families/ACSALA/ACSALA01.cif,15,0.01771305687725544,15,0.012002876609205635,
tests/data/csd_families/ACSALA/ACSALA.cif,tests/data/csd_families/ACSALA/ACSALA02.cif,15,0.0192266209051013,15,0.10636875583708447,
tests/data/csd_families/ACSALA/ACSALA.cif,tests/data/csd_families/ACSALA/ACSALA03.cif,15,0.018986276350915432,15,0.08428722913355775,
tests/data/csd_families/ACSALA/ACSALA.cif,tests/data/csd_families/ACSALA/ACSALA04.cif,15,0.01886429451406002,15,0.06564437404383448,
tests/data/csd_families/ACSALA/ACSALA01.cif,tests/data/csd_families/ACSALA/ACSALA02.cif,15,0.016518198885023594,15,0.10430747917935068,
tests/data/csd_families/ACSALA/ACSALA01.cif,tests/data/csd_families/ACSALA/ACSALA03.cif,15,0.01600531954318285,15,0.08205412143914323,
tests/data/csd_families/ACSALA/ACSALA01.cif,tests/data/csd_families/ACSALA/ACSALA04.cif,15,0.016195924021303654,15,0.06290279572722485,
tests/data/csd_families/ACSALA/ACSALA02.cif,tests/data/csd_families/ACSALA/ACSALA03.cif,15,0.016314624808728695,15,0.02324092603588158,
tests/data/csd_families/ACSALA/ACSALA02.cif,tests/data/csd_families/ACSALA/ACSALA04.cif,15,0.016320466063916683,15,0.04313436227051298,
tests/data/csd_families/ACSALA/ACSALA03.cif,tests/data/csd_families/ACSALA/ACSALA04.cif,15,0.016193272545933723,15,0.021288486598794065,
tests/data/csd_families/ACUCIN/ACUCIN.cif,tests/data/csd_families/ACUCIN/ACUCIN01.cif,15,0.021303433924913406,15,0.0029839526051864507,
tests/data/csd_families/ACUCIN/ACUCIN.cif,tests/data/csd_families/ACUCIN/ACUCIN02.cif,15,0.02126655261963606,15,0.0030482293762860457,
tests/data/csd_families/ACUCIN/ACUCIN.cif,tests/data/csd_families/ACUCIN/ACUCIN03.cif,15,0.02126339264214039,15,0.0031966245076260336,
tests/data/csd_families/ACUCIN/ACUCIN01.cif,tests/data/csd_families/ACUCIN/ACUCIN02.cif,15,0.020776905119419098,15,0.00020732007867605532,
tests/data/csd_families/ACUCIN/ACUCIN01.cif,tests/data/csd_families/ACUCIN/ACUCIN03.cif,15,0.02073176484555006,15,0.0007766180121632686,
tests/data/csd_families/ACUCIN/ACUCIN02.cif,tests/data/csd_families/ACUCIN/ACUCIN03.cif,15,0.02071461360901594,15,0.0007927792320637379,
tests/data/csd_families/ADMANN/ADMANN.cif,tests/data/csd_families/ADMANN/ADMANN01.cif,15,0.07113064266741276,15,0.016214134859791816,
tests/data/csd_families/ADMANN/ADMANN.cif,tests/data/csd_families/ADMANN/ADMANN02.cif,15,0.06995631475001574,15,0.021502101197846252,
tests/data/csd_families/ADMANN/ADMANN.cif,tests/data/csd_families/ADMANN/ADMANN03.cif,15,0.07208394818007946,15,0.03035055856196673,
tests/data/csd_families/ADMANN/ADMANN.cif,tests/data/csd_families/ADMANN/ADMANN04.cif,15,0.07219583075493574,15,0.0413166531973485,
tests/data/csd_families/ADMANN/ADMANN01.cif,tests/data/csd_families/ADMANN/ADMANN02.cif,15,0.09129963908344507,15,0.01601459696696337,
tests/data/csd_families/ADMANN/ADMANN01.cif,tests/data/csd_families/ADMANN/ADMANN03.cif,15,0.09089290350675583,15,0.025045006806390685,
tests/data/csd_families/ADMANN/ADMANN01.cif,tests/data/csd_families/ADMANN/ADMANN04.cif,15,0.09249597880989313,15,0.03535805670215786,
tests/data/csd_families/ADMANN/ADMANN02.cif,tests/data/csd_families/ADMANN/ADMANN03.cif,15,0.09054837841540575,15,0.016570663476456308,
tests/data/csd_families/ADMANN/ADMANN02.cif,tests/data/csd_families/ADMANN/ADMANN04.cif,15,0.09226975496858358,15,0.025631941452887653,
tests/data/csd_families/ADMANN/ADMANN03.cif,tests/data/csd_families/ADMANN/ADMANN04.cif,15,0.09284897334873676,15,0.01602860976739356,
tests/data/csd_families/AFEMEE/AFEMEE.cif,tests/data/csd_families/AFEMEE/AFEMEE02.cif,15,0.02592512685805559,15,0.012957638025574671,
tests/data/csd_families/AFEMEE/AFEMEE.cif,tests/data/csd_families/AFEMEE/AFEMEE03.cif,15,0.02695855312049389,15,0.00667775071689494,
tests/data/csd_families/AFEMEE/AFEMEE.cif,tests/data/csd_families/AFEMEE/AFEMEE04.cif,15,0.027454559691250324,15,0.008782169775551765,
tests/data/csd_families/AFEMEE/AFEMEE02.cif,tests/data/csd_families/AFEMEE/AFEMEE03.cif,15,0.02800131868571043,15,0.008147706221209564,
tests/data/csd_families/AFEMEE/AFEMEE02.cif,tests/data/csd_families/AFEMEE/AFEMEE04.cif,15,0.02847538609057665,15,0.012684218305280822,
tests/data/csd_families/AFEMEE/AFEMEE03.cif,tests/data/csd_families/AFEMEE/AFEMEE04.cif,15,0.029952509328722954,15,0.00731416102035805,
tests/data/csd_families/ALEUCU/ALEUCU.cif,tests/data/csd_families/ALEUCU/ALEUCU01.cif,15,0.05321504361927509,15,0.01935525348106405,
tests/data/csd_families/ALEUCU/ALEUCU.cif,tests/data/csd_families/ALEUCU/ALEUCU02.cif,15,0.053279914893209934,15,0.06623187013051472,
tests/data/csd_families/ALEUCU/ALEUCU.cif,tests/data/csd_families/ALEUCU/ALEUCU03.cif,15,20.185043355450034,0,nan,RuntimeError:MotifSearch Timeout
tests/data/csd_families/ALEUCU/ALEUCU.cif,tests/data/csd_families/ALEUCU/ALEUCU04.cif,15,20.07439870107919,0,nan,RuntimeError:MotifSearch Timeout
tests/data/csd_families/ALEUCU/ALEUCU01.cif,tests/data/csd_families/ALEUCU/ALEUCU02.cif,15,0.05609556846320629,15,0.07398628333623422,
tests/data/csd_families/ALEUCU/ALEUCU01.cif,tests/data/csd_families/ALEUCU/ALEUCU03.cif,15,20.102502069436014,0,nan,RuntimeError:MotifSearch Timeout
tests/data/csd_families/ALEUCU/ALEUCU01.cif,tests/data/csd_families/ALEUCU/ALEUCU04.cif,15,20.15720133576542,0,nan,RuntimeError:MotifSearch Timeout
tests/data/csd_families/ALEUCU/ALEUCU02.cif,tests/data/csd_families/ALEUCU/ALEUCU03.cif,15,20.180800235830247,0,nan,RuntimeError:MotifSearch Timeout
tests/data/csd_families/ALEUCU/ALEUCU02.cif,tests/data/csd_families/ALEUCU/ALEUCU04.cif,15,20.128282096236944,0,nan,RuntimeError:MotifSearch Timeout
tests/data/csd_families/ALEUCU/ALEUCU03.cif,tests/data/csd_families/ALEUCU/ALEUCU04.cif,15,0.18060642573982477,0,nan,
tests/data/csd_families/ALOCOW/ALOCOW.cif,tests/data/csd_families/ALOCOW/ALOCOW01.cif,15,0.04359682183712721,15,0.0426372402204425,
tests/data/csd_families/ALOCOW/ALOCOW.cif,tests/data/csd_families/ALOCOW/ALOCOW02.cif,15,0.06302137579768896,15,0.07813071670089619,
tests/data/csd_families/ALOCOW/ALOCOW.cif,tests/data/csd_families/ALOCOW/ALOCOW03.cif,15,0.038966650143265724,15,0.1253300109057472,
tests/data/csd_families/ALOCOW/ALOCOW.cif,tests/data/csd_families/ALOCOW/ALOCOW04.cif,15,0.046021160669624805,15,1.9095560009215964,
tests/data/csd_families/ALOCOW/ALOCOW01.cif,tests/data/csd_families/ALOCOW/ALOCOW02.cif,15,0.045534512028098106,15,0.036975437219640576,
tests/data/csd_families/ALOCOW/ALOCOW01.cif,tests/data/csd_families/ALOCOW/ALOCOW03.cif,15,0.04262577649205923,15,0.08380374048971251,
tests/data/csd_families/ALOCOW/ALOCOW01.cif,tests/data/csd_families/ALOCOW/ALOCOW04.cif,15,0.03890334814786911,15,1.882758635916255,
tests/data/csd_families/ALOCOW/ALOCOW02.cif,tests/data/csd_families/ALOCOW/ALOCOW03.cif,15,0.0475425748154521,15,0.04742389338539741,
tests/data/csd_families/ALOCOW/ALOCOW02.cif,tests/data/csd_families/ALOCOW/ALOCOW04.cif,15,0.04891866445541382,15,1.8590812161077017,
tests/data/csd_families/ALOCOW/ALOCOW03.cif,tests/data/csd_families/ALOCOW/ALOCOW04.cif,15,0.0389474593102932,15,1.8308037265081805,
tests/data/csd_families/AMBACO/AMBACO01.cif,tests/data/csd_families/AMBACO/AMBACO03.cif,15,0.11986041441559792,11,1.4790332196421139,
tests/data/csd_families/AMBACO/AMBACO01.cif,tests/data/csd_families/AMBACO/AMBACO05.cif,15,0.15496234502643347,11,1.483392330312843,
tests/data/csd_families/AMBACO/AMBACO01.cif,tests/data/csd_families/AMBACO/AMBACO06.cif,15,0.07799284067004919,7,1.6572649420896564,
tests/data/csd_families/AMBACO/AMBACO01.cif,tests/data/csd_families/AMBACO/AMBACO07.cif,15,0.038765027187764645,15,0.042904927408184336,
tests/data/csd_families/AMBACO/AMBACO03.cif,tests/data/csd_families/AMBACO/AMBACO05.cif,15,0.019939581863582134,15,0.019051733415768192,
tests/data/csd_families/AMBACO/AMBACO03.cif,tests/data/csd_families/AMBACO/AMBACO06.cif,15,0.21537692099809647,7,0.7844915517135285,
tests/data/csd_families/AMBACO/AMBACO03.cif,tests/data/csd_families/AMBACO/AMBACO07.cif,15,0.120610436424613,11,1.4737134019882394,
tests/data/csd_families/AMBACO/AMBACO05.cif,tests/data/csd_families/AMBACO/AMBACO06.cif,15,0.36601787712424994,7,0.7868931020868543,
tests/data/csd_families/AMBACO/AMBACO05.cif,tests/data/csd_families/AMBACO/AMBACO07.cif,15,0.1525836382061243,11,1.478035279880349,
tests/data/csd_families/AMBACO/AMBACO06.cif,tests/data/csd_families/AMBACO/AMBACO07.cif,15,0.07701490446925163,7,1.651089516058214,
tests/data/csd_families/AMBNAC/AMBNAC.cif,tests/data/csd_families/AMBNAC/AMBNAC01.cif,15,0.24366018269211054,7,2.2795854190662324,
tests/data/csd_families/AMBNAC/AMBNAC.cif,tests/data/csd_families/AMBNAC/AMBNAC04.cif,15,0.019038808532059193,15,0.041285874510414176,
tests/data/csd_families/AMBNAC/AMBNAC.cif,tests/data/csd_families/AMBNAC/AMBNAC06.cif,15,0.3410400664433837,7,2.2879203485239303,
tests/data/csd_families/AMBNAC/AMBNAC.cif,tests/data/csd_families/AMBNAC/AMBNAC07.cif,15,0.24077106826007366,7,2.3405362477293337,
tests/data/csd_families/AMBNAC/AMBNAC01.cif,tests/data/csd_families/AMBNAC/AMBNAC04.cif,15,0.2598647065460682,7,2.266910725277505,
tests/data/csd_families/AMBNAC/AMBNAC01.cif,tests/data/csd_families/AMBNAC/AMBNAC06.cif,15,0.8175669023767114,15,0.017248600978928986,
tests/data/csd_families/AMBNAC/AMBNAC01.cif,tests/data/csd_families/AMBNAC/AMBNAC07.cif,15,0.6890948126092553,15,0.09440796347194819,
tests/data/csd_families/AMBNAC/AMBNAC04.cif,tests/data/csd_families/AMBNAC/AMBNAC06.cif,15,0.3247918216511607,7,2.2752836040995517,
tests/data/csd_families/AMBNAC/AMBNAC04.cif,tests/data/csd_families/AMBNAC/AMBNAC07.cif,15,0.24258969444781542,7,2.3280863402979146,
tests/data/csd_families/AMBNAC/AMBNAC06.cif,tests/data/csd_families/AMBNAC/AMBNAC07.cif,15,0.7080973889678717,15,0.08514476701866547,
tests/data/csd_families/ANLINB/ANLINB.cif,tests/data/csd_families/ANLINB/ANLINB02.cif,15,0.037064299918711185,15,0.15319933430250024,
tests/data/csd_families/ANLINB/ANLINB.cif,tests/data/csd_families/ANLINB/ANLINB03.cif,15,0.15802641306072474,15,0.02357436505597132,
tests/data/csd_families/ANLINB/ANLINB.cif,tests/data/csd_families/ANLINB/ANLINB04.cif,15,0.15849127061665058,15,0.02601610808093337,
tests/data/csd_families/ANLINB/ANLINB.cif,tests/data/csd_families/ANLINB/ANLINB05.cif,15,20.022177590988576,0,nan,RuntimeError:MotifSearch Timeout
tests/data/csd_families/ANLINB/ANLINB02.cif,tests/data/csd_families/ANLINB/ANLINB03.cif,15,0.04503383580595255,15,0.1555660339783643,
tests/data/csd_families/ANLINB/ANLINB02.cif,tests/data/csd_families/ANLINB/ANLINB04.cif,15,0.03786853142082691,15,0.1564250646173232,
tests/data/csd_families/ANLINB/ANLINB02.cif,tests/data/csd_families/ANLINB/ANLINB05.cif,15,4.100281992927194,15,0.44974682189076176,
tests/data/csd_families/ANLINB/ANLINB03.cif,tests/data/csd_families/ANLINB/ANLINB04.cif,15,0.15307916514575481,15,0.010554077186560859,
tests/data/csd_families/ANLINB/ANLINB03.cif,tests/data/csd_families/ANLINB/ANLINB05.cif,15,5.677019011229277,15,1.3008238648774229,
tests/data/csd_families/ANLINB/ANLINB04.cif,tests/data/csd_families/ANLINB/ANLINB05.cif,15,20.020784243009984,0,nan,RuntimeError:MotifSearch Timeout
tests/data/csd_families/AQACNI/AQACNI.cif,tests/data/csd_families/AQACNI/AQACNI01.cif,15,0.02822193130850792,15,0.13133103023785409,
tests/data/csd_families/AQACNI/AQACNI.cif,tests/data/csd_families/AQACNI/AQACNI02.cif,15,0.07632736396044493,15,0.5254305277780285,
tests/data/csd_families/AQACNI/AQACNI.cif,tests/data/csd_families/AQACNI/AQACNI04.cif,15,0.03605218417942524,15,0.1486449522830239,
tests/data/csd_families/AQACNI/AQACNI01.cif,tests/data/csd_families/AQACNI/AQACNI02.cif,15,0.027643312700092793,15,0.4686999894071441,
tests/data/csd_families/AQACNI/AQACNI01.cif,tests/data/csd_families/AQACNI/AQACNI04.cif,15,0.03360236529260874,15,0.014807145395404665,
tests/data/csd_families/AQACNI/AQACNI02.cif,tests/data/csd_families/AQACNI/AQACNI04.cif,15,0.034748952835798264,15,0.5439521076725116,
tests/data/csd_families/AVOWUD/AVOWUD.cif,tests/data/csd_families/AVOWUD/AVOWUD02.cif,15,2.2834915732964873,15,0.19678285011923843,
tests/data/csd_families/AVOWUD/AVOWUD.cif,tests/data/csd_families/AVOWUD/AVOWUD03.cif,15,5.772821320220828,15,1.0731553863535765,
tests/data/csd_families/AVOWUD/AVOWUD.cif,tests/data/csd_families/AVOWUD/AVOWUD07.cif,15,0.32249166537076235,15,0.31833772729867105,
tests/data/csd_families/AVOWUD/AVOWUD.cif,tests/data/csd_families/AVOWUD/AVOWUD08.cif,15,0.21529891714453697,15,0.19186296243009923,
tests/data/csd_families/AVOWUD/AVOWUD02.cif,tests/data/csd_families/AVOWUD/AVOWUD03.cif,15,20.072203293442726,0,nan,RuntimeError:MotifSearch Timeout
tests/data/csd_families/AVOWUD/AVOWUD02.cif,tests/data/csd_families/AVOWUD/AVOWUD07.cif,15,20.069615268148482,0,nan,RuntimeError:MotifSearch Timeout
tests/data/csd_families/AVOWUD/AVOWUD02.cif,tests/data/csd_families/AVOWUD/AVOWUD08.cif,15,20.06222835741937,0,nan,RuntimeError:MotifSearch Timeout
tests/data/csd_families/AVOWUD/AVOWUD03.cif,tests/data/csd_families/AVOWUD/AVOWUD07.cif,15,13.798971339128911,15,0.8130370771772076,
tests/data/csd_families/AVOWUD/AVOWUD03.cif,tests/data/csd_families/AVOWUD/AVOWUD08.cif,15,5.083787424489856,15,0.9148243579356918,
tests/data/csd_families/AVOWUD/AVOWUD07.cif,tests/data/csd_families/AVOWUD/AVOWUD08.cif,15,1.6316189523786306,15,0.139442484638207,
tests/data/csd_families/AWAKIS/AWAKIS.cif,tests/data/csd_families/AWAKIS/AWAKIS01.cif,15,0.04149642866104841,15,0.02566828158568098,
tests/data/csd_families/AWAKIS/AWAKIS.cif,tests/data/csd_families/AWAKIS/AWAKIS02.cif,15,0.033103955909609795,15,0.16468707424364226,
tests/data/csd_families/AWAKIS/AWAKIS.cif,tests/data/csd_families/AWAKIS/AWAKIS03.cif,15,0.03292078338563442,15,0.2693437613971541,
tests/data/csd_families/AWAKIS/AWAKIS.cif,tests/data/csd_families/AWAKIS/AWAKIS04.cif,15,0.032766081392765045,15,0.3163458914275887,
tests/data/csd_families/AWAKIS/AWAKIS01.cif,tests/data/csd_families/AWAKIS/AWAKIS02.cif,15,0.03168720658868551,15,0.16217971241046614,
tests/data/csd_families/AWAKIS/AWAKIS01.cif,tests/data/csd_families/AWAKIS/AWAKIS03.cif,15,0.032818461768329144,15,0.2682070718153329,
tests/data/csd_families/AWAKIS/AWAKIS01.cif,tests/data/csd_families/AWAKIS/AWAKIS04.cif,15,0.03267099894583225,15,0.3155120947570033,
tests/data/csd_families/AWAKIS/AWAKIS02.cif,tests/data/csd_families/AWAKIS/AWAKIS03.cif,15,0.02590205892920494,15,0.10684174121276657,
tests/data/csd_families/AWAKIS/AWAKIS02.cif,tests/data/csd_families/AWAKIS/AWAKIS04.cif,15,0.024452229030430317,15,0.1540464834565811,
tests/data/csd_families/AWAKIS/AWAKIS03.cif,tests/data/csd_families/AWAKIS/AWAKIS04.cif,15,0.023814721032977104,15,0.04901905590905369,
tests/data/csd_families/AWENUO/AWENUO.cif,tests/data/csd_families/AWENUO/AWENUO01.cif,15,20.06565579585731,0,nan,RuntimeError:MotifSearch Timeout
tests/data/csd_families/AWENUO/AWENUO.cif,tests/data/csd_families/AWENUO/AWENUO02.cif,15,20.069193492643535,0,nan,RuntimeError:MotifSearch Timeout
tests/data/csd_families/AWENUO/AWENUO.cif,tests/data/csd_families/AWENUO/AWENUO03.cif,15,20.109414799138904,0,nan,RuntimeError:MotifSearch Timeout
tests/data/csd_families/AWENUO/AWENUO.cif,tests/data/csd_families/AWENUO/AWENUO04.cif,15,20.079914830625057,0,nan,RuntimeError:MotifSearch Timeout
tests/data/csd_families/AWENUO/AWENUO01.cif,tests/data/csd_families/AWENUO/AWENUO02.cif,15,3.252242657355964,15,0.031735989557890386,
tests/data/csd_families/AWENUO/AWENUO01.cif,tests/data/csd_families/AWENUO/AWENUO03.cif,15,3.3269795989617705,15,0.11454423171480703,
tests/data/csd_families/AWENUO/AWENUO01.cif,tests/data/csd_families/AWENUO/AWENUO04.cif,15,2.1011553704738617,15,0.06657505184497368,
tests/data/csd_families/AWENUO/AWENUO02.cif,tests/data/csd_families/AWENUO/AWENUO03.cif,15,0.9634301299229264,15,0.08440525328574151,
tests/data/csd_families/AWENUO/AWENUO02.cif,tests/data/csd_families/AWENUO/AWENUO04.cif,15,0.8120513595640659,15,0.035837843940414726,
tests/data/csd_families/AWENUO/AWENUO03.cif,tests/data/csd_families/AWENUO/AWENUO04.cif,15,0.8253152137622237,15,0.04989020917644658,
tests/data/csd_families/BACKOK/BACKOK.cif,tests/data/csd_families/BACKOK/BACKOK01.cif,15,0.045954362489283085,15,0.03459823418450748,
tests/data/csd_families/BACKOK/BACKOK.cif,tests/data/csd_families/BACKOK/BACKOK02.cif,15,0.027466037310659885,15,0.005904183247354959,
tests/data/csd_families/BACKOK/BACKOK.cif,tests/data/csd_families/BACKOK/BACKOK03.cif,15,0.02756580989807844,15,0.038267530291831185,
tests/data/csd_families/BACKOK/BACKOK.cif,tests/data/csd_families/BACKOK/BACKOK04.cif,15,0.04626048728823662,15,0.03589667137646494,
tests/data/csd_families/BACKOK/BACKOK01.cif,tests/data/csd_families/BACKOK/BACKOK02.cif,15,0.04596730321645737,15,0.0339572682159954,
tests/data/csd_families/BACKOK/BACKOK01.cif,tests/data/csd_families/BACKOK/BACKOK03.cif,15,0.04601030331104994,15,0.05044125049889755,
tests/data/csd_families/BACKOK/BACKOK01.cif,tests/data/csd_families/BACKOK/BACKOK04.cif,15,0.07268567103892565,15,0.04212370390141069,
tests/data/csd_families/BACKOK/BACKOK02.cif,tests/data/csd_families/BACKOK/BACKOK03.cif,15,0.027908094227313995,15,0.03900939559464601,
tests/data/csd_families/BACKOK/BACKOK02.cif,tests/data/csd_families/BACKOK/BACKOK04.cif,15,0.046291097067296505,15,0.03473955652373147,
tests/data/csd_families/BACKOK/BACKOK03.cif,tests/data/csd_families/BACKOK/BACKOK04.cif,15,0.04645584989339113,15,0.054135392955394206,
tests/data/csd_families/BADLUN/BADLUN.cif,tests/data/csd_families/BADLUN/BADLUN01.cif,15,0.8442654879763722,15,0.04831485427643022,
tests/data/csd_families/BADLUN/BADLUN.cif,tests/data/csd_families/BADLUN/BADLUN10.cif,15,1.5152411963790655,15,0.0004174745710661606,
tests/data/csd_families/BADLUN/BADLUN01.cif,tests/data/csd_families/BADLUN/BADLUN10.cif,15,0.7689497862011194,15,0.048291119409193735,
tests/data/csd_families/BAZGOY/BAZGOY.cif,tests/data/csd_families/BAZGOY/BAZGOY01.cif,15,0.7745277965441346,15,0.06757237396756612,
tests/data/csd_families/BAZGOY/BAZGOY.cif,tests/data/csd_families/BAZGOY/BAZGOY02.cif,15,0.34795926697552204,15,0.15209236541904575,
tests/data/csd_families/BAZGOY/BAZGOY.cif,tests/data/csd_families/BAZGOY/BAZGOY03.cif,15,0.25988678354769945,15,0.1590358004141071,
tests/data/csd_families/BAZGOY/BAZGOY.cif,tests/data/csd_families/BAZGOY/BAZGOY04.cif,15,1.00132389459759,15,0.55968275405789,
tests/data/csd_families/BAZGOY/BAZGOY01.cif,tests/data/csd_families/BAZGOY/BAZGOY02.cif,15,0.3449163371697068,15,0.1113067030464159,
tests/data/csd_families/BAZGOY/BAZGOY01.cif,tests/data/csd_families/BAZGOY/BAZGOY03.cif,15,0.498367952182889,15,0.10440414873017112,
tests/data/csd_families/BAZGOY/BAZGOY01.cif,tests/data/csd_families/BAZGOY/BAZGOY04.cif,15,0.30204600654542446,15,0.49498739082141147,
tests/data/csd_families/BAZGOY/BAZGOY02.cif,tests/data/csd_families/BAZGOY/BAZGOY03.cif,15,0.4078635461628437,15,0.08901574686196294,
tests/data/csd_families/BAZGOY/BAZGOY02.cif,tests/data/csd_families/BAZGOY/BAZGOY04.cif,15,0.3094782689586282,15,0.4201604977145072,
tests/data/csd_families/BAZGOY/BAZGOY03.cif,tests/data/csd_families/BAZGOY/BAZGOY04.cif,15,0.26172082033008337,15,0.41532700177214227,
tests/data/csd_families/BBENAN/BBENAN.cif,tests/data/csd_families/BBENAN/BBENAN01.cif,15,0.06764634232968092,15,0.17896570293075842,
tests/data/csd_families/BBENAN/BBENAN.cif,tests/data/csd_families/BBENAN/BBENAN03.cif,15,0.06491184514015913,15,0.19539396240004936,
tests/data/csd_families/BBENAN/BBENAN01.cif,tests/data/csd_families/BBENAN/BBENAN03.cif,15,0.08450592495501041,15,0.09878519503659838,
tests/data/csd_families/BBPHOL/BBPHOL.cif,tests/data/csd_families/BBPHOL/BBPHOL01.cif,15,18.6433037975803,15,0.15213946680706353,
tests/data/csd_families/BBPHOL/BBPHOL.cif,tests/data/csd_families/BBPHOL/BBPHOL02.cif,15,1.0744980471208692,15,0.1697504988574667,
tests/data/csd_families/BBPHOL/BBPHOL01.cif,tests/data/csd_families/BBPHOL/BBPHOL02.cif,15,1.5823831195011735,15,0.12226820470528138,
tests/data/csd_families/BEDXER/BEDXER.cif,tests/data/csd_families/BEDXER/BEDXER01.cif,15,0.05380802508443594,0,nan,
tests/data/csd_families/BEDXER/BEDXER.cif,tests/data/csd_families/BEDXER/BEDXER02.cif,15,0.07889964431524277,9,0.8032542146894244,
tests/data/csd_families/BEDXER/BEDXER.cif,tests/data/csd_families/BEDXER/BEDXER03.cif,15,0.08145273849368095,7,0.12246131688522784,
tests/data/csd_families/BEDXER/BEDXER.cif,tests/data/csd_families/BEDXER/BEDXER04.cif,15,0.05294939409941435,15,0.07555907349405384,
tests/data/csd_families/BEDXER/BEDXER01.cif,tests/data/csd_families/BEDXER/BEDXER02.cif,15,0.05288304481655359,0,nan,
tests/data/csd_families/BEDXER/BEDXER01.cif,tests/data/csd_families/BEDXER/BEDXER03.cif,15,0.05359504371881485,15,0.09619688615108582,
tests/data/csd_families/BEDXER/BEDXER01.cif,tests/data/csd_families/BEDXER/BEDXER04.cif,15,0.053833216428756714,15,0.12617903996042815,
tests/data/csd_families/BEDXER/BEDXER02.cif,tests/data/csd_families/BEDXER/BEDXER03.cif,15,0.4148961016908288,7,0.10468397895429411,
tests/data/csd_families/BEDXER/BEDXER02.cif,tests/data/csd_families/BEDXER/BEDXER04.cif,15,0.0901097496971488,15,0.09549408540030105,
tests/data/csd_families/BEDXER/BEDXER03.cif,tests/data/csd_families/BEDXER/BEDXER04.cif,15,0.040846627205610275,15,0.1268269031666844,
tests/data/csd_families/BENZAC/BENZAC.cif,tests/data/csd_families/BENZAC/BENZAC01.cif,15,0.20526718627661467,15,0.056800597782205406,
tests/data/csd_families/BENZAC/BENZAC.cif,tests/data/csd_families/BENZAC/BENZAC02.cif,15,0.22163359355181456,15,0.06259310586159494,
tests/data/csd_families/BENZAC/BENZAC.cif,tests/data/csd_families/BENZAC/BENZAC07.cif,15,0.1742354454472661,15,0.15690057348389921,
tests/data/csd_families/BENZAC/BENZAC.cif,tests/data/csd_families/BENZAC/BENZAC08.cif,15,0.16626012604683638,15,0.1425797650467575,
tests/data/csd_families/BENZAC/BENZAC01.cif,tests/data/csd_families/BENZAC/BENZAC02.cif,15,0.01851589698344469,15,0.023569316254074137,
tests/data/csd_families/BENZAC/BENZAC01.cif,tests/data/csd_families/BENZAC/BENZAC07.cif,15,0.017170418053865433,15,0.1507560782092944,
tests/data/csd_families/BENZAC/BENZAC01.cif,tests/data/csd_families/BENZAC/BENZAC08.cif,15,0.017096267081797123,15,0.13548010709510758,
tests/data/csd_families/BENZAC/BENZAC02.cif,tests/data/csd_families/BENZAC/BENZAC07.cif,15,0.017409770749509335,15,0.13628015750542313,
tests/data/csd_families/BENZAC/BENZAC02.cif,tests/data/csd_families/BENZAC/BENZAC08.cif,15,0.017331650480628014,15,0.12133752462693075,
tests/data/csd_families/BENZAC/BENZAC07.cif,tests/data/csd_families/BENZAC/BENZAC08.cif,15,0.016055692918598652,15,0.017357458588240494,
tests/data/csd_families/BESPAT/BESPAT.cif,tests/data/csd_families/BESPAT/BESPAT03.cif,15,20.045283189043403,0,nan,RuntimeError:MotifSearch Timeout
tests/data/csd_families/BESPAT/BESPAT.cif,tests/data/csd_families/BESPAT/BESPAT04.cif,15,29.14378732442856,0,nan,RuntimeError:MotifSearch Timeout
tests/data/csd_families/BESPAT/BESPAT.cif,tests/data/csd_families/BESPAT/BESPAT05.cif,15,0.569362292997539,13,0.11578408366856799,
tests/data/csd_families/BESPAT/BESPAT03.cif,tests/data/csd_families/BESPAT/BESPAT04.cif,15,35.311864105053246,13,0.23518617736936548,
tests/data/csd_families/BESPAT/BESPAT03.cif,tests/data/csd_families/BESPAT/BESPAT05.cif,15,20.051813641563058,0,nan,RuntimeError:MotifSearch Timeout
tests/data/csd_families/BESPAT/BESPAT04.cif,tests/data/csd_families/BESPAT/BESPAT05.cif,15,0.35985711961984634,11,0.11881996905055478,
tests/data/csd_families/BEXROL/BEXROL.cif,tests/data/csd_families/BEXROL/BEXROL01.cif,15,0.01744292676448822,10,0.10573235281615675,
tests/data/csd_families/BEXROL/BEXROL.cif,tests/data/csd_families/BEXROL/BEXROL02.cif,15,0.018508502282202244,10,0.02770999645890499,
tests/data/csd_families/BEXROL/BEXROL01.cif,tests/data/csd_families/BEXROL/BEXROL02.cif,15,0.015715601854026318,15,0.09221054059201292,
tests/data/csd_families/BIJDON/BIJDON03.cif,tests/data/csd_families/BIJDON/BIJDON04.cif,15,2.1090603871271014,14,0.7202937924325628,
tests/data/csd_families/BIJDON/BIJDON03.cif,tests/data/csd_families/BIJDON/BIJDON05.cif,15,10.975069875828922,14,0.8033311753452801,
tests/data/csd_families/BIJDON/BIJDON03.cif,tests/data/csd_families/BIJDON/BIJDON06.cif,15,3.7282673567533493,15,0.06891263133162545,
tests/data/csd_families/BIJDON/BIJDON03.cif,tests/data/csd_families/BIJDON/BIJDON07.cif,15,4.110077847726643,15,0.01616020169114351,
tests/data/csd_families/BIJDON/BIJDON04.cif,tests/data/csd_families/BIJDON/BIJDON05.cif,15,1.4225819632411003,15,0.19602255215290537,
tests/data/csd_families/BIJDON/BIJDON04.cif,tests/data/csd_families/BIJDON/BIJDON06.cif,15,1.9656913103535771,14,0.735732934038883,
tests/data/csd_families/BIJDON/BIJDON04.cif,tests/data/csd_families/BIJDON/BIJDON07.cif,15,2.8221730263903737,14,0.7190027626114168,
tests/data/csd_families/BIJDON/BIJDON05.cif,tests/data/csd_families/BIJDON/BIJDON06.cif,15,7.203719534911215,14,0.7716714664384204,
tests/data/csd_families/BIJDON/BIJDON05.cif,tests/data/csd_families/BIJDON/BIJDON07.cif,15,13.508302427828312,14,0.8023817311025229,
tests/data/csd_families/BIJDON/BIJDON06.cif,tests/data/csd_families/BIJDON/BIJDON07.cif,15,4.273646602407098,15,0.07477266404549762,
tests/data/csd_families/BILNAN/BILNAN.cif,tests/data/csd_families/BILNAN/BILNAN01.cif,15,31.72827191185206,6,2.212621301695388,
tests/data/csd_families/BILNAN/BILNAN.cif,tests/data/csd_families/BILNAN/BILNAN02.cif,15,20.074408288113773,0,nan,RuntimeError:MotifSearch Timeout
tests/data/csd_families/BILNAN/BILNAN01.cif,tests/data/csd_families/BILNAN/BILNAN02.cif,15,0.05703695863485336,0,nan,
tests/data/csd_families/BINFAF/BINFAF01.cif,tests/data/csd_families/BINFAF/BINFAF02.cif,15,0.013749217614531517,15,0.029786470923461827,
tests/data/csd_families/BINFAF/BINFAF01.cif,tests/data/csd_families/BINFAF/BINFAF10.cif,15,0.01373972836881876,15,0.03467446781995119,
tests/data/csd_families/BINFAF/BINFAF02.cif,tests/data/csd_families/BINFAF/BINFAF10.cif,15,0.013953370042145252,15,0.04295362451912974,
tests/data/csd_families/BOBVIY/BOBVIY.cif,tests/data/csd_families/BOBVIY/BOBVIY01.cif,15,0.4940361585468054,12,0.8320562248128697,
tests/data/csd_families/BOBVIY/BOBVIY.cif,tests/data/csd_families/BOBVIY/BOBVIY02.cif,15,0.07128920406103134,2,4.951775688372735,
tests/data/csd_families/BOBVIY/BOBVIY.cif,tests/data/csd_families/BOBVIY/BOBVIY04.cif,15,20.049665849655867,0,nan,RuntimeError:MotifSearch Timeout
tests/data/csd_families/BOBVIY/BOBVIY.cif,tests/data/csd_families/BOBVIY/BOBVIY05.cif,15,20.051028177142143,0,nan,RuntimeError:MotifSearch Timeout
tests/data/csd_families/BOBVIY/BOBVIY01.cif,tests/data/csd_families/BOBVIY/BOBVIY02.cif,15,0.5246093580499291,12,0.8291164735656162,
tests/data/csd_families/BOBVIY/BOBVIY01.cif,tests/data/csd_families/BOBVIY/BOBVIY04.cif,15,20.13796269427985,0,nan,RuntimeError:MotifSearch Timeout
tests/data/csd_families/BOBVIY/BOBVIY01.cif,tests/data/csd_families/BOBVIY/BOBVIY05.cif,15,20.159467743709683,0,nan,RuntimeError:MotifSearch Timeout
tests/data/csd_families/BOBVIY/BOBVIY02.cif,tests/data/csd_families/BOBVIY/BOBVIY04.cif,15,20.063071752898395,0,nan,RuntimeError:MotifSearch Timeout
tests/data/csd_families/BOBVIY/BOBVIY02.cif,tests/data/csd_families/BOBVIY/BOBVIY05.cif,15,20.059081834740937,0,nan,RuntimeError:MotifSearch Timeout
tests/data/csd_families/BOBVIY/BOBVIY04.cif,tests/data/csd_families/BOBVIY/BOBVIY05.cif,15,0.2730795815587044,15,0.83666475904361,
tests/data/csd_families/BOLMIZ/BOLMIZ.cif,tests/data/csd_families/BOLMIZ/BOLMIZ01.cif,15,0.3192494744434953,6,3.198836282255214,
tests/data/csd_families/BOLMIZ/BOLMIZ.cif,tests/data/csd_families/BOLMIZ/BOLMIZ02.cif,15,0.0779401957988739,5,2.504327437963896,
tests/data/csd_families/BOLMIZ/BOLMIZ01.cif,tests/data/csd_families/BOLMIZ/BOLMIZ02.cif,15,0.05089362245053053,6,3.438831524779977,
tests/data/csd_families/BOLNIZ/BOLNIZ.cif,tests/data/csd_families/BOLNIZ/BOLNIZ01.cif,15,0.5914206225425005,7,0.0755358610227876,
tests/data/csd_families/BOLNIZ/BOLNIZ.cif,tests/data/csd_families/BOLNIZ/BOLNIZ02.cif,15,0.8400547290220857,7,0.07007328166814539,
tests/data/csd_families/BOLNIZ/BOLNIZ01.cif,tests/data/csd_families/BOLNIZ/BOLNIZ02.cif,15,0.0995222507044673,15,0.1293556080446569,
tests/data/csd_families/BPYRDB/BPYRDB01.cif,tests/data/csd_families/BPYRDB/BPYRDB02.cif,15,8.043383405543864,14,1.3203965898858283,
tests/data/csd_families/BPYRDB/BPYRDB01.cif,tests/data/csd_families/BPYRDB/BPYRDB03.cif,15,1.7443800792098045,15,0.028101204859878184,
tests/data/csd_families/BPYRDB/BPYRDB01.cif,tests/data/csd_families/BPYRDB/BPYRDB04.cif,15,2.5169736240059137,15,0.014989199627228032,
tests/data/csd_families/BPYRDB/BPYRDB01.cif,tests/data/csd_families/BPYRDB/BPYRDB05.cif,15,1.6360616190358996,15,0.0838495347246811,
tests/data/csd_families/BPYRDB/BPYRDB02.cif,tests/data/csd_families/BPYRDB/BPYRDB03.cif,15,8.136149909347296,13,0.8224616175922921,
tests/data/csd_families/BPYRDB/BPYRDB02.cif,tests/data/csd_families/BPYRDB/BPYRDB04.cif,15,9.371071758680046,14,1.3179639302859865,
tests/data/csd_families/BPYRDB/BPYRDB02.cif,tests/data/csd_families/BPYRDB/BPYRDB05.cif,15,1.4180557550862432,14,1.6570476924510726,
tests/data/csd_families/BPYRDB/BPYRDB03.cif,tests/data/csd_families/BPYRDB/BPYRDB04.cif,15,2.2207195330411196,15,0.016085814247152063,
tests/data/csd_families/BPYRDB/BPYRDB03.cif,tests/data/csd_families/BPYRDB/BPYRDB05.cif,15,1.1135915964841843,15,0.07980940717472967,
tests/data/csd_families/BPYRDB/BPYRDB04.cif,tests/data/csd_families/BPYRDB/BPYRDB05.cif,15,1.972436380572617,15,0.08250737141690055,
tests/data/csd_families/BUCACT/BUCACT.cif,tests/data/csd_families/BUCACT/BUCACT01.cif,15,0.02549519296735525,15,0.12190078644637456,
tests/data/csd_families/BUCACT/BUCACT.cif,tests/data/csd_families/BUCACT/BUCACT02.cif,15,0.026740080676972866,15,0.15624286400676052,
tests/data/csd_families/BUCACT/BUCACT.cif,tests/data/csd_families/BUCACT/BUCACT03.cif,15,0.03172764368355274,15,0.12189483343168085,
tests/data/csd_families/BUCACT/BUCACT.cif,tests/data/csd_families/BUCACT/BUCACT04.cif,15,0.04223742801696062,15,0.12277775308804167,
tests/data/csd_families/BUCACT/BUCACT01.cif,tests/data/csd_families/BUCACT/BUCACT02.cif,15,0.04290440771728754,15,0.04614093579392407,
tests/data/csd_families/BUCACT/BUCACT01.cif,tests/data/csd_families/BUCACT/BUCACT03.cif,15,0.0434458265081048,15,0.012290931471516664,
tests/data/csd_families/BUCACT/BUCACT01.cif,tests/data/csd_families/BUCACT/BUCACT04.cif,15,0.0624316344037652,15,0.017543451112196722,
tests/data/csd_families/BUCACT/BUCACT02.cif,tests/data/csd_families/BUCACT/BUCACT03.cif,15,0.06055190693587065,15,0.05337277112685316,
tests/data/csd_families/BUCACT/BUCACT02.cif,tests/data/csd_families/BUCACT/BUCACT04.cif,15,0.06237852293998003,15,0.05715154553710194,
tests/data/csd_families/BUCACT/BUCACT03.cif,tests/data/csd_families/BUCACT/BUCACT04.cif,15,0.07550211437046528,15,0.0063399334927447416,
tests/data/csd_families/BULQII/BULQII.cif,tests/data/csd_families/BULQII/BULQII01.cif,15,15.97823013458401,15,0.06893756468357673,
tests/data/csd_families/BULQII/BULQII.cif,tests/data/csd_families/BULQII/BULQII02.cif,15,0.02747032232582569,15,0.03713596433911548,
tests/data/csd_families/BULQII/BULQII01.cif,tests/data/csd_families/BULQII/BULQII02.cif,15,19.285725173540413,15,0.06683137460178669,
tests/data/csd_families/CAQHOV/CAQHOV.cif,tests/data/csd_families/CAQHOV/CAQHOV01.cif,15,0.16039567533880472,14,0.22671931465848494,
tests/data/csd_families/CAQHOV/CAQHOV.cif,tests/data/csd_families/CAQHOV/CAQHOV02.cif,15,1.4178321054205298,14,0.32665010855449944,
tests/data/csd_families/CAQHOV/CAQHOV.cif,tests/data/csd_families/CAQHOV/CAQHOV03.cif,15,6.350539457984269,13,0.37947696719525104,
tests/data/csd_families/CAQHOV/CAQHOV.cif,tests/data/csd_families/CAQHOV/CAQHOV04.cif,15,0.516328209079802,15,0.4198548949184378,
tests/data/csd_families/CAQHOV/CAQHOV01.cif,tests/data/csd_families/CAQHOV/CAQHOV02.cif,15,0.6088376296684146,15,0.1770740964194598,
tests/data/csd_families/CAQHOV/CAQHOV01.cif,tests/data/csd_families/CAQHOV/CAQHOV03.cif,15,6.551403853110969,15,0.31553675922622454,
tests/data/csd_families/CAQHOV/CAQHOV01.cif,tests/data/csd_families/CAQHOV/CAQHOV04.cif,15,0.41629718244075775,15,0.300079519461586,
tests/data/csd_families/CAQHOV/CAQHOV02.cif,tests/data/csd_families/CAQHOV/CAQHOV03.cif,15,0.6585763869807124,15,0.14720145582941707,
tests/data/csd_families/CAQHOV/CAQHOV02.cif,tests/data/csd_families/CAQHOV/CAQHOV04.cif,15,0.25902103912085295,15,0.10592462530291416,
tests/data/csd_families/CAQHOV/CAQHOV03.cif,tests/data/csd_families/CAQHOV/CAQHOV04.cif,15,0.25082990899682045,15,0.13143733198930144,
tests/data/csd_families/CASGIM/CASGIM.cif,tests/data/csd_families/CASGIM/CASGIM01.cif,15,0.027876999229192734,15,0.022011954818328145,
tests/data/csd_families/CASGIM/CASGIM.cif,tests/data/csd_families/CASGIM/CASGIM02.cif,15,0.03345078229904175,15,0.11800953352027649,
tests/data/csd_families/CASGIM/CASGIM01.cif,tests/data/csd_families/CASGIM/CASGIM02.cif,15,0.0313178114593029,15,0.13757748896074123,
tests/data/csd_families/CATDAE/CATDAE.cif,tests/data/csd_families/CATDAE/CATDAE01.cif,15,0.026786294765770435,4,2.19127487676799,
tests/data/csd_families/CATDAE/CATDAE.cif,tests/data/csd_families/CATDAE/CATDAE02.cif,15,0.025784069672226906,4,2.200873499991936,
tests/data/csd_families/CATDAE/CATDAE01.cif,tests/data/csd_families/CATDAE/CATDAE02.cif,15,0.02114312071353197,13,2.7097620874812973,
tests/data/csd_families/CEDGAV/CEDGAV.cif,tests/data/csd_families/CEDGAV/CEDGAV01.cif,15,0.6729691494256258,0,nan,RuntimeError:Too many steps in ChemicalGraphSearch: search abandoned
tests/data/csd_families/CEDGAV/CEDGAV.cif,tests/data/csd_families/CEDGAV/CEDGAV02.cif,15,0.6471268301829696,0,nan,RuntimeError:Too many steps in ChemicalGraphSearch: search abandoned
tests/data/csd_families/CEDGAV/CEDGAV.cif,tests/data/csd_families/CEDGAV/CEDGAV03.cif,15,0.6140592126175761,0,nan,RuntimeError:Too many steps in ChemicalGraphSearch: search abandoned
tests/data/csd_families/CEDGAV/CEDGAV01.cif,tests/data/csd_families/CEDGAV/CEDGAV02.cif,15,20.109979114495218,0,nan,RuntimeError:MotifSearch Timeout
tests/data/csd_families/CEDGAV/CEDGAV01.cif,tests/data/csd_families/CEDGAV/CEDGAV03.cif,15,0.7158617796376348,0,nan,RuntimeError:Too many steps in ChemicalGraphSearch: search abandoned
tests/data/csd_families/CEDGAV/CEDGAV02.cif,tests/data/csd_families/CEDGAV/CEDGAV03.cif,15,0.6955223400145769,0,nan,RuntimeError:Too many steps in ChemicalGraphSearch: search abandoned
tests/data/csd_families/CEGHED/CEGHED.cif,tests/data/csd_families/CEGHED/CEGHED01.cif,15,1.3744989894330502,15,0.016709726012338385,
tests/data/csd_families/CEGHED/CEGHED.cif,tests/data/csd_families/CEGHED/CEGHED02.cif,15,2.7023875173181295,15,0.08750310705169255,
tests/data/csd_families/CEGHED/CEGHED.cif,tests/data/csd_families/CEGHED/CEGHED03.cif,15,2.780330396257341,15,0.05010695530873043,
tests/data/csd_families/CEGHED/CEGHED.cif,tests/data/csd_families/CEGHED/CEGHED04.cif,15,1.335099559277296,15,0.034179731569188035,
tests/data/csd_families/CEGHED/CEGHED01.cif,tests/data/csd_families/CEGHED/CEGHED02.cif,15,1.4077605931088328,15,0.09165312600228244,
tests/data/csd_families/CEGHED/CEGHED01.cif,tests/data/csd_families/CEGHED/CEGHED03.cif,15,1.3587276823818684,15,0.05263206695650307,
tests/data/csd_families/CEGHED/CEGHED01.cif,tests/data/csd_families/CEGHED/CEGHED04.cif,15,0.06158321909606457,0,nan,
tests/data/csd_families/CEGHED/CEGHED02.cif,tests/data/csd_families/CEGHED/CEGHED03.cif,15,0.6407618625089526,15,0.04229272103325859,
tests/data/csd_families/CEGHED/CEGHED02.cif,tests/data/csd_families/CEGHED/CEGHED04.cif,15,1.4475484061986208,15,0.11726727205257961,
tests/data/csd_families/CEGHED/CEGHED03.cif,tests/data/csd_families/CEGHED/CEGHED04.cif,15,1.3781699854880571,15,0.07903447217470033,
tests/data/csd_families/CEQGEL/CEQGEL.cif,tests/data/csd_families/CEQGEL/CEQGEL01.cif,15,0.33575558476150036,15,0.22667289453352982,
tests/data/csd_families/CEQGEL/CEQGEL.cif,tests/data/csd_families/CEQGEL/CEQGEL02.cif,15,0.13451770413666964,15,0.20088965965080102,
tests/data/csd_families/CEQGEL/CEQGEL01.cif,tests/data/csd_families/CEQGEL/CEQGEL02.cif,15,0.14058633521199226,15,0.02835675861415416,
tests/data/csd_families/CEVPOK/CEVPOK.cif,tests/data/csd_families/CEVPOK/CEVPOK01.cif,15,1.3633739203214645,10,3.406116939487282,
tests/data/csd_families/CEVPOK/CEVPOK.cif,tests/data/csd_families/CEVPOK/CEVPOK02.cif,15,1.1277171643450856,10,3.400073534302168,
tests/data/csd_families/CEVPOK/CEVPOK.cif,tests/data/csd_families/CEVPOK/CEVPOK03.cif,15,1.1944228587672114,10,3.4042102455541325,
tests/data/csd_families/CEVPOK/CEVPOK.cif,tests/data/csd_families/CEVPOK/CEVPOK04.cif,15,1.2443109480664134,10,3.4053386957869383,
tests/data/csd_families/CEVPOK/CEVPOK01.cif,tests/data/csd_families/CEVPOK/CEVPOK02.cif,15,0.030278456397354603,15,0.09103681748630445,
tests/data/csd_families/CEVPOK/CEVPOK01.cif,tests/data/csd_families/CEVPOK/CEVPOK03.cif,15,0.02929028309881687,15,0.08323054609005062,
tests/data/csd_families/CEVPOK/CEVPOK01.cif,tests/data/csd_families/CEVPOK/CEVPOK04.cif,15,0.10584238264709711,15,0.06618212582120359,
tests/data/csd_families/CEVPOK/CEVPOK02.cif,tests/data/csd_families/CEVPOK/CEVPOK03.cif,15,0.03932285029441118,15,0.021870701384649,
tests/data/csd_families/CEVPOK/CEVPOK02.cif,tests/data/csd_families/CEVPOK/CEVPOK04.cif,15,0.07587066013365984,15,0.03855447693697981,
tests/data/csd_families/CEVPOK/CEVPOK03.cif,tests/data/csd_families/CEVPOK/CEVPOK04.cif,15,0.07703326642513275,15,0.022232398188603283,
tests/data/csd_families/CEWNEZ/CEWNEZ.cif,tests/data/csd_families/CEWNEZ/CEWNEZ01.cif,15,0.1592481704428792,4,2.8339281781209578,
tests/data/csd_families/CEWNEZ/CEWNEZ.cif,tests/data/csd_families/CEWNEZ/CEWNEZ02.cif,15,0.10709514003247023,15,0.031287593208936246,
tests/data/csd_families/CEWNEZ/CEWNEZ01.cif,tests/data/csd_families/CEWNEZ/CEWNEZ02.cif,15,0.15700169745832682,4,2.832389478031902,
tests/data/csd_families/CEWTAD/CEWTAD.cif,tests/data/csd_families/CEWTAD/CEWTAD01.cif,15,0.059047981165349483,15,0.004471977772196792,
tests/data/csd_families/CEWTAD/CEWTAD.cif,tests/data/csd_families/CEWTAD/CEWTAD02.cif,15,0.057590969838202,15,0.024890275185492052,
tests/data/csd_families/CEWTAD/CEWTAD.cif,tests/data/csd_families/CEWTAD/CEWTAD03.cif,15,0.0703991400077939,15,0.006410988258168264,
tests/data/csd_families/CEWTAD/CEWTAD.cif,tests/data/csd_families/CEWTAD/CEWTAD04.cif,15,0.08482644148170948,15,0.3027017356648331,
tests/data/csd_families/CEWTAD/CEWTAD01.cif,tests/data/csd_families/CEWTAD/CEWTAD02.cif,15,0.05125327594578266,15,0.021992268858437615,
tests/data/csd_families/CEWTAD/CEWTAD01.cif,tests/data/csd_families/CEWTAD/CEWTAD03.cif,15,0.06354446802288294,15,0.004005283288261685,
tests/data/csd_families/CEWTAD/CEWTAD01.cif,tests/data/csd_families/CEWTAD/CEWTAD04.cif,15,0.07806746196001768,15,0.33778638189167165,
tests/data/csd_families/CEWTAD/CEWTAD02.cif,tests/data/csd_families/CEWTAD/CEWTAD03.cif,15,0.0627619968727231,15,0.019769001853996316,
tests/data/csd_families/CEWTAD/CEWTAD02.cif,tests/data/csd_families/CEWTAD/CEWTAD04.cif,15,0.07615526486188173,15,0.32792094249014375,
tests/data/csd_families/CEWTAD/CEWTAD03.cif,tests/data/csd_families/CEWTAD/CEWTAD04.cif,15,0.0910084331408143,15,0.29957991658113076,
tests/data/csd_families/CIDDEZ/CIDDEZ.cif,tests/data/csd_families/CIDDEZ/CIDDEZ01.cif,15,0.036745551973581314,15,0.015166646274461881,
tests/data/csd_families/CIDDEZ/CIDDEZ.cif,tests/data/csd_families/CIDDEZ/CIDDEZ02.cif,15,0.0362054742872715,15,0.11227418374915954,
tests/data/csd_families/CIDDEZ/CIDDEZ.cif,tests/data/csd_families/CIDDEZ/CIDDEZ03.cif,15,0.036406698636710644,15,0.10454096319612283,
tests/data/csd_families/CIDDEZ/CIDDEZ01.cif,tests/data/csd_families/CIDDEZ/CIDDEZ02.cif,15,0.03649620898067951,15,0.10654915107502208,
tests/data/csd_families/CIDDEZ/CIDDEZ01.cif,tests/data/csd_families/CIDDEZ/CIDDEZ03.cif,15,0.03685505501925945,15,0.0990756497572225,
tests/data/csd_families/CIDDEZ/CIDDEZ02.cif,tests/data/csd_families/CIDDEZ/CIDDEZ03.cif,15,0.03626844473183155,15,0.010449504346217796,
tests/data/csd_families/CIKLOZ/CIKLOZ.cif,tests/data/csd_families/CIKLOZ/CIKLOZ01.cif,15,0.022328849881887436,15,0.014547357896515359,
tests/data/csd_families/CIKLOZ/CIKLOZ.cif,tests/data/csd_families/CIKLOZ/CIKLOZ02.cif,15,0.02225013915449381,15,0.05143332943908088,
tests/data/csd_families/CIKLOZ/CIKLOZ.cif,tests/data/csd_families/CIKLOZ/CIKLOZ03.cif,15,0.022370200604200363,15,0.07213095014056121,
tests/data/csd_families/CIKLOZ/CIKLOZ.cif,tests/data/csd_families/CIKLOZ/CIKLOZ04.cif,15,0.022527282126247883,15,0.09098170721235273,
tests/data/csd_families/CIKLOZ/CIKLOZ01.cif,tests/data/csd_families/CIKLOZ/CIKLOZ02.cif,15,0.02258764300495386,15,0.03873344026812844,
tests/data/csd_families/CIKLOZ/CIKLOZ01.cif,tests/data/csd_families/CIKLOZ/CIKLOZ03.cif,15,0.022539572790265083,15,0.059256727390597994,
tests/data/csd_families/CIKLOZ/CIKLOZ01.cif,tests/data/csd_families/CIKLOZ/CIKLOZ04.cif,15,0.022773485630750656,15,0.07802457773072809,
tests/data/csd_families/CIKLOZ/CIKLOZ02.cif,tests/data/csd_families/CIKLOZ/CIKLOZ03.cif,15,0.02252851240336895,15,0.021280019298484942,
tests/data/csd_families/CIKLOZ/CIKLOZ02.cif,tests/data/csd_families/CIKLOZ/CIKLOZ04.cif,15,0.022509071975946426,15,0.04036907801653823,
tests/data/csd_families/CIKLOZ/CIKLOZ03.cif,tests/data/csd_families/CIKLOZ/CIKLOZ04.cif,15,0.022661995142698288,15,0.019296646721374176,
tests/data/csd_families/CITRAC/CITRAC10.cif,tests/data/csd_families/CITRAC/CITRAC11.cif,15,0.02811654470860958,15,0.07713848683861801,
tests/data/csd_families/CITRAC/CITRAC10.cif,tests/data/csd_families/CITRAC/CITRAC12.cif,15,0.053603680804371834,15,0.034519197567920136,
tests/data/csd_families/CITRAC/CITRAC10.cif,tests/data/csd_families/CITRAC/CITRAC13.cif,15,0.03665605094283819,15,0.00493795544376308,
tests/data/csd_families/CITRAC/CITRAC11.cif,tests/data/csd_families/CITRAC/CITRAC12.cif,15,0.03063012193888426,15,0.0892005342691063,
tests/data/csd_families/CITRAC/CITRAC11.cif,tests/data/csd_families/CITRAC/CITRAC13.cif,15,0.02470304351300001,15,0.07452494843717156,
tests/data/csd_families/CITRAC/CITRAC12.cif,tests/data/csd_families/CITRAC/CITRAC13.cif,15,0.05367349274456501,15,0.035294234189133425,
tests/data/csd_families/CIYGOJ/CIYGOJ.cif,tests/data/csd_families/CIYGOJ/CIYGOJ01.cif,15,0.03187971096485853,15,0.023061308757012004,
tests/data/csd_families/CIYGOJ/CIYGOJ.cif,tests/data/csd_families/CIYGOJ/CIYGOJ02.cif,15,0.5965211382135749,15,0.1762537996442396,
tests/data/csd_families/CIYGOJ/CIYGOJ01.cif,tests/data/csd_families/CIYGOJ/CIYGOJ02.cif,15,0.5346055943518877,15,0.18781715570223384,
tests/data/csd_families/CODLUC/CODLUC.cif,tests/data/csd_families/CODLUC/CODLUC01.cif,15,0.03704093676060438,15,0.04706461268017647,
tests/data/csd_families/CODLUC/CODLUC.cif,tests/data/csd_families/CODLUC/CODLUC10.cif,15,0.03818932455033064,15,0.00422598910379394,
tests/data/csd_families/CODLUC/CODLUC.cif,tests/data/csd_families/CODLUC/CODLUC11.cif,15,0.037282511591911316,15,0.0061558903368156065,
tests/data/csd_families/CODLUC/CODLUC.cif,tests/data/csd_families/CODLUC/CODLUC12.cif,15,0.038567330688238144,15,0.04493300739316585,
tests/data/csd_families/CODLUC/CODLUC01.cif,tests/data/csd_families/CODLUC/CODLUC10.cif,15,0.03668890241533518,15,0.046900357923332574,
tests/data/csd_families/CODLUC/CODLUC01.cif,tests/data/csd_families/CODLUC/CODLUC11.cif,15,0.03578497841954231,15,0.048635424686350855,
tests/data/csd_families/CODLUC/CODLUC01.cif,tests/data/csd_families/CODLUC/CODLUC12.cif,15,0.0371533278375864,15,0.006819683476882135,
tests/data/csd_families/CODLUC/CODLUC10.cif,tests/data/csd_families/CODLUC/CODLUC11.cif,15,0.03694033529609442,15,0.003816444471353334,
tests/data/csd_families/CODLUC/CODLUC10.cif,tests/data/csd_families/CODLUC/CODLUC12.cif,15,0.03816566430032253,15,0.04461985861538327,
tests/data/csd_families/CODLUC/CODLUC11.cif,tests/data/csd_families/CODLUC/CODLUC12.cif,15,0.03686658479273319,15,0.04610388149864027,
tests/data/csd_families/COGJAM/COGJAM.cif,tests/data/csd_families/COGJAM/COGJAM01.cif,15,0.7465059040114284,15,0.04863774833944207,
tests/data/csd_families/COGJAM/COGJAM.cif,tests/data/csd_families/COGJAM/COGJAM02.cif,15,0.7601797953248024,15,0.1004854956794714,
tests/data/csd_families/COGJAM/COGJAM.cif,tests/data/csd_families/COGJAM/COGJAM03.cif,15,0.8991185687482357,15,0.15055377811632611,
tests/data/csd_families/COGJAM/COGJAM01.cif,tests/data/csd_families/COGJAM/COGJAM02.cif,15,0.34019318502396345,15,0.05614906618790184,
tests/data/csd_families/COGJAM/COGJAM01.cif,tests/data/csd_families/COGJAM/COGJAM03.cif,15,1.6957040466368198,15,0.1054347994226005,
tests/data/csd_families/COGJAM/COGJAM02.cif,tests/data/csd_families/COGJAM/COGJAM03.cif,15,1.6450392734259367,15,0.05337732041146387,
tests/data/csd_families/CRBAMP/CRBAMP01.cif,tests/data/csd_families/CRBAMP/CRBAMP02.cif,15,0.047749885357916355,15,0.06048109055045692,
tests/data/csd_families/CRBAMP/CRBAMP01.cif,tests/data/csd_families/CRBAMP/CRBAMP03.cif,15,0.21351922396570444,11,0.03338400040876143,
tests/data/csd_families/CRBAMP/CRBAMP01.cif,tests/data/csd_families/CRBAMP/CRBAMP04.cif,15,0.035858118906617165,15,0.012457727230788649,
tests/data/csd_families/CRBAMP/CRBAMP01.cif,tests/data/csd_families/CRBAMP/CRBAMP05.cif,15,0.04815289191901684,15,0.02487663843274064,
tests/data/csd_families/CRBAMP/CRBAMP02.cif,tests/data/csd_families/CRBAMP/CRBAMP03.cif,15,0.21138661354780197,11,0.029218796694728155,
tests/data/csd_families/CRBAMP/CRBAMP02.cif,tests/data/csd_families/CRBAMP/CRBAMP04.cif,15,0.034720923751592636,15,0.052817862153252584,
tests/data/csd_families/CRBAMP/CRBAMP02.cif,tests/data/csd_families/CRBAMP/CRBAMP05.cif,15,0.0373692624270916,15,0.0690777129147858,
tests/data/csd_families/CRBAMP/CRBAMP03.cif,tests/data/csd_families/CRBAMP/CRBAMP04.cif,15,0.21565321646630764,11,0.028633224939550162,
tests/data/csd_families/CRBAMP/CRBAMP03.cif,tests/data/csd_families/CRBAMP/CRBAMP05.cif,15,0.2171701891347766,11,0.029562054550726156,
tests/data/csd_families/CRBAMP/CRBAMP04.cif,tests/data/csd_families/CRBAMP/CRBAMP05.cif,15,0.036886694841086864,15,0.028170824666316062,
tests/data/csd_families/CTMTNA/CTMTNA.cif,tests/data/csd_families/CTMTNA/CTMTNA01.cif,15,0.09557193331420422,15,0.8296168307715466,
tests/data/csd_families/CTMTNA/CTMTNA.cif,tests/data/csd_families/CTMTNA/CTMTNA02.cif,15,0.15863982401788235,15,0.8658930528631894,
tests/data/csd_families/CTMTNA/CTMTNA.cif,tests/data/csd_families/CTMTNA/CTMTNA03.cif,15,0.019522628746926785,15,0.08775018392101444,
tests/data/csd_families/CTMTNA/CTMTNA.cif,tests/data/csd_families/CTMTNA/CTMTNA04.cif,15,1.2120560090988874,7,3.121630253479902,
tests/data/csd_families/CTMTNA/CTMTNA01.cif,tests/data/csd_families/CTMTNA/CTMTNA02.cif,15,0.12694326601922512,15,0.1414169895079925,
tests/data/csd_families/CTMTNA/CTMTNA01.cif,tests/data/csd_families/CTMTNA/CTMTNA03.cif,15,0.1267215320840478,15,0.8121971469831513,
tests/data/csd_families/CTMTNA/CTMTNA01.cif,tests/data/csd_families/CTMTNA/CTMTNA04.cif,15,3.5927763981744647,7,2.658490838916779,
tests/data/csd_families/CTMTNA/CTMTNA02.cif,tests/data/csd_families/CTMTNA/CTMTNA03.cif,15,0.13136803172528744,15,0.8453563435532153,
tests/data/csd_families/CTMTNA/CTMTNA02.cif,tests/data/csd_families/CTMTNA/CTMTNA04.cif,15,3.41744527220726,7,2.6632539748865174,
tests/data/csd_families/CTMTNA/CTMTNA03.cif,tests/data/csd_families/CTMTNA/CTMTNA04.cif,15,1.6668011853471398,7,3.141612491322774,
tests/data/csd_families/CUSALA/CUSALA.cif,tests/data/csd_families/CUSALA/CUSALA01.cif,15,0.026315518654882908,4,2.4507155075453984,
tests/data/csd_families/CUSALA/CUSALA.cif,tests/data/csd_families/CUSALA/CUSALA03.cif,15,0.02161218971014023,15,0.0648621379574243,
tests/data/csd_families/CUSALA/CUSALA.cif,tests/data/csd_families/CUSALA/CUSALA04.cif,15,0.041685826145112514,5,4.342809145800416,
tests/data/csd_families/CUSALA/CUSALA.cif,tests/data/csd_families/CUSALA/CUSALA05.cif,15,0.021585089154541492,15,0.06499733999514096,
tests/data/csd_families/CUSALA/CUSALA01.cif,tests/data/csd_families/CUSALA/CUSALA03.cif,15,0.04405728168785572,5,2.908715693444131,
tests/data/csd_families/CUSALA/CUSALA01.cif,tests/data/csd_families/CUSALA/CUSALA04.cif,15,0.022670865058898926,15,0.055327867000330454,
tests/data/csd_families/CUSALA/CUSALA01.cif,tests/data/csd_families/CUSALA/CUSALA05.cif,15,0.058917601592838764,5,2.9332477591821897,
tests/data/csd_families/CUSALA/CUSALA03.cif,tests/data/csd_families/CUSALA/CUSALA04.cif,15,0.05988574679940939,5,2.870808902321571,
tests/data/csd_families/CUSALA/CUSALA03.cif,tests/data/csd_families/CUSALA/CUSALA05.cif,15,0.021198192611336708,15,0.05955586939641101,
tests/data/csd_families/CUSALA/CUSALA04.cif,tests/data/csd_families/CUSALA/CUSALA05.cif,15,0.049033754505217075,5,2.8953811925763384,
tests/data/csd_families/CYOCPD/CYOCPD.cif,tests/data/csd_families/CYOCPD/CYOCPD02.cif,15,0.6907091643661261,7,2.28283758294767,
tests/data/csd_families/CYOCPD/CYOCPD.cif,tests/data/csd_families/CYOCPD/CYOCPD03.cif,15,0.609272020868957,7,2.324369893111033,
tests/data/csd_families/CYOCPD/CYOCPD.cif,tests/data/csd_families/CYOCPD/CYOCPD04.cif,15,0.04040622804313898,15,0.17923848774034176,
tests/data/csd_families/CYOCPD/CYOCPD.cif,tests/data/csd_families/CYOCPD/CYOCPD05.cif,15,0.6606918005272746,7,2.288191877544838,
tests/data/csd_families/CYOCPD/CYOCPD02.cif,tests/data/csd_families/CYOCPD/CYOCPD03.cif,15,0.10553395189344883,15,0.05130045194611543,
tests/data/csd_families/CYOCPD/CYOCPD02.cif,tests/data/csd_families/CYOCPD/CYOCPD04.cif,15,0.8823794005438685,7,2.3343832110779985,
tests/data/csd_families/CYOCPD/CYOCPD02.cif,tests/data/csd_families/CYOCPD/CYOCPD05.cif,15,0.11189756542444229,15,0.08110365358430154,
tests/data/csd_families/CYOCPD/CYOCPD03.cif,tests/data/csd_families/CYOCPD/CYOCPD04.cif,15,0.6985267419368029,7,2.3437896611565234,
tests/data/csd_families/CYOCPD/CYOCPD03.cif,tests/data/csd_families/CYOCPD/CYOCPD05.cif,15,0.1429917449131608,15,0.046957339577137484,
tests/data/csd_families/CYOCPD/CYOCPD04.cif,tests/data/csd_families/CYOCPD/CYOCPD05.cif,15,0.7864162642508745,7,2.3392285235908608,
tests/data/csd_families/DBEZPO/DBEZPO.cif,tests/data/csd_families/DBEZPO/DBEZPO01.cif,15,0.12130394484847784,15,0.06133361687068781,
tests/data/csd_families/DBEZPO/DBEZPO.cif,tests/data/csd_families/DBEZPO/DBEZPO02.cif,15,0.07532363384962082,15,0.1292860114569362,
tests/data/csd_families/DBEZPO/DBEZPO.cif,tests/data/csd_families/DBEZPO/DBEZPO03.cif,15,0.0920428903773427,15,0.09856710424974349,
tests/data/csd_families/DBEZPO/DBEZPO01.cif,tests/data/csd_families/DBEZPO/DBEZPO02.cif,15,0.07418484706431627,15,0.15837029887169587,
tests/data/csd_families/DBEZPO/DBEZPO01.cif,tests/data/csd_families/DBEZPO/DBEZPO03.cif,15,0.09045987948775291,15,0.12026545300906602,
tests/data/csd_families/DBEZPO/DBEZPO02.cif,tests/data/csd_families/DBEZPO/DBEZPO03.cif,15,0.05291382223367691,15,0.0484297310808679,
tests/data/csd_families/DBPHEN/DBPHEN02.cif,tests/data/csd_families/DBPHEN/DBPHEN03.cif,15,0.08223048783838749,5,1.4562808419698967,
tests/data/csd_families/DBPHEN/DBPHEN02.cif,tests/data/csd_families/DBPHEN/DBPHEN04.cif,15,0.12820934690535069,6,2.6513610048008025,
tests/data/csd_families/DBPHEN/DBPHEN02.cif,tests/data/csd_families/DBPHEN/DBPHEN05.cif,15,0.04645945690572262,5,3.4141743037592382,
tests/data/csd_families/DBPHEN/DBPHEN03.cif,tests/data/csd_families/DBPHEN/DBPHEN04.cif,15,0.181527235545218,15,0.2707184666531488,
tests/data/csd_families/DBPHEN/DBPHEN03.cif,tests/data/csd_families/DBPHEN/DBPHEN05.cif,15,0.06456924509257078,7,1.6138165628007777,
tests/data/csd_families/DBPHEN/DBPHEN04.cif,tests/data/csd_families/DBPHEN/DBPHEN05.cif,15,0.6301327226683497,7,1.6828848947913637,
tests/data/csd_families/DECVIQ/DECVIQ.cif,tests/data/csd_families/DECVIQ/DECVIQ01.cif,15,0.07373146153986454,8,0.15293345765215297,
tests/data/csd_families/DECVIQ/DECVIQ.cif,tests/data/csd_families/DECVIQ/DECVIQ10.cif,15,21.787453395314515,0,nan,RuntimeError:MotifSearch Timeout
tests/data/csd_families/DECVIQ/DECVIQ.cif,tests/data/csd_families/DECVIQ/DECVIQ11.cif,15,0.07390701584517956,8,0.15293345765215297,
tests/data/csd_families/DECVIQ/DECVIQ01.cif,tests/data/csd_families/DECVIQ/DECVIQ10.cif,15,0.04040135908871889,0,nan,
tests/data/csd_families/DECVIQ/DECVIQ01.cif,tests/data/csd_families/DECVIQ/DECVIQ11.cif,15,0.569043742492795,1,13.547279795207691,
tests/data/csd_families/DECVIQ/DECVIQ10.cif,tests/data/csd_families/DECVIQ/DECVIQ11.cif,15,0.04079469479620457,0,nan,
tests/data/csd_families/DERKOA/DERKOA02.cif,tests/data/csd_families/DERKOA/DERKOA10.cif,15,0.12972940225154161,15,0.14721937856022838,
tests/data/csd_families/DERKOA/DERKOA02.cif,tests/data/csd_families/DERKOA/DERKOA11.cif,15,0.012429243884980679,0,nan,
tests/data/csd_families/DERKOA/DERKOA02.cif,tests/data/csd_families/DERKOA/DERKOA12.cif,15,1.1464373795315623,15,0.6450151232093212,
tests/data/csd_families/DERKOA/DERKOA10.cif,tests/data/csd_families/DERKOA/DERKOA11.cif,15,0.012166851200163364,0,nan,
tests/data/csd_families/DERKOA/DERKOA10.cif,tests/data/csd_families/DERKOA/DERKOA12.cif,15,20.05839677993208,0,nan,RuntimeError:MotifSearch Timeout
tests/data/csd_families/DERKOA/DERKOA11.cif,tests/data/csd_families/DERKOA/DERKOA12.cif,15,11.175021696835756,4,1.7604440456205652,
tests/data/csd_families/DIBFAY/DIBFAY.cif,tests/data/csd_families/DIBFAY/DIBFAY01.cif,15,0.03190026432275772,15,0.015069741352027034,
tests/data/csd_families/DIBFAY/DIBFAY.cif,tests/data/csd_families/DIBFAY/DIBFAY02.cif,15,0.031134421937167645,15,0.04436382296224815,
tests/data/csd_families/DIBFAY/DIBFAY.cif,tests/data/csd_families/DIBFAY/DIBFAY03.cif,15,0.8165454184636474,15,0.08729100546569468,
tests/data/csd_families/DIBFAY/DIBFAY.cif,tests/data/csd_families/DIBFAY/DIBFAY04.cif,15,0.7470346465706825,15,0.12769150083262817,
tests/data/csd_families/DIBFAY/DIBFAY01.cif,tests/data/csd_families/DIBFAY/DIBFAY02.cif,15,0.03178103268146515,15,0.051403156644819974,
tests/data/csd_families/DIBFAY/DIBFAY01.cif,tests/data/csd_families/DIBFAY/DIBFAY03.cif,15,0.8374202996492386,15,0.0935818145339707,
tests/data/csd_families/DIBFAY/DIBFAY01.cif,tests/data/csd_families/DIBFAY/DIBFAY04.cif,15,0.7585657592862844,15,0.13319136872661758,
tests/data/csd_families/DIBFAY/DIBFAY02.cif,tests/data/csd_families/DIBFAY/DIBFAY03.cif,15,0.7336014676839113,15,0.06692890853608444,
tests/data/csd_families/DIBFAY/DIBFAY02.cif,tests/data/csd_families/DIBFAY/DIBFAY04.cif,15,0.7360418951138854,15,0.11202278266107482,
tests/data/csd_families/DIBFAY/DIBFAY03.cif,tests/data/csd_families/DIBFAY/DIBFAY04.cif,15,0.03557080775499344,15,0.055645513090202874,
tests/data/csd_families/DLSERN/DLSERN.cif,tests/data/csd_families/DLSERN/DLSERN02.cif,15,0.012826019898056984,15,0.018130166463148575,
tests/data/csd_families/DLSERN/DLSERN.cif,tests/data/csd_families/DLSERN/DLSERN11.cif,15,0.012430145405232906,15,0.01612445365104431,
tests/data/csd_families/DLSERN/DLSERN.cif,tests/data/csd_families/DLSERN/DLSERN12.cif,15,0.012518935836851597,15,0.059859410933385857,
tests/data/csd_families/DLSERN/DLSERN.cif,tests/data/csd_families/DLSERN/DLSERN13.cif,15,0.012599887326359749,15,0.016857395865313804,
tests/data/csd_families/DLSERN/DLSERN02.cif,tests/data/csd_families/DLSERN/DLSERN11.cif,15,0.012443345040082932,15,0.009610905047090992,
tests/data/csd_families/DLSERN/DLSERN02.cif,tests/data/csd_families/DLSERN/DLSERN12.cif,15,0.012569866143167019,15,0.05430343672219516,
tests/data/csd_families/DLSERN/DLSERN02.cif,tests/data/csd_families/DLSERN/DLSERN13.cif,15,0.012723457999527454,15,0.0042158695058023225,
tests/data/csd_families/DLSERN/DLSERN11.cif,tests/data/csd_families/DLSERN/DLSERN12.cif,15,0.012512856163084507,15,0.05843197393905605,
tests/data/csd_families/DLSERN/DLSERN11.cif,tests/data/csd_families/DLSERN/DLSERN13.cif,15,0.01258905790746212,15,0.007069710472089534,
tests/data/csd_families/DLSERN/DLSERN12.cif,tests/data/csd_families/DLSERN/DLSERN13.cif,15,0.012650427408516407,15,0.054771733611343784,
tests/data/csd_families/DMANAP/DMANAP01.cif,tests/data/csd_families/DMANAP/DMANAP02.cif,15,0.045044549740850925,15,3.403879337672476e-16,
tests/data/csd_families/DMANAP/DMANAP01.cif,tests/data/csd_families/DMANAP/DMANAP10.cif,15,0.04559395741671324,15,0.09740609648061044,
tests/data/csd_families/DMANAP/DMANAP01.cif,tests/data/csd_families/DMANAP/DMANAP11.cif,15,0.04576799925416708,15,0.043485992651480745,
tests/data/csd_families/DMANAP/DMANAP01.cif,tests/data/csd_families/DMANAP/DMANAP12.cif,15,0.04580018110573292,15,0.04654307259312345,
tests/data/csd_families/DMANAP/DMANAP02.cif,tests/data/csd_families/DMANAP/DMANAP10.cif,15,0.045699468813836575,15,0.09740609648061044,
tests/data/csd_families/DMANAP/DMANAP02.cif,tests/data/csd_families/DMANAP/DMANAP11.cif,15,0.045987993478775024,15,0.043485992651480745,
tests/data/csd_families/DMANAP/DMANAP02.cif,tests/data/csd_families/DMANAP/DMANAP12.cif,15,0.04617508593946695,15,0.04654307259312345,
tests/data/csd_families/DMANAP/DMANAP10.cif,tests/data/csd_families/DMANAP/DMANAP11.cif,15,0.04648995120078325,15,0.06459099768076933,
tests/data/csd_families/DMANAP/DMANAP10.cif,tests/data/csd_families/DMANAP/DMANAP12.cif,15,0.04642659053206444,15,0.06185190633186707,
tests/data/csd_families/DMANAP/DMANAP11.cif,tests/data/csd_families/DMANAP/DMANAP12.cif,15,0.04682733491063118,15,0.018300652863731906,
tests/data/csd_families/DMSULO/DMSULO.cif,tests/data/csd_families/DMSULO/DMSULO02.cif,15,0.06623877491801977,15,0.09947867811959843,
tests/data/csd_families/DMSULO/DMSULO.cif,tests/data/csd_families/DMSULO/DMSULO03.cif,15,0.04772973991930485,15,0.1316965391782628,
tests/data/csd_families/DMSULO/DMSULO.cif,tests/data/csd_families/DMSULO/DMSULO04.cif,15,0.08069066889584064,15,0.09879289166215083,
tests/data/csd_families/DMSULO/DMSULO.cif,tests/data/csd_families/DMSULO/DMSULO05.cif,15,0.05433076713234186,15,0.10103769998701238,
tests/data/csd_families/DMSULO/DMSULO02.cif,tests/data/csd_families/DMSULO/DMSULO03.cif,15,0.02620180882513523,15,0.03272800016967732,
tests/data/csd_families/DMSULO/DMSULO02.cif,tests/data/csd_families/DMSULO/DMSULO04.cif,15,0.06564697530120611,15,0.0033926663535043793,
tests/data/csd_families/DMSULO/DMSULO02.cif,tests/data/csd_families/DMSULO/DMSULO05.cif,15,0.03357546962797642,15,0.0029085580518104777,
tests/data/csd_families/DMSULO/DMSULO03.cif,tests/data/csd_families/DMSULO/DMSULO04.cif,15,0.05567758623510599,15,0.033569051247941364,
tests/data/csd_families/DMSULO/DMSULO03.cif,tests/data/csd_families/DMSULO/DMSULO05.cif,15,0.02642479259520769,15,0.031213145007656432,
tests/data/csd_families/DMSULO/DMSULO04.cif,tests/data/csd_families/DMSULO/DMSULO05.cif,15,0.05563066713511944,15,0.004343640405460134,
tests/data/csd_families/DOHDPH/DOHDPH02.cif,tests/data/csd_families/DOHDPH/DOHDPH10.cif,15,3.371719335205853,15,0.0680099250978816,
tests/data/csd_families/DOHDPH/DOHDPH02.cif,tests/data/csd_families/DOHDPH/DOHDPH11.cif,15,3.8898688293993473,15,0.073956779682217,
tests/data/csd_families/DOHDPH/DOHDPH10.cif,tests/data/csd_families/DOHDPH/DOHDPH11.cif,15,2.819327834993601,15,0.09619200297005776,
tests/data/csd_families/DOYCAW/DOYCAW.cif,tests/data/csd_families/DOYCAW/DOYCAW01.cif,15,0.09687739983201027,15,0.02341386524368716,
tests/data/csd_families/DOYCAW/DOYCAW.cif,tests/data/csd_families/DOYCAW/DOYCAW02.cif,15,0.09987194463610649,15,0.05073858601161974,
tests/data/csd_families/DOYCAW/DOYCAW01.cif,tests/data/csd_families/DOYCAW/DOYCAW02.cif,15,0.09871017653495073,15,0.03718124913288372,
tests/data/csd_families/DOYKUB/DOYKUB01.cif,tests/data/csd_families/DOYKUB/DOYKUB02.cif,15,0.4731212751939893,15,0.004050263590355616,
tests/data/csd_families/DOYKUB/DOYKUB01.cif,tests/data/csd_families/DOYKUB/DOYKUB03.cif,15,0.4463280560448766,15,0.004935469324832086,
tests/data/csd_families/DOYKUB/DOYKUB01.cif,tests/data/csd_families/DOYKUB/DOYKUB04.cif,15,0.3077688664197922,15,0.008658535315626933,
tests/data/csd_families/DOYKUB/DOYKUB01.cif,tests/data/csd_families/DOYKUB/DOYKUB05.cif,15,0.20944421365857124,15,0.012856654818439598,
tests/data/csd_families/DOYKUB/DOYKUB02.cif,tests/data/csd_families/DOYKUB/DOYKUB03.cif,15,0.7250371826812625,15,0.004110877223616935,
tests/data/csd_families/DOYKUB/DOYKUB02.cif,tests/data/csd_families/DOYKUB/DOYKUB04.cif,15,0.5811564931645989,15,0.008243617166056531,
tests/data/csd_families/DOYKUB/DOYKUB02.cif,tests/data/csd_families/DOYKUB/DOYKUB05.cif,15,0.4288092069327831,15,0.012060645786795169,
tests/data/csd_families/DOYKUB/DOYKUB03.cif,tests/data/csd_families/DOYKUB/DOYKUB04.cif,15,0.5688582500442863,15,0.004210007576155098,
tests/data/csd_families/DOYKUB/DOYKUB03.cif,tests/data/csd_families/DOYKUB/DOYKUB05.cif,15,0.39408780075609684,15,0.008252329067273688,
tests/data/csd_families/DOYKUB/DOYKUB04.cif,tests/data/csd_families/DOYKUB/DOYKUB05.cif,15,0.3336641415953636,15,0.004211553841970714,
tests/data/csd_families/DPSIDO/DPSIDO.cif,tests/data/csd_families/DPSIDO/DPSIDO02.cif,15,0.9149397695437074,15,0.024554901979926783,
tests/data/csd_families/DPSIDO/DPSIDO.cif,tests/data/csd_families/DPSIDO/DPSIDO03.cif,15,1.0676345098763704,15,0.07062008438146956,
tests/data/csd_families/DPSIDO/DPSIDO02.cif,tests/data/csd_families/DPSIDO/DPSIDO03.cif,15,1.1395849715918303,15,0.0587229504623471,
tests/data/csd_families/DUSQUG/DUSQUG.cif,tests/data/csd_families/DUSQUG/DUSQUG01.cif,15,0.01866831723600626,15,0.03150672247490633,
tests/data/csd_families/DUSQUG/DUSQUG.cif,tests/data/csd_families/DUSQUG/DUSQUG02.cif,15,0.019291565753519535,15,0.06497502884289127,
tests/data/csd_families/DUSQUG/DUSQUG01.cif,tests/data/csd_families/DUSQUG/DUSQUG02.cif,15,0.01937707792967558,15,0.037570584554655645,
tests/data/csd_families/ECUTUR/ECUTUR.cif,tests/data/csd_families/ECUTUR/ECUTUR01.cif,15,0.19875100627541542,15,0.07876228115670755,
tests/data/csd_families/ECUTUR/ECUTUR.cif,tests/data/csd_families/ECUTUR/ECUTUR02.cif,15,0.037699369713664055,15,0.4768216182487557,
tests/data/csd_families/ECUTUR/ECUTUR.cif,tests/data/csd_families/ECUTUR/ECUTUR03.cif,15,0.29206678457558155,15,0.04496774287187356,
tests/data/csd_families/ECUTUR/ECUTUR.cif,tests/data/csd_families/ECUTUR/ECUTUR04.cif,15,0.024629675783216953,15,0.09282120034650798,
tests/data/csd_families/ECUTUR/ECUTUR01.cif,tests/data/csd_families/ECUTUR/ECUTUR02.cif,15,0.6253075832501054,15,0.5129083725679634,
tests/data/csd_families/ECUTUR/ECUTUR01.cif,tests/data/csd_families/ECUTUR/ECUTUR03.cif,15,0.024849950335919857,15,0.053111116914328176,
tests/data/csd_families/ECUTUR/ECUTUR01.cif,tests/data/csd_families/ECUTUR/ECUTUR04.cif,15,0.2659770166501403,15,0.03998386508941898,
tests/data/csd_families/ECUTUR/ECUTUR02.cif,tests/data/csd_families/ECUTUR/ECUTUR03.cif,15,0.03964296914637089,15,0.4729660529445842,
tests/data/csd_families/ECUTUR/ECUTUR02.cif,tests/data/csd_families/ECUTUR/ECUTUR04.cif,15,0.02562963217496872,15,0.5438230909043658,
tests/data/csd_families/ECUTUR/ECUTUR03.cif,tests/data/csd_families/ECUTUR/ECUTUR04.cif,15,0.02462682779878378,15,0.07730193462274527,
tests/data/csd_families/EPDAXC/EPDAXC.cif,tests/data/csd_families/EPDAXC/EPDAXC01.cif,15,0.07603116147220135,15,0.15142170298737953,
tests/data/csd_families/EPDAXC/EPDAXC.cif,tests/data/csd_families/EPDAXC/EPDAXC02.cif,15,0.07532029133290052,15,0.03663000975817303,
tests/data/csd_families/EPDAXC/EPDAXC01.cif,tests/data/csd_families/EPDAXC/EPDAXC02.cif,15,0.0833962308242917,15,0.1500171866127282,
tests/data/csd_families/ERONEG/ERONEG.cif,tests/data/csd_families/ERONEG/ERONEG01.cif,15,0.1076067816466093,15,0.07235739347038245,
tests/data/csd_families/ERONEG/ERONEG.cif,tests/data/csd_families/ERONEG/ERONEG02.cif,15,20.333129536360502,0,nan,RuntimeError:MotifSearch Timeout
tests/data/csd_families/ERONEG/ERONEG01.cif,tests/data/csd_families/ERONEG/ERONEG02.cif,15,20.4083861252293,0,nan,RuntimeError:MotifSearch Timeout
tests/data/csd_families/ESAXAA/ESAXAA.cif,tests/data/csd_families/ESAXAA/ESAXAA01.cif,15,9.344859465025365,15,0.06671216420188969,
tests/data/csd_families/ESAXAA/ESAXAA.cif,tests/data/csd_families/ESAXAA/ESAXAA02.cif,15,10.453970121219754,15,0.07587793963954842,
tests/data/csd_families/ESAXAA/ESAXAA.cif,tests/data/csd_families/ESAXAA/ESAXAA03.cif,15,0.3513029161840677,15,0.09854646408781498,
tests/data/csd_families/ESAXAA/ESAXAA.cif,tests/data/csd_families/ESAXAA/ESAXAA04.cif,15,10.862377578392625,15,0.06476967682916443,
tests/data/csd_families/ESAXAA/ESAXAA01.cif,tests/data/csd_families/ESAXAA/ESAXAA02.cif,15,2.784737159498036,13,0.00875162105680101,
tests/data/csd_families/ESAXAA/ESAXAA01.cif,tests/data/csd_families/ESAXAA/ESAXAA03.cif,15,1.48574158269912,15,0.04021114299481389,
tests/data/csd_families/ESAXAA/ESAXAA01.cif,tests/data/csd_families/ESAXAA/ESAXAA04.cif,15,2.723891801200807,14,0.012472089643468897,
tests/data/csd_families/ESAXAA/ESAXAA02.cif,tests/data/csd_families/ESAXAA/ESAXAA03.cif,15,1.4944329978898168,15,0.03413393841197154,
tests/data/csd_families/ESAXAA/ESAXAA02.cif,tests/data/csd_families/ESAXAA/ESAXAA04.cif,15,2.7695918921381235,13,0.01563720260294666,
tests/data/csd_families/ESAXAA/ESAXAA03.cif,tests/data/csd_families/ESAXAA/ESAXAA04.cif,15,1.4895679000765085,15,0.04804472556957019,
tests/data/csd_families/EVESIJ/EVESIJ04.cif,tests/data/csd_families/EVESIJ/EVESIJ05.cif,15,0.1960637615993619,15,0.060353309404093204,
tests/data/csd_families/EVESIJ/EVESIJ04.cif,tests/data/csd_families/EVESIJ/EVESIJ06.cif,15,0.6926274951547384,10,2.352516745133888,
tests/data/csd_families/EVESIJ/EVESIJ05.cif,tests/data/csd_families/EVESIJ/EVESIJ06.cif,15,0.7720073228701949,11,1.9154180728735821,
tests/data/csd_families/EXIPUY/EXIPUY.cif,tests/data/csd_families/EXIPUY/EXIPUY01.cif,15,0.025202185846865177,15,0.05402707878609149,
tests/data/csd_families/EXIPUY/EXIPUY.cif,tests/data/csd_families/EXIPUY/EXIPUY02.cif,15,0.017973829060792923,0,nan,
tests/data/csd_families/EXIPUY/EXIPUY01.cif,tests/data/csd_families/EXIPUY/EXIPUY02.cif,15,0.017566772177815437,0,nan,
tests/data/csd_families/FAVKIA/FAVKIA.cif,tests/data/csd_families/FAVKIA/FAVKIA01.cif,15,0.05966232158243656,3,1.8971530638788354,
tests/data/csd_families/FAVKIA/FAVKIA.cif,tests/data/csd_families/FAVKIA/FAVKIA02.cif,15,20.287751510739326,0,nan,RuntimeError:MotifSearch Timeout
tests/data/csd_families/FAVKIA/FAVKIA.cif,tests/data/csd_families/FAVKIA/FAVKIA03.cif,15,20.32841831445694,0,nan,RuntimeError:MotifSearch Timeout
tests/data/csd_families/FAVKIA/FAVKIA.cif,tests/data/csd_families/FAVKIA/FAVKIA04.cif,15,20.302229076623917,0,nan,RuntimeError:MotifSearch Timeout
tests/data/csd_families/FAVKIA/FAVKIA01.cif,tests/data/csd_families/FAVKIA/FAVKIA02.cif,15,20.084576710127294,0,nan,RuntimeError:MotifSearch Timeout
tests/data/csd_families/FAVKIA/FAVKIA01.cif,tests/data/csd_families/FAVKIA/FAVKIA03.cif,15,20.073561548255384,0,nan,RuntimeError:MotifSearch Timeout
tests/data/csd_families/FAVKIA/FAVKIA01.cif,tests/data/csd_families/FAVKIA/FAVKIA04.cif,15,20.082185021601617,0,nan,RuntimeError:MotifSearch Timeout
tests/data/csd_families/FAVKIA/FAVKIA02.cif,tests/data/csd_families/FAVKIA/FAVKIA03.cif,15,20.072504757903516,0,nan,RuntimeError:MotifSearch Timeout
tests/data/csd_families/FAVKIA/FAVKIA02.cif,tests/data/csd_families/FAVKIA/FAVKIA04.cif,15,20.07888564839959,0,nan,RuntimeError:MotifSearch Timeout
tests/data/csd_families/FAVKIA/FAVKIA03.cif,tests/data/csd_families/FAVKIA/FAVKIA04.cif,15,1.4223004952073097,15,0.019175848241234247,
tests/data/csd_families/FEBHUP/FEBHUP.cif,tests/data/csd_families/FEBHUP/FEBHUP02.cif,15,0.7955891843885183,15,0.12489498061189433,
tests/data/csd_families/FEBHUP/FEBHUP.cif,tests/data/csd_families/FEBHUP/FEBHUP04.cif,15,0.2267442960292101,15,0.151009829754591,
tests/data/csd_families/FEBHUP/FEBHUP02.cif,tests/data/csd_families/FEBHUP/FEBHUP04.cif,15,4.489815192297101,15,0.033483372616749066,
tests/data/csd_families/FEFBEX/FEFBEX.cif,tests/data/csd_families/FEFBEX/FEFBEX01.cif,15,26.507109520956874,13,0.3336250752329427,
tests/data/csd_families/FEFBEX/FEFBEX.cif,tests/data/csd_families/FEFBEX/FEFBEX02.cif,15,27.190823843702674,13,0.48403547625021054,
tests/data/csd_families/FEFBEX/FEFBEX01.cif,tests/data/csd_families/FEFBEX/FEFBEX02.cif,15,25.478082194924355,13,0.9694510618215004,
tests/data/csd_families/FEGJUW/FEGJUW.cif,tests/data/csd_families/FEGJUW/FEGJUW01.cif,15,7.220760670490563,15,0.13470018292286218,
tests/data/csd_families/FEGJUW/FEGJUW.cif,tests/data/csd_families/FEGJUW/FEGJUW03.cif,15,7.180173804052174,15,0.05676402901147845,
tests/data/csd_families/FEGJUW/FEGJUW01.cif,tests/data/csd_families/FEGJUW/FEGJUW03.cif,15,7.570157453417778,15,0.09691087577709387,
tests/data/csd_families/FELWIF/FELWIF.cif,tests/data/csd_families/FELWIF/FELWIF01.cif,15,0.7035404182970524,11,1.1452381182494868,
tests/data/csd_families/FELWIF/FELWIF.cif,tests/data/csd_families/FELWIF/FELWIF02.cif,15,0.198275457136333,11,1.2420083744518373,
tests/data/csd_families/FELWIF/FELWIF01.cif,tests/data/csd_families/FELWIF/FELWIF02.cif,15,0.1942676780745387,11,1.044715598995549,
tests/data/csd_families/FEROCE/FEROCE01.cif,tests/data/csd_families/FEROCE/FEROCE04.cif,15,20.03436505328864,0,nan,RuntimeError:MotifSearch Timeout
tests/data/csd_families/FEROCE/FEROCE01.cif,tests/data/csd_families/FEROCE/FEROCE05.cif,15,20.021648130379617,0,nan,RuntimeError:MotifSearch Timeout
tests/data/csd_families/FEROCE/FEROCE01.cif,tests/data/csd_families/FEROCE/FEROCE06.cif,15,20.042902236804366,0,nan,RuntimeError:MotifSearch Timeout
tests/data/csd_families/FEROCE/FEROCE01.cif,tests/data/csd_families/FEROCE/FEROCE07.cif,15,20.034299754537642,0,nan,RuntimeError:MotifSearch Timeout
tests/data/csd_families/FEROCE/FEROCE04.cif,tests/data/csd_families/FEROCE/FEROCE05.cif,15,10.21502060815692,15,0.037278924143243915,
tests/data/csd_families/FEROCE/FEROCE04.cif,tests/data/csd_families/FEROCE/FEROCE06.cif,15,20.021580701693892,0,nan,RuntimeError:MotifSearch Timeout
tests/data/csd_families/FEROCE/FEROCE04.cif,tests/data/csd_families/FEROCE/FEROCE07.cif,15,20.03110791835934,0,nan,RuntimeError:MotifSearch Timeout
tests/data/csd_families/FEROCE/FEROCE05.cif,tests/data/csd_families/FEROCE/FEROCE06.cif,15,8.84764586854726,15,0.28664655056616595,
tests/data/csd_families/FEROCE/FEROCE05.cif,tests/data/csd_families/FEROCE/FEROCE07.cif,15,10.356096034869552,15,0.3992599261535289,
tests/data/csd_families/FEROCE/FEROCE06.cif,tests/data/csd_families/FEROCE/FEROCE07.cif,15,21.133025403134525,15,0.07125808689305967,
tests/data/csd_families/FESNEW/FESNEW.cif,tests/data/csd_families/FESNEW/FESNEW01.cif,15,0.05768406670540571,15,0.10746253401285265,
tests/data/csd_families/FESNEW/FESNEW.cif,tests/data/csd_families/FESNEW/FESNEW02.cif,15,20.057063285261393,0,nan,RuntimeError:MotifSearch Timeout
tests/data/csd_families/FESNEW/FESNEW.cif,tests/data/csd_families/FESNEW/FESNEW03.cif,15,0.29715733509510756,15,0.14208613985080268,
tests/data/csd_families/FESNEW/FESNEW.cif,tests/data/csd_families/FESNEW/FESNEW04.cif,15,0.3000297490507364,15,0.13804089292940744,
tests/data/csd_families/FESNEW/FESNEW01.cif,tests/data/csd_families/FESNEW/FESNEW02.cif,15,20.048102892003953,0,nan,RuntimeError:MotifSearch Timeout
tests/data/csd_families/FESNEW/FESNEW01.cif,tests/data/csd_families/FESNEW/FESNEW03.cif,15,0.37178985122591257,15,0.16350495832702824,
tests/data/csd_families/FESNEW/FESNEW01.cif,tests/data/csd_families/FESNEW/FESNEW04.cif,15,0.3801585678011179,15,0.15719871275392958,
tests/data/csd_families/FESNEW/FESNEW02.cif,tests/data/csd_families/FESNEW/FESNEW03.cif,15,0.01452816091477871,0,nan,
tests/data/csd_families/FESNEW/FESNEW02.cif,tests/data/csd_families/FESNEW/FESNEW04.cif,15,0.014192146249115467,0,nan,
tests/data/csd_families/FESNEW/FESNEW03.cif,tests/data/csd_families/FESNEW/FESNEW04.cif,15,0.050314645282924175,15,0.02825400523402087,
tests/data/csd_families/FINSOK/FINSOK01.cif,tests/data/csd_families/FINSOK/FINSOK10.cif,15,20.07575079333037,0,nan,RuntimeError:MotifSearch Timeout
tests/data/csd_families/FINSOK/FINSOK01.cif,tests/data/csd_families/FINSOK/FINSOK11.cif,15,14.349264767952263,5,8.124347825253286,
tests/data/csd_families/FINSOK/FINSOK01.cif,tests/data/csd_families/FINSOK/FINSOK12.cif,15,14.567100522108376,7,5.475614045941244,
tests/data/csd_families/FINSOK/FINSOK10.cif,tests/data/csd_families/FINSOK/FINSOK11.cif,15,0.12095179129391909,0,nan,
tests/data/csd_families/FINSOK/FINSOK10.cif,tests/data/csd_families/FINSOK/FINSOK12.cif,15,24.443636155687273,0,nan,RuntimeError:MotifSearch Timeout
tests/data/csd_families/FINSOK/FINSOK11.cif,tests/data/csd_families/FINSOK/FINSOK12.cif,15,0.1690866444259882,0,nan,
tests/data/csd_families/FITPIH/FITPIH.cif,tests/data/csd_families/FITPIH/FITPIH01.cif,15,0.1330259358510375,15,0.028253027625112708,
tests/data/csd_families/FITPIH/FITPIH.cif,tests/data/csd_families/FITPIH/FITPIH02.cif,15,0.13284501153975725,15,0.013262401183988212,
tests/data/csd_families/FITPIH/FITPIH.cif,tests/data/csd_families/FITPIH/FITPIH03.cif,15,0.11525558494031429,15,0.061509116729895466,
tests/data/csd_families/FITPIH/FITPIH01.cif,tests/data/csd_families/FITPIH/FITPIH02.cif,15,0.14047355856746435,15,0.03098737171951181,
tests/data/csd_families/FITPIH/FITPIH01.cif,tests/data/csd_families/FITPIH/FITPIH03.cif,15,0.10982481203973293,15,0.07705097868581694,
tests/data/csd_families/FITPIH/FITPIH02.cif,tests/data/csd_families/FITPIH/FITPIH03.cif,15,0.11402724590152502,15,0.06465664848179192,
tests/data/csd_families/FIWFOH/FIWFOH.cif,tests/data/csd_families/FIWFOH/FIWFOH01.cif,15,0.013982603326439857,15,0.14129638347454376,
tests/data/csd_families/FIWFOH/FIWFOH.cif,tests/data/csd_families/FIWFOH/FIWFOH02.cif,15,0.013908032327890396,15,0.018904110914366508,
tests/data/csd_families/FIWFOH/FIWFOH.cif,tests/data/csd_families/FIWFOH/FIWFOH03.cif,15,0.013877561315894127,15,0.1381807519961901,
tests/data/csd_families/FIWFOH/FIWFOH.cif,tests/data/csd_families/FIWFOH/FIWFOH04.cif,15,0.01375338900834322,15,0.14307770785145726,
tests/data/csd_families/FIWFOH/FIWFOH01.cif,tests/data/csd_families/FIWFOH/FIWFOH02.cif,15,0.013940512202680111,15,0.15895939920204677,
tests/data/csd_families/FIWFOH/FIWFOH01.cif,tests/data/csd_families/FIWFOH/FIWFOH03.cif,15,0.01404163520783186,15,0.010654189766849878,
tests/data/csd_families/FIWFOH/FIWFOH01.cif,tests/data/csd_families/FIWFOH/FIWFOH04.cif,15,0.01396501250565052,15,0.006002656621519435,
tests/data/csd_families/FIWFOH/FIWFOH02.cif,tests/data/csd_families/FIWFOH/FIWFOH03.cif,15,0.014157135039567947,15,0.15561292818225295,
tests/data/csd_families/FIWFOH/FIWFOH02.cif,tests/data/csd_families/FIWFOH/FIWFOH04.cif,15,0.013964042998850346,15,0.1609354265112079,
tests/data/csd_families/FIWFOH/FIWFOH03.cif,tests/data/csd_families/FIWFOH/FIWFOH04.cif,15,0.01394767127931118,15,0.013590315505039387,
tests/data/csd_families/FIXGAU/FIXGAU.cif,tests/data/csd_families/FIXGAU/FIXGAU01.cif,15,0.16247162409126759,15,0.13377589649941285,
tests/data/csd_families/FIXGAU/FIXGAU.cif,tests/data/csd_families/FIXGAU/FIXGAU02.cif,15,0.16945378854870796,15,0.010804014594834667,
tests/data/csd_families/FIXGAU/FIXGAU.cif,tests/data/csd_families/FIXGAU/FIXGAU03.cif,15,0.17807551939040422,15,0.10861324883655263,
tests/data/csd_families/FIXGAU/FIXGAU.cif,tests/data/csd_families/FIXGAU/FIXGAU04.cif,15,0.16893911082297564,15,0.011393651029016624,
tests/data/csd_families/FIXGAU/FIXGAU01.cif,tests/data/csd_families/FIXGAU/FIXGAU02.cif,15,0.1638592155650258,15,0.1292803687901478,
tests/data/csd_families/FIXGAU/FIXGAU01.cif,tests/data/csd_families/FIXGAU/FIXGAU03.cif,15,0.18865657225251198,15,0.0279624786140436,
tests/data/csd_families/FIXGAU/FIXGAU01.cif,tests/data/csd_families/FIXGAU/FIXGAU04.cif,15,0.16312571428716183,15,0.12765283508044567,
tests/data/csd_families/FIXGAU/FIXGAU02.cif,tests/data/csd_families/FIXGAU/FIXGAU03.cif,15,0.1853924421593547,15,0.10405450229795954,
tests/data/csd_families/FIXGAU/FIXGAU02.cif,tests/data/csd_families/FIXGAU/FIXGAU04.cif,15,0.169570691883564,15,0.008162332713041846,
tests/data/csd_families/FIXGAU/FIXGAU03.cif,tests/data/csd_families/FIXGAU/FIXGAU04.cif,15,0.16847399529069662,15,0.10237669158772585,
tests/data/csd_families/FIXMIJ/FIXMIJ.cif,tests/data/csd_families/FIXMIJ/FIXMIJ01.cif,15,32.18117018416524,0,nan,RuntimeError:MotifSearch Timeout
tests/data/csd_families/FIXMIJ/FIXMIJ.cif,tests/data/csd_families/FIXMIJ/FIXMIJ02.cif,15,20.023273648694158,0,nan,RuntimeError:MotifSearch Timeout
tests/data/csd_families/FIXMIJ/FIXMIJ01.cif,tests/data/csd_families/FIXMIJ/FIXMIJ02.cif,15,20.03539182152599,0,nan,RuntimeError:MotifSearch Timeout
tests/data/csd_families/FLOXSB/FLOXSB.cif,tests/data/csd_families/FLOXSB/FLOXSB01.cif,15,0.09900865983217955,15,0.062395334587320404,
tests/data/csd_families/FLOXSB/FLOXSB.cif,tests/data/csd_families/FLOXSB/FLOXSB02.cif,15,0.06514330301433802,15,0.012982627506080724,
tests/data/csd_families/FLOXSB/FLOXSB01.cif,tests/data/csd_families/FLOXSB/FLOXSB02.cif,15,0.08273568097501993,15,0.06560524181338494,
tests/data/csd_families/FOHCOU/FOHCOU.cif,tests/data/csd_families/FOHCOU/FOHCOU01.cif,15,1.0374377919360995,15,0.13278149600930947,
tests/data/csd_families/FOHCOU/FOHCOU.cif,tests/data/csd_families/FOHCOU/FOHCOU02.cif,15,0.7267145477235317,15,0.13295179491042278,
tests/data/csd_families/FOHCOU/FOHCOU.cif,tests/data/csd_families/FOHCOU/FOHCOU05.cif,15,0.7054429017007351,15,0.0798146590257949,
tests/data/csd_families/FOHCOU/FOHCOU.cif,tests/data/csd_families/FOHCOU/FOHCOU06.cif,15,6.5617129085585475,15,0.14822226336372304,
tests/data/csd_families/FOHCOU/FOHCOU01.cif,tests/data/csd_families/FOHCOU/FOHCOU02.cif,15,0.5161845693364739,15,0.003534212848811677,
tests/data/csd_families/FOHCOU/FOHCOU01.cif,tests/data/csd_families/FOHCOU/FOHCOU05.cif,15,0.5501052252948284,15,0.05377194845204647,
tests/data/csd_families/FOHCOU/FOHCOU01.cif,tests/data/csd_families/FOHCOU/FOHCOU06.cif,15,0.8048295490443707,15,0.01601991456603802,
tests/data/csd_families/FOHCOU/FOHCOU02.cif,tests/data/csd_families/FOHCOU/FOHCOU05.cif,15,0.23685820028185844,15,0.0539206631422579,
tests/data/csd_families/FOHCOU/FOHCOU02.cif,tests/data/csd_families/FOHCOU/FOHCOU06.cif,15,0.48082001879811287,15,0.01567664946971488,
tests/data/csd_families/FOHCOU/FOHCOU05.cif,tests/data/csd_families/FOHCOU/FOHCOU06.cif,15,0.5279673188924789,15,0.06935160313731731,
tests/data/csd_families/FUFGIW/FUFGIW.cif,tests/data/csd_families/FUFGIW/FUFGIW01.cif,15,0.055799500085413456,15,0.059051901162226327,
tests/data/csd_families/FUFGIW/FUFGIW.cif,tests/data/csd_families/FUFGIW/FUFGIW02.cif,15,0.06026370823383331,15,0.063161319214583,
tests/data/csd_families/FUFGIW/FUFGIW01.cif,tests/data/csd_families/FUFGIW/FUFGIW02.cif,15,0.07622433174401522,15,0.05439392129753869,
tests/data/csd_families/FUJXEO/FUJXEO.cif,tests/data/csd_families/FUJXEO/FUJXEO01.cif,15,0.723986747674644,15,0.04335047556280521,
tests/data/csd_families/FUJXEO/FUJXEO.cif,tests/data/csd_families/FUJXEO/FUJXEO02.cif,15,0.022289750166237354,15,0.010676348661661665,
tests/data/csd_families/FUJXEO/FUJXEO01.cif,tests/data/csd_families/FUJXEO/FUJXEO02.cif,15,0.7528893165290356,15,1.5405762606246514,
tests/data/csd_families/FULPIM/FULPIM.cif,tests/data/csd_families/FULPIM/FULPIM01.cif,15,0.02921515516936779,15,0.03947192992542287,
tests/data/csd_families/FULPIM/FULPIM.cif,tests/data/csd_families/FULPIM/FULPIM02.cif,15,0.029653063043951988,15,0.012045361979109482,
tests/data/csd_families/FULPIM/FULPIM.cif,tests/data/csd_families/FULPIM/FULPIM03.cif,15,0.04804481379687786,15,0.013865919045790242,
tests/data/csd_families/FULPIM/FULPIM01.cif,tests/data/csd_families/FULPIM/FULPIM02.cif,15,0.028413332998752594,15,0.03159333201863585,
tests/data/csd_families/FULPIM/FULPIM01.cif,tests/data/csd_families/FULPIM/FULPIM03.cif,15,0.04616032261401415,15,0.0279563274391007,
tests/data/csd_families/FULPIM/FULPIM02.cif,tests/data/csd_families/FULPIM/FULPIM03.cif,15,0.04570118710398674,15,0.009459288063680201,
tests/data/csd_families/FUTSES/FUTSES.cif,tests/data/csd_families/FUTSES/FUTSES01.cif,15,0.1872911350801587,15,0.029172687107160675,
tests/data/csd_families/FUTSES/FUTSES.cif,tests/data/csd_families/FUTSES/FUTSES02.cif,15,0.2603765381500125,15,0.07572099161546246,
tests/data/csd_families/FUTSES/FUTSES01.cif,tests/data/csd_families/FUTSES/FUTSES02.cif,15,0.2690799022093415,15,0.07945988855602786,
tests/data/csd_families/GEGGEF/GEGGEF.cif,tests/data/csd_families/GEGGEF/GEGGEF01.cif,15,0.40902103669941425,6,3.026773919513698,
tests/data/csd_families/GEGGEF/GEGGEF.cif,tests/data/csd_families/GEGGEF/GEGGEF02.cif,15,0.29602222330868244,15,0.014682415471922967,
tests/data/csd_families/GEGGEF/GEGGEF01.cif,tests/data/csd_families/GEGGEF/GEGGEF02.cif,15,0.6502104122191668,6,2.9819755206020306,
tests/data/csd_families/GIMBOT/GIMBOT.cif,tests/data/csd_families/GIMBOT/GIMBOT02.cif,15,0.2443185355514288,15,0.11161421475006487,
tests/data/csd_families/GIMBOT/GIMBOT.cif,tests/data/csd_families/GIMBOT/GIMBOT03.cif,15,0.18068114388734102,15,0.8763761404076701,
tests/data/csd_families/GIMBOT/GIMBOT.cif,tests/data/csd_families/GIMBOT/GIMBOT04.cif,15,0.17279598396271467,15,0.8078887891328419,
tests/data/csd_families/GIMBOT/GIMBOT.cif,tests/data/csd_families/GIMBOT/GIMBOT05.cif,15,0.16066771931946278,15,0.5598914368584098,
tests/data/csd_families/GIMBOT/GIMBOT02.cif,tests/data/csd_families/GIMBOT/GIMBOT03.cif,15,0.1731305904686451,15,0.7934028598347197,
tests/data/csd_families/GIMBOT/GIMBOT02.cif,tests/data/csd_families/GIMBOT/GIMBOT04.cif,15,0.16805740259587765,15,0.7226024663839629,
tests/data/csd_families/GIMBOT/GIMBOT02.cif,tests/data/csd_families/GIMBOT/GIMBOT05.cif,15,0.15473474003374577,15,0.47748603798450767,
tests/data/csd_families/GIMBOT/GIMBOT03.cif,tests/data/csd_families/GIMBOT/GIMBOT04.cif,15,0.1533271186053753,15,0.12203061861369742,
tests/data/csd_families/GIMBOT/GIMBOT03.cif,tests/data/csd_families/GIMBOT/GIMBOT05.cif,15,0.23299115244299173,15,0.3797851297715443,
tests/data/csd_families/GIMBOT/GIMBOT04.cif,tests/data/csd_families/GIMBOT/GIMBOT05.cif,15,0.22153182700276375,15,0.30421361011447207,
tests/data/csd_families/GLUAMC/GLUAMC.cif,tests/data/csd_families/GLUAMC/GLUAMC11.cif,15,0.02265242487192154,15,0.0348782357273792,
tests/data/csd_families/GLUAMC/GLUAMC.cif,tests/data/csd_families/GLUAMC/GLUAMC12.cif,15,0.024806968867778778,15,0.05041597389692544,
tests/data/csd_families/GLUAMC/GLUAMC11.cif,tests/data/csd_families/GLUAMC/GLUAMC12.cif,15,0.02495009172707796,15,0.05054696812416766,
tests/data/csd_families/GLYCIN/GLYCIN.cif,tests/data/csd_families/GLYCIN/GLYCIN01.cif,15,0.09998553432524204,7,1.5948141174972517,
tests/data/csd_families/GLYCIN/GLYCIN.cif,tests/data/csd_families/GLYCIN/GLYCIN02.cif,15,0.16628429479897022,11,0.46174789707426184,
tests/data/csd_families/GLYCIN/GLYCIN.cif,tests/data/csd_families/GLYCIN/GLYCIN03.cif,15,0.16577069833874702,11,0.46345852438916235,
tests/data/csd_families/GLYCIN/GLYCIN.cif,tests/data/csd_families/GLYCIN/GLYCIN04.cif,15,0.16360377427190542,11,0.4637403136148964,
tests/data/csd_families/GLYCIN/GLYCIN01.cif,tests/data/csd_families/GLYCIN/GLYCIN02.cif,15,0.13827761821448803,7,0.8431181468035177,
tests/data/csd_families/GLYCIN/GLYCIN01.cif,tests/data/csd_families/GLYCIN/GLYCIN03.cif,15,0.15561200305819511,7,0.8431464474725233,
tests/data/csd_families/GLYCIN/GLYCIN01.cif,tests/data/csd_families/GLYCIN/GLYCIN04.cif,15,0.1402927190065384,7,0.8437614391721502,
tests/data/csd_families/GLYCIN/GLYCIN02.cif,tests/data/csd_families/GLYCIN/GLYCIN03.cif,15,0.012483320198953152,15,0.0056961484038291444,
tests/data/csd_families/GLYCIN/GLYCIN02.cif,tests/data/csd_families/GLYCIN/GLYCIN04.cif,15,0.01226203702390194,15,0.005985410225867588,
tests/data/csd_families/GLYCIN/GLYCIN03.cif,tests/data/csd_families/GLYCIN/GLYCIN04.cif,15,0.012246577069163322,15,0.0025898226828424695,
tests/data/csd_families/GUSHAD/GUSHAD01.cif,tests/data/csd_families/GUSHAD/GUSHAD02.cif,15,0.15772182401269674,15,0.05604583193989764,
tests/data/csd_families/GUSHAD/GUSHAD01.cif,tests/data/csd_families/GUSHAD/GUSHAD03.cif,15,0.1441394379362464,15,0.07279774664139528,
tests/data/csd_families/GUSHAD/GUSHAD01.cif,tests/data/csd_families/GUSHAD/GUSHAD04.cif,15,0.15621359087526798,15,0.15771886337472876,
tests/data/csd_families/GUSHAD/GUSHAD01.cif,tests/data/csd_families/GUSHAD/GUSHAD05.cif,15,0.17715433053672314,15,0.2221180254924932,
tests/data/csd_families/GUSHAD/GUSHAD02.cif,tests/data/csd_families/GUSHAD/GUSHAD03.cif,15,0.16306618601083755,15,0.0739558020455181,
tests/data/csd_families/GUSHAD/GUSHAD02.cif,tests/data/csd_families/GUSHAD/GUSHAD04.cif,15,0.1804351406171918,15,0.15009047095009137,
tests/data/csd_families/GUSHAD/GUSHAD02.cif,tests/data/csd_families/GUSHAD/GUSHAD05.cif,15,0.2010539947077632,15,0.21334017718473067,
tests/data/csd_families/GUSHAD/GUSHAD03.cif,tests/data/csd_families/GUSHAD/GUSHAD04.cif,15,0.16923097986727953,15,0.11662639500634378,
tests/data/csd_families/GUSHAD/GUSHAD03.cif,tests/data/csd_families/GUSHAD/GUSHAD05.cif,15,0.1999489888548851,15,0.1677081325430245,
tests/data/csd_families/GUSHAD/GUSHAD04.cif,tests/data/csd_families/GUSHAD/GUSHAD05.cif,15,0.20931391138583422,15,0.0930694523289844,
tests/data/csd_families/HAGWAP/HAGWAP.cif,tests/data/csd_families/HAGWAP/HAGWAP01.cif,15,0.014167365618050098,15,0.02559218116029651,
tests/data/csd_families/HAGWAP/HAGWAP.cif,tests/data/csd_families/HAGWAP/HAGWAP02.cif,15,0.014286537654697895,15,0.08855754758020869,
tests/data/csd_families/HAGWAP/HAGWAP.cif,tests/data/csd_families/HAGWAP/HAGWAP03.cif,15,0.01425324659794569,15,0.07315919989987563,
tests/data/csd_families/HAGWAP/HAGWAP.cif,tests/data/csd_families/HAGWAP/HAGWAP04.cif,15,0.014491571113467216,15,0.12153205985118787,
tests/data/csd_families/HAGWAP/HAGWAP01.cif,tests/data/csd_families/HAGWAP/HAGWAP02.cif,15,0.014302058145403862,15,0.08634694988944043,
tests/data/csd_families/HAGWAP/HAGWAP01.cif,tests/data/csd_families/HAGWAP/HAGWAP03.cif,15,0.014269928447902203,15,0.06949762519443584,
tests/data/csd_families/HAGWAP/HAGWAP01.cif,tests/data/csd_families/HAGWAP/HAGWAP04.cif,15,0.014566492289304733,15,0.12080916740012126,
tests/data/csd_families/HAGWAP/HAGWAP02.cif,tests/data/csd_families/HAGWAP/HAGWAP03.cif,15,0.014409139752388,15,0.01707483223184268,
tests/data/csd_families/HAGWAP/HAGWAP02.cif,tests/data/csd_families/HAGWAP/HAGWAP04.cif,15,0.01478511467576027,15,0.034632478375894026,
tests/data/csd_families/HAGWAP/HAGWAP03.cif,tests/data/csd_families/HAGWAP/HAGWAP04.cif,15,0.014707433991134167,15,0.05165556089510178,
tests/data/csd_families/HAWGAO/HAWGAO.cif,tests/data/csd_families/HAWGAO/HAWGAO01.cif,15,0.10736806690692902,15,0.07862857899870435,
tests/data/csd_families/HAWGAO/HAWGAO.cif,tests/data/csd_families/HAWGAO/HAWGAO02.cif,15,0.10616957768797874,15,0.12412132014838183,
tests/data/csd_families/HAWGAO/HAWGAO.cif,tests/data/csd_families/HAWGAO/HAWGAO03.cif,15,0.10672790836542845,15,0.01568528179406087,
tests/data/csd_families/HAWGAO/HAWGAO01.cif,tests/data/csd_families/HAWGAO/HAWGAO02.cif,15,0.10646495409309864,15,0.20114758783104789,
tests/data/csd_families/HAWGAO/HAWGAO01.cif,tests/data/csd_families/HAWGAO/HAWGAO03.cif,15,0.10708852298557758,15,0.08957418484225814,
tests/data/csd_families/HAWGAO/HAWGAO02.cif,tests/data/csd_families/HAWGAO/HAWGAO03.cif,15,0.10614618938416243,15,0.11522533091328956,
tests/data/csd_families/HAWLAS/HAWLAS.cif,tests/data/csd_families/HAWLAS/HAWLAS01.cif,15,0.030076959170401096,15,0.020340564599268324,
tests/data/csd_families/HAWLAS/HAWLAS.cif,tests/data/csd_families/HAWLAS/HAWLAS02.cif,15,0.03045730385929346,15,0.020054039122540918,
tests/data/csd_families/HAWLAS/HAWLAS01.cif,tests/data/csd_families/HAWLAS/HAWLAS02.cif,15,0.029854786582291126,15,0.000681444241122162,
tests/data/csd_families/HEWRAD/HEWRAD.cif,tests/data/csd_families/HEWRAD/HEWRAD01.cif,15,0.021119371987879276,15,0.07747377523858553,
tests/data/csd_families/HEWRAD/HEWRAD.cif,tests/data/csd_families/HEWRAD/HEWRAD02.cif,15,0.021793332882225513,15,0.007464442815823729,
tests/data/csd_families/HEWRAD/HEWRAD.cif,tests/data/csd_families/HEWRAD/HEWRAD03.cif,15,0.021759262308478355,15,0.01132492943401278,
tests/data/csd_families/HEWRAD/HEWRAD01.cif,tests/data/csd_families/HEWRAD/HEWRAD02.cif,15,0.020935839042067528,15,0.07910565928202191,
tests/data/csd_families/HEWRAD/HEWRAD01.cif,tests/data/csd_families/HEWRAD/HEWRAD03.cif,15,0.02117441315203905,15,0.069603168085237,
tests/data/csd_families/HEWRAD/HEWRAD02.cif,tests/data/csd_families/HEWRAD/HEWRAD03.cif,15,0.021658670157194138,15,0.015093671742911367,
tests/data/csd_families/HEZQIN/HEZQIN.cif,tests/data/csd_families/HEZQIN/HEZQIN01.cif,15,0.045259349048137665,15,0.01025872000178051,
tests/data/csd_families/HEZQIN/HEZQIN.cif,tests/data/csd_families/HEZQIN/HEZQIN02.cif,15,0.023176453076303005,15,0.01995405935169397,
tests/data/csd_families/HEZQIN/HEZQIN.cif,tests/data/csd_families/HEZQIN/HEZQIN03.cif,15,0.0461711036041379,15,0.03978723273256118,
tests/data/csd_families/HEZQIN/HEZQIN.cif,tests/data/csd_families/HEZQIN/HEZQIN04.cif,15,0.08170526567846537,4,2.220034887865586,
tests/data/csd_families/HEZQIN/HEZQIN01.cif,tests/data/csd_families/HEZQIN/HEZQIN02.cif,15,0.0455634044483304,15,0.011905653007380449,
tests/data/csd_families/HEZQIN/HEZQIN01.cif,tests/data/csd_families/HEZQIN/HEZQIN03.cif,15,0.06833172123879194,15,0.0473443907350939,
tests/data/csd_families/HEZQIN/HEZQIN01.cif,tests/data/csd_families/HEZQIN/HEZQIN04.cif,15,0.08127586916089058,4,2.221273173635919,
tests/data/csd_families/HEZQIN/HEZQIN02.cif,tests/data/csd_families/HEZQIN/HEZQIN03.cif,15,0.045857468619942665,15,0.05475690162738546,
tests/data/csd_families/HEZQIN/HEZQIN02.cif,tests/data/csd_families/HEZQIN/HEZQIN04.cif,15,0.08284575305879116,4,2.222248061034691,
tests/data/csd_families/HEZQIN/HEZQIN03.cif,tests/data/csd_families/HEZQIN/HEZQIN04.cif,15,0.0925743905827403,5,3.0941511252627345,
tests/data/csd_families/HMPBFE/HMPBFE.cif,tests/data/csd_families/HMPBFE/HMPBFE01.cif,15,0.7167364181950688,15,1.5564153985917604,
tests/data/csd_families/HMPBFE/HMPBFE.cif,tests/data/csd_families/HMPBFE/HMPBFE02.cif,15,0.08787008002400398,15,0.025090630730126705,
tests/data/csd_families/HMPBFE/HMPBFE.cif,tests/data/csd_families/HMPBFE/HMPBFE03.cif,15,1.008719589561224,15,1.6905445337009928,
tests/data/csd_families/HMPBFE/HMPBFE.cif,tests/data/csd_families/HMPBFE/HMPBFE04.cif,15,2.560381849296391,8,3.4102025500732585,
tests/data/csd_families/HMPBFE/HMPBFE01.cif,tests/data/csd_families/HMPBFE/HMPBFE02.cif,15,0.6006318274885416,15,1.5487175044510735,
tests/data/csd_families/HMPBFE/HMPBFE01.cif,tests/data/csd_families/HMPBFE/HMPBFE03.cif,15,0.05733188334852457,15,0.2932856613260159,
tests/data/csd_families/HMPBFE/HMPBFE01.cif,tests/data/csd_families/HMPBFE/HMPBFE04.cif,15,0.7807669751346111,8,2.514838750570565,
tests/data/csd_families/HMPBFE/HMPBFE02.cif,tests/data/csd_families/HMPBFE/HMPBFE03.cif,15,0.79645970556885,15,1.6805986848265924,
tests/data/csd_families/HMPBFE/HMPBFE02.cif,tests/data/csd_families/HMPBFE/HMPBFE04.cif,15,0.6895821439102292,8,3.413493218283818,
tests/data/csd_families/HMPBFE/HMPBFE03.cif,tests/data/csd_families/HMPBFE/HMPBFE04.cif,15,0.7595053501427174,8,2.5284682676819688,
tests/data/csd_families/HOGBUD/HOGBUD.cif,tests/data/csd_families/HOGBUD/HOGBUD01.cif,15,20.086909567005932,0,nan,RuntimeError:MotifSearch Timeout
tests/data/csd_families/HOGBUD/HOGBUD.cif,tests/data/csd_families/HOGBUD/HOGBUD02.cif,15,20.08817963115871,0,nan,RuntimeError:MotifSearch Timeout
tests/data/csd_families/HOGBUD/HOGBUD.cif,tests/data/csd_families/HOGBUD/HOGBUD03.cif,15,20.080414223484695,0,nan,RuntimeError:MotifSearch Timeout
tests/data/csd_families/HOGBUD/HOGBUD.cif,tests/data/csd_families/HOGBUD/HOGBUD04.cif,15,1.024179388768971,3,1.5084321607403395,
tests/data/csd_families/HOGBUD/HOGBUD01.cif,tests/data/csd_families/HOGBUD/HOGBUD02.cif,15,20.0930789783597,0,nan,RuntimeError:MotifSearch Timeout
tests/data/csd_families/HOGBUD/HOGBUD01.cif,tests/data/csd_families/HOGBUD/HOGBUD03.cif,15,3.419849273748696,15,0.11409231651581865,
tests/data/csd_families/HOGBUD/HOGBUD01.cif,tests/data/csd_families/HOGBUD/HOGBUD04.cif,15,20.104610444046557,0,nan,RuntimeError:MotifSearch Timeout
tests/data/csd_families/HOGBUD/HOGBUD02.cif,tests/data/csd_families/HOGBUD/HOGBUD03.cif,15,3.2658410584554076,15,0.05696160280656424,
tests/data/csd_families/HOGBUD/HOGBUD02.cif,tests/data/csd_families/HOGBUD/HOGBUD04.cif,15,20.118337226100266,0,nan,RuntimeError:MotifSearch Timeout
tests/data/csd_families/HOGBUD/HOGBUD03.cif,tests/data/csd_families/HOGBUD/HOGBUD04.cif,15,3.1170263281092048,15,0.072076816485999,
tests/data/csd_families/HOXCUM/HOXCUM.cif,tests/data/csd_families/HOXCUM/HOXCUM01.cif,15,0.45348688680678606,15,0.049088945880862385,
tests/data/csd_families/HOXCUM/HOXCUM.cif,tests/data/csd_families/HOXCUM/HOXCUM02.cif,15,0.5047805495560169,15,0.07418916845709883,
tests/data/csd_families/HOXCUM/HOXCUM.cif,tests/data/csd_families/HOXCUM/HOXCUM03.cif,15,0.8747435510158539,15,0.10233712472905324,
tests/data/csd_families/HOXCUM/HOXCUM.cif,tests/data/csd_families/HOXCUM/HOXCUM04.cif,15,0.9087752001360059,15,0.05007351461885382,
tests/data/csd_families/HOXCUM/HOXCUM01.cif,tests/data/csd_families/HOXCUM/HOXCUM02.cif,15,0.4021590128540993,15,0.05495515994707623,
tests/data/csd_families/HOXCUM/HOXCUM01.cif,tests/data/csd_families/HOXCUM/HOXCUM03.cif,15,0.7009375160560012,15,0.07920422974980362,
tests/data/csd_families/HOXCUM/HOXCUM01.cif,tests/data/csd_families/HOXCUM/HOXCUM04.cif,15,0.7296352554112673,15,0.005190629165979414,
tests/data/csd_families/HOXCUM/HOXCUM02.cif,tests/data/csd_families/HOXCUM/HOXCUM03.cif,15,0.8115647369995713,15,0.03421195911204071,
tests/data/csd_families/HOXCUM/HOXCUM02.cif,tests/data/csd_families/HOXCUM/HOXCUM04.cif,15,0.7182354712858796,15,0.05585813486486803,
tests/data/csd_families/HOXCUM/HOXCUM03.cif,tests/data/csd_families/HOXCUM/HOXCUM04.cif,15,1.1734729539602995,15,0.07994574205422277,
tests/data/csd_families/HUNYEV/HUNYEV.cif,tests/data/csd_families/HUNYEV/HUNYEV01.cif,15,0.024381971918046474,15,0.013969929366649547,
tests/data/csd_families/HUNYEV/HUNYEV.cif,tests/data/csd_families/HUNYEV/HUNYEV02.cif,15,0.0240793377161026,15,0.06452586693573803,
tests/data/csd_families/HUNYEV/HUNYEV01.cif,tests/data/csd_families/HUNYEV/HUNYEV02.cif,15,0.02410407830029726,15,0.06988330098414015,
tests/data/csd_families/HUSTOE/HUSTOE.cif,tests/data/csd_families/HUSTOE/HUSTOE01.cif,15,0.04522222001105547,15,0.07715127561121338,
tests/data/csd_families/HUSTOE/HUSTOE.cif,tests/data/csd_families/HUSTOE/HUSTOE02.cif,15,0.04390648100525141,15,0.3651169578652048,
tests/data/csd_families/HUSTOE/HUSTOE.cif,tests/data/csd_families/HUSTOE/HUSTOE03.cif,15,0.06250072456896305,15,0.09558815350236857,
tests/data/csd_families/HUSTOE/HUSTOE.cif,tests/data/csd_families/HUSTOE/HUSTOE04.cif,15,0.2212150190025568,15,0.686112183871668,
tests/data/csd_families/HUSTOE/HUSTOE01.cif,tests/data/csd_families/HUSTOE/HUSTOE02.cif,15,0.060046796686947346,15,0.42859144811295424,
tests/data/csd_families/HUSTOE/HUSTOE01.cif,tests/data/csd_families/HUSTOE/HUSTOE03.cif,15,0.05144734587520361,15,0.1551257790369137,
tests/data/csd_families/HUSTOE/HUSTOE01.cif,tests/data/csd_families/HUSTOE/HUSTOE04.cif,15,0.19567308854311705,15,0.7495872973739144,
tests/data/csd_families/HUSTOE/HUSTOE02.cif,tests/data/csd_families/HUSTOE/HUSTOE03.cif,15,0.052888317964971066,15,0.29425455359454844,
tests/data/csd_families/HUSTOE/HUSTOE02.cif,tests/data/csd_families/HUSTOE/HUSTOE04.cif,15,0.19432473741471767,15,0.3232084309143324,
tests/data/csd_families/HUSTOE/HUSTOE03.cif,tests/data/csd_families/HUSTOE/HUSTOE04.cif,15,0.25848626904189587,15,0.6115266845698378,
tests/data/csd_families/HUXXIL/HUXXIL.cif,tests/data/csd_families/HUXXIL/HUXXIL01.cif,15,16.898167423903942,10,0.040341050413212,
tests/data/csd_families/HUXXIL/HUXXIL.cif,tests/data/csd_families/HUXXIL/HUXXIL02.cif,15,20.074122262187302,0,nan,RuntimeError:MotifSearch Timeout
tests/data/csd_families/HUXXIL/HUXXIL.cif,tests/data/csd_families/HUXXIL/HUXXIL03.cif,15,22.32556536514312,0,nan,RuntimeError:MotifSearch Timeout
tests/data/csd_families/HUXXIL/HUXXIL.cif,tests/data/csd_families/HUXXIL/HUXXIL04.cif,15,18.852951883338392,10,0.06158598179574891,
tests/data/csd_families/HUXXIL/HUXXIL01.cif,tests/data/csd_families/HUXXIL/HUXXIL02.cif,15,0.7043752884492278,15,0.337485189335723,
tests/data/csd_families/HUXXIL/HUXXIL01.cif,tests/data/csd_families/HUXXIL/HUXXIL03.cif,15,16.250378510914743,10,0.3382456090514141,
tests/data/csd_families/HUXXIL/HUXXIL01.cif,tests/data/csd_families/HUXXIL/HUXXIL04.cif,15,0.033359549939632416,4,0.01327948478780048,
tests/data/csd_families/HUXXIL/HUXXIL02.cif,tests/data/csd_families/HUXXIL/HUXXIL03.cif,15,2.273306797258556,10,0.040771557416909486,
tests/data/csd_families/HUXXIL/HUXXIL02.cif,tests/data/csd_families/HUXXIL/HUXXIL04.cif,15,20.063983260653913,0,nan,RuntimeError:MotifSearch Timeout
tests/data/csd_families/HUXXIL/HUXXIL03.cif,tests/data/csd_families/HUXXIL/HUXXIL04.cif,15,18.46568527724594,10,0.3576851126401956,
tests/data/csd_families/ICAHIG/ICAHIG.cif,tests/data/csd_families/ICAHIG/ICAHIG01.cif,15,20.800307325087488,0,nan,RuntimeError:MotifSearch Timeout
tests/data/csd_families/ICAHIG/ICAHIG.cif,tests/data/csd_families/ICAHIG/ICAHIG02.cif,15,20.59585310984403,0,nan,RuntimeError:MotifSearch Timeout
tests/data/csd_families/ICAHIG/ICAHIG.cif,tests/data/csd_families/ICAHIG/ICAHIG03.cif,15,4.145843321457505,10,0.06444805943836755,
tests/data/csd_families/ICAHIG/ICAHIG.cif,tests/data/csd_families/ICAHIG/ICAHIG04.cif,15,2.009825541637838,7,1.9289247954960174,
tests/data/csd_families/ICAHIG/ICAHIG01.cif,tests/data/csd_families/ICAHIG/ICAHIG02.cif,15,4.195474794134498,15,0.16162288431184138,
tests/data/csd_families/ICAHIG/ICAHIG01.cif,tests/data/csd_families/ICAHIG/ICAHIG03.cif,15,0.5832006642594934,5,2.497821349816875,
tests/data/csd_families/ICAHIG/ICAHIG01.cif,tests/data/csd_families/ICAHIG/ICAHIG04.cif,15,20.10398624651134,0,nan,RuntimeError:MotifSearch Timeout
tests/data/csd_families/ICAHIG/ICAHIG02.cif,tests/data/csd_families/ICAHIG/ICAHIG03.cif,15,0.4802221395075321,5,2.472692505911624,
tests/data/csd_families/ICAHIG/ICAHIG02.cif,tests/data/csd_families/ICAHIG/ICAHIG04.cif,15,20.089490730315447,0,nan,RuntimeError:MotifSearch Timeout
tests/data/csd_families/ICAHIG/ICAHIG03.cif,tests/data/csd_families/ICAHIG/ICAHIG04.cif,15,1.6955272518098354,7,1.9257240612064244,
tests/data/csd_families/IDODIQ/IDODIQ.cif,tests/data/csd_families/IDODIQ/IDODIQ01.cif,15,0.6242846753448248,15,0.04791694386673872,
tests/data/csd_families/IDODIQ/IDODIQ.cif,tests/data/csd_families/IDODIQ/IDODIQ02.cif,15,0.18462422490119934,15,0.030028631327152455,
tests/data/csd_families/IDODIQ/IDODIQ01.cif,tests/data/csd_families/IDODIQ/IDODIQ02.cif,15,0.1675585936754942,15,0.05658120406906169,
tests/data/csd_families/IFUXEN/IFUXEN.cif,tests/data/csd_families/IFUXEN/IFUXEN01.cif,15,0.018245418556034565,15,0.011188594676502524,
tests/data/csd_families/IFUXEN/IFUXEN.cif,tests/data/csd_families/IFUXEN/IFUXEN02.cif,15,0.018291029147803783,15,0.9875008300847755,
tests/data/csd_families/IFUXEN/IFUXEN.cif,tests/data/csd_families/IFUXEN/IFUXEN03.cif,15,0.026576517149806023,5,3.1790749427543217,
tests/data/csd_families/IFUXEN/IFUXEN01.cif,tests/data/csd_families/IFUXEN/IFUXEN02.cif,15,0.018181287683546543,15,0.9895887723564606,
tests/data/csd_families/IFUXEN/IFUXEN01.cif,tests/data/csd_families/IFUXEN/IFUXEN03.cif,15,0.019774642772972584,5,4.170641637994591,
tests/data/csd_families/IFUXEN/IFUXEN02.cif,tests/data/csd_families/IFUXEN/IFUXEN03.cif,15,0.02068064548075199,5,3.0055467614894242,
tests/data/csd_families/ILOBAN/ILOBAN.cif,tests/data/csd_families/ILOBAN/ILOBAN01.cif,15,0.030835331417620182,15,0.011723957410178133,
tests/data/csd_families/ILOBAN/ILOBAN.cif,tests/data/csd_families/ILOBAN/ILOBAN02.cif,15,0.022208310663700104,15,0.07118432899078303,
tests/data/csd_families/ILOBAN/ILOBAN01.cif,tests/data/csd_families/ILOBAN/ILOBAN02.cif,15,0.02752149198204279,15,0.07523633705545767,
tests/data/csd_families/ILUCAV/ILUCAV.cif,tests/data/csd_families/ILUCAV/ILUCAV01.cif,15,0.03785528987646103,15,0.06232891801321895,
tests/data/csd_families/ILUCAV/ILUCAV.cif,tests/data/csd_families/ILUCAV/ILUCAV02.cif,15,0.037694347091019154,15,0.016974405500179812,
tests/data/csd_families/ILUCAV/ILUCAV01.cif,tests/data/csd_families/ILUCAV/ILUCAV02.cif,15,0.04355992656201124,15,0.07032598885604685,
tests/data/csd_families/ILUTIV/ILUTIV.cif,tests/data/csd_families/ILUTIV/ILUTIV01.cif,15,0.9630377106368542,6,3.498752657021658,
tests/data/csd_families/ILUTIV/ILUTIV.cif,tests/data/csd_families/ILUTIV/ILUTIV02.cif,15,0.9803573461249471,6,3.502047816152735,
tests/data/csd_families/ILUTIV/ILUTIV01.cif,tests/data/csd_families/ILUTIV/ILUTIV02.cif,15,0.07664013281464577,15,0.1068558812788978,
tests/data/csd_families/INICCD/INICCD.cif,tests/data/csd_families/INICCD/INICCD01.cif,15,0.03512452635914087,15,0.038882725664073844,
tests/data/csd_families/INICCD/INICCD.cif,tests/data/csd_families/INICCD/INICCD02.cif,15,0.033358690328896046,15,0.013905242482244843,
tests/data/csd_families/INICCD/INICCD.cif,tests/data/csd_families/INICCD/INICCD03.cif,15,0.034551928751170635,15,0.03367182143560227,
tests/data/csd_families/INICCD/INICCD.cif,tests/data/csd_families/INICCD/INICCD04.cif,15,0.034676551818847656,15,0.05972598439522179,
tests/data/csd_families/INICCD/INICCD01.cif,tests/data/csd_families/INICCD/INICCD02.cif,15,0.0338589483872056,15,0.030402517668347846,
tests/data/csd_families/INICCD/INICCD01.cif,tests/data/csd_families/INICCD/INICCD03.cif,15,0.03525699023157358,15,0.03242036974849823,
tests/data/csd_families/INICCD/INICCD01.cif,tests/data/csd_families/INICCD/INICCD04.cif,15,0.035404582507908344,15,0.02232635943409961,
tests/data/csd_families/INICCD/INICCD02.cif,tests/data/csd_families/INICCD/INICCD03.cif,15,0.033727035857737064,15,0.0231649521361161,
tests/data/csd_families/INICCD/INICCD02.cif,tests/data/csd_families/INICCD/INICCD04.cif,15,0.033786216750741005,15,0.05142026986557276,
tests/data/csd_families/INICCD/INICCD03.cif,tests/data/csd_families/INICCD/INICCD04.cif,15,0.035118186846375465,15,0.04820439867690219,
tests/data/csd_families/IPIXUB/IPIXUB.cif,tests/data/csd_families/IPIXUB/IPIXUB01.cif,15,0.04524226300418377,15,0.03873256801995705,
tests/data/csd_families/IPIXUB/IPIXUB.cif,tests/data/csd_families/IPIXUB/IPIXUB02.cif,15,0.04494735784828663,15,0.07085009578318156,
tests/data/csd_families/IPIXUB/IPIXUB.cif,tests/data/csd_families/IPIXUB/IPIXUB03.cif,15,0.04515378177165985,15,0.15831354397500216,
tests/data/csd_families/IPIXUB/IPIXUB.cif,tests/data/csd_families/IPIXUB/IPIXUB04.cif,15,0.04475094564259052,15,0.29394894302658653,
tests/data/csd_families/IPIXUB/IPIXUB01.cif,tests/data/csd_families/IPIXUB/IPIXUB02.cif,15,0.045043518766760826,15,0.05898950844384424,
tests/data/csd_families/IPIXUB/IPIXUB01.cif,tests/data/csd_families/IPIXUB/IPIXUB03.cif,15,0.045275392942130566,15,0.12907219426783592,
tests/data/csd_families/IPIXUB/IPIXUB01.cif,tests/data/csd_families/IPIXUB/IPIXUB04.cif,15,0.04446863103657961,15,0.26116693787627493,
tests/data/csd_families/IPIXUB/IPIXUB02.cif,tests/data/csd_families/IPIXUB/IPIXUB03.cif,15,0.04480624571442604,15,0.11075445264081682,
tests/data/csd_families/IPIXUB/IPIXUB02.cif,tests/data/csd_families/IPIXUB/IPIXUB04.cif,15,0.0442039268091321,15,0.243260974624688,
tests/data/csd_families/IPIXUB/IPIXUB03.cif,tests/data/csd_families/IPIXUB/IPIXUB04.cif,15,0.04439762979745865,15,0.14254638934092578,
tests/data/csd_families/IPTCNI/IPTCNI.cif,tests/data/csd_families/IPTCNI/IPTCNI10.cif,15,5.17628775164485,15,0.03899331529629883,
tests/data/csd_families/IPTCNI/IPTCNI.cif,tests/data/csd_families/IPTCNI/IPTCNI11.cif,15,4.972372742369771,15,0.7349276731466534,
tests/data/csd_families/IPTCNI/IPTCNI.cif,tests/data/csd_families/IPTCNI/IPTCNI12.cif,15,21.1237981216982,0,nan,RuntimeError:MotifSearch Timeout
tests/data/csd_families/IPTCNI/IPTCNI.cif,tests/data/csd_families/IPTCNI/IPTCNI13.cif,15,1.8440497322008014,15,0.6533353261560434,
tests/data/csd_families/IPTCNI/IPTCNI10.cif,tests/data/csd_families/IPTCNI/IPTCNI11.cif,15,4.2061275551095605,15,0.7340954206289899,
tests/data/csd_families/IPTCNI/IPTCNI10.cif,tests/data/csd_families/IPTCNI/IPTCNI12.cif,15,20.711716677993536,0,nan,RuntimeError:MotifSearch Timeout
tests/data/csd_families/IPTCNI/IPTCNI10.cif,tests/data/csd_families/IPTCNI/IPTCNI13.cif,15,1.1454356787726283,15,0.6533191751094758,
tests/data/csd_families/IPTCNI/IPTCNI11.cif,tests/data/csd_families/IPTCNI/IPTCNI12.cif,15,21.673752122558653,0,nan,RuntimeError:MotifSearch Timeout
tests/data/csd_families/IPTCNI/IPTCNI11.cif,tests/data/csd_families/IPTCNI/IPTCNI13.cif,15,3.5366663513705134,15,0.10583432393885427,
tests/data/csd_families/IPTCNI/IPTCNI12.cif,tests/data/csd_families/IPTCNI/IPTCNI13.cif,15,20.694304219447076,0,nan,RuntimeError:MotifSearch Timeout
tests/data/csd_families/IYEBUJ/IYEBUJ.cif,tests/data/csd_families/IYEBUJ/IYEBUJ01.cif,15,0.061975869350135326,4,3.3001734539957432,
tests/data/csd_families/IYEBUJ/IYEBUJ.cif,tests/data/csd_families/IYEBUJ/IYEBUJ02.cif,15,0.054468244314193726,15,0.10858249969454073,
tests/data/csd_families/IYEBUJ/IYEBUJ.cif,tests/data/csd_families/IYEBUJ/IYEBUJ03.cif,15,0.05429285205900669,15,0.06275956497074317,
tests/data/csd_families/IYEBUJ/IYEBUJ01.cif,tests/data/csd_families/IYEBUJ/IYEBUJ02.cif,15,0.08685075026005507,4,2.8934757739510815,
tests/data/csd_families/IYEBUJ/IYEBUJ01.cif,tests/data/csd_families/IYEBUJ/IYEBUJ03.cif,15,0.06358632352203131,3,1.6687860139817,
tests/data/csd_families/IYEBUJ/IYEBUJ02.cif,tests/data/csd_families/IYEBUJ/IYEBUJ03.cif,15,0.05473385937511921,15,0.16469663897198197,
tests/data/csd_families/IZOJUF/IZOJUF.cif,tests/data/csd_families/IZOJUF/IZOJUF01.cif,15,0.5498909624293447,15,0.03251246227722993,
tests/data/csd_families/IZOJUF/IZOJUF.cif,tests/data/csd_families/IZOJUF/IZOJUF02.cif,15,0.027395138517022133,15,0.11264426289060317,
tests/data/csd_families/IZOJUF/IZOJUF.cif,tests/data/csd_families/IZOJUF/IZOJUF03.cif,15,0.03935833275318146,2,2.2239820152692054,
tests/data/csd_families/IZOJUF/IZOJUF.cif,tests/data/csd_families/IZOJUF/IZOJUF04.cif,15,0.04007743392139673,1,2.1609179694230773,
tests/data/csd_families/IZOJUF/IZOJUF01.cif,tests/data/csd_families/IZOJUF/IZOJUF02.cif,15,0.2955065853893757,15,0.14924581153687347,
tests/data/csd_families/IZOJUF/IZOJUF01.cif,tests/data/csd_families/IZOJUF/IZOJUF03.cif,15,0.042594482190907,2,2.174303248216062,
tests/data/csd_families/IZOJUF/IZOJUF01.cif,tests/data/csd_families/IZOJUF/IZOJUF04.cif,15,0.041732748970389366,1,2.108793781047523,
tests/data/csd_families/IZOJUF/IZOJUF02.cif,tests/data/csd_families/IZOJUF/IZOJUF03.cif,15,0.03904637787491083,2,2.234767883328033,
tests/data/csd_families/IZOJUF/IZOJUF02.cif,tests/data/csd_families/IZOJUF/IZOJUF04.cif,15,0.03862262237817049,1,2.1678064990117525,
tests/data/csd_families/IZOJUF/IZOJUF03.cif,tests/data/csd_families/IZOJUF/IZOJUF04.cif,15,0.07134692370891571,15,0.015816732606449686,
tests/data/csd_families/JAFBUO/JAFBUO01.cif,tests/data/csd_families/JAFBUO/JAFBUO02.cif,15,20.235870896838605,0,nan,RuntimeError:MotifSearch Timeout
tests/data/csd_families/JAFBUO/JAFBUO01.cif,tests/data/csd_families/JAFBUO/JAFBUO03.cif,15,20.279265475459397,0,nan,RuntimeError:MotifSearch Timeout
tests/data/csd_families/JAFBUO/JAFBUO01.cif,tests/data/csd_families/JAFBUO/JAFBUO04.cif,15,20.2986813550815,0,nan,RuntimeError:MotifSearch Timeout
tests/data/csd_families/JAFBUO/JAFBUO01.cif,tests/data/csd_families/JAFBUO/JAFBUO05.cif,15,20.35735373944044,0,nan,RuntimeError:MotifSearch Timeout
tests/data/csd_families/JAFBUO/JAFBUO02.cif,tests/data/csd_families/JAFBUO/JAFBUO03.cif,15,0.14031607285141945,15,0.10207461434963397,
tests/data/csd_families/JAFBUO/JAFBUO02.cif,tests/data/csd_families/JAFBUO/JAFBUO04.cif,15,0.21583631448447704,15,0.23572179674845237,
tests/data/csd_families/JAFBUO/JAFBUO02.cif,tests/data/csd_families/JAFBUO/JAFBUO05.cif,15,0.14558596163988113,15,0.2586580020156538,
tests/data/csd_families/JAFBUO/JAFBUO03.cif,tests/data/csd_families/JAFBUO/JAFBUO04.cif,15,0.13840416446328163,15,0.188117863305789,
tests/data/csd_families/JAFBUO/JAFBUO03.cif,tests/data/csd_families/JAFBUO/JAFBUO05.cif,15,0.11221182625740767,15,0.2076793583207857,
tests/data/csd_families/JAFBUO/JAFBUO04.cif,tests/data/csd_families/JAFBUO/JAFBUO05.cif,15,0.11453764047473669,15,0.06600638560743562,
tests/data/csd_families/JEGMER/JEGMER.cif,tests/data/csd_families/JEGMER/JEGMER01.cif,15,0.052035922184586525,15,0.0028927215703019762,
tests/data/csd_families/JEGMER/JEGMER.cif,tests/data/csd_families/JEGMER/JEGMER02.cif,15,0.05097649712115526,15,0.01066429546675245,
tests/data/csd_families/JEGMER/JEGMER.cif,tests/data/csd_families/JEGMER/JEGMER03.cif,15,0.05205190181732178,15,0.01422512088431314,
tests/data/csd_families/JEGMER/JEGMER.cif,tests/data/csd_families/JEGMER/JEGMER04.cif,15,0.052117032930254936,15,0.015868792101932927,
tests/data/csd_families/JEGMER/JEGMER01.cif,tests/data/csd_families/JEGMER/JEGMER02.cif,15,0.05126497056335211,15,0.010095301490320317,
tests/data/csd_families/JEGMER/JEGMER01.cif,tests/data/csd_families/JEGMER/JEGMER03.cif,15,0.052188815549016,15,0.013209337503979162,
tests/data/csd_families/JEGMER/JEGMER01.cif,tests/data/csd_families/JEGMER/JEGMER04.cif,15,0.05217456445097923,15,0.017108290955993657,
tests/data/csd_families/JEGMER/JEGMER02.cif,tests/data/csd_families/JEGMER/JEGMER03.cif,15,0.05145797412842512,15,0.007446711079524404,
tests/data/csd_families/JEGMER/JEGMER02.cif,tests/data/csd_families/JEGMER/JEGMER04.cif,15,0.0511154979467392,15,0.01692277413141814,
tests/data/csd_families/JEGMER/JEGMER03.cif,tests/data/csd_families/JEGMER/JEGMER04.cif,15,0.05253511015325785,15,0.0203634782583012,
tests/data/csd_families/JEXKUS/JEXKUS.cif,tests/data/csd_families/JEXKUS/JEXKUS03.cif,15,0.029041951522231102,15,0.03901697656610154,
tests/data/csd_families/JEXKUS/JEXKUS.cif,tests/data/csd_families/JEXKUS/JEXKUS06.cif,15,0.028753097169101238,15,0.028522025030337846,
tests/data/csd_families/JEXKUS/JEXKUS03.cif,tests/data/csd_families/JEXKUS/JEXKUS06.cif,15,0.029363635927438736,15,0.06427909510041295,
tests/data/csd_families/JINDIX/JINDIX.cif,tests/data/csd_families/JINDIX/JINDIX01.cif,15,0.04305036831647158,15,0.03497240797946793,
tests/data/csd_families/JINDIX/JINDIX.cif,tests/data/csd_families/JINDIX/JINDIX02.cif,15,0.04237456899136305,15,0.10893418238755662,
tests/data/csd_families/JINDIX/JINDIX01.cif,tests/data/csd_families/JINDIX/JINDIX02.cif,15,0.043505365028977394,15,0.08378820081552414,
tests/data/csd_families/JIRRIL/JIRRIL.cif,tests/data/csd_families/JIRRIL/JIRRIL01.cif,15,26.7892555706203,0,nan,RuntimeError:MotifSearch Timeout
tests/data/csd_families/JIRRIL/JIRRIL.cif,tests/data/csd_families/JIRRIL/JIRRIL02.cif,15,20.44806696008891,0,nan,RuntimeError:MotifSearch Timeout
tests/data/csd_families/JIRRIL/JIRRIL.cif,tests/data/csd_families/JIRRIL/JIRRIL03.cif,15,37.52527026645839,0,nan,RuntimeError:MotifSearch Timeout
tests/data/csd_families/JIRRIL/JIRRIL01.cif,tests/data/csd_families/JIRRIL/JIRRIL02.cif,15,20.330017011612654,0,nan,RuntimeError:MotifSearch Timeout
tests/data/csd_families/JIRRIL/JIRRIL01.cif,tests/data/csd_families/JIRRIL/JIRRIL03.cif,15,34.526177583262324,15,0.060275448847251625,
tests/data/csd_families/JIRRIL/JIRRIL02.cif,tests/data/csd_families/JIRRIL/JIRRIL03.cif,15,20.093416638672352,0,nan,RuntimeError:MotifSearch Timeout
tests/data/csd_families/JIXCUR/JIXCUR01.cif,tests/data/csd_families/JIXCUR/JIXCUR02.cif,15,0.05626177228987217,15,0.07761047623822344,
tests/data/csd_families/JIXCUR/JIXCUR01.cif,tests/data/csd_families/JIXCUR/JIXCUR03.cif,15,0.05677547957748175,15,0.20115199760245614,
tests/data/csd_families/JIXCUR/JIXCUR02.cif,tests/data/csd_families/JIXCUR/JIXCUR03.cif,15,0.05701201222836971,15,0.12453572176135698,
tests/data/csd_families/JOFJEW/JOFJEW.cif,tests/data/csd_families/JOFJEW/JOFJEW02.cif,15,0.10616445913910866,15,0.03344819128720097,
tests/data/csd_families/JOFJEW/JOFJEW.cif,tests/data/csd_families/JOFJEW/JOFJEW03.cif,15,0.09115577582269907,15,0.026618601768310154,
tests/data/csd_families/JOFJEW/JOFJEW.cif,tests/data/csd_families/JOFJEW/JOFJEW04.cif,15,0.10246593318879604,15,0.02123959902485067,
tests/data/csd_families/JOFJEW/JOFJEW.cif,tests/data/csd_families/JOFJEW/JOFJEW05.cif,15,0.11237214133143425,15,0.01534557706722733,
tests/data/csd_families/JOFJEW/JOFJEW02.cif,tests/data/csd_families/JOFJEW/JOFJEW03.cif,15,0.07426488120108843,15,0.007379144060946812,
tests/data/csd_families/JOFJEW/JOFJEW02.cif,tests/data/csd_families/JOFJEW/JOFJEW04.cif,15,0.0931861037388444,15,0.012749446021806797,
tests/data/csd_families/JOFJEW/JOFJEW02.cif,tests/data/csd_families/JOFJEW/JOFJEW05.cif,15,0.11154897045344114,15,0.0189315162286587,
tests/data/csd_families/JOFJEW/JOFJEW03.cif,tests/data/csd_families/JOFJEW/JOFJEW04.cif,15,0.09147680830210447,15,0.006455378499893299,
tests/data/csd_families/JOFJEW/JOFJEW03.cif,tests/data/csd_families/JOFJEW/JOFJEW05.cif,15,0.09398416709154844,15,0.012351678904712723,
tests/data/csd_families/JOFJEW/JOFJEW04.cif,tests/data/csd_families/JOFJEW/JOFJEW05.cif,15,0.09293176140636206,15,0.006525674210604283,
tests/data/csd_families/KABNAG/KABNAG.cif,tests/data/csd_families/KABNAG/KABNAG01.cif,15,0.02127306815236807,15,0.061083282965330984,
tests/data/csd_families/KABNAG/KABNAG.cif,tests/data/csd_families/KABNAG/KABNAG02.cif,15,19.135370437055826,15,0.4900037229061722,
tests/data/csd_families/KABNAG/KABNAG01.cif,tests/data/csd_families/KABNAG/KABNAG02.cif,15,4.256940224207938,15,0.45130591834451067,
tests/data/csd_families/KANZEE/KANZEE.cif,tests/data/csd_families/KANZEE/KANZEE01.cif,15,5.532850126735866,15,0.10691394079110582,
tests/data/csd_families/KANZEE/KANZEE.cif,tests/data/csd_families/KANZEE/KANZEE02.cif,15,6.765988078899682,15,0.055954777896857884,
tests/data/csd_families/KANZEE/KANZEE.cif,tests/data/csd_families/KANZEE/KANZEE03.cif,15,4.526700692251325,15,0.1814876698557642,
tests/data/csd_families/KANZEE/KANZEE.cif,tests/data/csd_families/KANZEE/KANZEE04.cif,15,20.096766067668796,0,nan,RuntimeError:MotifSearch Timeout
tests/data/csd_families/KANZEE/KANZEE01.cif,tests/data/csd_families/KANZEE/KANZEE02.cif,15,0.19599132053554058,15,0.05310358036875085,
tests/data/csd_families/KANZEE/KANZEE01.cif,tests/data/csd_families/KANZEE/KANZEE03.cif,15,2.03447175770998,15,0.15492578382270922,
tests/data/csd_families/KANZEE/KANZEE01.cif,tests/data/csd_families/KANZEE/KANZEE04.cif,15,2.5664629442617297,15,0.1938462870779158,
tests/data/csd_families/KANZEE/KANZEE02.cif,tests/data/csd_families/KANZEE/KANZEE03.cif,15,3.0465812841430306,15,0.15186767517649322,
tests/data/csd_families/KANZEE/KANZEE02.cif,tests/data/csd_families/KANZEE/KANZEE04.cif,15,3.149647817015648,15,0.1908746582282927,
tests/data/csd_families/KANZEE/KANZEE03.cif,tests/data/csd_families/KANZEE/KANZEE04.cif,15,0.02682426292449236,15,0.09686881197544447,
tests/data/csd_families/KAVJUP/KAVJUP.cif,tests/data/csd_families/KAVJUP/KAVJUP01.cif,15,1.3283121399581432,15,0.0868663528043803,
tests/data/csd_families/KAVJUP/KAVJUP.cif,tests/data/csd_families/KAVJUP/KAVJUP02.cif,15,0.6510138735175133,15,0.09520098712244042,
tests/data/csd_families/KAVJUP/KAVJUP.cif,tests/data/csd_families/KAVJUP/KAVJUP03.cif,15,0.6500677689909935,15,0.11198075950207147,
tests/data/csd_families/KAVJUP/KAVJUP.cif,tests/data/csd_families/KAVJUP/KAVJUP04.cif,15,0.6498266356065869,15,0.08091574396320386,
tests/data/csd_families/KAVJUP/KAVJUP01.cif,tests/data/csd_families/KAVJUP/KAVJUP02.cif,15,0.6518717464059591,15,0.05880984716057233,
tests/data/csd_families/KAVJUP/KAVJUP01.cif,tests/data/csd_families/KAVJUP/KAVJUP03.cif,15,0.6495490623638034,15,0.08275704751932013,
tests/data/csd_families/KAVJUP/KAVJUP01.cif,tests/data/csd_families/KAVJUP/KAVJUP04.cif,15,0.6526895901188254,15,0.04721156015858996,
tests/data/csd_families/KAVJUP/KAVJUP02.cif,tests/data/csd_families/KAVJUP/KAVJUP03.cif,15,1.268669879063964,15,0.04915299202360164,
tests/data/csd_families/KAVJUP/KAVJUP02.cif,tests/data/csd_families/KAVJUP/KAVJUP04.cif,15,1.2704163044691086,15,0.04048680628289292,
tests/data/csd_families/KAVJUP/KAVJUP03.cif,tests/data/csd_families/KAVJUP/KAVJUP04.cif,15,1.2689528837800026,15,0.0631396487152981,
tests/data/csd_families/KESQUW/KESQUW.cif,tests/data/csd_families/KESQUW/KESQUW01.cif,15,0.02852676808834076,15,0.19580435249389364,
tests/data/csd_families/KESQUW/KESQUW.cif,tests/data/csd_families/KESQUW/KESQUW02.cif,15,0.028245173394680023,15,0.19276887109359883,
tests/data/csd_families/KESQUW/KESQUW.cif,tests/data/csd_families/KESQUW/KESQUW03.cif,15,0.028111501596868038,15,0.11851375741659209,
tests/data/csd_families/KESQUW/KESQUW01.cif,tests/data/csd_families/KESQUW/KESQUW02.cif,15,0.027865798212587833,15,0.012382004019357145,
tests/data/csd_families/KESQUW/KESQUW01.cif,tests/data/csd_families/KESQUW/KESQUW03.cif,15,0.027851898223161697,15,0.117526121350124,
tests/data/csd_families/KESQUW/KESQUW02.cif,tests/data/csd_families/KESQUW/KESQUW03.cif,15,0.027763287536799908,15,0.10985054595213538,
tests/data/csd_families/KHMALA/KHMALA.cif,tests/data/csd_families/KHMALA/KHMALA01.cif,15,0.017691394314169884,12,1.741861189847285e-16,
tests/data/csd_families/KHMALA/KHMALA.cif,tests/data/csd_families/KHMALA/KHMALA12.cif,15,0.027821197174489498,5,1.7851372078074592,
tests/data/csd_families/KHMALA/KHMALA01.cif,tests/data/csd_families/KHMALA/KHMALA12.cif,15,0.8123506288975477,13,0.04894085210837068,
tests/data/csd_families/KIXKAD/KIXKAD.cif,tests/data/csd_families/KIXKAD/KIXKAD01.cif,15,0.03322882950305939,15,0.06846201425737852,
tests/data/csd_families/KIXKAD/KIXKAD.cif,tests/data/csd_families/KIXKAD/KIXKAD02.cif,15,0.03840557672083378,15,0.06315554562368637,
tests/data/csd_families/KIXKAD/KIXKAD.cif,tests/data/csd_families/KIXKAD/KIXKAD03.cif,15,0.03879515267908573,15,0.0055475014042988225,
tests/data/csd_families/KIXKAD/KIXKAD01.cif,tests/data/csd_families/KIXKAD/KIXKAD02.cif,15,0.032862563617527485,15,0.011611841779404834,
tests/data/csd_families/KIXKAD/KIXKAD01.cif,tests/data/csd_families/KIXKAD/KIXKAD03.cif,15,0.0342402346432209,15,0.06925289508506782,
tests/data/csd_families/KIXKAD/KIXKAD02.cif,tests/data/csd_families/KIXKAD/KIXKAD03.cif,15,0.03958630468696356,15,0.06369218683976466,
tests/data/csd_families/KIYSEQ/KIYSEQ.cif,tests/data/csd_families/KIYSEQ/KIYSEQ01.cif,15,0.0939729018136859,15,0.2086256910826404,
tests/data/csd_families/KIYSEQ/KIYSEQ.cif,tests/data/csd_families/KIYSEQ/KIYSEQ02.cif,15,0.08435546606779099,15,0.18320430587387687,
tests/data/csd_families/KIYSEQ/KIYSEQ.cif,tests/data/csd_families/KIYSEQ/KIYSEQ03.cif,15,0.09434886742383242,15,0.014835816264527218,
tests/data/csd_families/KIYSEQ/KIYSEQ01.cif,tests/data/csd_families/KIYSEQ/KIYSEQ02.cif,15,0.08714103884994984,15,0.02727474623497245,
tests/data/csd_families/KIYSEQ/KIYSEQ01.cif,tests/data/csd_families/KIYSEQ/KIYSEQ03.cif,15,0.10734807141125202,15,0.20012116057418233,
tests/data/csd_families/KIYSEQ/KIYSEQ02.cif,tests/data/csd_families/KIYSEQ/KIYSEQ03.cif,15,0.08793359994888306,15,0.1747555561658688,
tests/data/csd_families/KIZXAW/KIZXAW.cif,tests/data/csd_families/KIZXAW/KIZXAW01.cif,15,0.041750647127628326,15,0.04363836353205913,
tests/data/csd_families/KIZXAW/KIZXAW.cif,tests/data/csd_families/KIZXAW/KIZXAW03.cif,15,0.04198733065277338,15,0.039487313696802785,
tests/data/csd_families/KIZXAW/KIZXAW01.cif,tests/data/csd_families/KIZXAW/KIZXAW03.cif,15,0.04202185105532408,15,0.012766191883946502,
tests/data/csd_families/KORSAL/KORSAL.cif,tests/data/csd_families/KORSAL/KORSAL01.cif,15,0.034860883839428425,15,0.013379008268015025,
tests/data/csd_families/KORSAL/KORSAL.cif,tests/data/csd_families/KORSAL/KORSAL02.cif,15,0.053302510641515255,15,0.04441686714070715,
tests/data/csd_families/KORSAL/KORSAL01.cif,tests/data/csd_families/KORSAL/KORSAL02.cif,15,0.05513986758887768,15,0.040182022806186705,
tests/data/csd_families/KTPHEB/KTPHEB.cif,tests/data/csd_families/KTPHEB/KTPHEB01.cif,15,0.9275317788124084,15,0.07067606885786318,
tests/data/csd_families/KTPHEB/KTPHEB.cif,tests/data/csd_families/KTPHEB/KTPHEB02.cif,15,0.20213410444557667,15,0.06945915148043928,
tests/data/csd_families/KTPHEB/KTPHEB.cif,tests/data/csd_families/KTPHEB/KTPHEB03.cif,15,0.7877623811364174,15,0.04386536234080241,
tests/data/csd_families/KTPHEB/KTPHEB01.cif,tests/data/csd_families/KTPHEB/KTPHEB02.cif,15,0.3699096953496337,15,0.1221020465416583,
tests/data/csd_families/KTPHEB/KTPHEB01.cif,tests/data/csd_families/KTPHEB/KTPHEB03.cif,15,0.5737333167344332,15,0.0977034561106904,
tests/data/csd_families/KTPHEB/KTPHEB02.cif,tests/data/csd_families/KTPHEB/KTPHEB03.cif,15,0.33671708684414625,15,0.027556200746901044,
tests/data/csd_families/KUZYAI/KUZYAI.cif,tests/data/csd_families/KUZYAI/KUZYAI01.cif,15,0.019286129623651505,15,0.0066164071034708425,
tests/data/csd_families/KUZYAI/KUZYAI.cif,tests/data/csd_families/KUZYAI/KUZYAI02.cif,15,0.021075677126646042,15,0.14588410667672116,
tests/data/csd_families/KUZYAI/KUZYAI01.cif,tests/data/csd_families/KUZYAI/KUZYAI02.cif,15,0.02085920423269272,15,0.15266610235526207,
tests/data/csd_families/LABSEM/LABSEM.cif,tests/data/csd_families/LABSEM/LABSEM01.cif,15,0.035938859917223454,15,0.004188053763244619,
tests/data/csd_families/LABSEM/LABSEM.cif,tests/data/csd_families/LABSEM/LABSEM02.cif,15,0.03985518962144852,15,0.021225294513135793,
tests/data/csd_families/LABSEM/LABSEM.cif,tests/data/csd_families/LABSEM/LABSEM03.cif,15,0.24067768547683954,7,1.6736258546185387,
tests/data/csd_families/LABSEM/LABSEM.cif,tests/data/csd_families/LABSEM/LABSEM04.cif,15,0.26367727015167475,7,1.6842162763085968,
tests/data/csd_families/LABSEM/LABSEM01.cif,tests/data/csd_families/LABSEM/LABSEM02.cif,15,0.029117098078131676,15,0.02013311611547378,
tests/data/csd_families/LABSEM/LABSEM01.cif,tests/data/csd_families/LABSEM/LABSEM03.cif,15,0.44845246616750956,7,1.397081310695475,
tests/data/csd_families/LABSEM/LABSEM01.cif,tests/data/csd_families/LABSEM/LABSEM04.cif,15,0.5066972617059946,7,1.3934666544579066,
tests/data/csd_families/LABSEM/LABSEM02.cif,tests/data/csd_families/LABSEM/LABSEM03.cif,15,0.2667413158342242,7,1.6674689545136243,
tests/data/csd_families/LABSEM/LABSEM02.cif,tests/data/csd_families/LABSEM/LABSEM04.cif,15,0.28380689304322004,7,1.6776979380663348,
tests/data/csd_families/LABSEM/LABSEM03.cif,tests/data/csd_families/LABSEM/LABSEM04.cif,15,6.248253991827369,11,0.06061801125436526,
tests/data/csd_families/LAGHOQ/LAGHOQ.cif,tests/data/csd_families/LAGHOQ/LAGHOQ01.cif,15,0.02350753452628851,15,0.0324056792171205,
tests/data/csd_families/LAGHOQ/LAGHOQ.cif,tests/data/csd_families/LAGHOQ/LAGHOQ02.cif,15,0.02310835663229227,15,0.016871250481906942,
tests/data/csd_families/LAGHOQ/LAGHOQ.cif,tests/data/csd_families/LAGHOQ/LAGHOQ03.cif,15,0.023107128217816353,15,0.0234802573013681,
tests/data/csd_families/LAGHOQ/LAGHOQ01.cif,tests/data/csd_families/LAGHOQ/LAGHOQ02.cif,15,0.023162508383393288,15,0.0479238711895494,
tests/data/csd_families/LAGHOQ/LAGHOQ01.cif,tests/data/csd_families/LAGHOQ/LAGHOQ03.cif,15,0.023203888908028603,15,0.053099273250644986,
tests/data/csd_families/LAGHOQ/LAGHOQ02.cif,tests/data/csd_families/LAGHOQ/LAGHOQ03.cif,15,0.02331977989524603,15,0.00885911032124295,
tests/data/csd_families/LALNIN/LALNIN.cif,tests/data/csd_families/LALNIN/LALNIN01.cif,15,0.028350585140287876,15,0.006848625389112446,
tests/data/csd_families/LALNIN/LALNIN.cif,tests/data/csd_families/LALNIN/LALNIN03.cif,15,0.02822310570627451,15,0.07843826350594453,
tests/data/csd_families/LALNIN/LALNIN.cif,tests/data/csd_families/LALNIN/LALNIN12.cif,15,0.028274565003812313,15,0.007555389124203534,
tests/data/csd_families/LALNIN/LALNIN.cif,tests/data/csd_families/LALNIN/LALNIN14.cif,15,0.04813421331346035,15,0.01591731942830099,
tests/data/csd_families/LALNIN/LALNIN01.cif,tests/data/csd_families/LALNIN/LALNIN03.cif,15,0.027956729754805565,15,0.07489282995214712,
tests/data/csd_families/LALNIN/LALNIN01.cif,tests/data/csd_families/LALNIN/LALNIN12.cif,15,0.027995150536298752,15,0.008317423847483525,
tests/data/csd_families/LALNIN/LALNIN01.cif,tests/data/csd_families/LALNIN/LALNIN14.cif,15,0.047726175747811794,15,0.01550884311882991,
tests/data/csd_families/LALNIN/LALNIN03.cif,tests/data/csd_families/LALNIN/LALNIN12.cif,15,0.028454026207327843,15,0.07402924352518686,
tests/data/csd_families/LALNIN/LALNIN03.cif,tests/data/csd_families/LALNIN/LALNIN14.cif,15,0.04615192301571369,15,0.057756427241219016,
tests/data/csd_families/LALNIN/LALNIN12.cif,tests/data/csd_families/LALNIN/LALNIN14.cif,15,0.048411207273602486,15,0.012996521401319785,
tests/data/csd_families/LAZHID/LAZHID.cif,tests/data/csd_families/LAZHID/LAZHID01.cif,15,20.13091290835291,0,nan,RuntimeError:MotifSearch Timeout
tests/data/csd_families/LAZHID/LAZHID.cif,tests/data/csd_families/LAZHID/LAZHID02.cif,15,0.03871564194560051,15,0.20861729203103024,
tests/data/csd_families/LAZHID/LAZHID.cif,tests/data/csd_families/LAZHID/LAZHID03.cif,15,0.04906896781176329,15,0.19152893473084845,
tests/data/csd_families/LAZHID/LAZHID01.cif,tests/data/csd_families/LAZHID/LAZHID02.cif,15,20.068953059613705,0,nan,RuntimeError:MotifSearch Timeout
tests/data/csd_families/LAZHID/LAZHID01.cif,tests/data/csd_families/LAZHID/LAZHID03.cif,15,20.216624314896762,0,nan,RuntimeError:MotifSearch Timeout
tests/data/csd_families/LAZHID/LAZHID02.cif,tests/data/csd_families/LAZHID/LAZHID03.cif,15,0.03877061419188976,15,0.046640018455955654,
tests/data/csd_families/LSERIN/LSERIN01.cif,tests/data/csd_families/LSERIN/LSERIN10.cif,15,0.030030632391572,15,0.017752502492539773,
tests/data/csd_families/LSERIN/LSERIN01.cif,tests/data/csd_families/LSERIN/LSERIN11.cif,15,0.02988043986260891,15,0.07907994853923471,
tests/data/csd_families/LSERIN/LSERIN01.cif,tests/data/csd_families/LSERIN/LSERIN12.cif,15,0.029804819263517857,15,0.17091144036842493,
tests/data/csd_families/LSERIN/LSERIN01.cif,tests/data/csd_families/LSERIN/LSERIN13.cif,15,0.029816639609634876,15,0.25164292423539425,
tests/data/csd_families/LSERIN/LSERIN10.cif,tests/data/csd_families/LSERIN/LSERIN11.cif,15,0.030081323347985744,15,0.06926740555793073,
tests/data/csd_families/LSERIN/LSERIN10.cif,tests/data/csd_families/LSERIN/LSERIN12.cif,15,0.03018204402178526,15,0.15932346619635182,
tests/data/csd_families/LSERIN/LSERIN10.cif,tests/data/csd_families/LSERIN/LSERIN13.cif,15,0.03006560169160366,15,0.24034317285298434,
tests/data/csd_families/LSERIN/LSERIN11.cif,tests/data/csd_families/LSERIN/LSERIN12.cif,15,0.030200453475117683,15,0.09510777242741877,
tests/data/csd_families/LSERIN/LSERIN11.cif,tests/data/csd_families/LSERIN/LSERIN13.cif,15,0.03024834580719471,15,0.17515860794824978,
tests/data/csd_families/LSERIN/LSERIN12.cif,tests/data/csd_families/LSERIN/LSERIN13.cif,15,0.030130162835121155,15,0.0824063691408518,
tests/data/csd_families/LTYROS/LTYROS10.cif,tests/data/csd_families/LTYROS/LTYROS11.cif,15,0.0396457863971591,15,0.005046073278651494,
tests/data/csd_families/LTYROS/LTYROS10.cif,tests/data/csd_families/LTYROS/LTYROS12.cif,15,0.03995925188064575,15,0.18126038694589416,
tests/data/csd_families/LTYROS/LTYROS10.cif,tests/data/csd_families/LTYROS/LTYROS13.cif,15,0.03973668813705444,15,0.0108525176046137,
tests/data/csd_families/LTYROS/LTYROS10.cif,tests/data/csd_families/LTYROS/LTYROS14.cif,15,0.07246837113052607,9,0.7897079476182157,
tests/data/csd_families/LTYROS/LTYROS11.cif,tests/data/csd_families/LTYROS/LTYROS12.cif,15,0.03988157957792282,15,0.1802583190027426,
tests/data/csd_families/LTYROS/LTYROS11.cif,tests/data/csd_families/LTYROS/LTYROS13.cif,15,0.03977659810334444,15,0.011610372632152565,
tests/data/csd_families/LTYROS/LTYROS11.cif,tests/data/csd_families/LTYROS/LTYROS14.cif,15,0.07500489987432957,9,0.7888368951768422,
tests/data/csd_families/LTYROS/LTYROS12.cif,tests/data/csd_families/LTYROS/LTYROS13.cif,15,0.040183184668421745,15,0.18489029657524708,
tests/data/csd_families/LTYROS/LTYROS12.cif,tests/data/csd_families/LTYROS/LTYROS14.cif,15,0.07456625252962112,9,0.7755502611562171,
tests/data/csd_families/LTYROS/LTYROS13.cif,tests/data/csd_families/LTYROS/LTYROS14.cif,15,0.05906878970563412,10,1.3861283052720537,
tests/data/csd_families/MAJHIO/MAJHIO.cif,tests/data/csd_families/MAJHIO/MAJHIO01.cif,15,0.08484913781285286,15,0.0,
tests/data/csd_families/MAJHIO/MAJHIO.cif,tests/data/csd_families/MAJHIO/MAJHIO02.cif,15,0.08198940474539995,15,0.026007798887920472,
tests/data/csd_families/MAJHIO/MAJHIO01.cif,tests/data/csd_families/MAJHIO/MAJHIO02.cif,15,0.08208222594112158,15,0.026007798887920472,
tests/data/csd_families/MATRNO/MATRNO.cif,tests/data/csd_families/MATRNO/MATRNO01.cif,15,0.07654008269309998,7,2.2436629632610665,
tests/data/csd_families/MATRNO/MATRNO.cif,tests/data/csd_families/MATRNO/MATRNO02.cif,15,0.08404845651239157,15,0.025788534293327926,
tests/data/csd_families/MATRNO/MATRNO.cif,tests/data/csd_families/MATRNO/MATRNO03.cif,15,0.07485224585980177,6,1.4370504618318862,
tests/data/csd_families/MATRNO/MATRNO01.cif,tests/data/csd_families/MATRNO/MATRNO02.cif,15,0.0642542876303196,7,2.247465123174723,
tests/data/csd_families/MATRNO/MATRNO01.cif,tests/data/csd_families/MATRNO/MATRNO03.cif,15,0.04982516076415777,15,0.0527741657313249,
tests/data/csd_families/MATRNO/MATRNO02.cif,tests/data/csd_families/MATRNO/MATRNO03.cif,15,0.06244183983653784,7,2.2484516586288144,
tests/data/csd_families/MEBXID/MEBXID.cif,tests/data/csd_families/MEBXID/MEBXID01.cif,15,0.029125459492206573,15,0.04591549130091468,
tests/data/csd_families/MEBXID/MEBXID.cif,tests/data/csd_families/MEBXID/MEBXID02.cif,15,0.03664049133658409,15,0.09119064994879285,
tests/data/csd_families/MEBXID/MEBXID.cif,tests/data/csd_families/MEBXID/MEBXID03.cif,15,0.02524779923260212,15,0.021453341964458972,
tests/data/csd_families/MEBXID/MEBXID.cif,tests/data/csd_families/MEBXID/MEBXID04.cif,15,0.028902175836265087,15,0.06680613439495765,
tests/data/csd_families/MEBXID/MEBXID01.cif,tests/data/csd_families/MEBXID/MEBXID02.cif,15,0.039017846807837486,15,0.04771970551332369,
tests/data/csd_families/MEBXID/MEBXID01.cif,tests/data/csd_families/MEBXID/MEBXID03.cif,15,0.03160449489951134,15,0.026193338405970126,
tests/data/csd_families/MEBXID/MEBXID01.cif,tests/data/csd_families/MEBXID/MEBXID04.cif,15,0.035745639353990555,15,0.023963493263661494,
tests/data/csd_families/MEBXID/MEBXID02.cif,tests/data/csd_families/MEBXID/MEBXID03.cif,15,0.03628242760896683,15,0.07121519104562159,
tests/data/csd_families/MEBXID/MEBXID02.cif,tests/data/csd_families/MEBXID/MEBXID04.cif,15,0.04522585961967707,15,0.026096412540910153,
tests/data/csd_families/MEBXID/MEBXID03.cif,tests/data/csd_families/MEBXID/MEBXID04.cif,15,0.029226090759038925,15,0.04688243632535619,
tests/data/csd_families/METHYM/METHYM.cif,tests/data/csd_families/METHYM/METHYM01.cif,15,0.013564763590693474,15,0.011035321614551034,
tests/data/csd_families/METHYM/METHYM.cif,tests/data/csd_families/METHYM/METHYM03.cif,15,0.013423682190477848,15,0.12346913266384184,
tests/data/csd_families/METHYM/METHYM.cif,tests/data/csd_families/METHYM/METHYM04.cif,15,0.01339736208319664,15,0.13091996834180644,
tests/data/csd_families/METHYM/METHYM01.cif,tests/data/csd_families/METHYM/METHYM03.cif,15,0.013626054860651493,15,0.11831739271382201,
tests/data/csd_families/METHYM/METHYM01.cif,tests/data/csd_families/METHYM/METHYM04.cif,15,0.013561843894422054,15,0.1255914419306895,
tests/data/csd_families/METHYM/METHYM03.cif,tests/data/csd_families/METHYM/METHYM04.cif,15,0.013667224906384945,15,0.019542746609384272,
tests/data/csd_families/MEUREA/MEUREA.cif,tests/data/csd_families/MEUREA/MEUREA01.cif,15,0.02507320698350668,15,0.18613933503260136,
tests/data/csd_families/MEUREA/MEUREA.cif,tests/data/csd_families/MEUREA/MEUREA02.cif,15,0.1751895984634757,7,1.5445347857637828,
tests/data/csd_families/MEUREA/MEUREA.cif,tests/data/csd_families/MEUREA/MEUREA03.cif,15,0.18525137845426798,8,2.6592312809819076,
tests/data/csd_families/MEUREA/MEUREA01.cif,tests/data/csd_families/MEUREA/MEUREA02.cif,15,0.1404865151271224,7,1.5484599355463289,
tests/data/csd_families/MEUREA/MEUREA01.cif,tests/data/csd_families/MEUREA/MEUREA03.cif,15,0.13934179954230785,8,2.6009961734668003,
tests/data/csd_families/MEUREA/MEUREA02.cif,tests/data/csd_families/MEUREA/MEUREA03.cif,15,0.011003394611179829,15,0.7461513215177566,
tests/data/csd_families/MEXCIF/MEXCIF.cif,tests/data/csd_families/MEXCIF/MEXCIF01.cif,15,0.27230050042271614,15,0.01828089660302974,
tests/data/csd_families/MEXCIF/MEXCIF.cif,tests/data/csd_families/MEXCIF/MEXCIF02.cif,15,0.24604562390595675,15,0.05682594274585401,
tests/data/csd_families/MEXCIF/MEXCIF01.cif,tests/data/csd_families/MEXCIF/MEXCIF02.cif,15,0.3263949742540717,15,0.0455681614995324,
tests/data/csd_families/MOBYEJ/MOBYEJ.cif,tests/data/csd_families/MOBYEJ/MOBYEJ01.cif,15,0.026134394109249115,15,0.1704731698374602,
tests/data/csd_families/MOBYEJ/MOBYEJ.cif,tests/data/csd_families/MOBYEJ/MOBYEJ03.cif,15,0.040387378074228764,15,0.15447375368531754,
tests/data/csd_families/MOBYEJ/MOBYEJ.cif,tests/data/csd_families/MOBYEJ/MOBYEJ04.cif,15,0.03956997487694025,15,0.1294471258194677,
tests/data/csd_families/MOBYEJ/MOBYEJ.cif,tests/data/csd_families/MOBYEJ/MOBYEJ05.cif,15,0.023197779431939125,15,0.08704246001488675,
tests/data/csd_families/MOBYEJ/MOBYEJ01.cif,tests/data/csd_families/MOBYEJ/MOBYEJ03.cif,15,0.11296515073627234,15,0.017981313150324786,
tests/data/csd_families/MOBYEJ/MOBYEJ01.cif,tests/data/csd_families/MOBYEJ/MOBYEJ04.cif,15,0.0630964394658804,15,0.04340651411529465,
tests/data/csd_families/MOBYEJ/MOBYEJ01.cif,tests/data/csd_families/MOBYEJ/MOBYEJ05.cif,15,0.026336736977100372,15,0.08785820034342455,
tests/data/csd_families/MOBYEJ/MOBYEJ03.cif,tests/data/csd_families/MOBYEJ/MOBYEJ04.cif,15,0.09130686521530151,15,0.02639438029962895,
tests/data/csd_families/MOBYEJ/MOBYEJ03.cif,tests/data/csd_families/MOBYEJ/MOBYEJ05.cif,15,0.026187065057456493,15,0.07097345489891269,
tests/data/csd_families/MOBYEJ/MOBYEJ04.cif,tests/data/csd_families/MOBYEJ/MOBYEJ05.cif,15,0.07819806691259146,15,0.044944929493761054,
tests/data/csd_families/MPECXP/MPECXP.cif,tests/data/csd_families/MPECXP/MPECXP01.cif,15,0.02624385431408882,15,0.03008510765360335,
tests/data/csd_families/MPECXP/MPECXP.cif,tests/data/csd_families/MPECXP/MPECXP02.cif,15,0.02449692878872156,15,0.02072125402673275,
tests/data/csd_families/MPECXP/MPECXP.cif,tests/data/csd_families/MPECXP/MPECXP04.cif,15,0.02613210305571556,15,0.025247403481883063,
tests/data/csd_families/MPECXP/MPECXP.cif,tests/data/csd_families/MPECXP/MPECXP05.cif,15,0.026253475807607174,15,0.018443242066014463,
tests/data/csd_families/MPECXP/MPECXP01.cif,tests/data/csd_families/MPECXP/MPECXP02.cif,15,0.026796333491802216,15,0.01819667597819605,
tests/data/csd_families/MPECXP/MPECXP01.cif,tests/data/csd_families/MPECXP/MPECXP04.cif,15,0.028253925032913685,15,0.018054053990439738,
tests/data/csd_families/MPECXP/MPECXP01.cif,tests/data/csd_families/MPECXP/MPECXP05.cif,15,0.02835128642618656,15,0.026368748631007615,
tests/data/csd_families/MPECXP/MPECXP02.cif,tests/data/csd_families/MPECXP/MPECXP04.cif,15,0.026473279111087322,15,0.00949684135075961,
tests/data/csd_families/MPECXP/MPECXP02.cif,tests/data/csd_families/MPECXP/MPECXP05.cif,15,0.026486609131097794,15,0.012824528150533303,
tests/data/csd_families/MPECXP/MPECXP04.cif,tests/data/csd_families/MPECXP/MPECXP05.cif,15,0.028364786878228188,15,0.017669975279137003,
tests/data/csd_families/NALGUC/NALGUC.cif,tests/data/csd_families/NALGUC/NALGUC01.cif,15,0.015518003143370152,15,0.11290023134829062,
tests/data/csd_families/NALGUC/NALGUC.cif,tests/data/csd_families/NALGUC/NALGUC02.cif,15,0.018308565020561218,15,0.2001887711176265,
tests/data/csd_families/NALGUC/NALGUC.cif,tests/data/csd_families/NALGUC/NALGUC03.cif,15,0.04215122386813164,13,0.3678207795113797,
tests/data/csd_families/NALGUC/NALGUC.cif,tests/data/csd_families/NALGUC/NALGUC04.cif,15,0.04228135570883751,13,0.47231848156079115,
tests/data/csd_families/NALGUC/NALGUC01.cif,tests/data/csd_families/NALGUC/NALGUC02.cif,15,0.01488509401679039,15,0.10744543500783048,
tests/data/csd_families/NALGUC/NALGUC01.cif,tests/data/csd_families/NALGUC/NALGUC03.cif,15,0.03332642186433077,12,0.2735020110211009,
tests/data/csd_families/NALGUC/NALGUC01.cif,tests/data/csd_families/NALGUC/NALGUC04.cif,15,0.02345942333340645,12,0.3792314647938984,
tests/data/csd_families/NALGUC/NALGUC02.cif,tests/data/csd_families/NALGUC/NALGUC03.cif,15,0.04009262379258871,13,0.18240062425885026,
tests/data/csd_families/NALGUC/NALGUC02.cif,tests/data/csd_families/NALGUC/NALGUC04.cif,15,0.022866052575409412,13,0.2924701002374732,
tests/data/csd_families/NALGUC/NALGUC03.cif,tests/data/csd_families/NALGUC/NALGUC04.cif,15,0.015318639576435089,15,0.16075743305485768,
tests/data/csd_families/NAYQEK/NAYQEK.cif,tests/data/csd_families/NAYQEK/NAYQEK01.cif,15,0.06095088832080364,15,0.020837674409678087,
tests/data/csd_families/NAYQEK/NAYQEK.cif,tests/data/csd_families/NAYQEK/NAYQEK02.cif,15,0.06640301924198866,15,0.0621816687239464,
tests/data/csd_families/NAYQEK/NAYQEK01.cif,tests/data/csd_families/NAYQEK/NAYQEK02.cif,15,0.08780882228165865,15,0.07340759820917249,
tests/data/csd_families/NCKLCN/NCKLCN.cif,tests/data/csd_families/NCKLCN/NCKLCN01.cif,15,20.048633649013937,0,nan,RuntimeError:MotifSearch Timeout
tests/data/csd_families/NCKLCN/NCKLCN.cif,tests/data/csd_families/NCKLCN/NCKLCN03.cif,15,37.14338516909629,0,nan,RuntimeError:MotifSearch Timeout
tests/data/csd_families/NCKLCN/NCKLCN.cif,tests/data/csd_families/NCKLCN/NCKLCN04.cif,15,0.0205288203433156,0,nan,
tests/data/csd_families/NCKLCN/NCKLCN.cif,tests/data/csd_families/NCKLCN/NCKLCN05.cif,15,29.641639282926917,0,nan,RuntimeError:MotifSearch Timeout
tests/data/csd_families/NCKLCN/NCKLCN01.cif,tests/data/csd_families/NCKLCN/NCKLCN03.cif,15,34.14813667349517,0,nan,RuntimeError:MotifSearch Timeout
tests/data/csd_families/NCKLCN/NCKLCN01.cif,tests/data/csd_families/NCKLCN/NCKLCN04.cif,15,0.02124160062521696,0,nan,
tests/data/csd_families/NCKLCN/NCKLCN01.cif,tests/data/csd_families/NCKLCN/NCKLCN05.cif,15,25.213071273639798,0,nan,RuntimeError:MotifSearch Timeout
tests/data/csd_families/NCKLCN/NCKLCN03.cif,tests/data/csd_families/NCKLCN/NCKLCN04.cif,15,0.027200390584766865,0,nan,
tests/data/csd_families/NCKLCN/NCKLCN03.cif,tests/data/csd_families/NCKLCN/NCKLCN05.cif,15,0.02628713846206665,0,nan,
tests/data/csd_families/NCKLCN/NCKLCN04.cif,tests/data/csd_families/NCKLCN/NCKLCN05.cif,15,0.02724265120923519,0,nan,
tests/data/csd_families/NERDEU/NERDEU.cif,tests/data/csd_families/NERDEU/NERDEU01.cif,15,0.9704070212319493,15,0.20767116122398105,
tests/data/csd_families/NERDEU/NERDEU.cif,tests/data/csd_families/NERDEU/NERDEU02.cif,15,0.3439493691548705,15,0.05916525973718146,
tests/data/csd_families/NERDEU/NERDEU01.cif,tests/data/csd_families/NERDEU/NERDEU02.cif,15,0.9098423449322581,15,0.1704387055523602,
tests/data/csd_families/NERMOM/NERMOM.cif,tests/data/csd_families/NERMOM/NERMOM01.cif,15,0.05255620554089546,15,0.11186054838987003,
tests/data/csd_families/NERMOM/NERMOM.cif,tests/data/csd_families/NERMOM/NERMOM02.cif,15,0.052080998197197914,15,0.11186054838986682,
tests/data/csd_families/NERMOM/NERMOM01.cif,tests/data/csd_families/NERMOM/NERMOM02.cif,15,0.05397040583193302,15,1.0701574601965858e-15,
tests/data/csd_families/NIDCAR/NIDCAR.cif,tests/data/csd_families/NIDCAR/NIDCAR03.cif,15,0.19410171452909708,8,2.6680016457908717,
tests/data/csd_families/NIDCAR/NIDCAR.cif,tests/data/csd_families/NIDCAR/NIDCAR04.cif,15,0.02459575142711401,15,0.025965133602337313,
tests/data/csd_families/NIDCAR/NIDCAR.cif,tests/data/csd_families/NIDCAR/NIDCAR05.cif,15,0.024780593812465668,15,0.10899180895516622,
tests/data/csd_families/NIDCAR/NIDCAR.cif,tests/data/csd_families/NIDCAR/NIDCAR06.cif,15,0.02473653480410576,15,0.1414204395024023,
tests/data/csd_families/NIDCAR/NIDCAR03.cif,tests/data/csd_families/NIDCAR/NIDCAR04.cif,15,0.19404000416398048,8,2.667656263757597,
tests/data/csd_families/NIDCAR/NIDCAR03.cif,tests/data/csd_families/NIDCAR/NIDCAR05.cif,15,0.20169336907565594,8,2.6305467446744855,
tests/data/csd_families/NIDCAR/NIDCAR03.cif,tests/data/csd_families/NIDCAR/NIDCAR06.cif,15,0.20767758041620255,8,2.6164440027203586,
tests/data/csd_families/NIDCAR/NIDCAR04.cif,tests/data/csd_families/NIDCAR/NIDCAR05.cif,15,0.02504746802151203,15,0.11347380852517579,
tests/data/csd_families/NIDCAR/NIDCAR04.cif,tests/data/csd_families/NIDCAR/NIDCAR06.cif,15,0.02486379723995924,15,0.14573044079755834,
tests/data/csd_families/NIDCAR/NIDCAR05.cif,tests/data/csd_families/NIDCAR/NIDCAR06.cif,15,0.025079169310629368,15,0.035590731450766355,
tests/data/csd_families/NIJGUI/NIJGUI.cif,tests/data/csd_families/NIJGUI/NIJGUI01.cif,15,0.047488258220255375,15,0.12310772104631924,
tests/data/csd_families/NIJGUI/NIJGUI.cif,tests/data/csd_families/NIJGUI/NIJGUI02.cif,15,0.04794269520789385,15,0.14318199241550586,
tests/data/csd_families/NIJGUI/NIJGUI.cif,tests/data/csd_families/NIJGUI/NIJGUI03.cif,15,0.04733065515756607,15,0.15185148980906568,
tests/data/csd_families/NIJGUI/NIJGUI.cif,tests/data/csd_families/NIJGUI/NIJGUI04.cif,15,0.04781343322247267,15,0.11687361131030935,
tests/data/csd_families/NIJGUI/NIJGUI01.cif,tests/data/csd_families/NIJGUI/NIJGUI02.cif,15,0.06704948376864195,15,0.07077891541849839,
tests/data/csd_families/NIJGUI/NIJGUI01.cif,tests/data/csd_families/NIJGUI/NIJGUI03.cif,15,0.07365324255079031,15,0.08661628497665967,
tests/data/csd_families/NIJGUI/NIJGUI01.cif,tests/data/csd_families/NIJGUI/NIJGUI04.cif,15,0.07480151113122702,15,0.015177394745001084,
tests/data/csd_families/NIJGUI/NIJGUI02.cif,tests/data/csd_families/NIJGUI/NIJGUI03.cif,15,0.06827564164996147,15,0.019347773646258025,
tests/data/csd_families/NIJGUI/NIJGUI02.cif,tests/data/csd_families/NIJGUI/NIJGUI04.cif,15,0.06753957085311413,15,0.07180204422365283,
tests/data/csd_families/NIJGUI/NIJGUI03.cif,tests/data/csd_families/NIJGUI/NIJGUI04.cif,15,0.07431400381028652,15,0.08767487695660166,
tests/data/csd_families/NIRJAA/NIRJAA.cif,tests/data/csd_families/NIRJAA/NIRJAA02.cif,15,0.02626125793904066,15,0.2557911775733512,
tests/data/csd_families/NIRJAA/NIRJAA.cif,tests/data/csd_families/NIRJAA/NIRJAA03.cif,15,0.02986140176653862,15,0.3305466589566504,
tests/data/csd_families/NIRJAA/NIRJAA.cif,tests/data/csd_families/NIRJAA/NIRJAA04.cif,15,0.03076266497373581,15,0.4064758668041477,
tests/data/csd_families/NIRJAA/NIRJAA.cif,tests/data/csd_families/NIRJAA/NIRJAA05.cif,15,0.03365339897572994,15,0.49637555902804303,
tests/data/csd_families/NIRJAA/NIRJAA02.cif,tests/data/csd_families/NIRJAA/NIRJAA03.cif,15,0.025185861624777317,15,0.07720785100427617,
tests/data/csd_families/NIRJAA/NIRJAA02.cif,tests/data/csd_families/NIRJAA/NIRJAA04.cif,15,0.026384878903627396,15,0.1546949093717571,
tests/data/csd_families/NIRJAA/NIRJAA02.cif,tests/data/csd_families/NIRJAA/NIRJAA05.cif,15,0.029168630950152874,15,0.24576188266330623,
tests/data/csd_families/NIRJAA/NIRJAA03.cif,tests/data/csd_families/NIRJAA/NIRJAA04.cif,15,0.02974151074886322,15,0.07883910175731246,
tests/data/csd_families/NIRJAA/NIRJAA03.cif,tests/data/csd_families/NIRJAA/NIRJAA05.cif,15,0.03002556413412094,15,0.16998541506624096,
tests/data/csd_families/NIRJAA/NIRJAA04.cif,tests/data/csd_families/NIRJAA/NIRJAA05.cif,15,0.030249406583607197,15,0.096432477920926,
tests/data/csd_families/NPOFNP/NPOFNP.cif,tests/data/csd_families/NPOFNP/NPOFNP01.cif,15,0.45371941942721605,15,0.404948318690554,
tests/data/csd_families/NPOFNP/NPOFNP.cif,tests/data/csd_families/NPOFNP/NPOFNP02.cif,15,0.1539402473717928,15,0.26139683248404755,
tests/data/csd_families/NPOFNP/NPOFNP.cif,tests/data/csd_families/NPOFNP/NPOFNP03.cif,15,0.28537651523947716,15,0.4366857867606743,
tests/data/csd_families/NPOFNP/NPOFNP.cif,tests/data/csd_families/NPOFNP/NPOFNP04.cif,15,0.2832235926762223,15,0.5024988972458183,
tests/data/csd_families/NPOFNP/NPOFNP01.cif,tests/data/csd_families/NPOFNP/NPOFNP02.cif,15,0.05823784973472357,15,0.1451944465924048,
tests/data/csd_families/NPOFNP/NPOFNP01.cif,tests/data/csd_families/NPOFNP/NPOFNP03.cif,15,0.0499704759567976,15,0.03386621701934797,
tests/data/csd_families/NPOFNP/NPOFNP01.cif,tests/data/csd_families/NPOFNP/NPOFNP04.cif,15,0.04925192426890135,15,0.09915250955816975,
tests/data/csd_families/NPOFNP/NPOFNP02.cif,tests/data/csd_families/NPOFNP/NPOFNP03.cif,15,0.05867557693272829,15,0.1768927390734266,
tests/data/csd_families/NPOFNP/NPOFNP02.cif,tests/data/csd_families/NPOFNP/NPOFNP04.cif,15,0.05854388605803251,15,0.24320479102107287,
tests/data/csd_families/NPOFNP/NPOFNP03.cif,tests/data/csd_families/NPOFNP/NPOFNP04.cif,15,0.0499102333560586,15,0.06658486864261132,
tests/data/csd_families/OFESAL/OFESAL.cif,tests/data/csd_families/OFESAL/OFESAL01.cif,15,0.10914270952343941,5,3.7091294011622935,
tests/data/csd_families/OFESAL/OFESAL.cif,tests/data/csd_families/OFESAL/OFESAL02.cif,15,0.1126066530123353,5,3.7120299873199443,
tests/data/csd_families/OFESAL/OFESAL.cif,tests/data/csd_families/OFESAL/OFESAL03.cif,15,0.11544304620474577,5,3.713828968236708,
tests/data/csd_families/OFESAL/OFESAL.cif,tests/data/csd_families/OFESAL/OFESAL04.cif,15,0.11499038804322481,5,4.407842136747669,
tests/data/csd_families/OFESAL/OFESAL01.cif,tests/data/csd_families/OFESAL/OFESAL02.cif,15,0.04921376332640648,15,0.01793991885731471,
tests/data/csd_families/OFESAL/OFESAL01.cif,tests/data/csd_families/OFESAL/OFESAL03.cif,15,0.05316016357392073,15,0.018562642628182704,
tests/data/csd_families/OFESAL/OFESAL01.cif,tests/data/csd_families/OFESAL/OFESAL04.cif,15,0.051070951856672764,15,0.07608549428799083,
tests/data/csd_families/OFESAL/OFESAL02.cif,tests/data/csd_families/OFESAL/OFESAL03.cif,15,0.05139481648802757,15,0.012312688505704493,
tests/data/csd_families/OFESAL/OFESAL02.cif,tests/data/csd_families/OFESAL/OFESAL04.cif,15,0.047853123396635056,15,0.0754596171436581,
tests/data/csd_families/OFESAL/OFESAL03.cif,tests/data/csd_families/OFESAL/OFESAL04.cif,15,0.051129682920873165,15,0.077061872192797,
tests/data/csd_families/OMAWIM/OMAWIM.cif,tests/data/csd_families/OMAWIM/OMAWIM01.cif,15,0.06879884004592896,15,0.005570269475637184,
tests/data/csd_families/OMAWIM/OMAWIM.cif,tests/data/csd_families/OMAWIM/OMAWIM02.cif,15,0.06882982049137354,15,0.003673737683594425,
tests/data/csd_families/OMAWIM/OMAWIM.cif,tests/data/csd_families/OMAWIM/OMAWIM03.cif,15,0.06879578996449709,15,0.009034491481634403,
tests/data/csd_families/OMAWIM/OMAWIM.cif,tests/data/csd_families/OMAWIM/OMAWIM04.cif,15,0.06904226448386908,15,0.005138611631271097,
tests/data/csd_families/OMAWIM/OMAWIM01.cif,tests/data/csd_families/OMAWIM/OMAWIM02.cif,15,0.06897904258221388,15,0.005266150586529878,
tests/data/csd_families/OMAWIM/OMAWIM01.cif,tests/data/csd_families/OMAWIM/OMAWIM03.cif,15,0.06918954662978649,15,0.007089480949736722,
tests/data/csd_families/OMAWIM/OMAWIM01.cif,tests/data/csd_families/OMAWIM/OMAWIM04.cif,15,0.06894566211849451,15,0.0029291855789484638,
tests/data/csd_families/OMAWIM/OMAWIM02.cif,tests/data/csd_families/OMAWIM/OMAWIM03.cif,15,0.06914442591369152,15,0.010614328141259495,
tests/data/csd_families/OMAWIM/OMAWIM02.cif,tests/data/csd_families/OMAWIM/OMAWIM04.cif,15,0.0690518831834197,15,0.005667647298516214,
tests/data/csd_families/OMAWIM/OMAWIM03.cif,tests/data/csd_families/OMAWIM/OMAWIM04.cif,15,0.06928218621760607,15,0.006282507650425037,
tests/data/csd_families/OMIPOP/OMIPOP.cif,tests/data/csd_families/OMIPOP/OMIPOP01.cif,15,0.0800150791183114,15,0.11989888598573406,
tests/data/csd_families/OMIPOP/OMIPOP.cif,tests/data/csd_families/OMIPOP/OMIPOP03.cif,15,0.07984830811619759,15,0.18304474511545765,
tests/data/csd_families/OMIPOP/OMIPOP.cif,tests/data/csd_families/OMIPOP/OMIPOP04.cif,15,0.947960713878274,15,0.024653502666381583,
tests/data/csd_families/OMIPOP/OMIPOP01.cif,tests/data/csd_families/OMIPOP/OMIPOP03.cif,15,0.09038126654922962,15,0.0650719301523571,
tests/data/csd_families/OMIPOP/OMIPOP01.cif,tests/data/csd_families/OMIPOP/OMIPOP04.cif,15,0.8896711627021432,15,0.10487800749528733,
tests/data/csd_families/OMIPOP/OMIPOP03.cif,tests/data/csd_families/OMIPOP/OMIPOP04.cif,15,0.8384329993277788,15,0.1678409238662638,
tests/data/csd_families/OMIVUB/OMIVUB.cif,tests/data/csd_families/OMIVUB/OMIVUB01.cif,15,0.03671023529022932,15,0.17675861282184233,
tests/data/csd_families/OMIVUB/OMIVUB.cif,tests/data/csd_families/OMIVUB/OMIVUB02.cif,15,0.036427320912480354,15,0.24460978566475922,
tests/data/csd_families/OMIVUB/OMIVUB.cif,tests/data/csd_families/OMIVUB/OMIVUB03.cif,15,0.03636731952428818,15,0.26462332060990185,
tests/data/csd_families/OMIVUB/OMIVUB.cif,tests/data/csd_families/OMIVUB/OMIVUB04.cif,15,0.03634015005081892,15,0.385559068138893,
tests/data/csd_families/OMIVUB/OMIVUB01.cif,tests/data/csd_families/OMIVUB/OMIVUB02.cif,15,0.03716993238776922,15,0.0704818497269944,
tests/data/csd_families/OMIVUB/OMIVUB01.cif,tests/data/csd_families/OMIVUB/OMIVUB03.cif,15,0.03686762694269419,15,0.08975051878890355,
tests/data/csd_families/OMIVUB/OMIVUB01.cif,tests/data/csd_families/OMIVUB/OMIVUB04.cif,15,0.03696297947317362,15,0.2122267332256428,
tests/data/csd_families/OMIVUB/OMIVUB02.cif,tests/data/csd_families/OMIVUB/OMIVUB03.cif,15,0.03690587915480137,15,0.024202886058794237,
tests/data/csd_families/OMIVUB/OMIVUB02.cif,tests/data/csd_families/OMIVUB/OMIVUB04.cif,15,0.03694045729935169,15,0.14499009886594366,
tests/data/csd_families/OMIVUB/OMIVUB03.cif,tests/data/csd_families/OMIVUB/OMIVUB04.cif,15,0.03679824620485306,15,0.12447826058968439,
tests/data/csd_families/ONITAN/ONITAN.cif,tests/data/csd_families/ONITAN/ONITAN01.cif,15,0.06935655884444714,15,0.11651194109519597,
tests/data/csd_families/ONITAN/ONITAN.cif,tests/data/csd_families/ONITAN/ONITAN02.cif,15,0.07045638654381037,15,0.06456746654548993,
tests/data/csd_families/ONITAN/ONITAN.cif,tests/data/csd_families/ONITAN/ONITAN03.cif,15,0.09718833956867456,7,1.4525888550713204,
tests/data/csd_families/ONITAN/ONITAN.cif,tests/data/csd_families/ONITAN/ONITAN04.cif,15,0.07163678389042616,15,0.10551351195799145,
tests/data/csd_families/ONITAN/ONITAN01.cif,tests/data/csd_families/ONITAN/ONITAN02.cif,15,0.07358832284808159,15,0.08272898056175002,
tests/data/csd_families/ONITAN/ONITAN01.cif,tests/data/csd_families/ONITAN/ONITAN03.cif,15,0.09439447801560163,7,1.4033709571668862,
tests/data/csd_families/ONITAN/ONITAN01.cif,tests/data/csd_families/ONITAN/ONITAN04.cif,15,0.07042108476161957,15,0.014162716602543644,
tests/data/csd_families/ONITAN/ONITAN02.cif,tests/data/csd_families/ONITAN/ONITAN03.cif,15,0.11830567941069603,7,1.4353825504486575,
tests/data/csd_families/ONITAN/ONITAN02.cif,tests/data/csd_families/ONITAN/ONITAN04.cif,15,0.07414366118609905,15,0.07295856521786637,
tests/data/csd_families/ONITAN/ONITAN03.cif,tests/data/csd_families/ONITAN/ONITAN04.cif,15,0.09881522413343191,7,1.4068980947023546,
tests/data/csd_families/OPEVUD/OPEVUD.cif,tests/data/csd_families/OPEVUD/OPEVUD01.cif,15,0.02996527310460806,15,0.09539511322061711,
tests/data/csd_families/OPEVUD/OPEVUD.cif,tests/data/csd_families/OPEVUD/OPEVUD02.cif,15,0.031317323446273804,15,0.13525715807200758,
tests/data/csd_families/OPEVUD/OPEVUD.cif,tests/data/csd_families/OPEVUD/OPEVUD03.cif,15,0.030421449802815914,15,0.1666140063039769,
tests/data/csd_families/OPEVUD/OPEVUD.cif,tests/data/csd_families/OPEVUD/OPEVUD04.cif,15,0.03030334785580635,15,0.19504837515282256,
tests/data/csd_families/OPEVUD/OPEVUD01.cif,tests/data/csd_families/OPEVUD/OPEVUD02.cif,15,0.031237073242664337,15,0.04087271271848042,
tests/data/csd_families/OPEVUD/OPEVUD01.cif,tests/data/csd_families/OPEVUD/OPEVUD03.cif,15,0.030391180887818336,15,0.07221677116811497,
tests/data/csd_families/OPEVUD/OPEVUD01.cif,tests/data/csd_families/OPEVUD/OPEVUD04.cif,15,0.030357318930327892,15,0.10080258790985638,
tests/data/csd_families/OPEVUD/OPEVUD02.cif,tests/data/csd_families/OPEVUD/OPEVUD03.cif,15,0.03189799375832081,15,0.03539331642418183,
tests/data/csd_families/OPEVUD/OPEVUD02.cif,tests/data/csd_families/OPEVUD/OPEVUD04.cif,15,0.03159079700708389,15,0.06730380773902671,
tests/data/csd_families/OPEVUD/OPEVUD03.cif,tests/data/csd_families/OPEVUD/OPEVUD04.cif,15,0.030818345956504345,15,0.032758750631363104,
tests/data/csd_families/OXALDH/OXALDH.cif,tests/data/csd_families/OXALDH/OXALDH01.cif,15,6.772594718262553,15,0.0005618171826888938,
tests/data/csd_families/OXALDH/OXALDH.cif,tests/data/csd_families/OXALDH/OXALDH02.cif,15,6.7666239235550165,15,0.0007805758338898348,
tests/data/csd_families/OXALDH/OXALDH.cif,tests/data/csd_families/OXALDH/OXALDH03.cif,15,6.54147236328572,15,0.00244034891862829,
tests/data/csd_families/OXALDH/OXALDH.cif,tests/data/csd_families/OXALDH/OXALDH04.cif,15,6.5583218624815345,15,0.0014485674767794532,
tests/data/csd_families/OXALDH/OXALDH01.cif,tests/data/csd_families/OXALDH/OXALDH02.cif,15,6.778787602670491,15,0.0012908531416754216,
tests/data/csd_families/OXALDH/OXALDH01.cif,tests/data/csd_families/OXALDH/OXALDH03.cif,15,6.540331579744816,15,0.002001370176002141,
tests/data/csd_families/OXALDH/OXALDH01.cif,tests/data/csd_families/OXALDH/OXALDH04.cif,15,6.561354840174317,15,0.0010259121692982724,
tests/data/csd_families/OXALDH/OXALDH02.cif,tests/data/csd_families/OXALDH/OXALDH03.cif,15,6.632903047837317,15,0.0030832458998884234,
tests/data/csd_families/OXALDH/OXALDH02.cif,tests/data/csd_families/OXALDH/OXALDH04.cif,15,7.059836216270924,15,0.0020937565631810244,
tests/data/csd_families/OXALDH/OXALDH03.cif,tests/data/csd_families/OXALDH/OXALDH04.cif,15,6.681606373749673,15,0.0012355612682896345,
tests/data/csd_families/PAPTUX/PAPTUX.cif,tests/data/csd_families/PAPTUX/PAPTUX01.cif,15,0.05339168943464756,15,0.11973045916578857,
tests/data/csd_families/PAPTUX/PAPTUX.cif,tests/data/csd_families/PAPTUX/PAPTUX02.cif,15,0.061418160796165466,15,0.12497652743938607,
tests/data/csd_families/PAPTUX/PAPTUX.cif,tests/data/csd_families/PAPTUX/PAPTUX03.cif,15,0.05602696817368269,15,0.10578492637865357,
tests/data/csd_families/PAPTUX/PAPTUX01.cif,tests/data/csd_families/PAPTUX/PAPTUX02.cif,15,0.03980517294257879,15,0.0700224668245325,
tests/data/csd_families/PAPTUX/PAPTUX01.cif,tests/data/csd_families/PAPTUX/PAPTUX03.cif,15,0.02659553289413452,15,0.10018412571741471,
tests/data/csd_families/PAPTUX/PAPTUX02.cif,tests/data/csd_families/PAPTUX/PAPTUX03.cif,15,0.042271509766578674,15,0.07570671028872432,
tests/data/csd_families/PDHTEZ/PDHTEZ.cif,tests/data/csd_families/PDHTEZ/PDHTEZ01.cif,15,3.689036972820759,6,2.352741913373058,
tests/data/csd_families/PDHTEZ/PDHTEZ.cif,tests/data/csd_families/PDHTEZ/PDHTEZ02.cif,15,0.025346994400024414,15,0.05524860228146679,
tests/data/csd_families/PDHTEZ/PDHTEZ.cif,tests/data/csd_families/PDHTEZ/PDHTEZ03.cif,15,0.025116270408034325,15,0.07456264062380534,
tests/data/csd_families/PDHTEZ/PDHTEZ.cif,tests/data/csd_families/PDHTEZ/PDHTEZ04.cif,15,0.02383518125861883,15,0.08644570851685653,
tests/data/csd_families/PDHTEZ/PDHTEZ01.cif,tests/data/csd_families/PDHTEZ/PDHTEZ02.cif,15,2.702657745219767,6,2.360346461275843,
tests/data/csd_families/PDHTEZ/PDHTEZ01.cif,tests/data/csd_families/PDHTEZ/PDHTEZ03.cif,15,3.544773753732443,6,2.363200720807527,
tests/data/csd_families/PDHTEZ/PDHTEZ01.cif,tests/data/csd_families/PDHTEZ/PDHTEZ04.cif,15,2.965362980030477,6,2.366936079359099,
tests/data/csd_families/PDHTEZ/PDHTEZ02.cif,tests/data/csd_families/PDHTEZ/PDHTEZ03.cif,15,0.025730189867317677,15,0.023176106291947576,
tests/data/csd_families/PDHTEZ/PDHTEZ02.cif,tests/data/csd_families/PDHTEZ/PDHTEZ04.cif,15,0.02544419653713703,15,0.032634738854880156,
tests/data/csd_families/PDHTEZ/PDHTEZ03.cif,tests/data/csd_families/PDHTEZ/PDHTEZ04.cif,15,0.026100684888660908,15,0.015630069316872493,
tests/data/csd_families/PDMGLO/PDMGLO.cif,tests/data/csd_families/PDMGLO/PDMGLO01.cif,15,0.02886072639375925,15,0.045744260516536996,
tests/data/csd_families/PDMGLO/PDMGLO.cif,tests/data/csd_families/PDMGLO/PDMGLO02.cif,15,0.5006136940792203,15,0.052429693251159815,
tests/data/csd_families/PDMGLO/PDMGLO01.cif,tests/data/csd_families/PDMGLO/PDMGLO02.cif,15,0.0291697820648551,15,0.0409739560729414,
tests/data/csd_families/PERYTO/PERYTO.cif,tests/data/csd_families/PERYTO/PERYTO01.cif,15,0.030952909030020237,15,0.05724556436286159,
tests/data/csd_families/PERYTO/PERYTO.cif,tests/data/csd_families/PERYTO/PERYTO02.cif,15,0.031004469841718674,15,0.11159523699599216,
tests/data/csd_families/PERYTO/PERYTO.cif,tests/data/csd_families/PERYTO/PERYTO03.cif,15,0.03149437718093395,15,0.13960217165965658,
tests/data/csd_families/PERYTO/PERYTO.cif,tests/data/csd_families/PERYTO/PERYTO04.cif,15,0.0320892259478569,15,0.11148149013783012,
tests/data/csd_families/PERYTO/PERYTO01.cif,tests/data/csd_families/PERYTO/PERYTO02.cif,15,0.03082180768251419,15,0.10517317898285024,
tests/data/csd_families/PERYTO/PERYTO01.cif,tests/data/csd_families/PERYTO/PERYTO03.cif,15,0.031375874765217304,15,0.13120957487858256,
tests/data/csd_families/PERYTO/PERYTO01.cif,tests/data/csd_families/PERYTO/PERYTO04.cif,15,0.03206242527812719,15,0.10306355653906,
tests/data/csd_families/PERYTO/PERYTO02.cif,tests/data/csd_families/PERYTO/PERYTO03.cif,15,0.030952269211411476,15,0.03459769572781311,
tests/data/csd_families/PERYTO/PERYTO02.cif,tests/data/csd_families/PERYTO/PERYTO04.cif,15,0.03107088152319193,15,0.02485727080663436,
tests/data/csd_families/PERYTO/PERYTO03.cif,tests/data/csd_families/PERYTO/PERYTO04.cif,15,0.03158710803836584,15,0.04658923006672991,
tests/data/csd_families/PICLUK/PICLUK.cif,tests/data/csd_families/PICLUK/PICLUK01.cif,15,0.017359542660415173,15,0.03847149358385204,
tests/data/csd_families/PICLUK/PICLUK.cif,tests/data/csd_families/PICLUK/PICLUK02.cif,15,0.01734723336994648,15,0.0289274100271091,
tests/data/csd_families/PICLUK/PICLUK.cif,tests/data/csd_families/PICLUK/PICLUK03.cif,15,0.017251450568437576,15,0.09083590633868625,
tests/data/csd_families/PICLUK/PICLUK.cif,tests/data/csd_families/PICLUK/PICLUK04.cif,15,0.01739551406353712,15,0.012623334919362334,
tests/data/csd_families/PICLUK/PICLUK01.cif,tests/data/csd_families/PICLUK/PICLUK02.cif,15,0.01743382401764393,15,0.01768309704781895,
tests/data/csd_families/PICLUK/PICLUK01.cif,tests/data/csd_families/PICLUK/PICLUK03.cif,15,0.01737994235008955,15,0.11985335377277048,
tests/data/csd_families/PICLUK/PICLUK01.cif,tests/data/csd_families/PICLUK/PICLUK04.cif,15,0.01752615626901388,15,0.043778287208346776,
tests/data/csd_families/PICLUK/PICLUK02.cif,tests/data/csd_families/PICLUK/PICLUK03.cif,15,0.017509215511381626,15,0.11742378540936495,
tests/data/csd_families/PICLUK/PICLUK02.cif,tests/data/csd_families/PICLUK/PICLUK04.cif,15,0.017542614601552486,15,0.037564353187607424,
tests/data/csd_families/PICLUK/PICLUK03.cif,tests/data/csd_families/PICLUK/PICLUK04.cif,15,0.017496944405138493,15,0.08053020269463165,
tests/data/csd_families/PUMZII/PUMZII.cif,tests/data/csd_families/PUMZII/PUMZII01.cif,15,20.167776733636856,0,nan,RuntimeError:MotifSearch Timeout
tests/data/csd_families/PUMZII/PUMZII.cif,tests/data/csd_families/PUMZII/PUMZII02.cif,15,20.09872385300696,0,nan,RuntimeError:MotifSearch Timeout
tests/data/csd_families/PUMZII/PUMZII01.cif,tests/data/csd_families/PUMZII/PUMZII02.cif,15,20.79809029214084,0,nan,RuntimeError:MotifSearch Timeout
tests/data/csd_families/PUTTAZ/PUTTAZ.cif,tests/data/csd_families/PUTTAZ/PUTTAZ01.cif,15,0.18990553077310324,15,0.027275370552154236,
tests/data/csd_families/PUTTAZ/PUTTAZ.cif,tests/data/csd_families/PUTTAZ/PUTTAZ02.cif,15,0.045207674615085125,6,4.274643044260108,
tests/data/csd_families/PUTTAZ/PUTTAZ.cif,tests/data/csd_families/PUTTAZ/PUTTAZ03.cif,15,0.04246641509234905,6,4.274178020104352,
tests/data/csd_families/PUTTAZ/PUTTAZ.cif,tests/data/csd_families/PUTTAZ/PUTTAZ04.cif,15,0.07530106138437986,6,4.274457850857853,
tests/data/csd_families/PUTTAZ/PUTTAZ01.cif,tests/data/csd_families/PUTTAZ/PUTTAZ02.cif,15,0.09914837405085564,7,3.8137311821628272,
tests/data/csd_families/PUTTAZ/PUTTAZ01.cif,tests/data/csd_families/PUTTAZ/PUTTAZ03.cif,15,0.09603507537394762,7,3.818037481550667,
tests/data/csd_families/PUTTAZ/PUTTAZ01.cif,tests/data/csd_families/PUTTAZ/PUTTAZ04.cif,15,0.12854039948433638,7,3.8197105665596003,
tests/data/csd_families/PUTTAZ/PUTTAZ02.cif,tests/data/csd_families/PUTTAZ/PUTTAZ03.cif,15,0.02301171887665987,15,0.02531062002254416,
tests/data/csd_families/PUTTAZ/PUTTAZ02.cif,tests/data/csd_families/PUTTAZ/PUTTAZ04.cif,15,0.021961023099720478,15,0.02995587895682197,
tests/data/csd_families/PUTTAZ/PUTTAZ03.cif,tests/data/csd_families/PUTTAZ/PUTTAZ04.cif,15,0.02181653119623661,15,0.04064224078772971,
tests/data/csd_families/PUWYUD/PUWYUD.cif,tests/data/csd_families/PUWYUD/PUWYUD01.cif,15,7.291363520547748,15,0.3785236431953533,
tests/data/csd_families/PUWYUD/PUWYUD.cif,tests/data/csd_families/PUWYUD/PUWYUD02.cif,15,20.08260604273528,0,nan,RuntimeError:MotifSearch Timeout
tests/data/csd_families/PUWYUD/PUWYUD.cif,tests/data/csd_families/PUWYUD/PUWYUD03.cif,15,20.093381328508258,0,nan,RuntimeError:MotifSearch Timeout
tests/data/csd_families/PUWYUD/PUWYUD.cif,tests/data/csd_families/PUWYUD/PUWYUD04.cif,15,20.065896298736334,0,nan,RuntimeError:MotifSearch Timeout
tests/data/csd_families/PUWYUD/PUWYUD01.cif,tests/data/csd_families/PUWYUD/PUWYUD02.cif,15,20.074826187454164,0,nan,RuntimeError:MotifSearch Timeout
tests/data/csd_families/PUWYUD/PUWYUD01.cif,tests/data/csd_families/PUWYUD/PUWYUD03.cif,15,20.08113255351782,0,nan,RuntimeError:MotifSearch Timeout
tests/data/csd_families/PUWYUD/PUWYUD01.cif,tests/data/csd_families/PUWYUD/PUWYUD04.cif,15,20.07111854851246,0,nan,RuntimeError:MotifSearch Timeout
tests/data/csd_families/PUWYUD/PUWYUD02.cif,tests/data/csd_families/PUWYUD/PUWYUD03.cif,15,0.07662218436598778,15,0.036858256340740185,
tests/data/csd_families/PUWYUD/PUWYUD02.cif,tests/data/csd_families/PUWYUD/PUWYUD04.cif,15,0.0882703410461545,15,0.07998312483904574,
tests/data/csd_families/PUWYUD/PUWYUD03.cif,tests/data/csd_families/PUWYUD/PUWYUD04.cif,15,0.061856589280068874,15,0.04530103730508526,
tests/data/csd_families/QAHVIE/QAHVIE.cif,tests/data/csd_families/QAHVIE/QAHVIE01.cif,15,0.04546147119253874,3,1.6623273337240183,
tests/data/csd_families/QAHVIE/QAHVIE.cif,tests/data/csd_families/QAHVIE/QAHVIE12.cif,15,0.05232412461191416,15,0.04104082964963746,
tests/data/csd_families/QAHVIE/QAHVIE.cif,tests/data/csd_families/QAHVIE/QAHVIE13.cif,15,0.052486258558928967,15,0.07747780174425445,
tests/data/csd_families/QAHVIE/QAHVIE.cif,tests/data/csd_families/QAHVIE/QAHVIE14.cif,15,0.05251698847860098,15,0.2146144411605088,
tests/data/csd_families/QAHVIE/QAHVIE01.cif,tests/data/csd_families/QAHVIE/QAHVIE12.cif,15,0.04995150864124298,3,3.1497752415689457,
tests/data/csd_families/QAHVIE/QAHVIE01.cif,tests/data/csd_families/QAHVIE/QAHVIE13.cif,15,0.05010055098682642,3,3.10681176968653,
tests/data/csd_families/QAHVIE/QAHVIE01.cif,tests/data/csd_families/QAHVIE/QAHVIE14.cif,15,0.05001398175954819,3,3.0128786199462465,
tests/data/csd_families/QAHVIE/QAHVIE12.cif,tests/data/csd_families/QAHVIE/QAHVIE13.cif,15,0.05275565106421709,15,0.05406642078299621,
tests/data/csd_families/QAHVIE/QAHVIE12.cif,tests/data/csd_families/QAHVIE/QAHVIE14.cif,15,0.05290114413946867,15,0.2052107005138727,
tests/data/csd_families/QAHVIE/QAHVIE13.cif,tests/data/csd_families/QAHVIE/QAHVIE14.cif,15,0.053389281034469604,15,0.15594885165630937,
tests/data/csd_families/QAHWUU/QAHWUU.cif,tests/data/csd_families/QAHWUU/QAHWUU01.cif,15,0.0931291664019227,15,0.09474467543993528,
tests/data/csd_families/QAHWUU/QAHWUU.cif,tests/data/csd_families/QAHWUU/QAHWUU02.cif,15,0.03547767922282219,3,3.3692382740424613,
tests/data/csd_families/QAHWUU/QAHWUU.cif,tests/data/csd_families/QAHWUU/QAHWUU03.cif,15,0.030862989835441113,2,2.8521541191693065,
tests/data/csd_families/QAHWUU/QAHWUU.cif,tests/data/csd_families/QAHWUU/QAHWUU04.cif,15,0.06746926624327898,5,4.040701120362958,
tests/data/csd_families/QAHWUU/QAHWUU01.cif,tests/data/csd_families/QAHWUU/QAHWUU02.cif,15,0.03553576022386551,3,3.372034519756975,
tests/data/csd_families/QAHWUU/QAHWUU01.cif,tests/data/csd_families/QAHWUU/QAHWUU03.cif,15,0.03089302033185959,2,2.861409947269864,
tests/data/csd_families/QAHWUU/QAHWUU01.cif,tests/data/csd_families/QAHWUU/QAHWUU04.cif,15,0.06343860551714897,5,3.915034729658943,
tests/data/csd_families/QAHWUU/QAHWUU02.cif,tests/data/csd_families/QAHWUU/QAHWUU03.cif,15,0.058230653405189514,6,1.2159553068329316,
tests/data/csd_families/QAHWUU/QAHWUU02.cif,tests/data/csd_families/QAHWUU/QAHWUU04.cif,15,0.04173634387552738,4,1.777311850282828,
tests/data/csd_families/QAHWUU/QAHWUU03.cif,tests/data/csd_families/QAHWUU/QAHWUU04.cif,15,0.03956677112728357,4,2.8744595751029487,
tests/data/csd_families/QAPNAZ/QAPNAZ.cif,tests/data/csd_families/QAPNAZ/QAPNAZ01.cif,15,0.07213521655648947,15,0.058270797411823914,
tests/data/csd_families/QAPNAZ/QAPNAZ.cif,tests/data/csd_families/QAPNAZ/QAPNAZ02.cif,15,0.09222416207194328,15,0.008655006931463694,
tests/data/csd_families/QAPNAZ/QAPNAZ.cif,tests/data/csd_families/QAPNAZ/QAPNAZ03.cif,15,0.09310740418732166,15,0.008280936833444687,
tests/data/csd_families/QAPNAZ/QAPNAZ.cif,tests/data/csd_families/QAPNAZ/QAPNAZ04.cif,15,0.09229439310729504,15,0.008594092185707196,
tests/data/csd_families/QAPNAZ/QAPNAZ01.cif,tests/data/csd_families/QAPNAZ/QAPNAZ02.cif,15,0.085185625590384,15,0.05591174153531635,
tests/data/csd_families/QAPNAZ/QAPNAZ01.cif,tests/data/csd_families/QAPNAZ/QAPNAZ03.cif,15,0.07175367139279842,15,0.05618955187721581,
tests/data/csd_families/QAPNAZ/QAPNAZ01.cif,tests/data/csd_families/QAPNAZ/QAPNAZ04.cif,15,0.08521789498627186,15,0.05586807047103926,
tests/data/csd_families/QAPNAZ/QAPNAZ02.cif,tests/data/csd_families/QAPNAZ/QAPNAZ03.cif,15,0.10643771756440401,15,0.003469257027861272,
tests/data/csd_families/QAPNAZ/QAPNAZ02.cif,tests/data/csd_families/QAPNAZ/QAPNAZ04.cif,15,0.1057023461908102,15,0.003625635537295695,
tests/data/csd_families/QAPNAZ/QAPNAZ03.cif,tests/data/csd_families/QAPNAZ/QAPNAZ04.cif,15,0.10653956979513168,15,0.0038802719814916846,
tests/data/csd_families/QAYJEH/QAYJEH.cif,tests/data/csd_families/QAYJEH/QAYJEH01.cif,15,19.745164555497468,13,0.9413231593288254,
tests/data/csd_families/QAYJEH/QAYJEH.cif,tests/data/csd_families/QAYJEH/QAYJEH02.cif,15,23.834740456193686,0,nan,RuntimeError:MotifSearch Timeout
tests/data/csd_families/QAYJEH/QAYJEH.cif,tests/data/csd_families/QAYJEH/QAYJEH03.cif,15,11.407877064310014,12,0.7007361856888014,
tests/data/csd_families/QAYJEH/QAYJEH.cif,tests/data/csd_families/QAYJEH/QAYJEH04.cif,15,8.599926150403917,12,0.7165705642431234,
tests/data/csd_families/QAYJEH/QAYJEH01.cif,tests/data/csd_families/QAYJEH/QAYJEH02.cif,15,20.08075398951769,0,nan,RuntimeError:MotifSearch Timeout
tests/data/csd_families/QAYJEH/QAYJEH01.cif,tests/data/csd_families/QAYJEH/QAYJEH03.cif,15,20.397758163511753,13,0.9347517741280332,
tests/data/csd_families/QAYJEH/QAYJEH01.cif,tests/data/csd_families/QAYJEH/QAYJEH04.cif,15,15.020121939480305,13,0.976943171469483,
tests/data/csd_families/QAYJEH/QAYJEH02.cif,tests/data/csd_families/QAYJEH/QAYJEH03.cif,15,20.02326050121337,0,nan,RuntimeError:MotifSearch Timeout
tests/data/csd_families/QAYJEH/QAYJEH02.cif,tests/data/csd_families/QAYJEH/QAYJEH04.cif,15,20.02657013386488,0,nan,RuntimeError:MotifSearch Timeout
tests/data/csd_families/QAYJEH/QAYJEH03.cif,tests/data/csd_families/QAYJEH/QAYJEH04.cif,15,14.567061808891594,12,0.7129469676505769,
tests/data/csd_families/QIHBEO/QIHBEO.cif,tests/data/csd_families/QIHBEO/QIHBEO01.cif,15,0.06284862663596869,15,0.020899928827127226,
tests/data/csd_families/QIHBEO/QIHBEO.cif,tests/data/csd_families/QIHBEO/QIHBEO02.cif,15,0.020971979945898056,15,0.09388848417484781,
tests/data/csd_families/QIHBEO/QIHBEO.cif,tests/data/csd_families/QIHBEO/QIHBEO03.cif,15,0.020221917890012264,15,0.07199856754618075,
tests/data/csd_families/QIHBEO/QIHBEO.cif,tests/data/csd_families/QIHBEO/QIHBEO04.cif,15,0.07877681031823158,15,0.011473369679145645,
tests/data/csd_families/QIHBEO/QIHBEO01.cif,tests/data/csd_families/QIHBEO/QIHBEO02.cif,15,0.02173489984124899,15,0.09861131405195461,
tests/data/csd_families/QIHBEO/QIHBEO01.cif,tests/data/csd_families/QIHBEO/QIHBEO03.cif,15,0.021032189950346947,15,0.07830371862856982,
tests/data/csd_families/QIHBEO/QIHBEO01.cif,tests/data/csd_families/QIHBEO/QIHBEO04.cif,15,0.020963279530405998,15,0.014260509852246367,
tests/data/csd_families/QIHBEO/QIHBEO02.cif,tests/data/csd_families/QIHBEO/QIHBEO03.cif,15,0.15668808482587337,15,0.02401980636969025,
tests/data/csd_families/QIHBEO/QIHBEO02.cif,tests/data/csd_families/QIHBEO/QIHBEO04.cif,15,0.11338700633496046,15,0.09860224572009335,
tests/data/csd_families/QIHBEO/QIHBEO03.cif,tests/data/csd_families/QIHBEO/QIHBEO04.cif,15,0.02060256339609623,15,0.07697654932083173,
tests/data/csd_families/QIHDUK/QIHDUK.cif,tests/data/csd_families/QIHDUK/QIHDUK01.cif,15,0.06157652661204338,15,0.020823929367959702,
tests/data/csd_families/QIHDUK/QIHDUK.cif,tests/data/csd_families/QIHDUK/QIHDUK02.cif,15,0.15546841640025377,11,0.11336137254578338,
tests/data/csd_families/QIHDUK/QIHDUK.cif,tests/data/csd_families/QIHDUK/QIHDUK03.cif,15,3.877615868113935,11,0.12698870823084943,
tests/data/csd_families/QIHDUK/QIHDUK01.cif,tests/data/csd_families/QIHDUK/QIHDUK02.cif,15,0.2160634994506836,11,0.11239919710481253,
tests/data/csd_families/QIHDUK/QIHDUK01.cif,tests/data/csd_families/QIHDUK/QIHDUK03.cif,15,3.8967515705153346,11,0.15873025268448332,
tests/data/csd_families/QIHDUK/QIHDUK02.cif,tests/data/csd_families/QIHDUK/QIHDUK03.cif,15,0.24147298745810986,11,0.10649340225675988,
tests/data/csd_families/QIXZAY/QIXZAY.cif,tests/data/csd_families/QIXZAY/QIXZAY01.cif,15,0.8181771701201797,15,0.04764996102662974,
tests/data/csd_families/QIXZAY/QIXZAY.cif,tests/data/csd_families/QIXZAY/QIXZAY02.cif,15,0.8306831400841475,15,0.1211676960173325,
tests/data/csd_families/QIXZAY/QIXZAY.cif,tests/data/csd_families/QIXZAY/QIXZAY03.cif,15,4.16249989066273,8,1.9522942986301517,
tests/data/csd_families/QIXZAY/QIXZAY01.cif,tests/data/csd_families/QIXZAY/QIXZAY02.cif,15,1.3047329001128674,15,0.08305598748326792,
tests/data/csd_families/QIXZAY/QIXZAY01.cif,tests/data/csd_families/QIXZAY/QIXZAY03.cif,15,5.4107187539339066,8,1.9521704499478245,
tests/data/csd_families/QIXZAY/QIXZAY02.cif,tests/data/csd_families/QIXZAY/QIXZAY03.cif,15,4.69515790976584,8,1.9546247206962428,
tests/data/csd_families/QODLAZ/QODLAZ.cif,tests/data/csd_families/QODLAZ/QODLAZ01.cif,15,0.022397391498088837,15,0.026060194767495885,
tests/data/csd_families/QODLAZ/QODLAZ.cif,tests/data/csd_families/QODLAZ/QODLAZ02.cif,15,0.022030816413462162,15,0.11046748308953934,
tests/data/csd_families/QODLAZ/QODLAZ01.cif,tests/data/csd_families/QODLAZ/QODLAZ02.cif,15,0.022298770025372505,15,0.09039190239350928,
tests/data/csd_families/QQQBUJ/QQQBUJ01.cif,tests/data/csd_families/QQQBUJ/QQQBUJ02.cif,15,0.059941903688013554,13,0.11568893739476545,
tests/data/csd_families/QQQBUJ/QQQBUJ01.cif,tests/data/csd_families/QQQBUJ/QQQBUJ03.cif,15,0.06856902409344912,13,0.16193171176849824,
tests/data/csd_families/QQQBUJ/QQQBUJ02.cif,tests/data/csd_families/QQQBUJ/QQQBUJ03.cif,15,0.026147399097681046,15,0.12686071466638907,
tests/data/csd_families/QQQCIG/QQQCIG01.cif,tests/data/csd_families/QQQCIG/QQQCIG04.cif,15,0.06712768226861954,15,0.09581734419431752,
tests/data/csd_families/QQQCIG/QQQCIG01.cif,tests/data/csd_families/QQQCIG/QQQCIG05.cif,15,0.06681034713983536,15,0.08394733657296276,
tests/data/csd_families/QQQCIG/QQQCIG01.cif,tests/data/csd_families/QQQCIG/QQQCIG06.cif,15,0.06677539646625519,15,0.0819279782717547,
tests/data/csd_families/QQQCIG/QQQCIG01.cif,tests/data/csd_families/QQQCIG/QQQCIG07.cif,15,0.06681052781641483,15,0.05723912212194314,
tests/data/csd_families/QQQCIG/QQQCIG04.cif,tests/data/csd_families/QQQCIG/QQQCIG05.cif,15,0.0672660255804658,15,0.013821566342201337,
tests/data/csd_families/QQQCIG/QQQCIG04.cif,tests/data/csd_families/QQQCIG/QQQCIG06.cif,15,0.06724158395081758,15,0.02064225685777011,
tests/data/csd_families/QQQCIG/QQQCIG04.cif,tests/data/csd_families/QQQCIG/QQQCIG07.cif,15,0.06723837461322546,15,0.03947892390179218,
tests/data/csd_families/QQQCIG/QQQCIG05.cif,tests/data/csd_families/QQQCIG/QQQCIG06.cif,15,0.0672200033441186,15,0.009430487919323664,
tests/data/csd_families/QQQCIG/QQQCIG05.cif,tests/data/csd_families/QQQCIG/QQQCIG07.cif,15,0.06723236385732889,15,0.02738013595478656,
tests/data/csd_families/QQQCIG/QQQCIG06.cif,tests/data/csd_families/QQQCIG/QQQCIG07.cif,15,0.06736183632165194,15,0.027635988902858552,
tests/data/csd_families/QQQFGG/QQQFGG01.cif,tests/data/csd_families/QQQFGG/QQQFGG02.cif,15,0.020954148843884468,15,0.09245554052617351,
tests/data/csd_families/QQQFGG/QQQFGG01.cif,tests/data/csd_families/QQQFGG/QQQFGG03.cif,15,0.02083944622427225,15,0.08784124084625095,
tests/data/csd_families/QQQFGG/QQQFGG02.cif,tests/data/csd_families/QQQFGG/QQQFGG03.cif,15,0.021161633543670177,15,0.012110265110211488,
tests/data/csd_families/QUHNUD/QUHNUD.cif,tests/data/csd_families/QUHNUD/QUHNUD01.cif,15,0.07455208618193865,15,0.08382570505216742,
tests/data/csd_families/QUHNUD/QUHNUD.cif,tests/data/csd_families/QUHNUD/QUHNUD02.cif,15,0.07281579915434122,15,0.29196494103134046,
tests/data/csd_families/QUHNUD/QUHNUD01.cif,tests/data/csd_families/QUHNUD/QUHNUD02.cif,15,0.04594109859317541,15,0.279690756695167,
tests/data/csd_families/REBNOB/REBNOB.cif,tests/data/csd_families/REBNOB/REBNOB01.cif,15,0.23061528149992228,10,0.0848211470553673,
tests/data/csd_families/REBNOB/REBNOB.cif,tests/data/csd_families/REBNOB/REBNOB02.cif,15,0.03637607395648956,10,0.16115241868141872,
tests/data/csd_families/REBNOB/REBNOB01.cif,tests/data/csd_families/REBNOB/REBNOB02.cif,15,0.3249265979975462,15,0.08130827933617112,
tests/data/csd_families/RENRIL/RENRIL.cif,tests/data/csd_families/RENRIL/RENRIL01.cif,15,0.05273229256272316,15,0.05427009059319333,
tests/data/csd_families/RENRIL/RENRIL.cif,tests/data/csd_families/RENRIL/RENRIL10.cif,15,0.04921085946261883,15,0.0008713202370322547,
tests/data/csd_families/RENRIL/RENRIL.cif,tests/data/csd_families/RENRIL/RENRIL11.cif,15,0.05212497338652611,15,0.013906375260045024,
tests/data/csd_families/RENRIL/RENRIL01.cif,tests/data/csd_families/RENRIL/RENRIL10.cif,15,0.05272700358182192,15,0.05416328995720493,
tests/data/csd_families/RENRIL/RENRIL01.cif,tests/data/csd_families/RENRIL/RENRIL11.cif,15,0.05570905935019255,15,0.0520521132094815,
tests/data/csd_families/RENRIL/RENRIL10.cif,tests/data/csd_families/RENRIL/RENRIL11.cif,15,0.0523726474493742,15,0.013560222656020781,
tests/data/csd_families/RIRMAH/RIRMAH.cif,tests/data/csd_families/RIRMAH/RIRMAH01.cif,15,0.16691918298602104,15,0.022213641232476,
tests/data/csd_families/RIRMAH/RIRMAH.cif,tests/data/csd_families/RIRMAH/RIRMAH02.cif,15,0.1735356729477644,15,0.08664841204027779,
tests/data/csd_families/RIRMAH/RIRMAH01.cif,tests/data/csd_families/RIRMAH/RIRMAH02.cif,15,0.16940243169665337,15,0.07719994026950361,
tests/data/csd_families/ROKWIX/ROKWIX.cif,tests/data/csd_families/ROKWIX/ROKWIX01.cif,15,2.788449672050774,15,0.21251525425975876,
tests/data/csd_families/ROKWIX/ROKWIX.cif,tests/data/csd_families/ROKWIX/ROKWIX02.cif,15,2.0196361923590302,15,0.14119054204787093,
tests/data/csd_families/ROKWIX/ROKWIX.cif,tests/data/csd_families/ROKWIX/ROKWIX03.cif,15,2.999623111449182,15,0.12359053624824998,
tests/data/csd_families/ROKWIX/ROKWIX01.cif,tests/data/csd_families/ROKWIX/ROKWIX02.cif,15,3.022470680065453,15,0.20808142048856085,
tests/data/csd_families/ROKWIX/ROKWIX01.cif,tests/data/csd_families/ROKWIX/ROKWIX03.cif,15,6.86508253775537,15,0.2882881387281243,
tests/data/csd_families/ROKWIX/ROKWIX02.cif,tests/data/csd_families/ROKWIX/ROKWIX03.cif,15,1.367985788732767,15,0.17048561587171024,
tests/data/csd_families/ROLMUA/ROLMUA.cif,tests/data/csd_families/ROLMUA/ROLMUA01.cif,15,10.232979295775294,7,2.560676066206449,
tests/data/csd_families/ROLMUA/ROLMUA.cif,tests/data/csd_families/ROLMUA/ROLMUA02.cif,15,9.392337741330266,8,2.6994693472722298,
tests/data/csd_families/ROLMUA/ROLMUA.cif,tests/data/csd_families/ROLMUA/ROLMUA03.cif,15,4.592936080880463,7,2.754591863811177,
tests/data/csd_families/ROLMUA/ROLMUA01.cif,tests/data/csd_families/ROLMUA/ROLMUA02.cif,15,0.1461859280243516,15,0.16707186142145763,
tests/data/csd_families/ROLMUA/ROLMUA01.cif,tests/data/csd_families/ROLMUA/ROLMUA03.cif,15,6.2977467915043235,9,0.7668311827717156,
tests/data/csd_families/ROLMUA/ROLMUA02.cif,tests/data/csd_families/ROLMUA/ROLMUA03.cif,15,3.497067967429757,9,0.7444647410917093,
tests/data/csd_families/ROMTUJ/ROMTUJ.cif,tests/data/csd_families/ROMTUJ/ROMTUJ01.cif,15,0.032913532108068466,15,0.07198342632649934,
tests/data/csd_families/ROMTUJ/ROMTUJ.cif,tests/data/csd_families/ROMTUJ/ROMTUJ02.cif,15,0.0326851075515151,15,0.023378767437984612,
tests/data/csd_families/ROMTUJ/ROMTUJ.cif,tests/data/csd_families/ROMTUJ/ROMTUJ03.cif,15,0.032272481359541416,15,0.18636034523592737,
tests/data/csd_families/ROMTUJ/ROMTUJ.cif,tests/data/csd_families/ROMTUJ/ROMTUJ04.cif,15,0.0332390870898962,15,0.3204690927101447,
tests/data/csd_families/ROMTUJ/ROMTUJ01.cif,tests/data/csd_families/ROMTUJ/ROMTUJ02.cif,15,0.032800848595798016,15,0.08338981676077675,
tests/data/csd_families/ROMTUJ/ROMTUJ01.cif,tests/data/csd_families/ROMTUJ/ROMTUJ03.cif,15,0.0325217554345727,15,0.25476718007295746,
tests/data/csd_families/ROMTUJ/ROMTUJ01.cif,tests/data/csd_families/ROMTUJ/ROMTUJ04.cif,15,0.03344709984958172,15,0.38888790175752663,
tests/data/csd_families/ROMTUJ/ROMTUJ02.cif,tests/data/csd_families/ROMTUJ/ROMTUJ03.cif,15,0.032546586357057095,15,0.1721807468933493,
tests/data/csd_families/ROMTUJ/ROMTUJ02.cif,tests/data/csd_families/ROMTUJ/ROMTUJ04.cif,15,0.033535310998559,15,0.30645005674236175,
tests/data/csd_families/ROMTUJ/ROMTUJ03.cif,tests/data/csd_families/ROMTUJ/ROMTUJ04.cif,15,0.033267077058553696,15,0.13485681045904385,
tests/data/csd_families/RUVTOR/RUVTOR.cif,tests/data/csd_families/RUVTOR/RUVTOR01.cif,15,0.18403642531484365,15,0.013887669552402594,
tests/data/csd_families/RUVTOR/RUVTOR.cif,tests/data/csd_families/RUVTOR/RUVTOR02.cif,15,0.19223716016858816,15,0.027224031692528697,
tests/data/csd_families/RUVTOR/RUVTOR01.cif,tests/data/csd_families/RUVTOR/RUVTOR02.cif,15,0.172167862765491,15,0.015689171710382838,
tests/data/csd_families/SAJQII/SAJQII.cif,tests/data/csd_families/SAJQII/SAJQII01.cif,15,0.04254992865025997,15,0.03010705841879866,
tests/data/csd_families/SAJQII/SAJQII.cif,tests/data/csd_families/SAJQII/SAJQII02.cif,15,0.041964138858020306,15,0.06603531366991486,
tests/data/csd_families/SAJQII/SAJQII01.cif,tests/data/csd_families/SAJQII/SAJQII02.cif,15,0.04220088291913271,15,0.03797389368720959,
tests/data/csd_families/SAKMEW/SAKMEW.cif,tests/data/csd_families/SAKMEW/SAKMEW01.cif,15,1.0404563853517175,7,2.2862693698608587,
tests/data/csd_families/SAKMEW/SAKMEW.cif,tests/data/csd_families/SAKMEW/SAKMEW11.cif,15,11.308416862040758,5,0.42167879844467643,
tests/data/csd_families/SAKMEW/SAKMEW.cif,tests/data/csd_families/SAKMEW/SAKMEW12.cif,15,19.60626115091145,4,0.5533394958516532,
tests/data/csd_families/SAKMEW/SAKMEW01.cif,tests/data/csd_families/SAKMEW/SAKMEW11.cif,15,0.06170983053743839,15,0.009442641487052334,
tests/data/csd_families/SAKMEW/SAKMEW01.cif,tests/data/csd_families/SAKMEW/SAKMEW12.cif,15,0.5907454341650009,15,0.06190615177447012,
tests/data/csd_families/SAKMEW/SAKMEW11.cif,tests/data/csd_families/SAKMEW/SAKMEW12.cif,15,0.5997337708249688,15,0.060867191506652506,
tests/data/csd_families/SAQTOT/SAQTOT.cif,tests/data/csd_families/SAQTOT/SAQTOT01.cif,15,0.02343965880572796,15,0.031834219941675075,
tests/data/csd_families/SAQTOT/SAQTOT.cif,tests/data/csd_families/SAQTOT/SAQTOT02.cif,15,0.026906750164926052,15,0.02366637934753648,
tests/data/csd_families/SAQTOT/SAQTOT.cif,tests/data/csd_families/SAQTOT/SAQTOT03.cif,15,0.027743051759898663,15,0.061389338302627834,
tests/data/csd_families/SAQTOT/SAQTOT.cif,tests/data/csd_families/SAQTOT/SAQTOT04.cif,15,0.027557220309972763,15,0.09062586218245605,
tests/data/csd_families/SAQTOT/SAQTOT01.cif,tests/data/csd_families/SAQTOT/SAQTOT02.cif,15,0.025702581740915775,15,0.05527245437890249,
tests/data/csd_families/SAQTOT/SAQTOT01.cif,tests/data/csd_families/SAQTOT/SAQTOT03.cif,15,0.02433714084327221,15,0.09224600347036213,
tests/data/csd_families/SAQTOT/SAQTOT01.cif,tests/data/csd_families/SAQTOT/SAQTOT04.cif,15,0.024167188443243504,15,0.12168372629732348,
tests/data/csd_families/SAQTOT/SAQTOT02.cif,tests/data/csd_families/SAQTOT/SAQTOT03.cif,15,0.027940616011619568,15,0.038620347517241194,
tests/data/csd_families/SAQTOT/SAQTOT02.cif,tests/data/csd_families/SAQTOT/SAQTOT04.cif,15,0.027453787624835968,15,0.06751745589945984,
tests/data/csd_families/SAQTOT/SAQTOT03.cif,tests/data/csd_families/SAQTOT/SAQTOT04.cif,15,0.026740376837551594,15,0.030895796324437664,
tests/data/csd_families/SAQZOY/SAQZOY.cif,tests/data/csd_families/SAQZOY/SAQZOY01.cif,15,0.20433751493692398,15,0.037598131049062705,
tests/data/csd_families/SAQZOY/SAQZOY.cif,tests/data/csd_families/SAQZOY/SAQZOY02.cif,15,0.03759088274091482,15,0.06801278386313582,
tests/data/csd_families/SAQZOY/SAQZOY.cif,tests/data/csd_families/SAQZOY/SAQZOY03.cif,15,0.03845583647489548,15,0.053786585726803574,
tests/data/csd_families/SAQZOY/SAQZOY.cif,tests/data/csd_families/SAQZOY/SAQZOY04.cif,15,0.029960786923766136,15,0.03958970119592162,
tests/data/csd_families/SAQZOY/SAQZOY01.cif,tests/data/csd_families/SAQZOY/SAQZOY02.cif,15,0.028664566576480865,15,0.04060228472081292,
tests/data/csd_families/SAQZOY/SAQZOY01.cif,tests/data/csd_families/SAQZOY/SAQZOY03.cif,15,0.029839823953807354,15,0.027838413465065364,
tests/data/csd_families/SAQZOY/SAQZOY01.cif,tests/data/csd_families/SAQZOY/SAQZOY04.cif,15,0.021439637057483196,15,0.020896507485170576,
tests/data/csd_families/SAQZOY/SAQZOY02.cif,tests/data/csd_families/SAQZOY/SAQZOY03.cif,15,0.03666789922863245,15,0.01731438926249202,
tests/data/csd_families/SAQZOY/SAQZOY02.cif,tests/data/csd_families/SAQZOY/SAQZOY04.cif,15,0.02828287985175848,15,0.029998234074506944,
tests/data/csd_families/SAQZOY/SAQZOY03.cif,tests/data/csd_families/SAQZOY/SAQZOY04.cif,15,0.029247346334159374,15,0.01638585886133229,
tests/data/csd_families/SEDTUQ/SEDTUQ.cif,tests/data/csd_families/SEDTUQ/SEDTUQ01.cif,15,0.032524566166102886,15,0.03138557218697405,
tests/data/csd_families/SEDTUQ/SEDTUQ.cif,tests/data/csd_families/SEDTUQ/SEDTUQ02.cif,15,0.02695128135383129,15,0.02974174281036238,
tests/data/csd_families/SEDTUQ/SEDTUQ.cif,tests/data/csd_families/SEDTUQ/SEDTUQ03.cif,15,0.03129290696233511,15,0.035330138053016935,
tests/data/csd_families/SEDTUQ/SEDTUQ.cif,tests/data/csd_families/SEDTUQ/SEDTUQ04.cif,15,0.03383992612361908,15,0.04464700240498749,
tests/data/csd_families/SEDTUQ/SEDTUQ01.cif,tests/data/csd_families/SEDTUQ/SEDTUQ02.cif,15,0.0330968052148819,15,0.04798410826778978,
tests/data/csd_families/SEDTUQ/SEDTUQ01.cif,tests/data/csd_families/SEDTUQ/SEDTUQ03.cif,15,0.03247634507715702,15,0.029012949916936263,
tests/data/csd_families/SEDTUQ/SEDTUQ01.cif,tests/data/csd_families/SEDTUQ/SEDTUQ04.cif,15,0.03254800569266081,15,0.028251438273800326,
tests/data/csd_families/SEDTUQ/SEDTUQ02.cif,tests/data/csd_families/SEDTUQ/SEDTUQ03.cif,15,0.03604117967188358,15,0.03187551978821301,
tests/data/csd_families/SEDTUQ/SEDTUQ02.cif,tests/data/csd_families/SEDTUQ/SEDTUQ04.cif,15,0.03859290760010481,15,0.046039612631780844,
tests/data/csd_families/SEDTUQ/SEDTUQ03.cif,tests/data/csd_families/SEDTUQ/SEDTUQ04.cif,15,0.04257631953805685,15,0.014413049185167694,
tests/data/csd_families/SETNEO/SETNEO.cif,tests/data/csd_families/SETNEO/SETNEO01.cif,15,0.02842098381370306,15,0.008222061868004631,
tests/data/csd_families/SETNEO/SETNEO.cif,tests/data/csd_families/SETNEO/SETNEO02.cif,15,0.028852920047938824,15,0.015761710979422024,
tests/data/csd_families/SETNEO/SETNEO.cif,tests/data/csd_families/SETNEO/SETNEO03.cif,15,0.02846058364957571,15,0.02486033869002225,
tests/data/csd_families/SETNEO/SETNEO.cif,tests/data/csd_families/SETNEO/SETNEO04.cif,15,0.03113038558512926,15,0.03346739616735464,
tests/data/csd_families/SETNEO/SETNEO01.cif,tests/data/csd_families/SETNEO/SETNEO02.cif,15,0.023137922398746014,15,0.007784984637079845,
tests/data/csd_families/SETNEO/SETNEO01.cif,tests/data/csd_families/SETNEO/SETNEO03.cif,15,0.030342533253133297,15,0.016880244538175687,
tests/data/csd_families/SETNEO/SETNEO01.cif,tests/data/csd_families/SETNEO/SETNEO04.cif,15,0.024068856611847878,15,0.02549320125524666,
tests/data/csd_families/SETNEO/SETNEO02.cif,tests/data/csd_families/SETNEO/SETNEO03.cif,15,0.028137698769569397,15,0.009293959988927743,
tests/data/csd_families/SETNEO/SETNEO02.cif,tests/data/csd_families/SETNEO/SETNEO04.cif,15,0.0289151007309556,15,0.017874943515952636,
tests/data/csd_families/SETNEO/SETNEO03.cif,tests/data/csd_families/SETNEO/SETNEO04.cif,15,0.029745723120868206,15,0.008807256256958563,
tests/data/csd_families/SEZRAU/SEZRAU.cif,tests/data/csd_families/SEZRAU/SEZRAU01.cif,15,0.18054963182657957,11,1.1613238521310643,
tests/data/csd_families/SEZRAU/SEZRAU.cif,tests/data/csd_families/SEZRAU/SEZRAU02.cif,15,0.023598570376634598,15,0.01661540282411594,
tests/data/csd_families/SEZRAU/SEZRAU01.cif,tests/data/csd_families/SEZRAU/SEZRAU02.cif,15,0.15968855377286673,11,1.1669304717241245,
tests/data/csd_families/SOSPUL/SOSPUL.cif,tests/data/csd_families/SOSPUL/SOSPUL01.cif,15,0.20170367322862148,15,0.049843623482479185,
tests/data/csd_families/SOSPUL/SOSPUL.cif,tests/data/csd_families/SOSPUL/SOSPUL02.cif,15,0.2151525691151619,15,0.10525986077188892,
tests/data/csd_families/SOSPUL/SOSPUL01.cif,tests/data/csd_families/SOSPUL/SOSPUL02.cif,15,0.1661719223484397,15,0.09515812136466757,
tests/data/csd_families/SUCROS/SUCROS01.cif,tests/data/csd_families/SUCROS/SUCROS03.cif,15,0.05022068414837122,15,0.032583023366677524,
tests/data/csd_families/SUCROS/SUCROS01.cif,tests/data/csd_families/SUCROS/SUCROS04.cif,15,0.05183735955506563,15,0.03377224408532121,
tests/data/csd_families/SUCROS/SUCROS01.cif,tests/data/csd_families/SUCROS/SUCROS08.cif,15,0.05190831236541271,15,0.03637508085520203,
tests/data/csd_families/SUCROS/SUCROS01.cif,tests/data/csd_families/SUCROS/SUCROS11.cif,15,0.05202769301831722,15,0.032849204023986264,
tests/data/csd_families/SUCROS/SUCROS03.cif,tests/data/csd_families/SUCROS/SUCROS04.cif,15,0.04964866675436497,15,0.004145437276567755,
tests/data/csd_families/SUCROS/SUCROS03.cif,tests/data/csd_families/SUCROS/SUCROS08.cif,15,0.04960280656814575,15,0.009850505180763507,
tests/data/csd_families/SUCROS/SUCROS03.cif,tests/data/csd_families/SUCROS/SUCROS11.cif,15,0.049734278582036495,15,0.00437592557902778,
tests/data/csd_families/SUCROS/SUCROS04.cif,tests/data/csd_families/SUCROS/SUCROS08.cif,15,0.05225868709385395,15,0.00943581626348601,
tests/data/csd_families/SUCROS/SUCROS04.cif,tests/data/csd_families/SUCROS/SUCROS11.cif,15,0.05214563477784395,15,0.005723348295383122,
tests/data/csd_families/SUCROS/SUCROS08.cif,tests/data/csd_families/SUCROS/SUCROS11.cif,15,0.0523137366399169,15,0.00808019422949768,
tests/data/csd_families/SUWMIG/SUWMIG.cif,tests/data/csd_families/SUWMIG/SUWMIG01.cif,15,0.07261112704873085,15,1.2469313864067837,
tests/data/csd_families/SUWMIG/SUWMIG.cif,tests/data/csd_families/SUWMIG/SUWMIG02.cif,15,0.25771280750632286,15,1.543002697024605,
tests/data/csd_families/SUWMIG/SUWMIG.cif,tests/data/csd_families/SUWMIG/SUWMIG03.cif,15,0.18281873688101768,15,0.8922193566798139,
tests/data/csd_families/SUWMIG/SUWMIG01.cif,tests/data/csd_families/SUWMIG/SUWMIG02.cif,15,0.11623312160372734,15,0.8472366313454879,
tests/data/csd_families/SUWMIG/SUWMIG01.cif,tests/data/csd_families/SUWMIG/SUWMIG03.cif,15,0.10061397403478622,15,1.230521297675926,
tests/data/csd_families/SUWMIG/SUWMIG02.cif,tests/data/csd_families/SUWMIG/SUWMIG03.cif,15,0.23449321370571852,13,1.1445629304864315,
tests/data/csd_families/TAJCUD/TAJCUD.cif,tests/data/csd_families/TAJCUD/TAJCUD01.cif,15,0.01673129480332136,10,1.9312456411278478,
tests/data/csd_families/TAJCUD/TAJCUD.cif,tests/data/csd_families/TAJCUD/TAJCUD02.cif,15,0.013129199855029583,15,0.06659914071031187,
tests/data/csd_families/TAJCUD/TAJCUD.cif,tests/data/csd_families/TAJCUD/TAJCUD03.cif,15,0.013280591927468777,15,0.019712330031878528,
tests/data/csd_families/TAJCUD/TAJCUD.cif,tests/data/csd_families/TAJCUD/TAJCUD04.cif,15,0.017000959254801273,11,2.1565932090173976,
tests/data/csd_families/TAJCUD/TAJCUD01.cif,tests/data/csd_families/TAJCUD/TAJCUD02.cif,15,0.020918929018080235,10,1.938622668819068,
tests/data/csd_families/TAJCUD/TAJCUD01.cif,tests/data/csd_families/TAJCUD/TAJCUD03.cif,15,0.01753394678235054,10,1.8341479334855006,
tests/data/csd_families/TAJCUD/TAJCUD01.cif,tests/data/csd_families/TAJCUD/TAJCUD04.cif,15,0.01182175986468792,15,0.042874084624150634,
tests/data/csd_families/TAJCUD/TAJCUD02.cif,tests/data/csd_families/TAJCUD/TAJCUD03.cif,15,0.01585114188492298,15,0.08364009456740655,
tests/data/csd_families/TAJCUD/TAJCUD02.cif,tests/data/csd_families/TAJCUD/TAJCUD04.cif,15,0.018744755536317825,11,2.1657314179687943,
tests/data/csd_families/TAJCUD/TAJCUD03.cif,tests/data/csd_families/TAJCUD/TAJCUD04.cif,15,0.020852587185800076,11,2.153554377078083,
tests/data/csd_families/TAPYEP/TAPYEP.cif,tests/data/csd_families/TAPYEP/TAPYEP02.cif,15,0.10104173980653286,15,0.026363875839156364,
tests/data/csd_families/TAPYEP/TAPYEP.cif,tests/data/csd_families/TAPYEP/TAPYEP03.cif,15,0.05168204754590988,15,0.0143516577346059,
tests/data/csd_families/TAPYEP/TAPYEP.cif,tests/data/csd_families/TAPYEP/TAPYEP04.cif,15,0.05296142678707838,15,0.009060384312645497,
tests/data/csd_families/TAPYEP/TAPYEP.cif,tests/data/csd_families/TAPYEP/TAPYEP05.cif,15,0.11167566198855639,15,0.028402088855538934,
tests/data/csd_families/TAPYEP/TAPYEP02.cif,tests/data/csd_families/TAPYEP/TAPYEP03.cif,15,0.10007775574922562,15,0.034318784024783014,
tests/data/csd_families/TAPYEP/TAPYEP02.cif,tests/data/csd_families/TAPYEP/TAPYEP04.cif,15,0.0937351193279028,15,0.026079208353662935,
tests/data/csd_families/TAPYEP/TAPYEP02.cif,tests/data/csd_families/TAPYEP/TAPYEP05.cif,15,0.1159381065517664,15,0.002362313768866346,
tests/data/csd_families/TAPYEP/TAPYEP03.cif,tests/data/csd_families/TAPYEP/TAPYEP04.cif,15,0.06347852759063244,15,0.01208613133581417,
tests/data/csd_families/TAPYEP/TAPYEP03.cif,tests/data/csd_families/TAPYEP/TAPYEP05.cif,15,0.11195715703070164,15,0.03617487865963352,
tests/data/csd_families/TAPYEP/TAPYEP04.cif,tests/data/csd_families/TAPYEP/TAPYEP05.cif,15,0.08898540586233139,15,0.028571396511995747,
tests/data/csd_families/TAVKUX/TAVKUX.cif,tests/data/csd_families/TAVKUX/TAVKUX02.cif,15,0.028548046015203,1,0.0053064311745496025,
tests/data/csd_families/TAVKUX/TAVKUX.cif,tests/data/csd_families/TAVKUX/TAVKUX06.cif,15,0.5400730734691024,15,2.3047473989680394,
tests/data/csd_families/TAVKUX/TAVKUX.cif,tests/data/csd_families/TAVKUX/TAVKUX07.cif,15,0.5545879630371928,15,2.3045368986515777,
tests/data/csd_families/TAVKUX/TAVKUX.cif,tests/data/csd_families/TAVKUX/TAVKUX09.cif,15,0.028943760320544243,1,0.010420912871311078,
tests/data/csd_families/TAVKUX/TAVKUX02.cif,tests/data/csd_families/TAVKUX/TAVKUX06.cif,15,0.5383446263149381,15,2.308821346582167,
tests/data/csd_families/TAVKUX/TAVKUX02.cif,tests/data/csd_families/TAVKUX/TAVKUX07.cif,15,0.5344816166907549,15,0.09635893931561723,
tests/data/csd_families/TAVKUX/TAVKUX02.cif,tests/data/csd_families/TAVKUX/TAVKUX09.cif,15,1.2667405596002936,15,0.046916522076239746,
tests/data/csd_families/TAVKUX/TAVKUX06.cif,tests/data/csd_families/TAVKUX/TAVKUX07.cif,15,0.03371401410549879,15,0.11225466713964394,
tests/data/csd_families/TAVKUX/TAVKUX06.cif,tests/data/csd_families/TAVKUX/TAVKUX09.cif,15,0.5193173754960299,15,0.11791581689466743,
tests/data/csd_families/TAVKUX/TAVKUX07.cif,tests/data/csd_families/TAVKUX/TAVKUX09.cif,15,0.5521733863279223,15,2.3053343440274094,
tests/data/csd_families/TAZDNC/TAZDNC01.cif,tests/data/csd_families/TAZDNC/TAZDNC02.cif,15,0.03210433945059776,15,0.07422727859937063,
tests/data/csd_families/TAZDNC/TAZDNC01.cif,tests/data/csd_families/TAZDNC/TAZDNC04.cif,15,0.02990588452666998,15,0.05279783399754647,
tests/data/csd_families/TAZDNC/TAZDNC01.cif,tests/data/csd_families/TAZDNC/TAZDNC06.cif,15,0.03017293941229582,15,0.03411034303678942,
tests/data/csd_families/TAZDNC/TAZDNC01.cif,tests/data/csd_families/TAZDNC/TAZDNC08.cif,15,0.02741346787661314,15,0.019149802858864393,
tests/data/csd_families/TAZDNC/TAZDNC02.cif,tests/data/csd_families/TAZDNC/TAZDNC04.cif,15,0.02801509853452444,15,0.024276564098078615,
tests/data/csd_families/TAZDNC/TAZDNC02.cif,tests/data/csd_families/TAZDNC/TAZDNC06.cif,15,0.0326972883194685,15,0.0470143076699696,
tests/data/csd_families/TAZDNC/TAZDNC02.cif,tests/data/csd_families/TAZDNC/TAZDNC08.cif,15,0.026122648268938065,15,0.0653975342766181,
tests/data/csd_families/TAZDNC/TAZDNC04.cif,tests/data/csd_families/TAZDNC/TAZDNC06.cif,15,0.030298931524157524,15,0.024059692274947874,
tests/data/csd_families/TAZDNC/TAZDNC04.cif,tests/data/csd_families/TAZDNC/TAZDNC08.cif,15,0.032476224936544895,15,0.042641458592933786,
tests/data/csd_families/TAZDNC/TAZDNC06.cif,tests/data/csd_families/TAZDNC/TAZDNC08.cif,15,0.03249244578182697,15,0.019649813145980296,
tests/data/csd_families/TCBENQ/TCBENQ.cif,tests/data/csd_families/TCBENQ/TCBENQ01.cif,15,1.6006490997970104,15,0.13127427809613318,
tests/data/csd_families/TCBENQ/TCBENQ.cif,tests/data/csd_families/TCBENQ/TCBENQ02.cif,15,1.3615094851702452,15,0.08585078216133596,
tests/data/csd_families/TCBENQ/TCBENQ.cif,tests/data/csd_families/TCBENQ/TCBENQ03.cif,15,1.759016564115882,15,0.27427992612413643,
tests/data/csd_families/TCBENQ/TCBENQ.cif,tests/data/csd_families/TCBENQ/TCBENQ04.cif,15,1.765065386891365,15,0.22041587741282703,
tests/data/csd_families/TCBENQ/TCBENQ01.cif,tests/data/csd_families/TCBENQ/TCBENQ02.cif,15,1.4522965587675571,15,0.19076836108442985,
tests/data/csd_families/TCBENQ/TCBENQ01.cif,tests/data/csd_families/TCBENQ/TCBENQ03.cif,15,1.1294043771922588,15,0.35314652769402965,
tests/data/csd_families/TCBENQ/TCBENQ01.cif,tests/data/csd_families/TCBENQ/TCBENQ04.cif,15,1.238339938223362,15,0.29604626967253855,
tests/data/csd_families/TCBENQ/TCBENQ02.cif,tests/data/csd_families/TCBENQ/TCBENQ03.cif,15,0.07116445526480675,15,0.2451936903530804,
tests/data/csd_families/TCBENQ/TCBENQ02.cif,tests/data/csd_families/TCBENQ/TCBENQ04.cif,15,0.0846693404018879,15,0.185654788243885,
tests/data/csd_families/TCBENQ/TCBENQ03.cif,tests/data/csd_families/TCBENQ/TCBENQ04.cif,15,0.10993549600243568,15,0.08130246642548715,
tests/data/csd_families/TCNICO/TCNICO.cif,tests/data/csd_families/TCNICO/TCNICO01.cif,15,0.05112408008426428,15,0.0562518691947758,
tests/data/csd_families/TCNICO/TCNICO.cif,tests/data/csd_families/TCNICO/TCNICO02.cif,15,0.05359693709760904,15,0.18595582261861154,
tests/data/csd_families/TCNICO/TCNICO01.cif,tests/data/csd_families/TCNICO/TCNICO02.cif,15,0.03325401712208986,15,0.17724360405345585,
tests/data/csd_families/TEJKUO/TEJKUO.cif,tests/data/csd_families/TEJKUO/TEJKUO01.cif,15,0.2602993883192539,11,0.49715421228372875,
tests/data/csd_families/TEJKUO/TEJKUO.cif,tests/data/csd_families/TEJKUO/TEJKUO03.cif,15,0.30338967498391867,9,0.16451635442344884,
tests/data/csd_families/TEJKUO/TEJKUO.cif,tests/data/csd_families/TEJKUO/TEJKUO04.cif,15,20.035497951321304,0,nan,RuntimeError:MotifSearch Timeout
tests/data/csd_families/TEJKUO/TEJKUO.cif,tests/data/csd_families/TEJKUO/TEJKUO05.cif,15,0.2966323224827647,10,1.621925998128265,
tests/data/csd_families/TEJKUO/TEJKUO01.cif,tests/data/csd_families/TEJKUO/TEJKUO03.cif,15,0.24530568905174732,10,0.13578348890903028,
tests/data/csd_families/TEJKUO/TEJKUO01.cif,tests/data/csd_families/TEJKUO/TEJKUO04.cif,15,0.34343940764665604,15,0.17358228296727962,
tests/data/csd_families/TEJKUO/TEJKUO01.cif,tests/data/csd_families/TEJKUO/TEJKUO05.cif,15,0.2465952793136239,10,0.14074901202382453,
tests/data/csd_families/TEJKUO/TEJKUO03.cif,tests/data/csd_families/TEJKUO/TEJKUO04.cif,15,20.022301023826003,0,nan,RuntimeError:MotifSearch Timeout
tests/data/csd_families/TEJKUO/TEJKUO03.cif,tests/data/csd_families/TEJKUO/TEJKUO05.cif,15,0.036890012212097645,15,0.07420258436301355,
tests/data/csd_families/TEJKUO/TEJKUO04.cif,tests/data/csd_families/TEJKUO/TEJKUO05.cif,15,20.031009308993816,0,nan,RuntimeError:MotifSearch Timeout
tests/data/csd_families/TETBBZ/TETBBZ.cif,tests/data/csd_families/TETBBZ/TETBBZ01.cif,15,0.04070551134645939,15,0.36634278474562454,
tests/data/csd_families/TETBBZ/TETBBZ.cif,tests/data/csd_families/TETBBZ/TETBBZ02.cif,15,0.04369610548019409,15,0.48323711230562,
tests/data/csd_families/TETBBZ/TETBBZ.cif,tests/data/csd_families/TETBBZ/TETBBZ03.cif,15,0.03743250109255314,15,0.3672767005888587,
tests/data/csd_families/TETBBZ/TETBBZ.cif,tests/data/csd_families/TETBBZ/TETBBZ04.cif,15,0.04873783327639103,15,0.4995094206421342,
tests/data/csd_families/TETBBZ/TETBBZ01.cif,tests/data/csd_families/TETBBZ/TETBBZ02.cif,15,0.05524234287440777,15,0.1496641071096014,
tests/data/csd_families/TETBBZ/TETBBZ01.cif,tests/data/csd_families/TETBBZ/TETBBZ03.cif,15,0.05125535186380148,15,0.03447975799125967,
tests/data/csd_families/TETBBZ/TETBBZ01.cif,tests/data/csd_families/TETBBZ/TETBBZ04.cif,15,0.0428882846608758,15,0.16121638404399946,
tests/data/csd_families/TETBBZ/TETBBZ02.cif,tests/data/csd_families/TETBBZ/TETBBZ03.cif,15,0.05342594534158707,15,0.14188932680553007,
tests/data/csd_families/TETBBZ/TETBBZ02.cif,tests/data/csd_families/TETBBZ/TETBBZ04.cif,15,0.04365812614560127,15,0.027499353212954845,
tests/data/csd_families/TETBBZ/TETBBZ03.cif,tests/data/csd_families/TETBBZ/TETBBZ04.cif,15,0.05912249069660902,15,0.15306309480575964,
tests/data/csd_families/TETREP/TETREP.cif,tests/data/csd_families/TETREP/TETREP01.cif,15,0.12327164970338345,15,0.008111730500729032,
tests/data/csd_families/TETREP/TETREP.cif,tests/data/csd_families/TETREP/TETREP02.cif,15,0.13239121064543724,15,0.020089907021196896,
tests/data/csd_families/TETREP/TETREP01.cif,tests/data/csd_families/TETREP/TETREP02.cif,15,0.20934644155204296,15,0.02296279153344348,
tests/data/csd_families/TEYDAC/TEYDAC.cif,tests/data/csd_families/TEYDAC/TEYDAC05.cif,15,0.06291963066905737,5,2.268681708267315,
tests/data/csd_families/TEYDAC/TEYDAC.cif,tests/data/csd_families/TEYDAC/TEYDAC06.cif,15,0.6254531592130661,15,0.07399519805498599,
tests/data/csd_families/TEYDAC/TEYDAC05.cif,tests/data/csd_families/TEYDAC/TEYDAC06.cif,15,0.07134902849793434,4,1.7300274002188158,
tests/data/csd_families/THGUAN/THGUAN10.cif,tests/data/csd_families/THGUAN/THGUAN11.cif,15,0.03889736346900463,15,0.056667349253133666,
tests/data/csd_families/THGUAN/THGUAN10.cif,tests/data/csd_families/THGUAN/THGUAN12.cif,15,0.0413441713899374,15,0.054026669915284285,
tests/data/csd_families/THGUAN/THGUAN11.cif,tests/data/csd_families/THGUAN/THGUAN12.cif,15,0.043850348331034184,15,0.022924059167188576,
tests/data/csd_families/TILRAJ/TILRAJ.cif,tests/data/csd_families/TILRAJ/TILRAJ01.cif,15,0.03243215475231409,0,nan,
tests/data/csd_families/TILRAJ/TILRAJ.cif,tests/data/csd_families/TILRAJ/TILRAJ02.cif,15,0.03145282994955778,0,nan,
tests/data/csd_families/TILRAJ/TILRAJ01.cif,tests/data/csd_families/TILRAJ/TILRAJ02.cif,15,22.076797978021204,0,nan,RuntimeError:MotifSearch Timeout
tests/data/csd_families/TISPUI/TISPUI.cif,tests/data/csd_families/TISPUI/TISPUI01.cif,15,0.3930512061342597,15,0.01574699101241392,
tests/data/csd_families/TISPUI/TISPUI.cif,tests/data/csd_families/TISPUI/TISPUI02.cif,15,0.20530459191650152,15,0.057056670978076374,
tests/data/csd_families/TISPUI/TISPUI.cif,tests/data/csd_families/TISPUI/TISPUI03.cif,15,0.2509438479319215,15,0.07985647753117367,
tests/data/csd_families/TISPUI/TISPUI.cif,tests/data/csd_families/TISPUI/TISPUI04.cif,15,0.2503588693216443,15,0.10147793759047236,
tests/data/csd_families/TISPUI/TISPUI01.cif,tests/data/csd_families/TISPUI/TISPUI02.cif,15,0.2210068004205823,15,0.04734402074643193,
tests/data/csd_families/TISPUI/TISPUI01.cif,tests/data/csd_families/TISPUI/TISPUI03.cif,15,0.2427360014989972,15,0.06958911029656457,
tests/data/csd_families/TISPUI/TISPUI01.cif,tests/data/csd_families/TISPUI/TISPUI04.cif,15,0.2593249762430787,15,0.0904248891778888,
tests/data/csd_families/TISPUI/TISPUI02.cif,tests/data/csd_families/TISPUI/TISPUI03.cif,15,0.27069940883666277,15,0.02606593768185314,
tests/data/csd_families/TISPUI/TISPUI02.cif,tests/data/csd_families/TISPUI/TISPUI04.cif,15,0.21067767404019833,15,0.04947138749487034,
tests/data/csd_families/TISPUI/TISPUI03.cif,tests/data/csd_families/TISPUI/TISPUI04.cif,15,0.32456923089921474,15,0.025790188013533694,
tests/data/csd_families/TMAMOH/TMAMOH.cif,tests/data/csd_families/TMAMOH/TMAMOH03.cif,15,0.8048322470858693,15,0.18727111859028994,
tests/data/csd_families/TMAMOH/TMAMOH.cif,tests/data/csd_families/TMAMOH/TMAMOH04.cif,15,9.624363593757153,11,2.234974308486688,
tests/data/csd_families/TMAMOH/TMAMOH03.cif,tests/data/csd_families/TMAMOH/TMAMOH04.cif,15,0.13142361491918564,5,7.7164896051216125,
tests/data/csd_families/TOJHIK/TOJHIK.cif,tests/data/csd_families/TOJHIK/TOJHIK01.cif,15,0.9984051203355193,15,0.15813658172655953,
tests/data/csd_families/TOJHIK/TOJHIK.cif,tests/data/csd_families/TOJHIK/TOJHIK02.cif,15,1.2780656181275845,15,0.177348416122097,
tests/data/csd_families/TOJHIK/TOJHIK.cif,tests/data/csd_families/TOJHIK/TOJHIK03.cif,15,1.2631782395765185,15,0.17737813888985118,
tests/data/csd_families/TOJHIK/TOJHIK.cif,tests/data/csd_families/TOJHIK/TOJHIK04.cif,15,1.1462295958772302,15,0.04158746846693919,
tests/data/csd_families/TOJHIK/TOJHIK01.cif,tests/data/csd_families/TOJHIK/TOJHIK02.cif,15,1.151674729771912,15,0.028234405907497324,
tests/data/csd_families/TOJHIK/TOJHIK01.cif,tests/data/csd_families/TOJHIK/TOJHIK03.cif,15,1.44540137052536,15,0.02706810977680009,
tests/data/csd_families/TOJHIK/TOJHIK01.cif,tests/data/csd_families/TOJHIK/TOJHIK04.cif,15,1.5311920000240207,15,0.14639421845505274,
tests/data/csd_families/TOJHIK/TOJHIK02.cif,tests/data/csd_families/TOJHIK/TOJHIK03.cif,15,1.0822621108964086,15,0.014530996419265663,
tests/data/csd_families/TOJHIK/TOJHIK02.cif,tests/data/csd_families/TOJHIK/TOJHIK04.cif,15,1.3680903315544128,15,0.16946761852605816,
tests/data/csd_families/TOJHIK/TOJHIK03.cif,tests/data/csd_families/TOJHIK/TOJHIK04.cif,15,1.468405512161553,15,0.16568606991047594,
tests/data/csd_families/TPHMET/TPHMET01.cif,tests/data/csd_families/TPHMET/TPHMET02.cif,15,0.09958742000162601,15,0.16483765791825258,
tests/data/csd_families/TPHMET/TPHMET01.cif,tests/data/csd_families/TPHMET/TPHMET10.cif,15,0.09314498119056225,15,0.11380108917597827,
tests/data/csd_families/TPHMET/TPHMET01.cif,tests/data/csd_families/TPHMET/TPHMET11.cif,15,0.09718230366706848,15,0.01527694453013186,
tests/data/csd_families/TPHMET/TPHMET01.cif,tests/data/csd_families/TPHMET/TPHMET12.cif,15,0.09879674669355154,15,0.03861202921947348,
tests/data/csd_families/TPHMET/TPHMET02.cif,tests/data/csd_families/TPHMET/TPHMET10.cif,15,0.1054010484367609,15,0.12273180769297634,
tests/data/csd_families/TPHMET/TPHMET02.cif,tests/data/csd_families/TPHMET/TPHMET11.cif,15,0.10162169020622969,15,0.16373147575149555,
tests/data/csd_families/TPHMET/TPHMET02.cif,tests/data/csd_families/TPHMET/TPHMET12.cif,15,0.10371437203139067,15,0.14266622440523277,
tests/data/csd_families/TPHMET/TPHMET10.cif,tests/data/csd_families/TPHMET/TPHMET11.cif,15,0.09426481928676367,15,0.11234808077051613,
tests/data/csd_families/TPHMET/TPHMET10.cif,tests/data/csd_families/TPHMET/TPHMET12.cif,15,0.09703131020069122,15,0.07805406081556043,
tests/data/csd_families/TPHMET/TPHMET11.cif,tests/data/csd_families/TPHMET/TPHMET12.cif,15,0.09937094617635012,15,0.036973169047348424,
tests/data/csd_families/TPSNCL/TPSNCL.cif,tests/data/csd_families/TPSNCL/TPSNCL01.cif,15,0.10024731885641813,15,0.10320889014170632,
tests/data/csd_families/TPSNCL/TPSNCL.cif,tests/data/csd_families/TPSNCL/TPSNCL02.cif,15,0.10052132327109575,15,0.15337274663661027,
tests/data/csd_families/TPSNCL/TPSNCL.cif,tests/data/csd_families/TPSNCL/TPSNCL03.cif,15,1.0176241248846054,6,4.128252053409618,
tests/data/csd_families/TPSNCL/TPSNCL01.cif,tests/data/csd_families/TPSNCL/TPSNCL02.cif,15,0.1072803670540452,15,0.13625876505823575,
tests/data/csd_families/TPSNCL/TPSNCL01.cif,tests/data/csd_families/TPSNCL/TPSNCL03.cif,15,1.5718782618641853,6,3.3155138572505973,
tests/data/csd_families/TPSNCL/TPSNCL02.cif,tests/data/csd_families/TPSNCL/TPSNCL03.cif,15,1.028084415011108,6,3.5047927550152376,
tests/data/csd_families/TRIPHE/TRIPHE.cif,tests/data/csd_families/TRIPHE/TRIPHE11.cif,15,2.9771922919899225,15,0.02180886779992561,
tests/data/csd_families/TRIPHE/TRIPHE.cif,tests/data/csd_families/TRIPHE/TRIPHE12.cif,15,0.6601362321525812,15,0.08328241488224168,
tests/data/csd_families/TRIPHE/TRIPHE.cif,tests/data/csd_families/TRIPHE/TRIPHE13.cif,15,0.06256065424531698,15,0.08451663048087453,
tests/data/csd_families/TRIPHE/TRIPHE.cif,tests/data/csd_families/TRIPHE/TRIPHE15.cif,15,3.412217929959297,15,0.08594432904482069,
tests/data/csd_families/TRIPHE/TRIPHE11.cif,tests/data/csd_families/TRIPHE/TRIPHE12.cif,15,3.646291811950505,15,0.08293917793400851,
tests/data/csd_families/TRIPHE/TRIPHE11.cif,tests/data/csd_families/TRIPHE/TRIPHE13.cif,15,3.0288897827267647,15,0.08443422872609736,
tests/data/csd_families/TRIPHE/TRIPHE11.cif,tests/data/csd_families/TRIPHE/TRIPHE15.cif,15,0.07796133868396282,15,0.08557977285352247,
tests/data/csd_families/TRIPHE/TRIPHE12.cif,tests/data/csd_families/TRIPHE/TRIPHE13.cif,15,2.0676631378009915,15,0.012619056382329958,
tests/data/csd_families/TRIPHE/TRIPHE12.cif,tests/data/csd_families/TRIPHE/TRIPHE15.cif,15,0.9064463004469872,15,0.020904839940128345,
tests/data/csd_families/TRIPHE/TRIPHE13.cif,tests/data/csd_families/TRIPHE/TRIPHE15.cif,15,1.0866709202528,15,0.022239255863071898,
tests/data/csd_families/TUXFIC/TUXFIC.cif,tests/data/csd_families/TUXFIC/TUXFIC01.cif,15,0.0721309008076787,15,0.105968782705571,
tests/data/csd_families/TUXFIC/TUXFIC.cif,tests/data/csd_families/TUXFIC/TUXFIC02.cif,15,0.12737374287098646,15,0.1095483508666365,
tests/data/csd_families/TUXFIC/TUXFIC.cif,tests/data/csd_families/TUXFIC/TUXFIC03.cif,15,0.14264073688536882,15,0.11303664801632528,
tests/data/csd_families/TUXFIC/TUXFIC01.cif,tests/data/csd_families/TUXFIC/TUXFIC02.cif,15,0.06707487441599369,15,0.029678984858749834,
tests/data/csd_families/TUXFIC/TUXFIC01.cif,tests/data/csd_families/TUXFIC/TUXFIC03.cif,15,0.06667121686041355,15,0.031141749347056814,
tests/data/csd_families/TUXFIC/TUXFIC02.cif,tests/data/csd_families/TUXFIC/TUXFIC03.cif,15,0.10549671947956085,15,0.006709622837013898,
tests/data/csd_families/VELBOD/VELBOD.cif,tests/data/csd_families/VELBOD/VELBOD01.cif,15,5.453308959491551,15,6.639921647179689e-16,
tests/data/csd_families/VELBOD/VELBOD.cif,tests/data/csd_families/VELBOD/VELBOD10.cif,15,5.403216236270964,15,6.639921647179689e-16,
tests/data/csd_families/VELBOD/VELBOD.cif,tests/data/csd_families/VELBOD/VELBOD11.cif,15,6.134663021191955,15,0.10930442191182113,
tests/data/csd_families/VELBOD/VELBOD01.cif,tests/data/csd_families/VELBOD/VELBOD10.cif,15,5.384038989432156,15,6.639921647179689e-16,
tests/data/csd_families/VELBOD/VELBOD01.cif,tests/data/csd_families/VELBOD/VELBOD11.cif,15,6.124597582966089,15,0.10930442191182113,
tests/data/csd_families/VELBOD/VELBOD10.cif,tests/data/csd_families/VELBOD/VELBOD11.cif,15,6.126108738593757,15,0.10930442191182113,
tests/data/csd_families/VELMEH/VELMEH.cif,tests/data/csd_families/VELMEH/VELMEH01.cif,15,0.037090376019477844,15,0.03580744034648567,
tests/data/csd_families/VELMEH/VELMEH.cif,tests/data/csd_families/VELMEH/VELMEH02.cif,15,0.07033861335366964,5,4.23266377363531,
tests/data/csd_families/VELMEH/VELMEH01.cif,tests/data/csd_families/VELMEH/VELMEH02.cif,15,0.06582862511277199,5,4.239164286431659,
tests/data/csd_families/VILGAC/VILGAC.cif,tests/data/csd_families/VILGAC/VILGAC01.cif,15,1.0017312373965979,15,0.20113077976778138,
tests/data/csd_families/VILGAC/VILGAC.cif,tests/data/csd_families/VILGAC/VILGAC02.cif,15,0.890876404941082,15,0.16383270418078422,
tests/data/csd_families/VILGAC/VILGAC.cif,tests/data/csd_families/VILGAC/VILGAC03.cif,15,0.9569678846746683,15,0.25451367347290316,
tests/data/csd_families/VILGAC/VILGAC.cif,tests/data/csd_families/VILGAC/VILGAC04.cif,15,0.8540923837572336,15,0.39844278745080564,
tests/data/csd_families/VILGAC/VILGAC01.cif,tests/data/csd_families/VILGAC/VILGAC02.cif,15,0.06948195025324821,15,0.14329322949081602,
tests/data/csd_families/VILGAC/VILGAC01.cif,tests/data/csd_families/VILGAC/VILGAC03.cif,15,0.06925316713750362,15,0.2690572980212499,
tests/data/csd_families/VILGAC/VILGAC01.cif,tests/data/csd_families/VILGAC/VILGAC04.cif,15,0.06951807159930468,15,0.42678987346072966,
tests/data/csd_families/VILGAC/VILGAC02.cif,tests/data/csd_families/VILGAC/VILGAC03.cif,15,0.06953664124011993,15,0.16554893220435274,
tests/data/csd_families/VILGAC/VILGAC02.cif,tests/data/csd_families/VILGAC/VILGAC04.cif,15,0.0698312446475029,15,0.32352346962024414,
tests/data/csd_families/VILGAC/VILGAC03.cif,tests/data/csd_families/VILGAC/VILGAC04.cif,15,0.06970398407429457,15,0.1861260106133746,
tests/data/csd_families/VIPJUA/VIPJUA.cif,tests/data/csd_families/VIPJUA/VIPJUA01.cif,15,0.03655978664755821,15,0.20607078840454768,
tests/data/csd_families/VIPJUA/VIPJUA.cif,tests/data/csd_families/VIPJUA/VIPJUA04.cif,15,0.03604733943939209,15,0.09775386286855754,
tests/data/csd_families/VIPJUA/VIPJUA01.cif,tests/data/csd_families/VIPJUA/VIPJUA04.cif,15,0.03647524677217007,15,0.13643566617213523,
tests/data/csd_families/VITDEL/VITDEL.cif,tests/data/csd_families/VITDEL/VITDEL01.cif,15,0.03622881229966879,4,3.6467581621155225,
tests/data/csd_families/VITDEL/VITDEL.cif,tests/data/csd_families/VITDEL/VITDEL02.cif,15,0.01801826525479555,4,3.6343579886634894,
tests/data/csd_families/VITDEL/VITDEL01.cif,tests/data/csd_families/VITDEL/VITDEL02.cif,15,0.06361447088420391,4,1.470948163432685,
tests/data/csd_families/WABGUE/WABGUE.cif,tests/data/csd_families/WABGUE/WABGUE01.cif,15,0.04966087732464075,15,0.1677603094175515,
tests/data/csd_families/WABGUE/WABGUE.cif,tests/data/csd_families/WABGUE/WABGUE02.cif,15,0.034694500267505646,15,0.15797514913247873,
tests/data/csd_families/WABGUE/WABGUE.cif,tests/data/csd_families/WABGUE/WABGUE03.cif,15,0.04903647769242525,15,0.0319592175848236,
tests/data/csd_families/WABGUE/WABGUE.cif,tests/data/csd_families/WABGUE/WABGUE04.cif,15,0.0493055135011673,15,0.04777116852065771,
tests/data/csd_families/WABGUE/WABGUE01.cif,tests/data/csd_families/WABGUE/WABGUE02.cif,15,0.10722488630563021,15,0.04926744313846524,
tests/data/csd_families/WABGUE/WABGUE01.cif,tests/data/csd_families/WABGUE/WABGUE03.cif,15,0.04533486161381006,15,0.15605885224231852,
tests/data/csd_families/WABGUE/WABGUE01.cif,tests/data/csd_families/WABGUE/WABGUE04.cif,15,0.04509428795427084,15,0.14775971305599994,
tests/data/csd_families/WABGUE/WABGUE02.cif,tests/data/csd_families/WABGUE/WABGUE03.cif,15,0.10773919336497784,15,0.1512322377216392,
tests/data/csd_families/WABGUE/WABGUE02.cif,tests/data/csd_families/WABGUE/WABGUE04.cif,15,0.11379500571638346,15,0.14735170559412505,
tests/data/csd_families/WABGUE/WABGUE03.cif,tests/data/csd_families/WABGUE/WABGUE04.cif,15,0.039662416093051434,15,0.02016567021585645,
tests/data/csd_families/WAMJIH/WAMJIH.cif,tests/data/csd_families/WAMJIH/WAMJIH01.cif,15,0.06991895660758018,5,2.185043848251956,
tests/data/csd_families/WAMJIH/WAMJIH.cif,tests/data/csd_families/WAMJIH/WAMJIH03.cif,15,0.07818776275962591,5,2.1870122749013623,
tests/data/csd_families/WAMJIH/WAMJIH.cif,tests/data/csd_families/WAMJIH/WAMJIH04.cif,15,0.06525931600481272,5,2.152524251164871,
tests/data/csd_families/WAMJIH/WAMJIH01.cif,tests/data/csd_families/WAMJIH/WAMJIH03.cif,15,0.036240662448108196,15,0.01599029781197331,
tests/data/csd_families/WAMJIH/WAMJIH01.cif,tests/data/csd_families/WAMJIH/WAMJIH04.cif,15,0.035982838831841946,15,0.10461555656448354,
tests/data/csd_families/WAMJIH/WAMJIH03.cif,tests/data/csd_families/WAMJIH/WAMJIH04.cif,15,0.031185586005449295,15,0.11478308005906326,
tests/data/csd_families/WATCID/WATCID.cif,tests/data/csd_families/WATCID/WATCID10.cif,15,0.10008179675787687,15,0.0,
tests/data/csd_families/WATCID/WATCID.cif,tests/data/csd_families/WATCID/WATCID11.cif,15,0.07164208311587572,15,0.028192066636505853,
tests/data/csd_families/WATCID/WATCID10.cif,tests/data/csd_families/WATCID/WATCID11.cif,15,0.07188983634114265,15,0.028192066636505853,
tests/data/csd_families/WEKHEA/WEKHEA.cif,tests/data/csd_families/WEKHEA/WEKHEA01.cif,15,0.02456261496990919,0,nan,
tests/data/csd_families/WEKHEA/WEKHEA.cif,tests/data/csd_families/WEKHEA/WEKHEA02.cif,15,0.02308015152812004,15,0.012874315078549407,
tests/data/csd_families/WEKHEA/WEKHEA01.cif,tests/data/csd_families/WEKHEA/WEKHEA02.cif,15,0.024549094960093498,0,nan,
tests/data/csd_families/WEYYUV/WEYYUV.cif,tests/data/csd_families/WEYYUV/WEYYUV01.cif,15,0.04345719330012798,15,0.12967481594315547,
tests/data/csd_families/WEYYUV/WEYYUV.cif,tests/data/csd_families/WEYYUV/WEYYUV02.cif,15,0.045289102010428905,15,0.13596054655635323,
tests/data/csd_families/WEYYUV/WEYYUV01.cif,tests/data/csd_families/WEYYUV/WEYYUV02.cif,15,0.03831964358687401,15,0.043585898524006184,
tests/data/csd_families/WIRMOZ/WIRMOZ.cif,tests/data/csd_families/WIRMOZ/WIRMOZ01.cif,15,0.09010724537074566,3,2.27106740264659,
tests/data/csd_families/WIRMOZ/WIRMOZ.cif,tests/data/csd_families/WIRMOZ/WIRMOZ02.cif,15,0.09560189861804247,3,2.277877444833703,
tests/data/csd_families/WIRMOZ/WIRMOZ.cif,tests/data/csd_families/WIRMOZ/WIRMOZ03.cif,15,0.10493314079940319,3,2.277615084744555,
tests/data/csd_families/WIRMOZ/WIRMOZ.cif,tests/data/csd_families/WIRMOZ/WIRMOZ04.cif,15,0.09929842501878738,3,2.2775090673556857,
tests/data/csd_families/WIRMOZ/WIRMOZ01.cif,tests/data/csd_families/WIRMOZ/WIRMOZ02.cif,15,0.09301463048905134,15,0.0440473385933253,
tests/data/csd_families/WIRMOZ/WIRMOZ01.cif,tests/data/csd_families/WIRMOZ/WIRMOZ03.cif,15,0.0938702616840601,15,0.05404235571549113,
tests/data/csd_families/WIRMOZ/WIRMOZ01.cif,tests/data/csd_families/WIRMOZ/WIRMOZ04.cif,15,0.09374779090285301,15,0.05401271422665687,
tests/data/csd_families/WIRMOZ/WIRMOZ02.cif,tests/data/csd_families/WIRMOZ/WIRMOZ03.cif,15,0.044834114611148834,15,0.01920776752772964,
tests/data/csd_families/WIRMOZ/WIRMOZ02.cif,tests/data/csd_families/WIRMOZ/WIRMOZ04.cif,15,0.044412657618522644,15,0.01935896316423317,
tests/data/csd_families/WIRMOZ/WIRMOZ03.cif,tests/data/csd_families/WIRMOZ/WIRMOZ04.cif,15,0.04391995072364807,15,0.00135510964989785,
tests/data/csd_families/WULMOJ/WULMOJ.cif,tests/data/csd_families/WULMOJ/WULMOJ01.cif,15,0.04724969156086445,5,2.6880129942397333,
tests/data/csd_families/WULMOJ/WULMOJ.cif,tests/data/csd_families/WULMOJ/WULMOJ02.cif,15,0.04725638125091791,5,3.3979148399361856,
tests/data/csd_families/WULMOJ/WULMOJ.cif,tests/data/csd_families/WULMOJ/WULMOJ03.cif,15,0.05055257026106119,5,3.401858784250241,
tests/data/csd_families/WULMOJ/WULMOJ.cif,tests/data/csd_families/WULMOJ/WULMOJ04.cif,15,0.046206384897232056,5,3.394927281386335,
tests/data/csd_families/WULMOJ/WULMOJ01.cif,tests/data/csd_families/WULMOJ/WULMOJ02.cif,15,0.07053927704691887,15,0.02876985625417623,
tests/data/csd_families/WULMOJ/WULMOJ01.cif,tests/data/csd_families/WULMOJ/WULMOJ03.cif,15,0.0684576453641057,15,0.010054307562284422,
tests/data/csd_families/WULMOJ/WULMOJ01.cif,tests/data/csd_families/WULMOJ/WULMOJ04.cif,15,0.07119144592434168,15,0.04809648694943108,
tests/data/csd_families/WULMOJ/WULMOJ02.cif,tests/data/csd_families/WULMOJ/WULMOJ03.cif,15,0.07185426633805037,15,0.027794121195264237,
tests/data/csd_families/WULMOJ/WULMOJ02.cif,tests/data/csd_families/WULMOJ/WULMOJ04.cif,15,0.07356554362922907,15,0.02261621448905423,
tests/data/csd_families/WULMOJ/WULMOJ03.cif,tests/data/csd_families/WULMOJ/WULMOJ04.cif,15,0.07145908009260893,15,0.0477180623174719,
tests/data/csd_families/WULNEA/WULNEA.cif,tests/data/csd_families/WULNEA/WULNEA01.cif,15,0.058145186863839626,15,0.06292291103687982,
tests/data/csd_families/WULNEA/WULNEA.cif,tests/data/csd_families/WULNEA/WULNEA02.cif,15,0.05768805928528309,15,0.05737969199907217,
tests/data/csd_families/WULNEA/WULNEA.cif,tests/data/csd_families/WULNEA/WULNEA03.cif,15,0.05777949187904596,15,0.08909724169805748,
tests/data/csd_families/WULNEA/WULNEA.cif,tests/data/csd_families/WULNEA/WULNEA04.cif,15,0.057737940922379494,15,0.05429513549359826,
tests/data/csd_families/WULNEA/WULNEA01.cif,tests/data/csd_families/WULNEA/WULNEA02.cif,15,0.05819741729646921,15,0.0204625825821813,
tests/data/csd_families/WULNEA/WULNEA01.cif,tests/data/csd_families/WULNEA/WULNEA03.cif,15,0.05828494857996702,15,0.1054577172120134,
tests/data/csd_families/WULNEA/WULNEA01.cif,tests/data/csd_families/WULNEA/WULNEA04.cif,15,0.058279849588871,15,0.02800393311486287,
tests/data/csd_families/WULNEA/WULNEA02.cif,tests/data/csd_families/WULNEA/WULNEA03.cif,15,0.05818249750882387,15,0.09267359778155188,
tests/data/csd_families/WULNEA/WULNEA02.cif,tests/data/csd_families/WULNEA/WULNEA04.cif,15,0.05815672781318426,15,0.011594696738387528,
tests/data/csd_families/WULNEA/WULNEA03.cif,tests/data/csd_families/WULNEA/WULNEA04.cif,15,0.05810804758220911,15,0.08357644304693213,
tests/data/csd_families/XALCOE/XALCOE.cif,tests/data/csd_families/XALCOE/XALCOE01.cif,15,0.03449354600161314,15,0.02115684876376914,
tests/data/csd_families/XALCOE/XALCOE.cif,tests/data/csd_families/XALCOE/XALCOE02.cif,15,0.18398165702819824,15,0.03566391113552205,
tests/data/csd_families/XALCOE/XALCOE01.cif,tests/data/csd_families/XALCOE/XALCOE02.cif,15,0.18016690853983164,15,0.02645367267946333,
tests/data/csd_families/XEFDER/XEFDER.cif,tests/data/csd_families/XEFDER/XEFDER02.cif,15,0.14068660698831081,15,0.07646090997994416,
tests/data/csd_families/XEFDER/XEFDER.cif,tests/data/csd_families/XEFDER/XEFDER03.cif,15,0.14967320393770933,15,0.07154149157782454,
tests/data/csd_families/XEFDER/XEFDER.cif,tests/data/csd_families/XEFDER/XEFDER04.cif,15,0.15913579892367125,15,0.06724712424959475,
tests/data/csd_families/XEFDER/XEFDER02.cif,tests/data/csd_families/XEFDER/XEFDER03.cif,15,0.05181596148759127,15,0.00793576050191932,
tests/data/csd_families/XEFDER/XEFDER02.cif,tests/data/csd_families/XEFDER/XEFDER04.cif,15,0.07467646896839142,15,0.012315916114168228,
tests/data/csd_families/XEFDER/XEFDER03.cif,tests/data/csd_families/XEFDER/XEFDER04.cif,15,0.04460280109196901,15,0.006170674500070987,
tests/data/csd_families/XEHRIM/XEHRIM.cif,tests/data/csd_families/XEHRIM/XEHRIM01.cif,15,1.009787730872631,7,0.05782809442134641,
tests/data/csd_families/XEHRIM/XEHRIM.cif,tests/data/csd_families/XEHRIM/XEHRIM02.cif,15,0.10143945924937725,9,0.10567394069255918,
tests/data/csd_families/XEHRIM/XEHRIM.cif,tests/data/csd_families/XEHRIM/XEHRIM03.cif,15,0.08912707027047873,15,0.08763835096577545,
tests/data/csd_families/XEHRIM/XEHRIM01.cif,tests/data/csd_families/XEHRIM/XEHRIM02.cif,15,0.6325690234079957,13,0.09673028093618137,
tests/data/csd_families/XEHRIM/XEHRIM01.cif,tests/data/csd_families/XEHRIM/XEHRIM03.cif,15,0.043489173986017704,15,0.08758747449015608,
tests/data/csd_families/XEHRIM/XEHRIM02.cif,tests/data/csd_families/XEHRIM/XEHRIM03.cif,15,0.17164978943765163,15,0.06511627385856895,
tests/data/csd_families/XEQHUA/XEQHUA.cif,tests/data/csd_families/XEQHUA/XEQHUA01.cif,15,0.7612928282469511,15,0.042838375338513195,
tests/data/csd_families/XEQHUA/XEQHUA.cif,tests/data/csd_families/XEQHUA/XEQHUA02.cif,15,4.097939173690975,15,0.03883411156503795,
tests/data/csd_families/XEQHUA/XEQHUA.cif,tests/data/csd_families/XEQHUA/XEQHUA03.cif,15,0.800579909235239,15,0.045399986143236176,
tests/data/csd_families/XEQHUA/XEQHUA.cif,tests/data/csd_families/XEQHUA/XEQHUA04.cif,15,20.053956946358085,0,nan,RuntimeError:MotifSearch Timeout
tests/data/csd_families/XEQHUA/XEQHUA01.cif,tests/data/csd_families/XEQHUA/XEQHUA02.cif,15,0.7501202989369631,15,0.07450886933066546,
tests/data/csd_families/XEQHUA/XEQHUA01.cif,tests/data/csd_families/XEQHUA/XEQHUA03.cif,15,17.0347090465948,15,0.02653785524958743,
tests/data/csd_families/XEQHUA/XEQHUA01.cif,tests/data/csd_families/XEQHUA/XEQHUA04.cif,15,0.7288050558418036,15,0.0280402594350739,
tests/data/csd_families/XEQHUA/XEQHUA02.cif,tests/data/csd_families/XEQHUA/XEQHUA03.cif,15,20.066090856678784,0,nan,RuntimeError:MotifSearch Timeout
tests/data/csd_families/XEQHUA/XEQHUA02.cif,tests/data/csd_families/XEQHUA/XEQHUA04.cif,15,16.252551491372287,15,0.056809745105864236,
tests/data/csd_families/XEQHUA/XEQHUA03.cif,tests/data/csd_families/XEQHUA/XEQHUA04.cif,15,0.7506281500682235,15,0.03061156209537169,
tests/data/csd_families/XIHVUG/XIHVUG.cif,tests/data/csd_families/XIHVUG/XIHVUG01.cif,15,0.03481930121779442,15,0.5590732247609023,
tests/data/csd_families/XIHVUG/XIHVUG.cif,tests/data/csd_families/XIHVUG/XIHVUG02.cif,15,0.034311302937567234,15,0.6301807093240083,
tests/data/csd_families/XIHVUG/XIHVUG.cif,tests/data/csd_families/XIHVUG/XIHVUG03.cif,15,0.0342271625995636,15,0.6951753231816379,
tests/data/csd_families/XIHVUG/XIHVUG.cif,tests/data/csd_families/XIHVUG/XIHVUG04.cif,15,0.032621937803924084,15,0.02838651009781238,
tests/data/csd_families/XIHVUG/XIHVUG01.cif,tests/data/csd_families/XIHVUG/XIHVUG02.cif,15,0.037205228582024574,15,0.07161146245644837,
tests/data/csd_families/XIHVUG/XIHVUG01.cif,tests/data/csd_families/XIHVUG/XIHVUG03.cif,15,0.03718970809131861,15,0.13650333922853194,
tests/data/csd_families/XIHVUG/XIHVUG01.cif,tests/data/csd_families/XIHVUG/XIHVUG04.cif,15,0.035262977704405785,15,0.5691501644574709,
tests/data/csd_families/XIHVUG/XIHVUG02.cif,tests/data/csd_families/XIHVUG/XIHVUG03.cif,15,0.037129877135157585,15,0.06527347893585976,
tests/data/csd_families/XIHVUG/XIHVUG02.cif,tests/data/csd_families/XIHVUG/XIHVUG04.cif,15,0.03541847039014101,15,0.6402605102191192,
tests/data/csd_families/XIHVUG/XIHVUG03.cif,tests/data/csd_families/XIHVUG/XIHVUG04.cif,15,0.03531709872186184,15,0.7053395577012529,
tests/data/csd_families/XOVBOZ/XOVBOZ.cif,tests/data/csd_families/XOVBOZ/XOVBOZ01.cif,15,0.045797779224812984,15,0.036931301047055116,
tests/data/csd_families/XOVBOZ/XOVBOZ.cif,tests/data/csd_families/XOVBOZ/XOVBOZ02.cif,15,0.1715122079476714,7,5.385434796088402,
tests/data/csd_families/XOVBOZ/XOVBOZ01.cif,tests/data/csd_families/XOVBOZ/XOVBOZ02.cif,15,0.15627726633101702,7,5.393165497448983,
tests/data/csd_families/XUJDOX/XUJDOX.cif,tests/data/csd_families/XUJDOX/XUJDOX01.cif,15,0.5631000874564052,15,0.12930141981441182,
tests/data/csd_families/XUJDOX/XUJDOX.cif,tests/data/csd_families/XUJDOX/XUJDOX02.cif,15,0.31774056144058704,15,0.2417689861833255,
tests/data/csd_families/XUJDOX/XUJDOX01.cif,tests/data/csd_families/XUJDOX/XUJDOX02.cif,15,0.40097316168248653,15,0.12487920680485012,
tests/data/csd_families/XYLTOL/XYLTOL.cif,tests/data/csd_families/XYLTOL/XYLTOL01.cif,15,0.033283538185060024,15,0.035923437197541375,
tests/data/csd_families/XYLTOL/XYLTOL.cif,tests/data/csd_families/XYLTOL/XYLTOL02.cif,15,0.03288634214550257,15,0.03653535431725126,
tests/data/csd_families/XYLTOL/XYLTOL.cif,tests/data/csd_families/XYLTOL/XYLTOL03.cif,15,0.03291855286806822,15,0.033462158591447966,
tests/data/csd_families/XYLTOL/XYLTOL.cif,tests/data/csd_families/XYLTOL/XYLTOL04.cif,15,0.0329162934795022,15,0.03350520312747452,
tests/data/csd_families/XYLTOL/XYLTOL01.cif,tests/data/csd_families/XYLTOL/XYLTOL02.cif,15,0.03302132338285446,15,0.0047127626605831105,
tests/data/csd_families/XYLTOL/XYLTOL01.cif,tests/data/csd_families/XYLTOL/XYLTOL03.cif,15,0.033307358622550964,15,0.005019894318992752,
tests/data/csd_families/XYLTOL/XYLTOL01.cif,tests/data/csd_families/XYLTOL/XYLTOL04.cif,15,0.03324734792113304,15,0.0050459468090160945,
tests/data/csd_families/XYLTOL/XYLTOL02.cif,tests/data/csd_families/XYLTOL/XYLTOL03.cif,15,0.03289430309087038,15,0.0035155483512607625,
tests/data/csd_families/XYLTOL/XYLTOL02.cif,tests/data/csd_families/XYLTOL/XYLTOL04.cif,15,0.03296265285462141,15,0.003477085773106786,
tests/data/csd_families/XYLTOL/XYLTOL03.cif,tests/data/csd_families/XYLTOL/XYLTOL04.cif,15,0.033184236846864223,15,0.001019186180244054,
tests/data/csd_families/YAFCOX/YAFCOX.cif,tests/data/csd_families/YAFCOX/YAFCOX01.cif,15,0.03012831974774599,11,0.41838101740589445,
tests/data/csd_families/YAFCOX/YAFCOX.cif,tests/data/csd_families/YAFCOX/YAFCOX02.cif,15,0.03391366824507713,15,0.04043295034382518,
tests/data/csd_families/YAFCOX/YAFCOX01.cif,tests/data/csd_families/YAFCOX/YAFCOX02.cif,15,0.03220692090690136,11,0.41006208369280633,
tests/data/csd_families/YAKNUU/YAKNUU.cif,tests/data/csd_families/YAKNUU/YAKNUU01.cif,15,0.1444106651470065,4,1.6619138067033834,
tests/data/csd_families/YAKNUU/YAKNUU.cif,tests/data/csd_families/YAKNUU/YAKNUU02.cif,15,0.11771935690194368,15,0.12973120361054344,
tests/data/csd_families/YAKNUU/YAKNUU.cif,tests/data/csd_families/YAKNUU/YAKNUU03.cif,15,0.14910092670470476,5,3.5592331047046497,
tests/data/csd_families/YAKNUU/YAKNUU01.cif,tests/data/csd_families/YAKNUU/YAKNUU02.cif,15,0.14469016902148724,4,1.6395349515866409,
tests/data/csd_families/YAKNUU/YAKNUU01.cif,tests/data/csd_families/YAKNUU/YAKNUU03.cif,15,0.10246633552014828,15,0.14003291643444898,
tests/data/csd_families/YAKNUU/YAKNUU02.cif,tests/data/csd_families/YAKNUU/YAKNUU03.cif,15,0.14598323870450258,6,2.5680434273242456,
tests/data/csd_families/YAXYUV/YAXYUV.cif,tests/data/csd_families/YAXYUV/YAXYUV01.cif,15,0.043848748318850994,15,0.02434524505685979,
tests/data/csd_families/YAXYUV/YAXYUV.cif,tests/data/csd_families/YAXYUV/YAXYUV02.cif,15,0.0587402768433094,15,0.02192799810381953,
tests/data/csd_families/YAXYUV/YAXYUV.cif,tests/data/csd_families/YAXYUV/YAXYUV03.cif,15,0.07378191687166691,15,0.03544843538067358,
tests/data/csd_families/YAXYUV/YAXYUV01.cif,tests/data/csd_families/YAXYUV/YAXYUV02.cif,15,0.04506584815680981,15,0.01515716638436318,
tests/data/csd_families/YAXYUV/YAXYUV01.cif,tests/data/csd_families/YAXYUV/YAXYUV03.cif,15,0.03906774614006281,15,0.03616006119747828,
tests/data/csd_families/YAXYUV/YAXYUV02.cif,tests/data/csd_families/YAXYUV/YAXYUV03.cif,15,0.05902227107435465,15,0.03555443434961995,
tests/data/csd_families/YEFJOI/YEFJOI.cif,tests/data/csd_families/YEFJOI/YEFJOI03.cif,15,0.048670693300664425,15,0.08909497167747163,
tests/data/csd_families/YEFJOI/YEFJOI.cif,tests/data/csd_families/YEFJOI/YEFJOI04.cif,15,0.04230383597314358,15,0.07277850254816053,
tests/data/csd_families/YEFJOI/YEFJOI.cif,tests/data/csd_families/YEFJOI/YEFJOI05.cif,15,0.04144997335970402,15,0.12301532918806203,
tests/data/csd_families/YEFJOI/YEFJOI.cif,tests/data/csd_families/YEFJOI/YEFJOI06.cif,15,0.04285614378750324,15,0.02155837749539268,
tests/data/csd_families/YEFJOI/YEFJOI03.cif,tests/data/csd_families/YEFJOI/YEFJOI04.cif,15,0.04338872153311968,15,0.027410377701185113,
tests/data/csd_families/YEFJOI/YEFJOI03.cif,tests/data/csd_families/YEFJOI/YEFJOI05.cif,15,0.04126298986375332,15,0.0484929455756664,
tests/data/csd_families/YEFJOI/YEFJOI03.cif,tests/data/csd_families/YEFJOI/YEFJOI06.cif,15,0.04659625142812729,15,0.10343257438913363,
tests/data/csd_families/YEFJOI/YEFJOI04.cif,tests/data/csd_families/YEFJOI/YEFJOI05.cif,15,0.03941578231751919,15,0.05201500074438696,
tests/data/csd_families/YEFJOI/YEFJOI04.cif,tests/data/csd_families/YEFJOI/YEFJOI06.cif,15,0.04061596002429724,15,0.08885511303835872,
tests/data/csd_families/YEFJOI/YEFJOI05.cif,tests/data/csd_families/YEFJOI/YEFJOI06.cif,15,0.03981850761920214,15,0.13864979819437148,
tests/data/csd_families/YEXSAV/YEXSAV.cif,tests/data/csd_families/YEXSAV/YEXSAV01.cif,15,0.03293152246624231,15,0.016340658646261788,
tests/data/csd_families/YEXSAV/YEXSAV.cif,tests/data/csd_families/YEXSAV/YEXSAV02.cif,15,0.032399244606494904,15,0.01676662338828564,
tests/data/csd_families/YEXSAV/YEXSAV01.cif,tests/data/csd_families/YEXSAV/YEXSAV02.cif,15,0.030037298798561096,15,0.008829671254191821,
tests/data/csd_families/YICDIZ/YICDIZ.cif,tests/data/csd_families/YICDIZ/YICDIZ01.cif,15,0.6191104417666793,8,2.6381763588311227,
tests/data/csd_families/YICDIZ/YICDIZ.cif,tests/data/csd_families/YICDIZ/YICDIZ02.cif,15,17.63486277218908,7,3.1810389605528147,
tests/data/csd_families/YICDIZ/YICDIZ.cif,tests/data/csd_families/YICDIZ/YICDIZ03.cif,15,19.684272126294672,8,2.6526675080459925,
tests/data/csd_families/YICDIZ/YICDIZ.cif,tests/data/csd_families/YICDIZ/YICDIZ04.cif,15,19.843378229998052,8,2.6724273319573313,
tests/data/csd_families/YICDIZ/YICDIZ01.cif,tests/data/csd_families/YICDIZ/YICDIZ02.cif,15,17.386141255497932,15,0.04644821454904817,
tests/data/csd_families/YICDIZ/YICDIZ01.cif,tests/data/csd_families/YICDIZ/YICDIZ03.cif,15,18.90453499276191,15,0.07984331943280859,
tests/data/csd_families/YICDIZ/YICDIZ01.cif,tests/data/csd_families/YICDIZ/YICDIZ04.cif,15,18.734254871495068,15,0.1799580709776362,
tests/data/csd_families/YICDIZ/YICDIZ02.cif,tests/data/csd_families/YICDIZ/YICDIZ03.cif,15,12.094029678031802,15,0.08076358731812082,
tests/data/csd_families/YICDIZ/YICDIZ02.cif,tests/data/csd_families/YICDIZ/YICDIZ04.cif,15,10.326250869780779,15,1.0810911334308662,
tests/data/csd_families/YICDIZ/YICDIZ03.cif,tests/data/csd_families/YICDIZ/YICDIZ04.cif,15,11.680842119269073,15,0.108805078303125,
tests/data/csd_families/YIDDAU/YIDDAU.cif,tests/data/csd_families/YIDDAU/YIDDAU01.cif,15,0.1825915491208434,15,0.21690282153116128,
tests/data/csd_families/YIDDAU/YIDDAU.cif,tests/data/csd_families/YIDDAU/YIDDAU06.cif,15,3.825749324634671,13,0.1355329888147964,
tests/data/csd_families/YIDDAU/YIDDAU.cif,tests/data/csd_families/YIDDAU/YIDDAU07.cif,15,0.1550364289432764,0,nan,
tests/data/csd_families/YIDDAU/YIDDAU.cif,tests/data/csd_families/YIDDAU/YIDDAU08.cif,15,0.19907992146909237,15,0.19791175210868087,
tests/data/csd_families/YIDDAU/YIDDAU01.cif,tests/data/csd_families/YIDDAU/YIDDAU06.cif,15,3.687843209132552,13,0.22928654173622876,
tests/data/csd_families/YIDDAU/YIDDAU01.cif,tests/data/csd_families/YIDDAU/YIDDAU07.cif,15,0.1354892197996378,0,nan,
tests/data/csd_families/YIDDAU/YIDDAU01.cif,tests/data/csd_families/YIDDAU/YIDDAU08.cif,15,0.19651517271995544,15,0.0955479496687839,
tests/data/csd_families/YIDDAU/YIDDAU06.cif,tests/data/csd_families/YIDDAU/YIDDAU07.cif,15,0.1431186469271779,0,nan,
tests/data/csd_families/YIDDAU/YIDDAU06.cif,tests/data/csd_families/YIDDAU/YIDDAU08.cif,15,3.799938401207328,13,0.2114330892270142,
tests/data/csd_families/YIDDAU/YIDDAU07.cif,tests/data/csd_families/YIDDAU/YIDDAU08.cif,15,0.15784834139049053,0,nan,
tests/data/csd_families/YODPIR/YODPIR.cif,tests/data/csd_families/YODPIR/YODPIR01.cif,15,0.02972655463963747,15,0.22959318210205068,
tests/data/csd_families/YODPIR/YODPIR.cif,tests/data/csd_families/YODPIR/YODPIR02.cif,15,0.02619138080626726,15,0.13795001137877813,
tests/data/csd_families/YODPIR/YODPIR01.cif,tests/data/csd_families/YODPIR/YODPIR02.cif,15,0.02322427462786436,15,0.09700813672675253,
tests/data/csd_families/YUFZOQ/YUFZOQ.cif,tests/data/csd_families/YUFZOQ/YUFZOQ01.cif,15,0.10147087927907705,15,0.5827049856721652,
tests/data/csd_families/YUFZOQ/YUFZOQ.cif,tests/data/csd_families/YUFZOQ/YUFZOQ02.cif,15,0.10002652741968632,15,0.5671389991865212,
tests/data/csd_families/YUFZOQ/YUFZOQ.cif,tests/data/csd_families/YUFZOQ/YUFZOQ03.cif,15,0.09730530623346567,15,0.5928313418351995,
tests/data/csd_families/YUFZOQ/YUFZOQ.cif,tests/data/csd_families/YUFZOQ/YUFZOQ04.cif,15,0.0996571620926261,15,0.18709510309904148,
tests/data/csd_families/YUFZOQ/YUFZOQ01.cif,tests/data/csd_families/YUFZOQ/YUFZOQ02.cif,15,0.10162058286368847,15,0.033293371963455685,
tests/data/csd_families/YUFZOQ/YUFZOQ01.cif,tests/data/csd_families/YUFZOQ/YUFZOQ03.cif,15,0.09697301033884287,15,0.03493866518859243,
tests/data/csd_families/YUFZOQ/YUFZOQ01.cif,tests/data/csd_families/YUFZOQ/YUFZOQ04.cif,15,0.09334396664053202,15,0.4407111218991615,
tests/data/csd_families/YUFZOQ/YUFZOQ02.cif,tests/data/csd_families/YUFZOQ/YUFZOQ03.cif,15,0.10359135270118713,15,0.03520769127834866,
tests/data/csd_families/YUFZOQ/YUFZOQ02.cif,tests/data/csd_families/YUFZOQ/YUFZOQ04.cif,15,0.10128368716686964,15,0.42234288397010505,
tests/data/csd_families/YUFZOQ/YUFZOQ03.cif,tests/data/csd_families/YUFZOQ/YUFZOQ04.cif,15,0.09326876513659954,15,0.44697334363840086,
tests/data/csd_families/YUXZIB/YUXZIB.cif,tests/data/csd_families/YUXZIB/YUXZIB01.cif,15,0.14203699957579374,15,0.05772491735162978,
tests/data/csd_families/YUXZIB/YUXZIB.cif,tests/data/csd_families/YUXZIB/YUXZIB02.cif,15,0.1451509976759553,15,0.05843460520849461,
tests/data/csd_families/YUXZIB/YUXZIB.cif,tests/data/csd_families/YUXZIB/YUXZIB03.cif,15,0.1496900264173746,15,0.16474753254380442,
tests/data/csd_families/YUXZIB/YUXZIB.cif,tests/data/csd_families/YUXZIB/YUXZIB04.cif,15,0.1639284733682871,15,0.16398656485670016,
tests/data/csd_families/YUXZIB/YUXZIB01.cif,tests/data/csd_families/YUXZIB/YUXZIB02.cif,15,0.11906734947115183,15,0.015749358936941172,
tests/data/csd_families/YUXZIB/YUXZIB01.cif,tests/data/csd_families/YUXZIB/YUXZIB03.cif,15,0.136739669367671,15,0.17672186098842196,
tests/data/csd_families/YUXZIB/YUXZIB01.cif,tests/data/csd_families/YUXZIB/YUXZIB04.cif,15,0.1467304201796651,15,0.1758531107709745,
tests/data/csd_families/YUXZIB/YUXZIB02.cif,tests/data/csd_families/YUXZIB/YUXZIB03.cif,15,0.1450927071273327,15,0.1766944317303396,
tests/data/csd_families/YUXZIB/YUXZIB02.cif,tests/data/csd_families/YUXZIB/YUXZIB04.cif,15,0.1556980088353157,15,0.17601250341528943,
tests/data/csd_families/YUXZIB/YUXZIB03.cif,tests/data/csd_families/YUXZIB/YUXZIB04.cif,15,0.16718446370214224,15,0.005025159795979767,
tests/data/csd_families/ZAPFED/ZAPFED.cif,tests/data/csd_families/ZAPFED/ZAPFED01.cif,15,6.300580027513206,2,1.2952403143864348,
tests/data/csd_families/ZAPFED/ZAPFED.cif,tests/data/csd_families/ZAPFED/ZAPFED02.cif,15,5.718872260302305,11,3.3113127641679667,
tests/data/csd_families/ZAPFED/ZAPFED01.cif,tests/data/csd_families/ZAPFED/ZAPFED02.cif,15,20.11937823984772,0,nan,RuntimeError:MotifSearch Timeout
tests/data/csd_families/ZEGDIA/ZEGDIA.cif,tests/data/csd_families/ZEGDIA/ZEGDIA02.cif,15,0.47650085017085075,15,0.25969123609168393,
tests/data/csd_families/ZEGDIA/ZEGDIA.cif,tests/data/csd_families/ZEGDIA/ZEGDIA09.cif,15,0.5640514185652137,15,0.5846614015152574,
tests/data/csd_families/ZEGDIA/ZEGDIA.cif,tests/data/csd_families/ZEGDIA/ZEGDIA10.cif,15,0.47545577492564917,15,0.15117415206088677,
tests/data/csd_families/ZEGDIA/ZEGDIA.cif,tests/data/csd_families/ZEGDIA/ZEGDIA11.cif,15,0.3926622085273266,15,0.08124894749039539,
tests/data/csd_families/ZEGDIA/ZEGDIA02.cif,tests/data/csd_families/ZEGDIA/ZEGDIA09.cif,15,0.490424863062799,15,0.4026592813932062,
tests/data/csd_families/ZEGDIA/ZEGDIA02.cif,tests/data/csd_families/ZEGDIA/ZEGDIA10.cif,15,0.3642807463183999,15,0.20905417724552666,
tests/data/csd_families/ZEGDIA/ZEGDIA02.cif,tests/data/csd_families/ZEGDIA/ZEGDIA11.cif,15,0.29273162316530943,15,0.21470362647231997,
tests/data/csd_families/ZEGDIA/ZEGDIA09.cif,tests/data/csd_families/ZEGDIA/ZEGDIA10.cif,15,0.3316026469692588,15,0.5174631357878612,
tests/data/csd_families/ZEGDIA/ZEGDIA09.cif,tests/data/csd_families/ZEGDIA/ZEGDIA11.cif,15,0.2704901723191142,15,0.5390011531248065,
tests/data/csd_families/ZEGDIA/ZEGDIA10.cif,tests/data/csd_families/ZEGDIA/ZEGDIA11.cif,15,0.4011876806616783,15,0.07386427851080186,
tests/data/csd_families/ZEYLEX/ZEYLEX.cif,tests/data/csd_families/ZEYLEX/ZEYLEX01.cif,15,0.5108197145164013,15,0.9001858177823979,
tests/data/csd_families/ZEYLEX/ZEYLEX.cif,tests/data/csd_families/ZEYLEX/ZEYLEX04.cif,15,0.9996136128902435,15,0.9302549322406832,
tests/data/csd_families/ZEYLEX/ZEYLEX01.cif,tests/data/csd_families/ZEYLEX/ZEYLEX04.cif,15,0.5579165350645781,15,0.22701903770961623,
tests/data/csd_families/ZEYRII/ZEYRII.cif,tests/data/csd_families/ZEYRII/ZEYRII01.cif,15,0.014657093212008476,15,0.005817179483848371,
tests/data/csd_families/ZEYRII/ZEYRII.cif,tests/data/csd_families/ZEYRII/ZEYRII02.cif,15,0.014345819130539894,15,0.012153563580384332,
tests/data/csd_families/ZEYRII/ZEYRII.cif,tests/data/csd_families/ZEYRII/ZEYRII03.cif,15,0.01440834067761898,15,0.016868444473906695,
tests/data/csd_families/ZEYRII/ZEYRII.cif,tests/data/csd_families/ZEYRII/ZEYRII04.cif,15,0.014437220059335232,15,0.026499652515863645,
tests/data/csd_families/ZEYRII/ZEYRII01.cif,tests/data/csd_families/ZEYRII/ZEYRII02.cif,15,0.014548081904649734,15,0.0068910568103331795,
tests/data/csd_families/ZEYRII/ZEYRII01.cif,tests/data/csd_families/ZEYRII/ZEYRII03.cif,15,0.014531001448631287,15,0.011464250633631101,
tests/data/csd_families/ZEYRII/ZEYRII01.cif,tests/data/csd_families/ZEYRII/ZEYRII04.cif,15,0.014629064127802849,15,0.021869561174453628,
tests/data/csd_families/ZEYRII/ZEYRII02.cif,tests/data/csd_families/ZEYRII/ZEYRII03.cif,15,0.014516951516270638,15,0.005285791842192412,
tests/data/csd_families/ZEYRII/ZEYRII02.cif,tests/data/csd_families/ZEYRII/ZEYRII04.cif,15,0.014536822214722633,15,0.015744696500819586,
tests/data/csd_families/ZEYRII/ZEYRII03.cif,tests/data/csd_families/ZEYRII/ZEYRII04.cif,15,0.014525482431054115,15,0.013298124979858519,
tests/data/csd_families/ZEYVAA/ZEYVAA.cif,tests/data/csd_families/ZEYVAA/ZEYVAA01.cif,15,0.05336513463407755,15,0.050847486379517824,
tests/data/csd_families/ZEYVAA/ZEYVAA.cif,tests/data/csd_families/ZEYVAA/ZEYVAA02.cif,15,0.04857920203357935,15,0.05556489908402347,
tests/data/csd_families/ZEYVAA/ZEYVAA.cif,tests/data/csd_families/ZEYVAA/ZEYVAA10.cif,15,0.061001742258667946,15,0.05084914231944886,
tests/data/csd_families/ZEYVAA/ZEYVAA.cif,tests/data/csd_families/ZEYVAA/ZEYVAA11.cif,15,0.06621767207980156,15,0.05198244075731661,
tests/data/csd_families/ZEYVAA/ZEYVAA01.cif,tests/data/csd_families/ZEYVAA/ZEYVAA02.cif,15,0.06779131572693586,15,0.017647285448091774,
tests/data/csd_families/ZEYVAA/ZEYVAA01.cif,tests/data/csd_families/ZEYVAA/ZEYVAA10.cif,15,0.06825658306479454,15,0.0003625683867550363,
tests/data/csd_families/ZEYVAA/ZEYVAA01.cif,tests/data/csd_families/ZEYVAA/ZEYVAA11.cif,15,0.08676865510642529,15,0.005482923953499362,
tests/data/csd_families/ZEYVAA/ZEYVAA02.cif,tests/data/csd_families/ZEYVAA/ZEYVAA10.cif,15,0.0676303431391716,15,0.01769066404614559,
tests/data/csd_families/ZEYVAA/ZEYVAA02.cif,tests/data/csd_families/ZEYVAA/ZEYVAA11.cif,15,0.07331098057329655,15,0.015694333893678608,
tests/data/csd_families/ZEYVAA/ZEYVAA10.cif,tests/data/csd_families/ZEYVAA/ZEYVAA11.cif,15,0.04526073206216097,15,0.005493508566309501,
tests/data/csd_families/ZORSEG/ZORSEG.cif,tests/data/csd_families/ZORSEG/ZORSEG01.cif,15,0.6879838025197387,15,0.07927749847814278,
tests/data/csd_families/ZORSEG/ZORSEG.cif,tests/data/csd_families/ZORSEG/ZORSEG02.cif,15,0.9296911340206861,11,1.723254007976187,
tests/data/csd_families/ZORSEG/ZORSEG01.cif,tests/data/csd_families/ZORSEG/ZORSEG02.cif,15,0.8523478331044316,11,1.761368460130008,
tests/data/csd_families/ZZZPPI/ZZZPPI01.cif,tests/data/csd_families/ZZZPPI/ZZZPPI02.cif,15,0.014248747378587723,0,nan,
tests/data/csd_families/ZZZPPI/ZZZPPI01.cif,tests/data/csd_families/ZZZPPI/ZZZPPI03.cif,15,0.011638138443231583,0,nan,
tests/data/csd_families/ZZZPPI/ZZZPPI01.cif,tests/data/csd_families/ZZZPPI/ZZZPPI04.cif,15,0.011292423121631145,0,nan,
tests/data/csd_families/ZZZPPI/ZZZPPI01.cif,tests/data/csd_families/ZZZPPI/ZZZPPI05.cif,15,0.011423014104366302,0,nan,
tests/data/csd_families/ZZZPPI/ZZZPPI02.cif,tests/data/csd_families/ZZZPPI/ZZZPPI03.cif,15,20.064157143235207,0,nan,RuntimeError:MotifSearch Timeout
tests/data/csd_families/ZZZPPI/ZZZPPI02.cif,tests/data/csd_families/ZZZPPI/ZZZPPI04.cif,15,0.015821272507309914,0,nan,
tests/data/csd_families/ZZZPPI/ZZZPPI02.cif,tests/data/csd_families/ZZZPPI/ZZZPPI05.cif,15,20.05403209477663,0,nan,RuntimeError:MotifSearch Timeout
tests/data/csd_families/ZZZPPI/ZZZPPI03.cif,tests/data/csd_families/ZZZPPI/ZZZPPI04.cif,15,0.015997334383428097,0,nan,
tests/data/csd_families/ZZZPPI/ZZZPPI03.cif,tests/data/csd_families/ZZZPPI/ZZZPPI05.cif,15,0.01566804014146328,0,nan,
tests/data/csd_families/ZZZPPI/ZZZPPI04.cif,tests/data/csd_families/ZZZPPI/ZZZPPI05.cif,15,0.014253858476877213,0,nan,
tests/data/csd_families/ZZZWNI/ZZZWNI01.cif,tests/data/csd_families/ZZZWNI/ZZZWNI02.cif,15,20.03702860325575,0,nan,RuntimeError:MotifSearch Timeout
tests/data/csd_families/ZZZWNI/ZZZWNI01.cif,tests/data/csd_families/ZZZWNI/ZZZWNI03.cif,15,20.01247403398156,0,nan,RuntimeError:MotifSearch Timeout
tests/data/csd_families/ZZZWNI/ZZZWNI01.cif,tests/data/csd_families/ZZZWNI/ZZZWNI04.cif,15,20.967618287540972,0,nan,RuntimeError:MotifSearch Timeout
tests/data/csd_families/ZZZWNI/ZZZWNI02.cif,tests/data/csd_families/ZZZWNI/ZZZWNI03.cif,15,7.931682403199375,15,0.8148734558540222,
tests/data/csd_families/ZZZWNI/ZZZWNI02.cif,tests/data/csd_families/ZZZWNI/ZZZWNI04.cif,15,21.177383203990757,0,nan,RuntimeError:MotifSearch Timeout
tests/data/csd_families/ZZZWNI/ZZZWNI03.cif,tests/data/csd_families/ZZZWNI/ZZZWNI04.cif,15,20.27836147788912,0,nan,RuntimeError:MotifSearch Timeout
tests/data/experimental/HOLSUX/HOLSUX.cif,tests/data/experimental/HOLSUX/HOLSUX01.cif,15,1.4317900743335485,15,0.08800154273054868,
tests/data/experimental/NOFJEX/NOFJEX.cif,tests/data/experimental/NOFJEX/NOFJEX01.cif,15,20.6723243445158,0,nan,RuntimeError:MotifSearch Timeout
tests/data/experimental/NOFKAU/NOFKAU.cif,tests/data/experimental/NOFKAU/NOFKAU01.cif,15,0.36657828371971846,4,2.9705868875115655,
tests/data/experimental/ROY/QAXMEH24.cif,tests/data/experimental/ROY/QAXMEH26.cif,15,0.020498803816735744,4,3.7029006724152556,
tests/data/experimental/ROY/QAXMEH24.cif,tests/data/experimental/ROY/QAXMEH27.cif,15,0.01936886552721262,5,4.447778475239022,
tests/data/experimental/ROY/QAXMEH24.cif,tests/data/experimental/ROY/QAXMEH28.cif,15,0.016259929165244102,4,3.3400316233735543,
tests/data/experimental/ROY/QAXMEH24.cif,tests/data/experimental/ROY/QAXMEH29.cif,15,0.021205824799835682,5,3.679361039754882,
tests/data/experimental/ROY/QAXMEH24.cif,tests/data/experimental/ROY/QAXMEH90_O22.cif,15,0.017459546215832233,2,1.369807394474354,
tests/data/experimental/ROY/QAXMEH24.cif,tests/data/experimental/ROY/ROY_PO13.cif,15,0.01952080801129341,4,3.9561862396888428,
tests/data/experimental/ROY/QAXMEH24.cif,tests/data/experimental/ROY/ROY_R05.cif,15,0.06049024406820536,4,3.8809348535332084,
tests/data/experimental/ROY/QAXMEH24.cif,tests/data/experimental/ROY/ROY_Y19.cif,15,0.025531490333378315,6,2.309863761571798,
tests/data/experimental/ROY/QAXMEH24.cif,tests/data/experimental/ROY/ROY_Y_ambient.cif,15,0.021988555788993835,6,2.244735082706845,
tests/data/experimental/ROY/QAXMEH24.cif,tests/data/experimental/ROY/Y04.cif,15,0.021906535141170025,3,1.8380667726142201,
tests/data/experimental/ROY/QAXMEH24.cif,tests/data/experimental/ROY/YT04.cif,15,0.020112328231334686,4,3.522012517382344,
tests/data/experimental/ROY/QAXMEH24.cif,tests/data/experimental/ROY/mrp180010_fa.cif,15,0.10942419245839119,7,1.1996670734219193,
tests/data/experimental/ROY/QAXMEH26.cif,tests/data/experimental/ROY/QAXMEH27.cif,15,0.016659525223076344,4,2.5215197075401505,
tests/data/experimental/ROY/QAXMEH26.cif,tests/data/experimental/ROY/QAXMEH28.cif,15,0.020844098180532455,6,2.077321325321646,
tests/data/experimental/ROY/QAXMEH26.cif,tests/data/experimental/ROY/QAXMEH29.cif,15,0.0327664315700531,7,2.328464782425094,
tests/data/experimental/ROY/QAXMEH26.cif,tests/data/experimental/ROY/QAXMEH90_O22.cif,15,0.018163817934691906,6,2.2369428063413177,
tests/data/experimental/ROY/QAXMEH26.cif,tests/data/experimental/ROY/ROY_PO13.cif,15,0.016676544211804867,3,1.7718368146782448,
tests/data/experimental/ROY/QAXMEH26.cif,tests/data/experimental/ROY/ROY_R05.cif,15,0.0483104195445776,4,4.036015531894134,
tests/data/experimental/ROY/QAXMEH26.cif,tests/data/experimental/ROY/ROY_Y19.cif,15,0.025154405273497105,5,2.973847379390627,
tests/data/experimental/ROY/QAXMEH26.cif,tests/data/experimental/ROY/ROY_Y_ambient.cif,15,0.017591618932783604,6,2.1477710788931255,
tests/data/experimental/ROY/QAXMEH26.cif,tests/data/experimental/ROY/Y04.cif,15,0.032679359428584576,6,2.0529538534495773,
tests/data/experimental/ROY/QAXMEH26.cif,tests/data/experimental/ROY/YT04.cif,15,0.01945948787033558,6,3.6264383178796655,
tests/data/experimental/ROY/QAXMEH26.cif,tests/data/experimental/ROY/mrp180010_fa.cif,15,0.027946187183260918,5,3.565164712636559,
tests/data/experimental/ROY/QAXMEH27.cif,tests/data/experimental/ROY/QAXMEH28.cif,15,0.018729135394096375,4,3.045382613236718,
tests/data/experimental/ROY/QAXMEH27.cif,tests/data/experimental/ROY/QAXMEH29.cif,15,0.018739476799964905,4,2.984332106633747,
tests/data/experimental/ROY/QAXMEH27.cif,tests/data/experimental/ROY/QAXMEH90_O22.cif,15,0.019531858153641224,4,2.774776856008173,
tests/data/experimental/ROY/QAXMEH27.cif,tests/data/experimental/ROY/ROY_PO13.cif,15,0.01840309053659439,4,2.762307498350251,
tests/data/experimental/ROY/QAXMEH27.cif,tests/data/experimental/ROY/ROY_R05.cif,15,0.0727802524343133,6,1.8302514527822307,
tests/data/experimental/ROY/QAXMEH27.cif,tests/data/experimental/ROY/ROY_Y19.cif,15,0.01780669204890728,4,2.5376422376843704,
tests/data/experimental/ROY/QAXMEH27.cif,tests/data/experimental/ROY/ROY_Y_ambient.cif,15,0.017648079432547092,3,1.630532293679434,
tests/data/experimental/ROY/QAXMEH27.cif,tests/data/experimental/ROY/Y04.cif,15,0.02004860620945692,4,1.5405221181304078,
tests/data/experimental/ROY/QAXMEH27.cif,tests/data/experimental/ROY/YT04.cif,15,0.020463443361222744,3,1.6183026797341455,
tests/data/experimental/ROY/QAXMEH27.cif,tests/data/experimental/ROY/mrp180010_fa.cif,15,0.029398228973150253,4,1.2826761719266146,
tests/data/experimental/ROY/QAXMEH28.cif,tests/data/experimental/ROY/QAXMEH29.cif,15,0.0512494333088398,7,4.569459528899219,
tests/data/experimental/ROY/QAXMEH28.cif,tests/data/experimental/ROY/QAXMEH90_O22.cif,15,0.019505998119711876,5,4.342175296377647,
tests/data/experimental/ROY/QAXMEH28.cif,tests/data/experimental/ROY/ROY_PO13.cif,15,0.020944740623235703,5,1.269667203275787,
tests/data/experimental/ROY/QAXMEH28.cif,tests/data/experimental/ROY/ROY_R05.cif,15,0.04539357405155897,3,3.3080933166087805,
tests/data/experimental/ROY/QAXMEH28.cif,tests/data/experimental/ROY/ROY_Y19.cif,15,0.03876753244549036,5,2.5753424072225872,
tests/data/experimental/ROY/QAXMEH28.cif,tests/data/experimental/ROY/ROY_Y_ambient.cif,15,0.018537082709372044,5,1.7471427865215219,
tests/data/experimental/ROY/QAXMEH28.cif,tests/data/experimental/ROY/Y04.cif,15,0.02310004271566868,8,1.7640570379104068,
tests/data/experimental/ROY/QAXMEH28.cif,tests/data/experimental/ROY/YT04.cif,15,0.021586809307336807,7,2.701313429693225,
tests/data/experimental/ROY/QAXMEH28.cif,tests/data/experimental/ROY/mrp180010_fa.cif,15,0.028400043956935406,4,2.6716813490830975,
tests/data/experimental/ROY/QAXMEH29.cif,tests/data/experimental/ROY/QAXMEH90_O22.cif,15,0.02426219079643488,4,2.4754229196396205,
tests/data/experimental/ROY/QAXMEH29.cif,tests/data/experimental/ROY/ROY_PO13.cif,15,0.020397841930389404,4,3.1372501005796787,
tests/data/experimental/ROY/QAXMEH29.cif,tests/data/experimental/ROY/ROY_R05.cif,15,0.048406620509922504,5,3.5918833331810402,
tests/data/experimental/ROY/QAXMEH29.cif,tests/data/experimental/ROY/ROY_Y19.cif,15,0.05084020737558603,7,3.567463234131361,
tests/data/experimental/ROY/QAXMEH29.cif,tests/data/experimental/ROY/ROY_Y_ambient.cif,15,0.02351433038711548,3,1.947629789193273,
tests/data/experimental/ROY/QAXMEH29.cif,tests/data/experimental/ROY/Y04.cif,15,0.03773097600787878,4,2.2792591841172234,
tests/data/experimental/ROY/QAXMEH29.cif,tests/data/experimental/ROY/YT04.cif,15,0.026267491281032562,5,2.3162988077567928,
tests/data/experimental/ROY/QAXMEH29.cif,tests/data/experimental/ROY/mrp180010_fa.cif,15,0.028614036738872528,4,3.5722856412530373,
tests/data/experimental/ROY/QAXMEH90_O22.cif,tests/data/experimental/ROY/ROY_PO13.cif,15,0.019174054265022278,3,3.0028453647153786,
tests/data/experimental/ROY/QAXMEH90_O22.cif,tests/data/experimental/ROY/ROY_R05.cif,15,0.05360296927392483,4,4.16719780297613,
tests/data/experimental/ROY/QAXMEH90_O22.cif,tests/data/experimental/ROY/ROY_Y19.cif,15,0.02180275321006775,7,2.7321590270493026,
tests/data/experimental/ROY/QAXMEH90_O22.cif,tests/data/experimental/ROY/ROY_Y_ambient.cif,15,0.017686430364847183,3,1.9032908782388296,
tests/data/experimental/ROY/QAXMEH90_O22.cif,tests/data/experimental/ROY/Y04.cif,15,0.025146915577352047,6,2.43174789258354,
tests/data/experimental/ROY/QAXMEH90_O22.cif,tests/data/experimental/ROY/YT04.cif,15,0.019154341891407967,3,1.7153515032045712,
tests/data/experimental/ROY/QAXMEH90_O22.cif,tests/data/experimental/ROY/mrp180010_fa.cif,15,0.028186860494315624,3,1.0136335570098443,
tests/data/experimental/ROY/ROY_PO13.cif,tests/data/experimental/ROY/ROY_R05.cif,15,0.044748433865606785,3,1.6103270214310783,
tests/data/experimental/ROY/ROY_PO13.cif,tests/data/experimental/ROY/ROY_Y19.cif,15,0.016929248347878456,3,2.371997008880996,
tests/data/experimental/ROY/ROY_PO13.cif,tests/data/experimental/ROY/ROY_Y_ambient.cif,15,0.018810736946761608,5,2.430771657782458,
tests/data/experimental/ROY/ROY_PO13.cif,tests/data/experimental/ROY/Y04.cif,15,0.018901098519563675,5,2.031013320424433,
tests/data/experimental/ROY/ROY_PO13.cif,tests/data/experimental/ROY/YT04.cif,15,0.017562778666615486,3,0.9918232274301143,
tests/data/experimental/ROY/ROY_PO13.cif,tests/data/experimental/ROY/mrp180010_fa.cif,15,0.028357823379337788,3,1.7333539718544402,
tests/data/experimental/ROY/ROY_R05.cif,tests/data/experimental/ROY/ROY_Y19.cif,15,0.07383181806653738,5,4.747617324160682,
tests/data/experimental/ROY/ROY_R05.cif,tests/data/experimental/ROY/ROY_Y_ambient.cif,15,0.046187915839254856,3,4.753178828388458,
tests/data/experimental/ROY/ROY_R05.cif,tests/data/experimental/ROY/Y04.cif,15,0.04962783865630627,5,3.3966593309567874,
tests/data/experimental/ROY/ROY_R05.cif,tests/data/experimental/ROY/YT04.cif,15,0.049192652106285095,3,2.2607962318717423,
tests/data/experimental/ROY/ROY_R05.cif,tests/data/experimental/ROY/mrp180010_fa.cif,15,0.08078042510896921,4,3.889275534945468,
tests/data/experimental/ROY/ROY_Y19.cif,tests/data/experimental/ROY/ROY_Y_ambient.cif,15,0.01969779096543789,4,2.6622047679280505,
tests/data/experimental/ROY/ROY_Y19.cif,tests/data/experimental/ROY/Y04.cif,15,0.022157149389386177,3,2.1036298671758353,
tests/data/experimental/ROY/ROY_Y19.cif,tests/data/experimental/ROY/YT04.cif,15,0.021957695484161377,4,2.6426465262674337,
tests/data/experimental/ROY/ROY_Y19.cif,tests/data/experimental/ROY/mrp180010_fa.cif,15,0.03292173333466053,5,2.8814076945851235,
tests/data/experimental/ROY/ROY_Y_ambient.cif,tests/data/experimental/ROY/Y04.cif,15,0.02079489827156067,8,3.011924888554453,
tests/data/experimental/ROY/ROY_Y_ambient.cif,tests/data/experimental/ROY/YT04.cif,15,0.02015523798763752,4,2.4260782777940646,
tests/data/experimental/ROY/ROY_Y_ambient.cif,tests/data/experimental/ROY/mrp180010_fa.cif,15,0.03308891598135233,5,2.629270761174105,
tests/data/experimental/ROY/Y04.cif,tests/data/experimental/ROY/YT04.cif,15,0.023043652065098286,7,2.9894305789622133,
tests/data/experimental/ROY/Y04.cif,tests/data/experimental/ROY/mrp180010_fa.cif,15,0.03372001554816961,4,2.2657886508997995,
tests/data/experimental/ROY/YT04.cif,tests/data/experimental/ROY/mrp180010_fa.cif,15,0.031421939842402935,4,3.9128062745646566,
tests/data/experimental/Ritonavir/YIGPIO.cif,tests/data/experimental/Ritonavir/YIGPIO01.cif,15,0.0013440009206533432,0,nan,RuntimeError:Cell::set_spacegroup: invalid spacegroup for cell
tests/data/experimental/Ritonavir/YIGPIO.cif,tests/data/experimental/Ritonavir/YIGPIO03.cif,15,0.11238451860845089,1,4.125903868743453,
tests/data/experimental/Ritonavir/YIGPIO.cif,tests/data/experimental/Ritonavir/YIGPIO04.cif,15,0.1759127490222454,1,2.9663513358020195,
tests/data/experimental/Ritonavir/YIGPIO.cif,tests/data/experimental/Ritonavir/YIGPIO05.cif,15,0.11064776219427586,1,2.924798711246848,
tests/data/experimental/Ritonavir/YIGPIO.cif,tests/data/experimental/Ritonavir/YIGPIO06.cif,15,0.11978908162564039,2,3.2435739782057356,
tests/data/experimental/Ritonavir/YIGPIO.cif,tests/data/experimental/Ritonavir/YIGPIO07.cif,15,0.11120415944606066,15,0.22193249179976993,
tests/data/experimental/Ritonavir/YIGPIO.cif,tests/data/experimental/Ritonavir/YIGPIO09.cif,15,0.10108128469437361,1,2.9459628057614826,
tests/data/experimental/Ritonavir/YIGPIO.cif,tests/data/experimental/Ritonavir/YIGPIO10.cif,15,0.1056729145348072,1,2.9622209907316517,
tests/data/experimental/Ritonavir/YIGPIO01.cif,tests/data/experimental/Ritonavir/YIGPIO03.cif,15,0.0007479619234800339,0,nan,RuntimeError:Cell::set_spacegroup: invalid spacegroup for cell
tests/data/experimental/Ritonavir/YIGPIO01.cif,tests/data/experimental/Ritonavir/YIGPIO04.cif,15,0.0009700348600745201,0,nan,RuntimeError:Cell::set_spacegroup: invalid spacegroup for cell
tests/data/experimental/Ritonavir/YIGPIO01.cif,tests/data/experimental/Ritonavir/YIGPIO05.cif,15,0.0005761394277215004,0,nan,RuntimeError:Cell::set_spacegroup: invalid spacegroup for cell
tests/data/experimental/Ritonavir/YIGPIO01.cif,tests/data/experimental/Ritonavir/YIGPIO06.cif,15,0.0015276437625288963,0,nan,RuntimeError:Cell::set_spacegroup: invalid spacegroup for cell
tests/data/experimental/Ritonavir/YIGPIO01.cif,tests/data/experimental/Ritonavir/YIGPIO07.cif,15,0.0005800686776638031,0,nan,RuntimeError:Cell::set_spacegroup: invalid spacegroup for cell
tests/data/experimental/Ritonavir/YIGPIO01.cif,tests/data/experimental/Ritonavir/YIGPIO09.cif,15,0.0005348185077309608,0,nan,RuntimeError:Cell::set_spacegroup: invalid spacegroup for cell
tests/data/experimental/Ritonavir/YIGPIO01.cif,tests/data/experimental/Ritonavir/YIGPIO10.cif,15,0.0004967674612998962,0,nan,RuntimeError:Cell::set_spacegroup: invalid spacegroup for cell
tests/data/experimental/Ritonavir/YIGPIO03.cif,tests/data/experimental/Ritonavir/YIGPIO04.cif,15,0.19725516438484192,1,3.537749552034184,
tests/data/experimental/Ritonavir/YIGPIO03.cif,tests/data/experimental/Ritonavir/YIGPIO05.cif,15,0.13346063997596502,1,3.5249982057930573,
tests/data/experimental/Ritonavir/YIGPIO03.cif,tests/data/experimental/Ritonavir/YIGPIO06.cif,15,0.16284602880477905,1,3.4718295809277433,
tests/data/experimental/Ritonavir/YIGPIO03.cif,tests/data/experimental/Ritonavir/YIGPIO07.cif,15,0.12229363899677992,1,4.1367023237036875,
tests/data/experimental/Ritonavir/YIGPIO03.cif,tests/data/experimental/Ritonavir/YIGPIO09.cif,15,0.1215080376714468,1,3.4199562910427765,
tests/data/experimental/Ritonavir/YIGPIO03.cif,tests/data/experimental/Ritonavir/YIGPIO10.cif,15,0.13003589771687984,2,4.279095952893756,
tests/data/experimental/Ritonavir/YIGPIO04.cif,tests/data/experimental/Ritonavir/YIGPIO05.cif,15,0.33773508202284575,15,0.2328021593706503,
tests/data/experimental/Ritonavir/YIGPIO04.cif,tests/data/experimental/Ritonavir/YIGPIO06.cif,15,22.039387938566506,10,0.7902164393255301,
tests/data/experimental/Ritonavir/YIGPIO04.cif,tests/data/experimental/Ritonavir/YIGPIO07.cif,15,0.18754646740853786,1,2.989198570435803,
tests/data/experimental/Ritonavir/YIGPIO04.cif,tests/data/experimental/Ritonavir/YIGPIO09.cif,15,0.18869539443403482,2,2.165455349917819,
tests/data/experimental/Ritonavir/YIGPIO04.cif,tests/data/experimental/Ritonavir/YIGPIO10.cif,15,0.21330159064382315,2,2.18539399479627,
tests/data/experimental/Ritonavir/YIGPIO05.cif,tests/data/experimental/Ritonavir/YIGPIO06.cif,15,3.146755383349955,8,1.4883174525610046,
tests/data/experimental/Ritonavir/YIGPIO05.cif,tests/data/experimental/Ritonavir/YIGPIO07.cif,15,0.12076101638376713,1,2.9496593038071457,
tests/data/experimental/Ritonavir/YIGPIO05.cif,tests/data/experimental/Ritonavir/YIGPIO09.cif,15,0.12125229276716709,2,2.131985780582761,
tests/data/experimental/Ritonavir/YIGPIO05.cif,tests/data/experimental/Ritonavir/YIGPIO10.cif,15,0.13485644198954105,2,3.908933915699906,
tests/data/experimental/Ritonavir/YIGPIO06.cif,tests/data/experimental/Ritonavir/YIGPIO07.cif,15,0.14599416218698025,2,3.3045634257362044,
tests/data/experimental/Ritonavir/YIGPIO06.cif,tests/data/experimental/Ritonavir/YIGPIO09.cif,15,0.15289356652647257,3,3.34777258210524,
tests/data/experimental/Ritonavir/YIGPIO06.cif,tests/data/experimental/Ritonavir/YIGPIO10.cif,15,0.1861948175355792,2,2.2760363204969463,
tests/data/experimental/Ritonavir/YIGPIO07.cif,tests/data/experimental/Ritonavir/YIGPIO09.cif,15,0.11169409658759832,1,2.9694439932551453,
tests/data/experimental/Ritonavir/YIGPIO07.cif,tests/data/experimental/Ritonavir/YIGPIO10.cif,15,0.11554094590246677,1,2.9804768448645933,
tests/data/experimental/Ritonavir/YIGPIO09.cif,tests/data/experimental/Ritonavir/YIGPIO10.cif,15,0.6138555631041527,15,0.5240435121476272,
tests/data/experimental/TT-TzTz-TT/pere52.cif,tests/data/experimental/TT-TzTz-TT/pere53.cif,15,0.4337222306057811,9,6.069323636219193,
tests/data/experimental/galunisertib/Galunisertib_FORM_I.cif,tests/data/experimental/galunisertib/Galunisertib_FORM_II.cif,15,0.029998019337654114,5,1.681959161082619,
tests/data/experimental/galunisertib/Galunisertib_FORM_I.cif,tests/data/experimental/galunisertib/Galunisertib_FORM_III.cif,15,0.025847114622592926,6,2.2201631928790713,
tests/data/experimental/galunisertib/Galunisertib_FORM_I.cif,tests/data/experimental/galunisertib/Galunisertib_FORM_IV.cif,15,0.044025893323123455,5,2.2232428423588377,
tests/data/experimental/galunisertib/Galunisertib_FORM_I.cif,tests/data/experimental/galunisertib/Galunisertib_FORM_IX.cif,15,0.02680640947073698,4,3.7909580198182105,
tests/data/experimental/galunisertib/Galunisertib_FORM_I.cif,tests/data/experimental/galunisertib/Galunisertib_FORM_V.cif,15,0.026479906402528286,4,4.4300842015023525,
tests/data/experimental/galunisertib/Galunisertib_FORM_I.cif,tests/data/experimental/galunisertib/Galunisertib_FORM_VI.cif,15,0.027935698628425598,5,3.8842831303868683,
tests/data/experimental/galunisertib/Galunisertib_FORM_I.cif,tests/data/experimental/galunisertib/Galunisertib_FORM_VIII.cif,15,0.02798736747354269,4,3.191964420715094,
tests/data/experimental/galunisertib/Galunisertib_FORM_I.cif,tests/data/experimental/galunisertib/Galunisertib_FORM_X.cif,15,0.02665079664438963,5,5.204305878527109,
tests/data/experimental/galunisertib/Galunisertib_FORM_I.cif,tests/data/experimental/galunisertib/Galunisertib_Form_VII.cif,15,0.03983470890671015,4,4.515189328622954,
tests/data/experimental/galunisertib/Galunisertib_FORM_II.cif,tests/data/experimental/galunisertib/Galunisertib_FORM_III.cif,15,0.025406118482351303,5,3.5870541655833494,
tests/data/experimental/galunisertib/Galunisertib_FORM_II.cif,tests/data/experimental/galunisertib/Galunisertib_FORM_IV.cif,15,0.05438146088272333,6,2.03243655367044,
tests/data/experimental/galunisertib/Galunisertib_FORM_II.cif,tests/data/experimental/galunisertib/Galunisertib_FORM_IX.cif,15,0.0394173813983798,7,1.1046416971343838,
tests/data/experimental/galunisertib/Galunisertib_FORM_II.cif,tests/data/experimental/galunisertib/Galunisertib_FORM_V.cif,15,0.024637077003717422,4,1.2695965871044126,
tests/data/experimental/galunisertib/Galunisertib_FORM_II.cif,tests/data/experimental/galunisertib/Galunisertib_FORM_VI.cif,15,0.036036061123013496,9,1.8072548853294983,
tests/data/experimental/galunisertib/Galunisertib_FORM_II.cif,tests/data/experimental/galunisertib/Galunisertib_FORM_VIII.cif,15,0.040524340234696865,8,1.8084797689451126,
tests/data/experimental/galunisertib/Galunisertib_FORM_II.cif,tests/data/experimental/galunisertib/Galunisertib_FORM_X.cif,15,0.02526334673166275,3,3.1079440309063107,
tests/data/experimental/galunisertib/Galunisertib_FORM_II.cif,tests/data/experimental/galunisertib/Galunisertib_Form_VII.cif,15,0.048917097970843315,7,2.28001294102328,
tests/data/experimental/galunisertib/Galunisertib_FORM_III.cif,tests/data/experimental/galunisertib/Galunisertib_FORM_IV.cif,15,0.04009459353983402,4,0.899390153488915,
tests/data/experimental/galunisertib/Galunisertib_FORM_III.cif,tests/data/experimental/galunisertib/Galunisertib_FORM_IX.cif,15,0.024478234350681305,4,2.921009746956153,
tests/data/experimental/galunisertib/Galunisertib_FORM_III.cif,tests/data/experimental/galunisertib/Galunisertib_FORM_V.cif,15,0.024935751222074032,3,4.261032809955992,
tests/data/experimental/galunisertib/Galunisertib_FORM_III.cif,tests/data/experimental/galunisertib/Galunisertib_FORM_VI.cif,15,0.02350698970258236,3,4.039449201479362,
tests/data/experimental/galunisertib/Galunisertib_FORM_III.cif,tests/data/experimental/galunisertib/Galunisertib_FORM_VIII.cif,15,0.02927318774163723,5,2.8454717835008987,
tests/data/experimental/galunisertib/Galunisertib_FORM_III.cif,tests/data/experimental/galunisertib/Galunisertib_FORM_X.cif,15,0.026549145579338074,4,1.5247772054019644,
tests/data/experimental/galunisertib/Galunisertib_FORM_III.cif,tests/data/experimental/galunisertib/Galunisertib_Form_VII.cif,15,0.03855208959430456,5,3.4121445886140536,
tests/data/experimental/galunisertib/Galunisertib_FORM_IV.cif,tests/data/experimental/galunisertib/Galunisertib_FORM_IX.cif,15,0.05195970367640257,6,1.6037944793217198,
tests/data/experimental/galunisertib/Galunisertib_FORM_IV.cif,tests/data/experimental/galunisertib/Galunisertib_FORM_V.cif,15,0.04359074681997299,4,3.6340477314380943,
tests/data/experimental/galunisertib/Galunisertib_FORM_IV.cif,tests/data/experimental/galunisertib/Galunisertib_FORM_VI.cif,15,0.045535446144640446,6,3.9667834455723066,
tests/data/experimental/galunisertib/Galunisertib_FORM_IV.cif,tests/data/experimental/galunisertib/Galunisertib_FORM_VIII.cif,15,0.04451666120439768,6,1.649038021826703,
tests/data/experimental/galunisertib/Galunisertib_FORM_IV.cif,tests/data/experimental/galunisertib/Galunisertib_FORM_X.cif,15,0.04290010593831539,4,1.6011884909885952,
tests/data/experimental/galunisertib/Galunisertib_FORM_IV.cif,tests/data/experimental/galunisertib/Galunisertib_Form_VII.cif,15,0.058544605039060116,4,2.884521012327281,
tests/data/experimental/galunisertib/Galunisertib_FORM_IX.cif,tests/data/experimental/galunisertib/Galunisertib_FORM_V.cif,15,0.025177945382893085,4,1.0764613380078631,
tests/data/experimental/galunisertib/Galunisertib_FORM_IX.cif,tests/data/experimental/galunisertib/Galunisertib_FORM_VI.cif,15,0.029288308694958687,5,0.5530449537326415,
tests/data/experimental/galunisertib/Galunisertib_FORM_IX.cif,tests/data/experimental/galunisertib/Galunisertib_FORM_VIII.cif,15,0.038896613754332066,8,1.1980650364751626,
tests/data/experimental/galunisertib/Galunisertib_FORM_IX.cif,tests/data/experimental/galunisertib/Galunisertib_FORM_X.cif,15,0.0244337422773242,2,2.7436873157487223,
tests/data/experimental/galunisertib/Galunisertib_FORM_IX.cif,tests/data/experimental/galunisertib/Galunisertib_Form_VII.cif,15,0.04424125608056784,4,1.4375038577306434,
tests/data/experimental/galunisertib/Galunisertib_FORM_V.cif,tests/data/experimental/galunisertib/Galunisertib_FORM_VI.cif,15,0.030226501636207104,5,4.786891279312988,
tests/data/experimental/galunisertib/Galunisertib_FORM_V.cif,tests/data/experimental/galunisertib/Galunisertib_FORM_VIII.cif,15,0.02871616929769516,7,0.5437991994848278,
tests/data/experimental/galunisertib/Galunisertib_FORM_V.cif,tests/data/experimental/galunisertib/Galunisertib_FORM_X.cif,15,0.025576511397957802,3,5.24206861101843,
tests/data/experimental/galunisertib/Galunisertib_FORM_V.cif,tests/data/experimental/galunisertib/Galunisertib_Form_VII.cif,15,0.03921420965343714,4,2.7905947087343272,
tests/data/experimental/galunisertib/Galunisertib_FORM_VI.cif,tests/data/experimental/galunisertib/Galunisertib_FORM_VIII.cif,15,0.03148275054991245,4,1.8983351991322361,
tests/data/experimental/galunisertib/Galunisertib_FORM_VI.cif,tests/data/experimental/galunisertib/Galunisertib_FORM_X.cif,15,0.02547896932810545,4,3.9417932491940855,
tests/data/experimental/galunisertib/Galunisertib_FORM_VI.cif,tests/data/experimental/galunisertib/Galunisertib_Form_VII.cif,15,0.045855771750211716,6,1.9530446271196764,
tests/data/experimental/galunisertib/Galunisertib_FORM_VIII.cif,tests/data/experimental/galunisertib/Galunisertib_FORM_X.cif,15,0.02569127269089222,2,1.4837613232402262,
tests/data/experimental/galunisertib/Galunisertib_FORM_VIII.cif,tests/data/experimental/galunisertib/Galunisertib_Form_VII.cif,15,0.04490835592150688,5,3.2494258151366386,
tests/data/experimental/galunisertib/Galunisertib_FORM_X.cif,tests/data/experimental/galunisertib/Galunisertib_Form_VII.cif,15,0.03807508200407028,2,2.3523375902293933,
