family,source,a,b,a_path,b_path,ccdc_nmatched_15,ccdc_rmsd_15,ccdc_nmatched_1,ccdc_rmsd_1,error
HOLSUX,curated,HOLSUX.cif,HOLSUX01.cif,tests/data/experimental/HOLSUX/HOLSUX.cif,tests/data/experimental/HOLSUX/HOLSUX01.cif,15,0.08800154273054868,1,0.0038178223957015854,
NOFJEX,curated,NOFJEX.cif,NOFJEX01.cif,tests/data/experimental/NOFJEX/NOFJEX.cif,tests/data/experimental/NOFJEX/NOFJEX01.cif,0,nan,0,nan,RuntimeError:MotifSearch Timeout
NOFKAU,curated,NOFKAU.cif,NOFKAU01.cif,tests/data/experimental/NOFKAU/NOFKAU.cif,tests/data/experimental/NOFKAU/NOFKAU01.cif,4,2.9705868875115655,1,0.716233613671972,
ROY,curated,QAXMEH24.cif,QAXMEH26.cif,tests/data/experimental/ROY/QAXMEH24.cif,tests/data/experimental/ROY/QAXMEH26.cif,4,3.7029006724152556,1,0.32839715665614605,
ROY,curated,QAXMEH24.cif,QAXMEH27.cif,tests/data/experimental/ROY/QAXMEH24.cif,tests/data/experimental/ROY/QAXMEH27.cif,5,4.447778475239022,1,0.15741925598851672,
ROY,curated,QAXMEH24.cif,QAXMEH28.cif,tests/data/experimental/ROY/QAXMEH24.cif,tests/data/experimental/ROY/QAXMEH28.cif,4,3.3400316233735543,1,0.7624562611918407,
ROY,curated,QAXMEH24.cif,QAXMEH29.cif,tests/data/experimental/ROY/QAXMEH24.cif,tests/data/experimental/ROY/QAXMEH29.cif,5,3.679361039754882,1,0.24528650144195693,
ROY,curated,QAXMEH24.cif,QAXMEH90_O22.cif,tests/data/experimental/ROY/QAXMEH24.cif,tests/data/experimental/ROY/QAXMEH90_O22.cif,2,1.369807394474354,1,0.045868583361988936,
ROY,curated,QAXMEH24.cif,ROY_PO13.cif,tests/data/experimental/ROY/QAXMEH24.cif,tests/data/experimental/ROY/ROY_PO13.cif,4,3.9561862396888428,1,0.9725608927259188,
ROY,curated,QAXMEH24.cif,ROY_R05.cif,tests/data/experimental/ROY/QAXMEH24.cif,tests/data/experimental/ROY/ROY_R05.cif,4,3.8809348535332084,1,0.18879170239229537,
ROY,curated,QAXMEH24.cif,ROY_Y19.cif,tests/data/experimental/ROY/QAXMEH24.cif,tests/data/experimental/ROY/ROY_Y19.cif,6,2.309863761571798,1,0.1314291943447539,
ROY,curated,QAXMEH24.cif,ROY_Y_ambient.cif,tests/data/experimental/ROY/QAXMEH24.cif,tests/data/experimental/ROY/ROY_Y_ambient.cif,6,2.244735082706845,1,0.7154620424650315,
ROY,curated,QAXMEH24.cif,Y04.cif,tests/data/experimental/ROY/QAXMEH24.cif,tests/data/experimental/ROY/Y04.cif,3,1.8380667726142201,1,0.34636048101206635,
ROY,curated,QAXMEH24.cif,YT04.cif,tests/data/experimental/ROY/QAXMEH24.cif,tests/data/experimental/ROY/YT04.cif,4,3.522012517382344,1,0.7423198454821474,
ROY,curated,QAXMEH24.cif,mrp180010_fa.cif,tests/data/experimental/ROY/QAXMEH24.cif,tests/data/experimental/ROY/mrp180010_fa.cif,7,1.1996670734219193,1,0.7153152480156078,
ROY,curated,QAXMEH26.cif,QAXMEH27.cif,tests/data/experimental/ROY/QAXMEH26.cif,tests/data/experimental/ROY/QAXMEH27.cif,4,2.5215197075401505,1,0.20319237550741764,
ROY,curated,QAXMEH26.cif,QAXMEH28.cif,tests/data/experimental/ROY/QAXMEH26.cif,tests/data/experimental/ROY/QAXMEH28.cif,6,2.077321325321646,1,1.0184680692676906,
ROY,curated,QAXMEH26.cif,QAXMEH29.cif,tests/data/experimental/ROY/QAXMEH26.cif,tests/data/experimental/ROY/QAXMEH29.cif,7,2.328464782425094,1,0.28150359849572776,
ROY,curated,QAXMEH26.cif,QAXMEH90_O22.cif,tests/data/experimental/ROY/QAXMEH26.cif,tests/data/experimental/ROY/QAXMEH90_O22.cif,6,2.2369428063413177,1,0.35905672678609984,
ROY,curated,QAXMEH26.cif,ROY_PO13.cif,tests/data/experimental/ROY/QAXMEH26.cif,tests/data/experimental/ROY/ROY_PO13.cif,3,1.7718368146782448,1,1.213469401011649,
ROY,curated,QAXMEH26.cif,ROY_R05.cif,tests/data/experimental/ROY/QAXMEH26.cif,tests/data/experimental/ROY/ROY_R05.cif,4,4.036015531894134,1,0.19718098640685325,
ROY,curated,QAXMEH26.cif,ROY_Y19.cif,tests/data/experimental/ROY/QAXMEH26.cif,tests/data/experimental/ROY/ROY_Y19.cif,5,2.973847379390627,1,0.4435207359065382,
ROY,curated,QAXMEH26.cif,ROY_Y_ambient.cif,tests/data/experimental/ROY/QAXMEH26.cif,tests/data/experimental/ROY/ROY_Y_ambient.cif,6,2.1477710788931255,1,0.9759789551680319,
ROY,curated,QAXMEH26.cif,Y04.cif,tests/data/experimental/ROY/QAXMEH26.cif,tests/data/experimental/ROY/Y04.cif,6,2.0529538534495773,1,0.6206253775081441,
ROY,curated,QAXMEH26.cif,YT04.cif,tests/data/experimental/ROY/QAXMEH26.cif,tests/data/experimental/ROY/YT04.cif,6,3.6264383178796655,1,1.0294880142338692,
ROY,curated,QAXMEH26.cif,mrp180010_fa.cif,tests/data/experimental/ROY/QAXMEH26.cif,tests/data/experimental/ROY/mrp180010_fa.cif,5,3.565164712636559,1,0.6511826116380471,
ROY,curated,QAXMEH27.cif,QAXMEH28.cif,tests/data/experimental/ROY/QAXMEH27.cif,tests/data/experimental/ROY/QAXMEH28.cif,4,3.045382613236718,1,0.8679414017271303,
ROY,curated,QAXMEH27.cif,QAXMEH29.cif,tests/data/experimental/ROY/QAXMEH27.cif,tests/data/experimental/ROY/QAXMEH29.cif,4,2.984332106633747,1,0.21287914557716967,
ROY,curated,QAXMEH27.cif,QAXMEH90_O22.cif,tests/data/experimental/ROY/QAXMEH27.cif,tests/data/experimental/ROY/QAXMEH90_O22.cif,4,2.774776856008173,1,0.18109518908465658,
ROY,curated,QAXMEH27.cif,ROY_PO13.cif,tests/data/experimental/ROY/QAXMEH27.cif,tests/data/experimental/ROY/ROY_PO13.cif,4,2.762307498350251,1,1.0765889050780628,
ROY,curated,QAXMEH27.cif,ROY_R05.cif,tests/data/experimental/ROY/QAXMEH27.cif,tests/data/experimental/ROY/ROY_R05.cif,6,1.8302514527822307,1,0.17985992844766044,
ROY,curated,QAXMEH27.cif,ROY_Y19.cif,tests/data/experimental/ROY/QAXMEH27.cif,tests/data/experimental/ROY/ROY_Y19.cif,4,2.5376422376843704,1,0.27258347039627473,
ROY,curated,QAXMEH27.cif,ROY_Y_ambient.cif,tests/data/experimental/ROY/QAXMEH27.cif,tests/data/experimental/ROY/ROY_Y_ambient.cif,3,1.630532293679434,1,0.8229213648181629,
ROY,curated,QAXMEH27.cif,Y04.cif,tests/data/experimental/ROY/QAXMEH27.cif,tests/data/experimental/ROY/Y04.cif,4,1.5405221181304078,1,0.46043261483258147,
ROY,curated,QAXMEH27.cif,YT04.cif,tests/data/experimental/ROY/QAXMEH27.cif,tests/data/experimental/ROY/YT04.cif,3,1.6183026797341455,1,0.8681876908305979,
ROY,curated,QAXMEH27.cif,mrp180010_fa.cif,tests/data/experimental/ROY/QAXMEH27.cif,tests/data/experimental/ROY/mrp180010_fa.cif,4,1.2826761719266146,1,0.671833116675712,
ROY,curated,QAXMEH28.cif,QAXMEH29.cif,tests/data/experimental/ROY/QAXMEH28.cif,tests/data/experimental/ROY/QAXMEH29.cif,7,4.569459528899219,1,0.9880703083257656,
ROY,curated,QAXMEH28.cif,QAXMEH90_O22.cif,tests/data/experimental/ROY/QAXMEH28.cif,tests/data/experimental/ROY/QAXMEH90_O22.cif,5,4.342175296377647,1,0.7547727481449642,
ROY,curated,QAXMEH28.cif,ROY_PO13.cif,tests/data/experimental/ROY/QAXMEH28.cif,tests/data/experimental/ROY/ROY_PO13.cif,5,1.269667203275787,1,0.2749543537367181,
ROY,curated,QAXMEH28.cif,ROY_R05.cif,tests/data/experimental/ROY/QAXMEH28.cif,tests/data/experimental/ROY/ROY_R05.cif,3,3.3080933166087805,1,0.8734198187698116,
ROY,curated,QAXMEH28.cif,ROY_Y19.cif,tests/data/experimental/ROY/QAXMEH28.cif,tests/data/experimental/ROY/ROY_Y19.cif,5,2.5753424072225872,1,0.6653702060045038,
ROY,curated,QAXMEH28.cif,ROY_Y_ambient.cif,tests/data/experimental/ROY/QAXMEH28.cif,tests/data/experimental/ROY/ROY_Y_ambient.cif,5,1.7471427865215219,1,0.056876847151600525,
ROY,curated,QAXMEH28.cif,Y04.cif,tests/data/experimental/ROY/QAXMEH28.cif,tests/data/experimental/ROY/Y04.cif,8,1.7640570379104068,1,0.43021658138036234,
ROY,curated,QAXMEH28.cif,YT04.cif,tests/data/experimental/ROY/QAXMEH28.cif,tests/data/experimental/ROY/YT04.cif,7,2.701313429693225,1,0.2394062122320805,
ROY,curated,QAXMEH28.cif,mrp180010_fa.cif,tests/data/experimental/ROY/QAXMEH28.cif,tests/data/experimental/ROY/mrp180010_fa.cif,4,2.6716813490830975,1,1.4085691395737887,
ROY,curated,QAXMEH29.cif,QAXMEH90_O22.cif,tests/data/experimental/ROY/QAXMEH29.cif,tests/data/experimental/ROY/QAXMEH90_O22.cif,4,2.4754229196396205,1,0.2502883932586293,
ROY,curated,QAXMEH29.cif,ROY_PO13.cif,tests/data/experimental/ROY/QAXMEH29.cif,tests/data/experimental/ROY/ROY_PO13.cif,4,3.1372501005796787,1,1.1906106651550643,
ROY,curated,QAXMEH29.cif,ROY_R05.cif,tests/data/experimental/ROY/QAXMEH29.cif,tests/data/experimental/ROY/ROY_R05.cif,5,3.5918833331810402,1,0.18394308509778162,
ROY,curated,QAXMEH29.cif,ROY_Y19.cif,tests/data/experimental/ROY/QAXMEH29.cif,tests/data/experimental/ROY/ROY_Y19.cif,7,3.567463234131361,1,0.3525747453082094,
ROY,curated,QAXMEH29.cif,ROY_Y_ambient.cif,tests/data/experimental/ROY/QAXMEH29.cif,tests/data/experimental/ROY/ROY_Y_ambient.cif,3,1.947629789193273,1,0.9405172369684665,
ROY,curated,QAXMEH29.cif,Y04.cif,tests/data/experimental/ROY/QAXMEH29.cif,tests/data/experimental/ROY/Y04.cif,4,2.2792591841172234,1,0.5829494966414409,
ROY,curated,QAXMEH29.cif,YT04.cif,tests/data/experimental/ROY/QAXMEH29.cif,tests/data/experimental/ROY/YT04.cif,5,2.3162988077567928,1,0.9468962378937892,
ROY,curated,QAXMEH29.cif,mrp180010_fa.cif,tests/data/experimental/ROY/QAXMEH29.cif,tests/data/experimental/ROY/mrp180010_fa.cif,4,3.5722856412530373,1,0.47971629614545686,
ROY,curated,QAXMEH90_O22.cif,ROY_PO13.cif,tests/data/experimental/ROY/QAXMEH90_O22.cif,tests/data/experimental/ROY/ROY_PO13.cif,3,3.0028453647153786,1,0.9631891066392483,
ROY,curated,QAXMEH90_O22.cif,ROY_R05.cif,tests/data/experimental/ROY/QAXMEH90_O22.cif,tests/data/experimental/ROY/ROY_R05.cif,4,4.16719780297613,1,0.1951336511719449,
ROY,curated,QAXMEH90_O22.cif,ROY_Y19.cif,tests/data/experimental/ROY/QAXMEH90_O22.cif,tests/data/experimental/ROY/ROY_Y19.cif,7,2.7321590270493026,1,0.12256976702674356,
ROY,curated,QAXMEH90_O22.cif,ROY_Y_ambient.cif,tests/data/experimental/ROY/QAXMEH90_O22.cif,tests/data/experimental/ROY/ROY_Y_ambient.cif,3,1.9032908782388296,1,0.7069639685560033,
ROY,curated,QAXMEH90_O22.cif,Y04.cif,tests/data/experimental/ROY/QAXMEH90_O22.cif,tests/data/experimental/ROY/Y04.cif,6,2.43174789258354,1,0.3387682438739995,
ROY,curated,QAXMEH90_O22.cif,YT04.cif,tests/data/experimental/ROY/QAXMEH90_O22.cif,tests/data/experimental/ROY/YT04.cif,3,1.7153515032045712,1,0.7263124465997934,
ROY,curated,QAXMEH90_O22.cif,mrp180010_fa.cif,tests/data/experimental/ROY/QAXMEH90_O22.cif,tests/data/experimental/ROY/mrp180010_fa.cif,3,1.0136335570098443,1,0.7143083100089122,
ROY,curated,ROY_PO13.cif,ROY_R05.cif,tests/data/experimental/ROY/ROY_PO13.cif,tests/data/experimental/ROY/ROY_R05.cif,3,1.6103270214310783,1,1.0558531621603608,
ROY,curated,ROY_PO13.cif,ROY_Y19.cif,tests/data/experimental/ROY/ROY_PO13.cif,tests/data/experimental/ROY/ROY_Y19.cif,3,2.371997008880996,1,0.8839901221791464,
ROY,curated,ROY_PO13.cif,ROY_Y_ambient.cif,tests/data/experimental/ROY/ROY_PO13.cif,tests/data/experimental/ROY/ROY_Y_ambient.cif,5,2.430771657782458,1,0.3129704517634063,
ROY,curated,ROY_PO13.cif,Y04.cif,tests/data/experimental/ROY/ROY_PO13.cif,tests/data/experimental/ROY/Y04.cif,5,2.031013320424433,1,0.6490307222579824,
ROY,curated,ROY_PO13.cif,YT04.cif,tests/data/experimental/ROY/ROY_PO13.cif,tests/data/experimental/ROY/YT04.cif,3,0.9918232274301143,1,0.36631677189142986,
ROY,curated,ROY_PO13.cif,mrp180010_fa.cif,tests/data/experimental/ROY/ROY_PO13.cif,tests/data/experimental/ROY/mrp180010_fa.cif,3,1.7333539718544402,1,1.5950331487079217,
ROY,curated,ROY_R05.cif,ROY_Y19.cif,tests/data/experimental/ROY/ROY_R05.cif,tests/data/experimental/ROY/ROY_Y19.cif,5,4.747617324160682,1,0.293793787346717,
ROY,curated,ROY_R05.cif,ROY_Y_ambient.cif,tests/data/experimental/ROY/ROY_R05.cif,tests/data/experimental/ROY/ROY_Y_ambient.cif,3,4.753178828388458,1,0.8266421370687824,
ROY,curated,ROY_R05.cif,Y04.cif,tests/data/experimental/ROY/ROY_R05.cif,tests/data/experimental/ROY/Y04.cif,5,3.3966593309567874,1,0.46975467224995154,
ROY,curated,ROY_R05.cif,YT04.cif,tests/data/experimental/ROY/ROY_R05.cif,tests/data/experimental/ROY/YT04.cif,3,2.2607962318717423,1,0.8375113632511707,
ROY,curated,ROY_R05.cif,mrp180010_fa.cif,tests/data/experimental/ROY/ROY_R05.cif,tests/data/experimental/ROY/mrp180010_fa.cif,4,3.889275534945468,1,0.6125867797287065,
ROY,curated,ROY_Y19.cif,ROY_Y_ambient.cif,tests/data/experimental/ROY/ROY_Y19.cif,tests/data/experimental/ROY/ROY_Y_ambient.cif,4,2.6622047679280505,1,0.6177484571412036,
ROY,curated,ROY_Y19.cif,Y04.cif,tests/data/experimental/ROY/ROY_Y19.cif,tests/data/experimental/ROY/Y04.cif,3,2.1036298671758353,1,0.24975378663561965,
ROY,curated,ROY_Y19.cif,YT04.cif,tests/data/experimental/ROY/ROY_Y19.cif,tests/data/experimental/ROY/YT04.cif,4,2.6426465262674337,1,0.6403586878097005,
ROY,curated,ROY_Y19.cif,mrp180010_fa.cif,tests/data/experimental/ROY/ROY_Y19.cif,tests/data/experimental/ROY/mrp180010_fa.cif,5,2.8814076945851235,1,0.8049932913962922,
ROY,curated,ROY_Y_ambient.cif,Y04.cif,tests/data/experimental/ROY/ROY_Y_ambient.cif,tests/data/experimental/ROY/Y04.cif,8,3.011924888554453,1,0.3835866421553949,
ROY,curated,ROY_Y_ambient.cif,YT04.cif,tests/data/experimental/ROY/ROY_Y_ambient.cif,tests/data/experimental/ROY/YT04.cif,4,2.4260782777940646,1,0.21648789520096906,
ROY,curated,ROY_Y_ambient.cif,mrp180010_fa.cif,tests/data/experimental/ROY/ROY_Y_ambient.cif,tests/data/experimental/ROY/mrp180010_fa.cif,5,2.629270761174105,1,1.362251522089497,
ROY,curated,Y04.cif,YT04.cif,tests/data/experimental/ROY/Y04.cif,tests/data/experimental/ROY/YT04.cif,7,2.9894305789622133,1,0.4443285920410974,
ROY,curated,Y04.cif,mrp180010_fa.cif,tests/data/experimental/ROY/Y04.cif,tests/data/experimental/ROY/mrp180010_fa.cif,4,2.2657886508997995,1,1.034705420425384,
ROY,curated,YT04.cif,mrp180010_fa.cif,tests/data/experimental/ROY/YT04.cif,tests/data/experimental/ROY/mrp180010_fa.cif,4,3.9128062745646566,1,1.3355726725770398,
Ritonavir,curated,YIGPIO.cif,YIGPIO01.cif,tests/data/experimental/Ritonavir/YIGPIO.cif,tests/data/experimental/Ritonavir/YIGPIO01.cif,0,nan,0,nan,RuntimeError:Cell::set_spacegroup: invalid spacegroup for cell
Ritonavir,curated,YIGPIO.cif,YIGPIO03.cif,tests/data/experimental/Ritonavir/YIGPIO.cif,tests/data/experimental/Ritonavir/YIGPIO03.cif,1,4.125903868743453,1,4.125903868743453,
Ritonavir,curated,YIGPIO.cif,YIGPIO04.cif,tests/data/experimental/Ritonavir/YIGPIO.cif,tests/data/experimental/Ritonavir/YIGPIO04.cif,1,2.9663513358020195,1,2.9663513358020195,
Ritonavir,curated,YIGPIO.cif,YIGPIO05.cif,tests/data/experimental/Ritonavir/YIGPIO.cif,tests/data/experimental/Ritonavir/YIGPIO05.cif,1,2.924798711246848,1,2.924798711246848,
Ritonavir,curated,YIGPIO.cif,YIGPIO06.cif,tests/data/experimental/Ritonavir/YIGPIO.cif,tests/data/experimental/Ritonavir/YIGPIO06.cif,2,3.2435739782057356,1,2.931686265168399,
Ritonavir,curated,YIGPIO.cif,YIGPIO07.cif,tests/data/experimental/Ritonavir/YIGPIO.cif,tests/data/experimental/Ritonavir/YIGPIO07.cif,15,0.22193249179976993,1,0.16360813883011285,
Ritonavir,curated,YIGPIO.cif,YIGPIO09.cif,tests/data/experimental/Ritonavir/YIGPIO.cif,tests/data/experimental/Ritonavir/YIGPIO09.cif,1,2.9459628057614826,1,2.9459628057614826,
Ritonavir,curated,YIGPIO.cif,YIGPIO10.cif,tests/data/experimental/Ritonavir/YIGPIO.cif,tests/data/experimental/Ritonavir/YIGPIO10.cif,1,2.9622209907316517,1,2.9622209907316517,
Ritonavir,curated,YIGPIO01.cif,YIGPIO03.cif,tests/data/experimental/Ritonavir/YIGPIO01.cif,tests/data/experimental/Ritonavir/YIGPIO03.cif,0,nan,0,nan,RuntimeError:Cell::set_spacegroup: invalid spacegroup for cell
Ritonavir,curated,YIGPIO01.cif,YIGPIO04.cif,tests/data/experimental/Ritonavir/YIGPIO01.cif,tests/data/experimental/Ritonavir/YIGPIO04.cif,0,nan,0,nan,RuntimeError:Cell::set_spacegroup: invalid spacegroup for cell
Ritonavir,curated,YIGPIO01.cif,YIGPIO05.cif,tests/data/experimental/Ritonavir/YIGPIO01.cif,tests/data/experimental/Ritonavir/YIGPIO05.cif,0,nan,0,nan,RuntimeError:Cell::set_spacegroup: invalid spacegroup for cell
Ritonavir,curated,YIGPIO01.cif,YIGPIO06.cif,tests/data/experimental/Ritonavir/YIGPIO01.cif,tests/data/experimental/Ritonavir/YIGPIO06.cif,0,nan,0,nan,RuntimeError:Cell::set_spacegroup: invalid spacegroup for cell
Ritonavir,curated,YIGPIO01.cif,YIGPIO07.cif,tests/data/experimental/Ritonavir/YIGPIO01.cif,tests/data/experimental/Ritonavir/YIGPIO07.cif,0,nan,0,nan,RuntimeError:Cell::set_spacegroup: invalid spacegroup for cell
Ritonavir,curated,YIGPIO01.cif,YIGPIO09.cif,tests/data/experimental/Ritonavir/YIGPIO01.cif,tests/data/experimental/Ritonavir/YIGPIO09.cif,0,nan,0,nan,RuntimeError:Cell::set_spacegroup: invalid spacegroup for cell
Ritonavir,curated,YIGPIO01.cif,YIGPIO10.cif,tests/data/experimental/Ritonavir/YIGPIO01.cif,tests/data/experimental/Ritonavir/YIGPIO10.cif,0,nan,0,nan,RuntimeError:Cell::set_spacegroup: invalid spacegroup for cell
Ritonavir,curated,YIGPIO03.cif,YIGPIO04.cif,tests/data/experimental/Ritonavir/YIGPIO03.cif,tests/data/experimental/Ritonavir/YIGPIO04.cif,1,3.537749552034184,1,3.537749552034184,
Ritonavir,curated,YIGPIO03.cif,YIGPIO05.cif,tests/data/experimental/Ritonavir/YIGPIO03.cif,tests/data/experimental/Ritonavir/YIGPIO05.cif,1,3.5249982057930573,1,3.5249982057930573,
Ritonavir,curated,YIGPIO03.cif,YIGPIO06.cif,tests/data/experimental/Ritonavir/YIGPIO03.cif,tests/data/experimental/Ritonavir/YIGPIO06.cif,1,3.4718295809277433,1,3.4718295809277433,
Ritonavir,curated,YIGPIO03.cif,YIGPIO07.cif,tests/data/experimental/Ritonavir/YIGPIO03.cif,tests/data/experimental/Ritonavir/YIGPIO07.cif,1,4.1367023237036875,1,4.1367023237036875,
Ritonavir,curated,YIGPIO03.cif,YIGPIO09.cif,tests/data/experimental/Ritonavir/YIGPIO03.cif,tests/data/experimental/Ritonavir/YIGPIO09.cif,1,3.4199562910427765,1,3.4199562910427765,
Ritonavir,curated,YIGPIO03.cif,YIGPIO10.cif,tests/data/experimental/Ritonavir/YIGPIO03.cif,tests/data/experimental/Ritonavir/YIGPIO10.cif,2,4.279095952893756,1,3.390103866061515,
Ritonavir,curated,YIGPIO04.cif,YIGPIO05.cif,tests/data/experimental/Ritonavir/YIGPIO04.cif,tests/data/experimental/Ritonavir/YIGPIO05.cif,15,0.2328021593706503,1,0.16306724733725939,
Ritonavir,curated,YIGPIO04.cif,YIGPIO06.cif,tests/data/experimental/Ritonavir/YIGPIO04.cif,tests/data/experimental/Ritonavir/YIGPIO06.cif,10,0.7902164393255301,1,0.21641381226667916,
Ritonavir,curated,YIGPIO04.cif,YIGPIO07.cif,tests/data/experimental/Ritonavir/YIGPIO04.cif,tests/data/experimental/Ritonavir/YIGPIO07.cif,1,2.989198570435803,1,2.989198570435803,
Ritonavir,curated,YIGPIO04.cif,YIGPIO09.cif,tests/data/experimental/Ritonavir/YIGPIO04.cif,tests/data/experimental/Ritonavir/YIGPIO09.cif,2,2.165455349917819,1,1.8567712265327485,
Ritonavir,curated,YIGPIO04.cif,YIGPIO10.cif,tests/data/experimental/Ritonavir/YIGPIO04.cif,tests/data/experimental/Ritonavir/YIGPIO10.cif,2,2.18539399479627,1,1.9484886605083562,
Ritonavir,curated,YIGPIO05.cif,YIGPIO06.cif,tests/data/experimental/Ritonavir/YIGPIO05.cif,tests/data/experimental/Ritonavir/YIGPIO06.cif,8,1.4883174525610046,1,0.2878824823414308,
Ritonavir,curated,YIGPIO05.cif,YIGPIO07.cif,tests/data/experimental/Ritonavir/YIGPIO05.cif,tests/data/experimental/Ritonavir/YIGPIO07.cif,1,2.9496593038071457,1,2.9496593038071457,
Ritonavir,curated,YIGPIO05.cif,YIGPIO09.cif,tests/data/experimental/Ritonavir/YIGPIO05.cif,tests/data/experimental/Ritonavir/YIGPIO09.cif,2,2.131985780582761,1,1.8300189162640543,
Ritonavir,curated,YIGPIO05.cif,YIGPIO10.cif,tests/data/experimental/Ritonavir/YIGPIO05.cif,tests/data/experimental/Ritonavir/YIGPIO10.cif,2,3.908933915699906,1,1.923217353287923,
Ritonavir,curated,YIGPIO06.cif,YIGPIO07.cif,tests/data/experimental/Ritonavir/YIGPIO06.cif,tests/data/experimental/Ritonavir/YIGPIO07.cif,2,3.3045634257362044,1,2.718875528130764,
Ritonavir,curated,YIGPIO06.cif,YIGPIO09.cif,tests/data/experimental/Ritonavir/YIGPIO06.cif,tests/data/experimental/Ritonavir/YIGPIO09.cif,3,3.34777258210524,1,1.8600925946308955,
Ritonavir,curated,YIGPIO06.cif,YIGPIO10.cif,tests/data/experimental/Ritonavir/YIGPIO06.cif,tests/data/experimental/Ritonavir/YIGPIO10.cif,2,2.2760363204969463,1,1.9171015499246125,
Ritonavir,curated,YIGPIO07.cif,YIGPIO09.cif,tests/data/experimental/Ritonavir/YIGPIO07.cif,tests/data/experimental/Ritonavir/YIGPIO09.cif,1,2.9694439932551453,1,2.9694439932551453,
Ritonavir,curated,YIGPIO07.cif,YIGPIO10.cif,tests/data/experimental/Ritonavir/YIGPIO07.cif,tests/data/experimental/Ritonavir/YIGPIO10.cif,1,2.9804768448645933,1,2.9804768448645933,
Ritonavir,curated,YIGPIO09.cif,YIGPIO10.cif,tests/data/experimental/Ritonavir/YIGPIO09.cif,tests/data/experimental/Ritonavir/YIGPIO10.cif,15,0.5240435121476272,1,0.4326901026084721,
TT-TzTz-TT,curated,pere52.cif,pere53.cif,tests/data/experimental/TT-TzTz-TT/pere52.cif,tests/data/experimental/TT-TzTz-TT/pere53.cif,9,6.069323636219193,1,0.06114045663977784,
galunisertib,curated,Galunisertib_FORM_I.cif,Galunisertib_FORM_II.cif,tests/data/experimental/galunisertib/Galunisertib_FORM_I.cif,tests/data/experimental/galunisertib/Galunisertib_FORM_II.cif,5,1.681959161082619,1,0.9254523826415162,
galunisertib,curated,Galunisertib_FORM_I.cif,Galunisertib_FORM_III.cif,tests/data/experimental/galunisertib/Galunisertib_FORM_I.cif,tests/data/experimental/galunisertib/Galunisertib_FORM_III.cif,6,2.2201631928790713,1,0.9171261714459332,
galunisertib,curated,Galunisertib_FORM_I.cif,Galunisertib_FORM_IV.cif,tests/data/experimental/galunisertib/Galunisertib_FORM_I.cif,tests/data/experimental/galunisertib/Galunisertib_FORM_IV.cif,5,2.2232428423588377,1,0.5564732846014586,
galunisertib,curated,Galunisertib_FORM_I.cif,Galunisertib_FORM_IX.cif,tests/data/experimental/galunisertib/Galunisertib_FORM_I.cif,tests/data/experimental/galunisertib/Galunisertib_FORM_IX.cif,4,3.7909580198182105,1,1.0751166226744213,
galunisertib,curated,Galunisertib_FORM_I.cif,Galunisertib_FORM_V.cif,tests/data/experimental/galunisertib/Galunisertib_FORM_I.cif,tests/data/experimental/galunisertib/Galunisertib_FORM_V.cif,4,4.4300842015023525,1,0.9223144911832821,
galunisertib,curated,Galunisertib_FORM_I.cif,Galunisertib_FORM_VI.cif,tests/data/experimental/galunisertib/Galunisertib_FORM_I.cif,tests/data/experimental/galunisertib/Galunisertib_FORM_VI.cif,5,3.8842831303868683,1,0.8047219002299528,
galunisertib,curated,Galunisertib_FORM_I.cif,Galunisertib_FORM_VIII.cif,tests/data/experimental/galunisertib/Galunisertib_FORM_I.cif,tests/data/experimental/galunisertib/Galunisertib_FORM_VIII.cif,4,3.191964420715094,1,0.9586493634597654,
galunisertib,curated,Galunisertib_FORM_I.cif,Galunisertib_FORM_X.cif,tests/data/experimental/galunisertib/Galunisertib_FORM_I.cif,tests/data/experimental/galunisertib/Galunisertib_FORM_X.cif,5,5.204305878527109,1,0.7529384941236487,
galunisertib,curated,Galunisertib_FORM_I.cif,Galunisertib_Form_VII.cif,tests/data/experimental/galunisertib/Galunisertib_FORM_I.cif,tests/data/experimental/galunisertib/Galunisertib_Form_VII.cif,4,4.515189328622954,1,1.0786534624540614,
galunisertib,curated,Galunisertib_FORM_II.cif,Galunisertib_FORM_III.cif,tests/data/experimental/galunisertib/Galunisertib_FORM_II.cif,tests/data/experimental/galunisertib/Galunisertib_FORM_III.cif,5,3.5870541655833494,1,1.6094633556008775,
galunisertib,curated,Galunisertib_FORM_II.cif,Galunisertib_FORM_IV.cif,tests/data/experimental/galunisertib/Galunisertib_FORM_II.cif,tests/data/experimental/galunisertib/Galunisertib_FORM_IV.cif,6,2.03243655367044,1,0.2014030261520328,
galunisertib,curated,Galunisertib_FORM_II.cif,Galunisertib_FORM_IX.cif,tests/data/experimental/galunisertib/Galunisertib_FORM_II.cif,tests/data/experimental/galunisertib/Galunisertib_FORM_IX.cif,7,1.1046416971343838,1,0.33352743213137104,
galunisertib,curated,Galunisertib_FORM_II.cif,Galunisertib_FORM_V.cif,tests/data/experimental/galunisertib/Galunisertib_FORM_II.cif,tests/data/experimental/galunisertib/Galunisertib_FORM_V.cif,4,1.2695965871044126,1,0.5001383937154087,
galunisertib,curated,Galunisertib_FORM_II.cif,Galunisertib_FORM_VI.cif,tests/data/experimental/galunisertib/Galunisertib_FORM_II.cif,tests/data/experimental/galunisertib/Galunisertib_FORM_VI.cif,9,1.8072548853294983,1,0.17647983501851178,
galunisertib,curated,Galunisertib_FORM_II.cif,Galunisertib_FORM_VIII.cif,tests/data/experimental/galunisertib/Galunisertib_FORM_II.cif,tests/data/experimental/galunisertib/Galunisertib_FORM_VIII.cif,8,1.8084797689451126,1,0.6454914279077856,
galunisertib,curated,Galunisertib_FORM_II.cif,Galunisertib_FORM_X.cif,tests/data/experimental/galunisertib/Galunisertib_FORM_II.cif,tests/data/experimental/galunisertib/Galunisertib_FORM_X.cif,3,3.1079440309063107,1,1.5470964977525115,
galunisertib,curated,Galunisertib_FORM_II.cif,Galunisertib_Form_VII.cif,tests/data/experimental/galunisertib/Galunisertib_FORM_II.cif,tests/data/experimental/galunisertib/Galunisertib_Form_VII.cif,7,2.28001294102328,1,0.5752160722816989,
galunisertib,curated,Galunisertib_FORM_III.cif,Galunisertib_FORM_IV.cif,tests/data/experimental/galunisertib/Galunisertib_FORM_III.cif,tests/data/experimental/galunisertib/Galunisertib_FORM_IV.cif,4,0.899390153488915,1,0.554607309278039,
galunisertib,curated,Galunisertib_FORM_III.cif,Galunisertib_FORM_IX.cif,tests/data/experimental/galunisertib/Galunisertib_FORM_III.cif,tests/data/experimental/galunisertib/Galunisertib_FORM_IX.cif,4,2.921009746956153,1,1.7998264962893245,
galunisertib,curated,Galunisertib_FORM_III.cif,Galunisertib_FORM_V.cif,tests/data/experimental/galunisertib/Galunisertib_FORM_III.cif,tests/data/experimental/galunisertib/Galunisertib_FORM_V.cif,3,4.261032809955992,1,1.4262169022287696,
galunisertib,curated,Galunisertib_FORM_III.cif,Galunisertib_FORM_VI.cif,tests/data/experimental/galunisertib/Galunisertib_FORM_III.cif,tests/data/experimental/galunisertib/Galunisertib_FORM_VI.cif,3,4.039449201479362,1,1.5123669426629365,
galunisertib,curated,Galunisertib_FORM_III.cif,Galunisertib_FORM_VIII.cif,tests/data/experimental/galunisertib/Galunisertib_FORM_III.cif,tests/data/experimental/galunisertib/Galunisertib_FORM_VIII.cif,5,2.8454717835008987,1,1.3609646388453491,
galunisertib,curated,Galunisertib_FORM_III.cif,Galunisertib_FORM_X.cif,tests/data/experimental/galunisertib/Galunisertib_FORM_III.cif,tests/data/experimental/galunisertib/Galunisertib_FORM_X.cif,4,1.5247772054019644,1,0.4902169090913955,
galunisertib,curated,Galunisertib_FORM_III.cif,Galunisertib_Form_VII.cif,tests/data/experimental/galunisertib/Galunisertib_FORM_III.cif,tests/data/experimental/galunisertib/Galunisertib_Form_VII.cif,5,3.4121445886140536,1,1.4888921183819452,
galunisertib,curated,Galunisertib_FORM_IV.cif,Galunisertib_FORM_IX.cif,tests/data/experimental/galunisertib/Galunisertib_FORM_IV.cif,tests/data/experimental/galunisertib/Galunisertib_FORM_IX.cif,6,1.6037944793217198,1,0.3591117749439468,
galunisertib,curated,Galunisertib_FORM_IV.cif,Galunisertib_FORM_V.cif,tests/data/experimental/galunisertib/Galunisertib_FORM_IV.cif,tests/data/experimental/galunisertib/Galunisertib_FORM_V.cif,4,3.6340477314380943,1,0.6242148363819882,
galunisertib,curated,Galunisertib_FORM_IV.cif,Galunisertib_FORM_VI.cif,tests/data/experimental/galunisertib/Galunisertib_FORM_IV.cif,tests/data/experimental/galunisertib/Galunisertib_FORM_VI.cif,6,3.9667834455723066,1,0.14311321575805513,
galunisertib,curated,Galunisertib_FORM_IV.cif,Galunisertib_FORM_VIII.cif,tests/data/experimental/galunisertib/Galunisertib_FORM_IV.cif,tests/data/experimental/galunisertib/Galunisertib_FORM_VIII.cif,6,1.649038021826703,1,0.7607712323201544,
galunisertib,curated,Galunisertib_FORM_IV.cif,Galunisertib_FORM_X.cif,tests/data/experimental/galunisertib/Galunisertib_FORM_IV.cif,tests/data/experimental/galunisertib/Galunisertib_FORM_X.cif,4,1.6011884909885952,1,0.3632459868480858,
galunisertib,curated,Galunisertib_FORM_IV.cif,Galunisertib_Form_VII.cif,tests/data/experimental/galunisertib/Galunisertib_FORM_IV.cif,tests/data/experimental/galunisertib/Galunisertib_Form_VII.cif,4,2.884521012327281,1,0.7187183525735247,
galunisertib,curated,Galunisertib_FORM_IX.cif,Galunisertib_FORM_V.cif,tests/data/experimental/galunisertib/Galunisertib_FORM_IX.cif,tests/data/experimental/galunisertib/Galunisertib_FORM_V.cif,4,1.0764613380078631,1,0.645589311288934,
galunisertib,curated,Galunisertib_FORM_IX.cif,Galunisertib_FORM_VI.cif,tests/data/experimental/galunisertib/Galunisertib_FORM_IX.cif,tests/data/experimental/galunisertib/Galunisertib_FORM_VI.cif,5,0.5530449537326415,1,0.4396984974417475,
galunisertib,curated,Galunisertib_FORM_IX.cif,Galunisertib_FORM_VIII.cif,tests/data/experimental/galunisertib/Galunisertib_FORM_IX.cif,tests/data/experimental/galunisertib/Galunisertib_FORM_VIII.cif,8,1.1980650364751626,1,0.779965302192369,
galunisertib,curated,Galunisertib_FORM_IX.cif,Galunisertib_FORM_X.cif,tests/data/experimental/galunisertib/Galunisertib_FORM_IX.cif,tests/data/experimental/galunisertib/Galunisertib_FORM_X.cif,2,2.7436873157487223,1,1.712472935751183,
galunisertib,curated,Galunisertib_FORM_IX.cif,Galunisertib_Form_VII.cif,tests/data/experimental/galunisertib/Galunisertib_FORM_IX.cif,tests/data/experimental/galunisertib/Galunisertib_Form_VII.cif,4,1.4375038577306434,1,0.7619695706180116,
galunisertib,curated,Galunisertib_FORM_V.cif,Galunisertib_FORM_VI.cif,tests/data/experimental/galunisertib/Galunisertib_FORM_V.cif,tests/data/experimental/galunisertib/Galunisertib_FORM_VI.cif,5,4.786891279312988,1,0.5642425047954713,
galunisertib,curated,Galunisertib_FORM_V.cif,Galunisertib_FORM_VIII.cif,tests/data/experimental/galunisertib/Galunisertib_FORM_V.cif,tests/data/experimental/galunisertib/Galunisertib_FORM_VIII.cif,7,0.5437991994848278,1,0.216840241074857,
galunisertib,curated,Galunisertib_FORM_V.cif,Galunisertib_FORM_X.cif,tests/data/experimental/galunisertib/Galunisertib_FORM_V.cif,tests/data/experimental/galunisertib/Galunisertib_FORM_X.cif,3,5.24206861101843,1,1.4172711406351195,
galunisertib,curated,Galunisertib_FORM_V.cif,Galunisertib_Form_VII.cif,tests/data/experimental/galunisertib/Galunisertib_FORM_V.cif,tests/data/experimental/galunisertib/Galunisertib_Form_VII.cif,4,2.7905947087343272,1,0.32538581043205966,
galunisertib,curated,Galunisertib_FORM_VI.cif,Galunisertib_FORM_VIII.cif,tests/data/experimental/galunisertib/Galunisertib_FORM_VI.cif,tests/data/experimental/galunisertib/Galunisertib_FORM_VIII.cif,4,1.8983351991322361,1,0.7036985837214563,
galunisertib,curated,Galunisertib_FORM_VI.cif,Galunisertib_FORM_X.cif,tests/data/experimental/galunisertib/Galunisertib_FORM_VI.cif,tests/data/experimental/galunisertib/Galunisertib_FORM_X.cif,4,3.9417932491940855,1,1.430135472684544,
galunisertib,curated,Galunisertib_FORM_VI.cif,Galunisertib_Form_VII.cif,tests/data/experimental/galunisertib/Galunisertib_FORM_VI.cif,tests/data/experimental/galunisertib/Galunisertib_Form_VII.cif,6,1.9530446271196764,1,0.6552500256826211,
galunisertib,curated,Galunisertib_FORM_VIII.cif,Galunisertib_FORM_X.cif,tests/data/experimental/galunisertib/Galunisertib_FORM_VIII.cif,tests/data/experimental/galunisertib/Galunisertib_FORM_X.cif,2,1.4837613232402262,1,1.3975890717456352,
galunisertib,curated,Galunisertib_FORM_VIII.cif,Galunisertib_Form_VII.cif,tests/data/experimental/galunisertib/Galunisertib_FORM_VIII.cif,tests/data/experimental/galunisertib/Galunisertib_Form_VII.cif,5,3.2494258151366386,1,0.3101052328567319,
galunisertib,curated,Galunisertib_FORM_X.cif,Galunisertib_Form_VII.cif,tests/data/experimental/galunisertib/Galunisertib_FORM_X.cif,tests/data/experimental/galunisertib/Galunisertib_Form_VII.cif,2,2.3523375902293933,1,1.5475805544133927,
ABEKUN,random,ABEKUN.cif,ABEKUN01.cif,tests/data/csd_families/ABEKUN/ABEKUN.cif,tests/data/csd_families/ABEKUN/ABEKUN01.cif,8,2.940635219733835,1,0.05632429399440282,
ABEKUN,random,ABEKUN.cif,ABEKUN02.cif,tests/data/csd_families/ABEKUN/ABEKUN.cif,tests/data/csd_families/ABEKUN/ABEKUN02.cif,7,2.192239755268862,1,0.06266175208197362,
ABEKUN,random,ABEKUN.cif,ABEKUN03.cif,tests/data/csd_families/ABEKUN/ABEKUN.cif,tests/data/csd_families/ABEKUN/ABEKUN03.cif,15,0.0064019997890761285,1,0.0027598492804557944,
ABEKUN,random,ABEKUN.cif,ABEKUN04.cif,tests/data/csd_families/ABEKUN/ABEKUN.cif,tests/data/csd_families/ABEKUN/ABEKUN04.cif,15,0.01614990376141737,1,0.004523683913795268,
ABEKUN,random,ABEKUN01.cif,ABEKUN02.cif,tests/data/csd_families/ABEKUN/ABEKUN01.cif,tests/data/csd_families/ABEKUN/ABEKUN02.cif,15,0.04132867521128192,1,0.020303515641506037,
ABEKUN,random,ABEKUN01.cif,ABEKUN03.cif,tests/data/csd_families/ABEKUN/ABEKUN01.cif,tests/data/csd_families/ABEKUN/ABEKUN03.cif,8,2.9407388260341056,1,0.05687866450741738,
ABEKUN,random,ABEKUN01.cif,ABEKUN04.cif,tests/data/csd_families/ABEKUN/ABEKUN01.cif,tests/data/csd_families/ABEKUN/ABEKUN04.cif,8,2.9426961162451124,1,0.05702769465872239,
ABEKUN,random,ABEKUN02.cif,ABEKUN03.cif,tests/data/csd_families/ABEKUN/ABEKUN02.cif,tests/data/csd_families/ABEKUN/ABEKUN03.cif,7,2.1919926757488035,1,0.0632989695810944,
ABEKUN,random,ABEKUN02.cif,ABEKUN04.cif,tests/data/csd_families/ABEKUN/ABEKUN02.cif,tests/data/csd_families/ABEKUN/ABEKUN04.cif,7,2.19450320339267,1,0.06399776769494046,
ABEKUN,random,ABEKUN03.cif,ABEKUN04.cif,tests/data/csd_families/ABEKUN/ABEKUN03.cif,tests/data/csd_families/ABEKUN/ABEKUN04.cif,15,0.010976004518464637,1,0.0028202765182772645,
ACACCR,random,ACACCR.cif,ACACCR02.cif,tests/data/csd_families/ACACCR/ACACCR.cif,tests/data/csd_families/ACACCR/ACACCR02.cif,15,0.01940806676637959,1,0.0166024015842891,
ACACCR,random,ACACCR.cif,ACACCR05.cif,tests/data/csd_families/ACACCR/ACACCR.cif,tests/data/csd_families/ACACCR/ACACCR05.cif,15,0.02502187226900978,1,0.02284667212714592,
ACACCR,random,ACACCR.cif,ACACCR07.cif,tests/data/csd_families/ACACCR/ACACCR.cif,tests/data/csd_families/ACACCR/ACACCR07.cif,15,0.021182048776293087,1,0.015772477226202584,
ACACCR,random,ACACCR.cif,ACACCR10.cif,tests/data/csd_families/ACACCR/ACACCR.cif,tests/data/csd_families/ACACCR/ACACCR10.cif,15,0.23194561832989624,1,0.13824879623787634,
ACACCR,random,ACACCR02.cif,ACACCR05.cif,tests/data/csd_families/ACACCR/ACACCR02.cif,tests/data/csd_families/ACACCR/ACACCR05.cif,15,0.018074987538865297,1,0.016818777869498217,
ACACCR,random,ACACCR02.cif,ACACCR07.cif,tests/data/csd_families/ACACCR/ACACCR02.cif,tests/data/csd_families/ACACCR/ACACCR07.cif,15,0.010349101259614291,1,0.007724001303945968,
ACACCR,random,ACACCR02.cif,ACACCR10.cif,tests/data/csd_families/ACACCR/ACACCR02.cif,tests/data/csd_families/ACACCR/ACACCR10.cif,15,0.2276558350965712,1,0.13843968268027693,
ACACCR,random,ACACCR05.cif,ACACCR07.cif,tests/data/csd_families/ACACCR/ACACCR05.cif,tests/data/csd_families/ACACCR/ACACCR07.cif,15,0.01606094684181233,1,0.013024982527292712,
ACACCR,random,ACACCR05.cif,ACACCR10.cif,tests/data/csd_families/ACACCR/ACACCR05.cif,tests/data/csd_families/ACACCR/ACACCR10.cif,15,0.23092951300290057,1,0.1378273198157506,
ACACCR,random,ACACCR07.cif,ACACCR10.cif,tests/data/csd_families/ACACCR/ACACCR07.cif,tests/data/csd_families/ACACCR/ACACCR10.cif,15,0.22582144397345755,1,0.13748164686358133,
ACEMID,random,ACEMID.cif,ACEMID01.cif,tests/data/csd_families/ACEMID/ACEMID.cif,tests/data/csd_families/ACEMID/ACEMID01.cif,8,2.6803820845264856,1,0.016981310026522874,
ACEMID,random,ACEMID.cif,ACEMID02.cif,tests/data/csd_families/ACEMID/ACEMID.cif,tests/data/csd_families/ACEMID/ACEMID02.cif,8,2.642473171248763,1,0.015460342110569592,
ACEMID,random,ACEMID.cif,ACEMID03.cif,tests/data/csd_families/ACEMID/ACEMID.cif,tests/data/csd_families/ACEMID/ACEMID03.cif,8,2.626421427447408,1,0.015025635912688894,
ACEMID,random,ACEMID.cif,ACEMID05.cif,tests/data/csd_families/ACEMID/ACEMID.cif,tests/data/csd_families/ACEMID/ACEMID05.cif,8,2.622926372262234,1,0.016192548372613354,
ACEMID,random,ACEMID01.cif,ACEMID02.cif,tests/data/csd_families/ACEMID/ACEMID01.cif,tests/data/csd_families/ACEMID/ACEMID02.cif,15,0.10117620582671656,1,0.004718001236903217,
ACEMID,random,ACEMID01.cif,ACEMID03.cif,tests/data/csd_families/ACEMID/ACEMID01.cif,tests/data/csd_families/ACEMID/ACEMID03.cif,15,0.14409662625167435,1,0.005367420020805279,
ACEMID,random,ACEMID01.cif,ACEMID05.cif,tests/data/csd_families/ACEMID/ACEMID01.cif,tests/data/csd_families/ACEMID/ACEMID05.cif,15,0.14195632605686434,1,0.0032212886562378146,
ACEMID,random,ACEMID02.cif,ACEMID03.cif,tests/data/csd_families/ACEMID/ACEMID02.cif,tests/data/csd_families/ACEMID/ACEMID03.cif,15,0.044360174616748856,1,0.0018272943147645319,
ACEMID,random,ACEMID02.cif,ACEMID05.cif,tests/data/csd_families/ACEMID/ACEMID02.cif,tests/data/csd_families/ACEMID/ACEMID05.cif,15,0.042309508560259085,1,0.0036592169710992837,
ACEMID,random,ACEMID03.cif,ACEMID05.cif,tests/data/csd_families/ACEMID/ACEMID03.cif,tests/data/csd_families/ACEMID/ACEMID05.cif,15,0.010947671230845505,1,0.0035866785185244185,
ACENAP,random,ACENAP.cif,ACENAP03.cif,tests/data/csd_families/ACENAP/ACENAP.cif,tests/data/csd_families/ACENAP/ACENAP03.cif,15,0.05138012606400803,1,0.01788013163777434,
ACENAP,random,ACENAP.cif,ACENAP04.cif,tests/data/csd_families/ACENAP/ACENAP.cif,tests/data/csd_families/ACENAP/ACENAP04.cif,15,0.05238664426047593,1,0.015147338992849308,
ACENAP,random,ACENAP.cif,ACENAP05.cif,tests/data/csd_families/ACENAP/ACENAP.cif,tests/data/csd_families/ACENAP/ACENAP05.cif,15,0.06975023720056185,1,0.015989953874336913,
ACENAP,random,ACENAP.cif,ACENAP06.cif,tests/data/csd_families/ACENAP/ACENAP.cif,tests/data/csd_families/ACENAP/ACENAP06.cif,15,0.10565715023419774,1,0.016850924925887252,
ACENAP,random,ACENAP03.cif,ACENAP04.cif,tests/data/csd_families/ACENAP/ACENAP03.cif,tests/data/csd_families/ACENAP/ACENAP04.cif,15,0.024848270153065344,1,0.016802312097869698,
ACENAP,random,ACENAP03.cif,ACENAP05.cif,tests/data/csd_families/ACENAP/ACENAP03.cif,tests/data/csd_families/ACENAP/ACENAP05.cif,15,0.05041346982069186,1,0.0060975354211107256,
ACENAP,random,ACENAP03.cif,ACENAP06.cif,tests/data/csd_families/ACENAP/ACENAP03.cif,tests/data/csd_families/ACENAP/ACENAP06.cif,15,0.09389288586508034,1,0.007190718742983181,
ACENAP,random,ACENAP04.cif,ACENAP05.cif,tests/data/csd_families/ACENAP/ACENAP04.cif,tests/data/csd_families/ACENAP/ACENAP05.cif,15,0.041374043972865565,1,0.017890942497575658,
ACENAP,random,ACENAP04.cif,ACENAP06.cif,tests/data/csd_families/ACENAP/ACENAP04.cif,tests/data/csd_families/ACENAP/ACENAP06.cif,15,0.08289093808477711,1,0.02082767740855102,
ACENAP,random,ACENAP05.cif,ACENAP06.cif,tests/data/csd_families/ACENAP/ACENAP05.cif,tests/data/csd_families/ACENAP/ACENAP06.cif,15,0.04390597373661614,1,0.003046702252662637,
ACRLAC,random,ACRLAC.cif,ACRLAC01.cif,tests/data/csd_families/ACRLAC/ACRLAC.cif,tests/data/csd_families/ACRLAC/ACRLAC01.cif,15,0.06251405355809293,1,0.022514057437870653,
ACRLAC,random,ACRLAC.cif,ACRLAC02.cif,tests/data/csd_families/ACRLAC/ACRLAC.cif,tests/data/csd_families/ACRLAC/ACRLAC02.cif,15,0.0479620039806528,1,0.02435256407682009,
ACRLAC,random,ACRLAC.cif,ACRLAC03.cif,tests/data/csd_families/ACRLAC/ACRLAC.cif,tests/data/csd_families/ACRLAC/ACRLAC03.cif,15,0.04071981773156109,1,0.019452037180743318,
ACRLAC,random,ACRLAC.cif,ACRLAC04.cif,tests/data/csd_families/ACRLAC/ACRLAC.cif,tests/data/csd_families/ACRLAC/ACRLAC04.cif,8,2.3315423483416784,1,0.029903870360049795,
ACRLAC,random,ACRLAC01.cif,ACRLAC02.cif,tests/data/csd_families/ACRLAC/ACRLAC01.cif,tests/data/csd_families/ACRLAC/ACRLAC02.cif,15,0.08516556654629076,1,0.009371604068893733,
ACRLAC,random,ACRLAC01.cif,ACRLAC03.cif,tests/data/csd_families/ACRLAC/ACRLAC01.cif,tests/data/csd_families/ACRLAC/ACRLAC03.cif,15,0.04864998555071076,1,0.011699261898466935,
ACRLAC,random,ACRLAC01.cif,ACRLAC04.cif,tests/data/csd_families/ACRLAC/ACRLAC01.cif,tests/data/csd_families/ACRLAC/ACRLAC04.cif,8,2.355732829240051,1,0.028255025060177547,
ACRLAC,random,ACRLAC02.cif,ACRLAC03.cif,tests/data/csd_families/ACRLAC/ACRLAC02.cif,tests/data/csd_families/ACRLAC/ACRLAC03.cif,15,0.056836088748725394,1,0.01432631746545278,
ACRLAC,random,ACRLAC02.cif,ACRLAC04.cif,tests/data/csd_families/ACRLAC/ACRLAC02.cif,tests/data/csd_families/ACRLAC/ACRLAC04.cif,8,2.8336775799477376,1,0.028699481898255542,
ACRLAC,random,ACRLAC03.cif,ACRLAC04.cif,tests/data/csd_families/ACRLAC/ACRLAC03.cif,tests/data/csd_families/ACRLAC/ACRLAC04.cif,8,3.2387374408336242,1,0.025274063784357797,
ACSALA,random,ACSALA.cif,ACSALA01.cif,tests/data/csd_families/ACSALA/ACSALA.cif,tests/data/csd_families/ACSALA/ACSALA01.cif,15,0.012002876609205635,1,0.007643796849835021,
ACSALA,random,ACSALA.cif,ACSALA02.cif,tests/data/csd_families/ACSALA/ACSALA.cif,tests/data/csd_families/ACSALA/ACSALA02.cif,15,0.10636875583708447,1,0.02942915000098597,
ACSALA,random,ACSALA.cif,ACSALA03.cif,tests/data/csd_families/ACSALA/ACSALA.cif,tests/data/csd_families/ACSALA/ACSALA03.cif,15,0.08428722913355775,1,0.024740663802258554,
ACSALA,random,ACSALA.cif,ACSALA04.cif,tests/data/csd_families/ACSALA/ACSALA.cif,tests/data/csd_families/ACSALA/ACSALA04.cif,15,0.06564437404383448,1,0.02262775210158843,
ACSALA,random,ACSALA01.cif,ACSALA02.cif,tests/data/csd_families/ACSALA/ACSALA01.cif,tests/data/csd_families/ACSALA/ACSALA02.cif,15,0.10430747917935068,1,0.029823421509344434,
ACSALA,random,ACSALA01.cif,ACSALA03.cif,tests/data/csd_families/ACSALA/ACSALA01.cif,tests/data/csd_families/ACSALA/ACSALA03.cif,15,0.08205412143914323,1,0.024775220536109855,
ACSALA,random,ACSALA01.cif,ACSALA04.cif,tests/data/csd_families/ACSALA/ACSALA01.cif,tests/data/csd_families/ACSALA/ACSALA04.cif,15,0.06290279572722485,1,0.023002556357336147,
ACSALA,random,ACSALA02.cif,ACSALA03.cif,tests/data/csd_families/ACSALA/ACSALA02.cif,tests/data/csd_families/ACSALA/ACSALA03.cif,15,0.02324092603588158,1,0.007699447682225379,
ACSALA,random,ACSALA02.cif,ACSALA04.cif,tests/data/csd_families/ACSALA/ACSALA02.cif,tests/data/csd_families/ACSALA/ACSALA04.cif,15,0.04313436227051298,1,0.009840021870161864,
ACSALA,random,ACSALA03.cif,ACSALA04.cif,tests/data/csd_families/ACSALA/ACSALA03.cif,tests/data/csd_families/ACSALA/ACSALA04.cif,15,0.021288486598794065,1,0.005638110133811014,
ACUCIN,random,ACUCIN.cif,ACUCIN01.cif,tests/data/csd_families/ACUCIN/ACUCIN.cif,tests/data/csd_families/ACUCIN/ACUCIN01.cif,15,0.0029839526051864507,1,0.00288874524584323,
ACUCIN,random,ACUCIN.cif,ACUCIN02.cif,tests/data/csd_families/ACUCIN/ACUCIN.cif,tests/data/csd_families/ACUCIN/ACUCIN02.cif,15,0.0030482293762860457,1,0.0029662702715294075,
ACUCIN,random,ACUCIN.cif,ACUCIN03.cif,tests/data/csd_families/ACUCIN/ACUCIN.cif,tests/data/csd_families/ACUCIN/ACUCIN03.cif,15,0.0031966245076260336,1,0.003104086393596726,
ACUCIN,random,ACUCIN01.cif,ACUCIN02.cif,tests/data/csd_families/ACUCIN/ACUCIN01.cif,tests/data/csd_families/ACUCIN/ACUCIN02.cif,15,0.00020732007867605532,1,0.00019159872841376192,
ACUCIN,random,ACUCIN01.cif,ACUCIN03.cif,tests/data/csd_families/ACUCIN/ACUCIN01.cif,tests/data/csd_families/ACUCIN/ACUCIN03.cif,15,0.0007766180121632686,1,0.0007675068921223123,
ACUCIN,random,ACUCIN02.cif,ACUCIN03.cif,tests/data/csd_families/ACUCIN/ACUCIN02.cif,tests/data/csd_families/ACUCIN/ACUCIN03.cif,15,0.0007927792320637379,1,0.0007869881418159289,
ADMANN,random,ADMANN.cif,ADMANN01.cif,tests/data/csd_families/ADMANN/ADMANN.cif,tests/data/csd_families/ADMANN/ADMANN01.cif,15,0.016214134859791816,1,0.012882130927646097,
ADMANN,random,ADMANN.cif,ADMANN02.cif,tests/data/csd_families/ADMANN/ADMANN.cif,tests/data/csd_families/ADMANN/ADMANN02.cif,15,0.021502101197846252,1,0.011148067439486318,
ADMANN,random,ADMANN.cif,ADMANN03.cif,tests/data/csd_families/ADMANN/ADMANN.cif,tests/data/csd_families/ADMANN/ADMANN03.cif,15,0.03035055856196673,1,0.012186699184180371,
ADMANN,random,ADMANN.cif,ADMANN04.cif,tests/data/csd_families/ADMANN/ADMANN.cif,tests/data/csd_families/ADMANN/ADMANN04.cif,15,0.0413166531973485,1,0.012178818046475743,
ADMANN,random,ADMANN01.cif,ADMANN02.cif,tests/data/csd_families/ADMANN/ADMANN01.cif,tests/data/csd_families/ADMANN/ADMANN02.cif,15,0.01601459696696337,1,0.010688721537605392,
ADMANN,random,ADMANN01.cif,ADMANN03.cif,tests/data/csd_families/ADMANN/ADMANN01.cif,tests/data/csd_families/ADMANN/ADMANN03.cif,15,0.025045006806390685,1,0.012589189820574359,
ADMANN,random,ADMANN01.cif,ADMANN04.cif,tests/data/csd_families/ADMANN/ADMANN01.cif,tests/data/csd_families/ADMANN/ADMANN04.cif,15,0.03535805670215786,1,0.012932609773731701,
ADMANN,random,ADMANN02.cif,ADMANN03.cif,tests/data/csd_families/ADMANN/ADMANN02.cif,tests/data/csd_families/ADMANN/ADMANN03.cif,15,0.016570663476456308,1,0.009585474936002019,
ADMANN,random,ADMANN02.cif,ADMANN04.cif,tests/data/csd_families/ADMANN/ADMANN02.cif,tests/data/csd_families/ADMANN/ADMANN04.cif,15,0.025631941452887653,1,0.01101397399219316,
ADMANN,random,ADMANN03.cif,ADMANN04.cif,tests/data/csd_families/ADMANN/ADMANN03.cif,tests/data/csd_families/ADMANN/ADMANN04.cif,15,0.01602860976739356,1,0.01077889233032015,
AFEMEE,random,AFEMEE.cif,AFEMEE02.cif,tests/data/csd_families/AFEMEE/AFEMEE.cif,tests/data/csd_families/AFEMEE/AFEMEE02.cif,15,0.012957638025574671,1,0.005339301439790272,
AFEMEE,random,AFEMEE.cif,AFEMEE03.cif,tests/data/csd_families/AFEMEE/AFEMEE.cif,tests/data/csd_families/AFEMEE/AFEMEE03.cif,15,0.00667775071689494,1,0.003532809044461773,
AFEMEE,random,AFEMEE.cif,AFEMEE04.cif,tests/data/csd_families/AFEMEE/AFEMEE.cif,tests/data/csd_families/AFEMEE/AFEMEE04.cif,15,0.008782169775551765,1,0.00421484822225994,
AFEMEE,random,AFEMEE02.cif,AFEMEE03.cif,tests/data/csd_families/AFEMEE/AFEMEE02.cif,tests/data/csd_families/AFEMEE/AFEMEE03.cif,15,0.008147706221209564,1,0.003867965205218496,
AFEMEE,random,AFEMEE02.cif,AFEMEE04.cif,tests/data/csd_families/AFEMEE/AFEMEE02.cif,tests/data/csd_families/AFEMEE/AFEMEE04.cif,15,0.012684218305280822,1,0.006068242321081689,
AFEMEE,random,AFEMEE03.cif,AFEMEE04.cif,tests/data/csd_families/AFEMEE/AFEMEE03.cif,tests/data/csd_families/AFEMEE/AFEMEE04.cif,15,0.00731416102035805,1,0.003696569640909875,
ALEUCU,random,ALEUCU.cif,ALEUCU01.cif,tests/data/csd_families/ALEUCU/ALEUCU.cif,tests/data/csd_families/ALEUCU/ALEUCU01.cif,15,0.01935525348106405,1,0.013309373098636586,
ALEUCU,random,ALEUCU.cif,ALEUCU02.cif,tests/data/csd_families/ALEUCU/ALEUCU.cif,tests/data/csd_families/ALEUCU/ALEUCU02.cif,15,0.06623187013051472,1,0.024410313580779896,
ALEUCU,random,ALEUCU.cif,ALEUCU03.cif,tests/data/csd_families/ALEUCU/ALEUCU.cif,tests/data/csd_families/ALEUCU/ALEUCU03.cif,0,nan,0,nan,RuntimeError:MotifSearch Timeout
ALEUCU,random,ALEUCU.cif,ALEUCU04.cif,tests/data/csd_families/ALEUCU/ALEUCU.cif,tests/data/csd_families/ALEUCU/ALEUCU04.cif,0,nan,0,nan,RuntimeError:MotifSearch Timeout
ALEUCU,random,ALEUCU01.cif,ALEUCU02.cif,tests/data/csd_families/ALEUCU/ALEUCU01.cif,tests/data/csd_families/ALEUCU/ALEUCU02.cif,15,0.07398628333623422,1,0.02277123289859205,
ALEUCU,random,ALEUCU01.cif,ALEUCU03.cif,tests/data/csd_families/ALEUCU/ALEUCU01.cif,tests/data/csd_families/ALEUCU/ALEUCU03.cif,0,nan,0,nan,RuntimeError:MotifSearch Timeout
ALEUCU,random,ALEUCU01.cif,ALEUCU04.cif,tests/data/csd_families/ALEUCU/ALEUCU01.cif,tests/data/csd_families/ALEUCU/ALEUCU04.cif,0,nan,0,nan,RuntimeError:MotifSearch Timeout
ALEUCU,random,ALEUCU02.cif,ALEUCU03.cif,tests/data/csd_families/ALEUCU/ALEUCU02.cif,tests/data/csd_families/ALEUCU/ALEUCU03.cif,0,nan,0,nan,RuntimeError:MotifSearch Timeout
ALEUCU,random,ALEUCU02.cif,ALEUCU04.cif,tests/data/csd_families/ALEUCU/ALEUCU02.cif,tests/data/csd_families/ALEUCU/ALEUCU04.cif,0,nan,0,nan,RuntimeError:MotifSearch Timeout
ALEUCU,random,ALEUCU03.cif,ALEUCU04.cif,tests/data/csd_families/ALEUCU/ALEUCU03.cif,tests/data/csd_families/ALEUCU/ALEUCU04.cif,0,nan,0,nan,
ALOCOW,random,ALOCOW.cif,ALOCOW01.cif,tests/data/csd_families/ALOCOW/ALOCOW.cif,tests/data/csd_families/ALOCOW/ALOCOW01.cif,15,0.0426372402204425,1,0.010957324901994378,
ALOCOW,random,ALOCOW.cif,ALOCOW02.cif,tests/data/csd_families/ALOCOW/ALOCOW.cif,tests/data/csd_families/ALOCOW/ALOCOW02.cif,15,0.07813071670089619,1,0.013686969410314689,
ALOCOW,random,ALOCOW.cif,ALOCOW03.cif,tests/data/csd_families/ALOCOW/ALOCOW.cif,tests/data/csd_families/ALOCOW/ALOCOW03.cif,15,0.1253300109057472,1,0.021447848058028473,
ALOCOW,random,ALOCOW.cif,ALOCOW04.cif,tests/data/csd_families/ALOCOW/ALOCOW.cif,tests/data/csd_families/ALOCOW/ALOCOW04.cif,15,1.9095560009215964,1,0.0782837386345803,
ALOCOW,random,ALOCOW01.cif,ALOCOW02.cif,tests/data/csd_families/ALOCOW/ALOCOW01.cif,tests/data/csd_families/ALOCOW/ALOCOW02.cif,15,0.036975437219640576,1,0.008780724512410052,
ALOCOW,random,ALOCOW01.cif,ALOCOW03.cif,tests/data/csd_families/ALOCOW/ALOCOW01.cif,tests/data/csd_families/ALOCOW/ALOCOW03.cif,15,0.08380374048971251,1,0.015084294595680477,
ALOCOW,random,ALOCOW01.cif,ALOCOW04.cif,tests/data/csd_families/ALOCOW/ALOCOW01.cif,tests/data/csd_families/ALOCOW/ALOCOW04.cif,15,1.882758635916255,1,0.0748485899998763,
ALOCOW,random,ALOCOW02.cif,ALOCOW03.cif,tests/data/csd_families/ALOCOW/ALOCOW02.cif,tests/data/csd_families/ALOCOW/ALOCOW03.cif,15,0.04742389338539741,1,0.00871331144414641,
ALOCOW,random,ALOCOW02.cif,ALOCOW04.cif,tests/data/csd_families/ALOCOW/ALOCOW02.cif,tests/data/csd_families/ALOCOW/ALOCOW04.cif,15,1.8590812161077017,1,0.07112456096357586,
ALOCOW,random,ALOCOW03.cif,ALOCOW04.cif,tests/data/csd_families/ALOCOW/ALOCOW03.cif,tests/data/csd_families/ALOCOW/ALOCOW04.cif,15,1.8308037265081805,1,0.06730179370370785,
AMBACO,random,AMBACO01.cif,AMBACO03.cif,tests/data/csd_families/AMBACO/AMBACO01.cif,tests/data/csd_families/AMBACO/AMBACO03.cif,11,1.4790332196421139,1,0.059573150577544885,
AMBACO,random,AMBACO01.cif,AMBACO05.cif,tests/data/csd_families/AMBACO/AMBACO01.cif,tests/data/csd_families/AMBACO/AMBACO05.cif,11,1.483392330312843,1,0.05429584876646107,
AMBACO,random,AMBACO01.cif,AMBACO06.cif,tests/data/csd_families/AMBACO/AMBACO01.cif,tests/data/csd_families/AMBACO/AMBACO06.cif,7,1.6572649420896564,1,0.051786986063920265,
AMBACO,random,AMBACO01.cif,AMBACO07.cif,tests/data/csd_families/AMBACO/AMBACO01.cif,tests/data/csd_families/AMBACO/AMBACO07.cif,15,0.042904927408184336,1,0.037358568569047367,
AMBACO,random,AMBACO03.cif,AMBACO05.cif,tests/data/csd_families/AMBACO/AMBACO03.cif,tests/data/csd_families/AMBACO/AMBACO05.cif,15,0.019051733415768192,1,0.016053886450380323,
AMBACO,random,AMBACO03.cif,AMBACO06.cif,tests/data/csd_families/AMBACO/AMBACO03.cif,tests/data/csd_families/AMBACO/AMBACO06.cif,7,0.7844915517135285,1,0.0366906614696681,
AMBACO,random,AMBACO03.cif,AMBACO07.cif,tests/data/csd_families/AMBACO/AMBACO03.cif,tests/data/csd_families/AMBACO/AMBACO07.cif,11,1.4737134019882394,1,0.05575341957694622,
AMBACO,random,AMBACO05.cif,AMBACO06.cif,tests/data/csd_families/AMBACO/AMBACO05.cif,tests/data/csd_families/AMBACO/AMBACO06.cif,7,0.7868931020868543,1,0.032502840492303973,
AMBACO,random,AMBACO05.cif,AMBACO07.cif,tests/data/csd_families/AMBACO/AMBACO05.cif,tests/data/csd_families/AMBACO/AMBACO07.cif,11,1.478035279880349,1,0.04844701635330796,
AMBACO,random,AMBACO06.cif,AMBACO07.cif,tests/data/csd_families/AMBACO/AMBACO06.cif,tests/data/csd_families/AMBACO/AMBACO07.cif,7,1.651089516058214,1,0.04249758383107237,
AMBNAC,random,AMBNAC.cif,AMBNAC01.cif,tests/data/csd_families/AMBNAC/AMBNAC.cif,tests/data/csd_families/AMBNAC/AMBNAC01.cif,7,2.2795854190662324,1,0.0720980266041293,
AMBNAC,random,AMBNAC.cif,AMBNAC04.cif,tests/data/csd_families/AMBNAC/AMBNAC.cif,tests/data/csd_families/AMBNAC/AMBNAC04.cif,15,0.041285874510414176,1,0.019182345190802814,
AMBNAC,random,AMBNAC.cif,AMBNAC06.cif,tests/data/csd_families/AMBNAC/AMBNAC.cif,tests/data/csd_families/AMBNAC/AMBNAC06.cif,7,2.2879203485239303,1,0.07325804276989605,
AMBNAC,random,AMBNAC.cif,AMBNAC07.cif,tests/data/csd_families/AMBNAC/AMBNAC.cif,tests/data/csd_families/AMBNAC/AMBNAC07.cif,7,2.3405362477293337,1,0.07909541668415454,
AMBNAC,random,AMBNAC01.cif,AMBNAC04.cif,tests/data/csd_families/AMBNAC/AMBNAC01.cif,tests/data/csd_families/AMBNAC/AMBNAC04.cif,7,2.266910725277505,1,0.06473491875830566,
AMBNAC,random,AMBNAC01.cif,AMBNAC06.cif,tests/data/csd_families/AMBNAC/AMBNAC01.cif,tests/data/csd_families/AMBNAC/AMBNAC06.cif,15,0.017248600978928986,1,0.009841508623233977,
AMBNAC,random,AMBNAC01.cif,AMBNAC07.cif,tests/data/csd_families/AMBNAC/AMBNAC01.cif,tests/data/csd_families/AMBNAC/AMBNAC07.cif,15,0.09440796347194819,1,0.012397039794778165,
AMBNAC,random,AMBNAC04.cif,AMBNAC06.cif,tests/data/csd_families/AMBNAC/AMBNAC04.cif,tests/data/csd_families/AMBNAC/AMBNAC06.cif,7,2.2752836040995517,1,0.06572073117169587,
AMBNAC,random,AMBNAC04.cif,AMBNAC07.cif,tests/data/csd_families/AMBNAC/AMBNAC04.cif,tests/data/csd_families/AMBNAC/AMBNAC07.cif,7,2.3280863402979146,1,0.07154296522527989,
AMBNAC,random,AMBNAC06.cif,AMBNAC07.cif,tests/data/csd_families/AMBNAC/AMBNAC06.cif,tests/data/csd_families/AMBNAC/AMBNAC07.cif,15,0.08514476701866547,1,0.013466874126937188,
ANLINB,random,ANLINB.cif,ANLINB02.cif,tests/data/csd_families/ANLINB/ANLINB.cif,tests/data/csd_families/ANLINB/ANLINB02.cif,15,0.15319933430250024,1,0.025181586953599254,
ANLINB,random,ANLINB.cif,ANLINB03.cif,tests/data/csd_families/ANLINB/ANLINB.cif,tests/data/csd_families/ANLINB/ANLINB03.cif,15,0.02357436505597132,1,0.014283233370039812,
ANLINB,random,ANLINB.cif,ANLINB04.cif,tests/data/csd_families/ANLINB/ANLINB.cif,tests/data/csd_families/ANLINB/ANLINB04.cif,15,0.02601610808093337,1,0.01918375867607782,
ANLINB,random,ANLINB.cif,ANLINB05.cif,tests/data/csd_families/ANLINB/ANLINB.cif,tests/data/csd_families/ANLINB/ANLINB05.cif,0,nan,0,nan,RuntimeError:MotifSearch Timeout
ANLINB,random,ANLINB02.cif,ANLINB03.cif,tests/data/csd_families/ANLINB/ANLINB02.cif,tests/data/csd_families/ANLINB/ANLINB03.cif,15,0.1555660339783643,1,0.026527275314030298,
ANLINB,random,ANLINB02.cif,ANLINB04.cif,tests/data/csd_families/ANLINB/ANLINB02.cif,tests/data/csd_families/ANLINB/ANLINB04.cif,15,0.1564250646173232,1,0.03418140075565668,
ANLINB,random,ANLINB02.cif,ANLINB05.cif,tests/data/csd_families/ANLINB/ANLINB02.cif,tests/data/csd_families/ANLINB/ANLINB05.cif,15,0.44974682189076176,1,0.03657881231082056,
ANLINB,random,ANLINB03.cif,ANLINB04.cif,tests/data/csd_families/ANLINB/ANLINB03.cif,tests/data/csd_families/ANLINB/ANLINB04.cif,15,0.010554077186560859,1,0.010004531047472742,
ANLINB,random,ANLINB03.cif,ANLINB05.cif,tests/data/csd_families/ANLINB/ANLINB03.cif,tests/data/csd_families/ANLINB/ANLINB05.cif,15,1.3008238648774229,1,0.027930052145238048,
ANLINB,random,ANLINB04.cif,ANLINB05.cif,tests/data/csd_families/ANLINB/ANLINB04.cif,tests/data/csd_families/ANLINB/ANLINB05.cif,0,nan,0,nan,RuntimeError:MotifSearch Timeout
AQACNI,random,AQACNI.cif,AQACNI01.cif,tests/data/csd_families/AQACNI/AQACNI.cif,tests/data/csd_families/AQACNI/AQACNI01.cif,15,0.13133103023785409,1,0.03879933562031322,
AQACNI,random,AQACNI.cif,AQACNI02.cif,tests/data/csd_families/AQACNI/AQACNI.cif,tests/data/csd_families/AQACNI/AQACNI02.cif,15,0.5254305277780285,1,0.081861497186973,
AQACNI,random,AQACNI.cif,AQACNI04.cif,tests/data/csd_families/AQACNI/AQACNI.cif,tests/data/csd_families/AQACNI/AQACNI04.cif,15,0.1486449522830239,1,0.04048015829692757,
AQACNI,random,AQACNI01.cif,AQACNI02.cif,tests/data/csd_families/AQACNI/AQACNI01.cif,tests/data/csd_families/AQACNI/AQACNI02.cif,15,0.4686999894071441,1,0.07058409132848194,
AQACNI,random,AQACNI01.cif,AQACNI04.cif,tests/data/csd_families/AQACNI/AQACNI01.cif,tests/data/csd_families/AQACNI/AQACNI04.cif,15,0.014807145395404665,1,0.009898901814289754,
AQACNI,random,AQACNI02.cif,AQACNI04.cif,tests/data/csd_families/AQACNI/AQACNI02.cif,tests/data/csd_families/AQACNI/AQACNI04.cif,15,0.5439521076725116,1,0.06463347673121761,
AVOWUD,random,AVOWUD.cif,AVOWUD02.cif,tests/data/csd_families/AVOWUD/AVOWUD.cif,tests/data/csd_families/AVOWUD/AVOWUD02.cif,15,0.19678285011923843,1,0.1231405582947204,
AVOWUD,random,AVOWUD.cif,AVOWUD03.cif,tests/data/csd_families/AVOWUD/AVOWUD.cif,tests/data/csd_families/AVOWUD/AVOWUD03.cif,15,1.0731553863535765,1,0.32938440433582483,
AVOWUD,random,AVOWUD.cif,AVOWUD07.cif,tests/data/csd_families/AVOWUD/AVOWUD.cif,tests/data/csd_families/AVOWUD/AVOWUD07.cif,15,0.31833772729867105,1,0.1470428863323174,
AVOWUD,random,AVOWUD.cif,AVOWUD08.cif,tests/data/csd_families/AVOWUD/AVOWUD.cif,tests/data/csd_families/AVOWUD/AVOWUD08.cif,15,0.19186296243009923,1,0.09687768512769389,
AVOWUD,random,AVOWUD02.cif,AVOWUD03.cif,tests/data/csd_families/AVOWUD/AVOWUD02.cif,tests/data/csd_families/AVOWUD/AVOWUD03.cif,0,nan,0,nan,RuntimeError:MotifSearch Timeout
AVOWUD,random,AVOWUD02.cif,AVOWUD07.cif,tests/data/csd_families/AVOWUD/AVOWUD02.cif,tests/data/csd_families/AVOWUD/AVOWUD07.cif,0,nan,0,nan,RuntimeError:MotifSearch Timeout
AVOWUD,random,AVOWUD02.cif,AVOWUD08.cif,tests/data/csd_families/AVOWUD/AVOWUD02.cif,tests/data/csd_families/AVOWUD/AVOWUD08.cif,0,nan,0,nan,RuntimeError:MotifSearch Timeout
AVOWUD,random,AVOWUD03.cif,AVOWUD07.cif,tests/data/csd_families/AVOWUD/AVOWUD03.cif,tests/data/csd_families/AVOWUD/AVOWUD07.cif,15,0.8130370771772076,1,0.20957631781477595,
AVOWUD,random,AVOWUD03.cif,AVOWUD08.cif,tests/data/csd_families/AVOWUD/AVOWUD03.cif,tests/data/csd_families/AVOWUD/AVOWUD08.cif,15,0.9148243579356918,1,0.24842807012420315,
AVOWUD,random,AVOWUD07.cif,AVOWUD08.cif,tests/data/csd_families/AVOWUD/AVOWUD07.cif,tests/data/csd_families/AVOWUD/AVOWUD08.cif,15,0.139442484638207,1,0.09312389814275437,
AWAKIS,random,AWAKIS.cif,AWAKIS01.cif,tests/data/csd_families/AWAKIS/AWAKIS.cif,tests/data/csd_families/AWAKIS/AWAKIS01.cif,15,0.02566828158568098,1,0.012557328057450074,
AWAKIS,random,AWAKIS.cif,AWAKIS02.cif,tests/data/csd_families/AWAKIS/AWAKIS.cif,tests/data/csd_families/AWAKIS/AWAKIS02.cif,15,0.16468707424364226,1,0.026443202358050144,
AWAKIS,random,AWAKIS.cif,AWAKIS03.cif,tests/data/csd_families/AWAKIS/AWAKIS.cif,tests/data/csd_families/AWAKIS/AWAKIS03.cif,15,0.2693437613971541,1,0.04180656748956101,
AWAKIS,random,AWAKIS.cif,AWAKIS04.cif,tests/data/csd_families/AWAKIS/AWAKIS.cif,tests/data/csd_families/AWAKIS/AWAKIS04.cif,15,0.3163458914275887,1,0.05247308347815513,
AWAKIS,random,AWAKIS01.cif,AWAKIS02.cif,tests/data/csd_families/AWAKIS/AWAKIS01.cif,tests/data/csd_families/AWAKIS/AWAKIS02.cif,15,0.16217971241046614,1,0.025873004706169694,
AWAKIS,random,AWAKIS01.cif,AWAKIS03.cif,tests/data/csd_families/AWAKIS/AWAKIS01.cif,tests/data/csd_families/AWAKIS/AWAKIS03.cif,15,0.2682070718153329,1,0.04164228919271266,
AWAKIS,random,AWAKIS01.cif,AWAKIS04.cif,tests/data/csd_families/AWAKIS/AWAKIS01.cif,tests/data/csd_families/AWAKIS/AWAKIS04.cif,15,0.3155120947570033,1,0.052674082105295165,
AWAKIS,random,AWAKIS02.cif,AWAKIS03.cif,tests/data/csd_families/AWAKIS/AWAKIS02.cif,tests/data/csd_families/AWAKIS/AWAKIS03.cif,15,0.10684174121276657,1,0.01931087452475302,
AWAKIS,random,AWAKIS02.cif,AWAKIS04.cif,tests/data/csd_families/AWAKIS/AWAKIS02.cif,tests/data/csd_families/AWAKIS/AWAKIS04.cif,15,0.1540464834565811,1,0.029238878239183596,
AWAKIS,random,AWAKIS03.cif,AWAKIS04.cif,tests/data/csd_families/AWAKIS/AWAKIS03.cif,tests/data/csd_families/AWAKIS/AWAKIS04.cif,15,0.04901905590905369,1,0.01522389006069123,
AWENUO,random,AWENUO.cif,AWENUO01.cif,tests/data/csd_families/AWENUO/AWENUO.cif,tests/data/csd_families/AWENUO/AWENUO01.cif,0,nan,0,nan,RuntimeError:MotifSearch Timeout
AWENUO,random,AWENUO.cif,AWENUO02.cif,tests/data/csd_families/AWENUO/AWENUO.cif,tests/data/csd_families/AWENUO/AWENUO02.cif,0,nan,0,nan,RuntimeError:MotifSearch Timeout
AWENUO,random,AWENUO.cif,AWENUO03.cif,tests/data/csd_families/AWENUO/AWENUO.cif,tests/data/csd_families/AWENUO/AWENUO03.cif,0,nan,0,nan,RuntimeError:MotifSearch Timeout
AWENUO,random,AWENUO.cif,AWENUO04.cif,tests/data/csd_families/AWENUO/AWENUO.cif,tests/data/csd_families/AWENUO/AWENUO04.cif,0,nan,0,nan,RuntimeError:MotifSearch Timeout
AWENUO,random,AWENUO01.cif,AWENUO02.cif,tests/data/csd_families/AWENUO/AWENUO01.cif,tests/data/csd_families/AWENUO/AWENUO02.cif,15,0.031735989557890386,1,0.008184073090515847,
AWENUO,random,AWENUO01.cif,AWENUO03.cif,tests/data/csd_families/AWENUO/AWENUO01.cif,tests/data/csd_families/AWENUO/AWENUO03.cif,15,0.11454423171480703,1,0.024398531853485797,
AWENUO,random,AWENUO01.cif,AWENUO04.cif,tests/data/csd_families/AWENUO/AWENUO01.cif,tests/data/csd_families/AWENUO/AWENUO04.cif,15,0.06657505184497368,1,0.014755892142692654,
AWENUO,random,AWENUO02.cif,AWENUO03.cif,tests/data/csd_families/AWENUO/AWENUO02.cif,tests/data/csd_families/AWENUO/AWENUO03.cif,15,0.08440525328574151,1,0.018756612516647928,
AWENUO,random,AWENUO02.cif,AWENUO04.cif,tests/data/csd_families/AWENUO/AWENUO02.cif,tests/data/csd_families/AWENUO/AWENUO04.cif,15,0.035837843940414726,1,0.010177520663800363,
AWENUO,random,AWENUO03.cif,AWENUO04.cif,tests/data/csd_families/AWENUO/AWENUO03.cif,tests/data/csd_families/AWENUO/AWENUO04.cif,15,0.04989020917644658,1,0.011456575727780511,
BACKOK,random,BACKOK.cif,BACKOK01.cif,tests/data/csd_families/BACKOK/BACKOK.cif,tests/data/csd_families/BACKOK/BACKOK01.cif,15,0.03459823418450748,1,0.030605815745850435,
BACKOK,random,BACKOK.cif,BACKOK02.cif,tests/data/csd_families/BACKOK/BACKOK.cif,tests/data/csd_families/BACKOK/BACKOK02.cif,15,0.005904183247354959,1,0.003476457585396441,
BACKOK,random,BACKOK.cif,BACKOK03.cif,tests/data/csd_families/BACKOK/BACKOK.cif,tests/data/csd_families/BACKOK/BACKOK03.cif,15,0.038267530291831185,1,0.0249941529800645,
BACKOK,random,BACKOK.cif,BACKOK04.cif,tests/data/csd_families/BACKOK/BACKOK.cif,tests/data/csd_families/BACKOK/BACKOK04.cif,15,0.03589667137646494,1,0.029626509889148046,
BACKOK,random,BACKOK01.cif,BACKOK02.cif,tests/data/csd_families/BACKOK/BACKOK01.cif,tests/data/csd_families/BACKOK/BACKOK02.cif,15,0.0339572682159954,1,0.03104110609149082,
BACKOK,random,BACKOK01.cif,BACKOK03.cif,tests/data/csd_families/BACKOK/BACKOK01.cif,tests/data/csd_families/BACKOK/BACKOK03.cif,15,0.05044125049889755,1,0.03739475426677797,
BACKOK,random,BACKOK01.cif,BACKOK04.cif,tests/data/csd_families/BACKOK/BACKOK01.cif,tests/data/csd_families/BACKOK/BACKOK04.cif,15,0.04212370390141069,1,0.03831725233109499,
BACKOK,random,BACKOK02.cif,BACKOK03.cif,tests/data/csd_families/BACKOK/BACKOK02.cif,tests/data/csd_families/BACKOK/BACKOK03.cif,15,0.03900939559464601,1,0.02592019095983149,
BACKOK,random,BACKOK02.cif,BACKOK04.cif,tests/data/csd_families/BACKOK/BACKOK02.cif,tests/data/csd_families/BACKOK/BACKOK04.cif,15,0.03473955652373147,1,0.03032187601572908,
BACKOK,random,BACKOK03.cif,BACKOK04.cif,tests/data/csd_families/BACKOK/BACKOK03.cif,tests/data/csd_families/BACKOK/BACKOK04.cif,15,0.054135392955394206,1,0.038963345194427755,
BADLUN,random,BADLUN.cif,BADLUN01.cif,tests/data/csd_families/BADLUN/BADLUN.cif,tests/data/csd_families/BADLUN/BADLUN01.cif,15,0.04831485427643022,1,0.01403274704545078,
BADLUN,random,BADLUN.cif,BADLUN10.cif,tests/data/csd_families/BADLUN/BADLUN.cif,tests/data/csd_families/BADLUN/BADLUN10.cif,15,0.0004174745710661606,1,0.0003850267174403313,
BADLUN,random,BADLUN01.cif,BADLUN10.cif,tests/data/csd_families/BADLUN/BADLUN01.cif,tests/data/csd_families/BADLUN/BADLUN10.cif,15,0.048291119409193735,1,0.01396603353692943,
BAZGOY,random,BAZGOY.cif,BAZGOY01.cif,tests/data/csd_families/BAZGOY/BAZGOY.cif,tests/data/csd_families/BAZGOY/BAZGOY01.cif,15,0.06757237396756612,1,0.008086460580597636,
BAZGOY,random,BAZGOY.cif,BAZGOY02.cif,tests/data/csd_families/BAZGOY/BAZGOY.cif,tests/data/csd_families/BAZGOY/BAZGOY02.cif,15,0.15209236541904575,1,0.019331701778031677,
BAZGOY,random,BAZGOY.cif,BAZGOY03.cif,tests/data/csd_families/BAZGOY/BAZGOY.cif,tests/data/csd_families/BAZGOY/BAZGOY03.cif,15,0.1590358004141071,1,0.008964288533248488,
BAZGOY,random,BAZGOY.cif,BAZGOY04.cif,tests/data/csd_families/BAZGOY/BAZGOY.cif,tests/data/csd_families/BAZGOY/BAZGOY04.cif,15,0.55968275405789,1,0.022929406154500304,
BAZGOY,random,BAZGOY01.cif,BAZGOY02.cif,tests/data/csd_families/BAZGOY/BAZGOY01.cif,tests/data/csd_families/BAZGOY/BAZGOY02.cif,15,0.1113067030464159,1,0.019851299857945193,
BAZGOY,random,BAZGOY01.cif,BAZGOY03.cif,tests/data/csd_families/BAZGOY/BAZGOY01.cif,tests/data/csd_families/BAZGOY/BAZGOY03.cif,15,0.10440414873017112,1,0.009149822537204609,
BAZGOY,random,BAZGOY01.cif,BAZGOY04.cif,tests/data/csd_families/BAZGOY/BAZGOY01.cif,tests/data/csd_families/BAZGOY/BAZGOY04.cif,15,0.49498739082141147,1,0.02315753236091055,
BAZGOY,random,BAZGOY02.cif,BAZGOY03.cif,tests/data/csd_families/BAZGOY/BAZGOY02.cif,tests/data/csd_families/BAZGOY/BAZGOY03.cif,15,0.08901574686196294,1,0.019344747062856067,
BAZGOY,random,BAZGOY02.cif,BAZGOY04.cif,tests/data/csd_families/BAZGOY/BAZGOY02.cif,tests/data/csd_families/BAZGOY/BAZGOY04.cif,15,0.4201604977145072,1,0.017523245121325186,
BAZGOY,random,BAZGOY03.cif,BAZGOY04.cif,tests/data/csd_families/BAZGOY/BAZGOY03.cif,tests/data/csd_families/BAZGOY/BAZGOY04.cif,15,0.41532700177214227,1,0.020030643175528304,
BBENAN,random,BBENAN.cif,BBENAN01.cif,tests/data/csd_families/BBENAN/BBENAN.cif,tests/data/csd_families/BBENAN/BBENAN01.cif,15,0.17896570293075842,1,0.17481479020474608,
BBENAN,random,BBENAN.cif,BBENAN03.cif,tests/data/csd_families/BBENAN/BBENAN.cif,tests/data/csd_families/BBENAN/BBENAN03.cif,15,0.19539396240004936,1,0.17173733715522704,
BBENAN,random,BBENAN01.cif,BBENAN03.cif,tests/data/csd_families/BBENAN/BBENAN01.cif,tests/data/csd_families/BBENAN/BBENAN03.cif,15,0.09878519503659838,1,0.012728581071041701,
BBPHOL,random,BBPHOL.cif,BBPHOL01.cif,tests/data/csd_families/BBPHOL/BBPHOL.cif,tests/data/csd_families/BBPHOL/BBPHOL01.cif,15,0.15213946680706353,1,0.13627560960646093,
BBPHOL,random,BBPHOL.cif,BBPHOL02.cif,tests/data/csd_families/BBPHOL/BBPHOL.cif,tests/data/csd_families/BBPHOL/BBPHOL02.cif,15,0.1697504988574667,1,0.12996273289506222,
BBPHOL,random,BBPHOL01.cif,BBPHOL02.cif,tests/data/csd_families/BBPHOL/BBPHOL01.cif,tests/data/csd_families/BBPHOL/BBPHOL02.cif,15,0.12226820470528138,1,0.03132872045473838,
BEDXER,random,BEDXER.cif,BEDXER01.cif,tests/data/csd_families/BEDXER/BEDXER.cif,tests/data/csd_families/BEDXER/BEDXER01.cif,0,nan,0,nan,
BEDXER,random,BEDXER.cif,BEDXER02.cif,tests/data/csd_families/BEDXER/BEDXER.cif,tests/data/csd_families/BEDXER/BEDXER02.cif,9,0.8032542146894244,1,0.7945928149019486,
BEDXER,random,BEDXER.cif,BEDXER03.cif,tests/data/csd_families/BEDXER/BEDXER.cif,tests/data/csd_families/BEDXER/BEDXER03.cif,7,0.12246131688522784,1,0.11722771344640928,
BEDXER,random,BEDXER.cif,BEDXER04.cif,tests/data/csd_families/BEDXER/BEDXER.cif,tests/data/csd_families/BEDXER/BEDXER04.cif,15,0.07555907349405384,1,0.07532249093484988,
BEDXER,random,BEDXER01.cif,BEDXER02.cif,tests/data/csd_families/BEDXER/BEDXER01.cif,tests/data/csd_families/BEDXER/BEDXER02.cif,0,nan,0,nan,
BEDXER,random,BEDXER01.cif,BEDXER03.cif,tests/data/csd_families/BEDXER/BEDXER01.cif,tests/data/csd_families/BEDXER/BEDXER03.cif,15,0.09619688615108582,1,0.09466953276261696,
BEDXER,random,BEDXER01.cif,BEDXER04.cif,tests/data/csd_families/BEDXER/BEDXER01.cif,tests/data/csd_families/BEDXER/BEDXER04.cif,15,0.12617903996042815,1,0.10247550035497974,
BEDXER,random,BEDXER02.cif,BEDXER03.cif,tests/data/csd_families/BEDXER/BEDXER02.cif,tests/data/csd_families/BEDXER/BEDXER03.cif,7,0.10468397895429411,1,0.10349968231134254,
BEDXER,random,BEDXER02.cif,BEDXER04.cif,tests/data/csd_families/BEDXER/BEDXER02.cif,tests/data/csd_families/BEDXER/BEDXER04.cif,15,0.09549408540030105,1,0.06862364379400307,
BEDXER,random,BEDXER03.cif,BEDXER04.cif,tests/data/csd_families/BEDXER/BEDXER03.cif,tests/data/csd_families/BEDXER/BEDXER04.cif,15,0.1268269031666844,1,0.10617464108480258,
BENZAC,random,BENZAC.cif,BENZAC01.cif,tests/data/csd_families/BENZAC/BENZAC.cif,tests/data/csd_families/BENZAC/BENZAC01.cif,15,0.056800597782205406,1,0.037857044193909804,
BENZAC,random,BENZAC.cif,BENZAC02.cif,tests/data/csd_families/BENZAC/BENZAC.cif,tests/data/csd_families/BENZAC/BENZAC02.cif,15,0.06259310586159494,1,0.042080202710382195,
BENZAC,random,BENZAC.cif,BENZAC07.cif,tests/data/csd_families/BENZAC/BENZAC.cif,tests/data/csd_families/BENZAC/BENZAC07.cif,15,0.15690057348389921,1,0.04724748510932738,
BENZAC,random,BENZAC.cif,BENZAC08.cif,tests/data/csd_families/BENZAC/BENZAC.cif,tests/data/csd_families/BENZAC/BENZAC08.cif,15,0.1425797650467575,1,0.045390640673904116,
BENZAC,random,BENZAC01.cif,BENZAC02.cif,tests/data/csd_families/BENZAC/BENZAC01.cif,tests/data/csd_families/BENZAC/BENZAC02.cif,15,0.023569316254074137,1,0.011369357287733514,
BENZAC,random,BENZAC01.cif,BENZAC07.cif,tests/data/csd_families/BENZAC/BENZAC01.cif,tests/data/csd_families/BENZAC/BENZAC07.cif,15,0.1507560782092944,1,0.018714452690563,
BENZAC,random,BENZAC01.cif,BENZAC08.cif,tests/data/csd_families/BENZAC/BENZAC01.cif,tests/data/csd_families/BENZAC/BENZAC08.cif,15,0.13548010709510758,1,0.015629461338864243,
BENZAC,random,BENZAC02.cif,BENZAC07.cif,tests/data/csd_families/BENZAC/BENZAC02.cif,tests/data/csd_families/BENZAC/BENZAC07.cif,15,0.13628015750542313,1,0.01733656790670575,
BENZAC,random,BENZAC02.cif,BENZAC08.cif,tests/data/csd_families/BENZAC/BENZAC02.cif,tests/data/csd_families/BENZAC/BENZAC08.cif,15,0.12133752462693075,1,0.013789360461513104,
BENZAC,random,BENZAC07.cif,BENZAC08.cif,tests/data/csd_families/BENZAC/BENZAC07.cif,tests/data/csd_families/BENZAC/BENZAC08.cif,15,0.017357458588240494,1,0.005547412741951605,
BESPAT,random,BESPAT.cif,BESPAT03.cif,tests/data/csd_families/BESPAT/BESPAT.cif,tests/data/csd_families/BESPAT/BESPAT03.cif,0,nan,0,nan,RuntimeError:MotifSearch Timeout
BESPAT,random,BESPAT.cif,BESPAT04.cif,tests/data/csd_families/BESPAT/BESPAT.cif,tests/data/csd_families/BESPAT/BESPAT04.cif,0,nan,0,nan,RuntimeError:MotifSearch Timeout
BESPAT,random,BESPAT.cif,BESPAT05.cif,tests/data/csd_families/BESPAT/BESPAT.cif,tests/data/csd_families/BESPAT/BESPAT05.cif,13,0.11578408366856799,1,0.006324954354674085,
BESPAT,random,BESPAT03.cif,BESPAT04.cif,tests/data/csd_families/BESPAT/BESPAT03.cif,tests/data/csd_families/BESPAT/BESPAT04.cif,0,nan,0,nan,RuntimeError:MotifSearch Timeout
BESPAT,random,BESPAT03.cif,BESPAT05.cif,tests/data/csd_families/BESPAT/BESPAT03.cif,tests/data/csd_families/BESPAT/BESPAT05.cif,0,nan,0,nan,RuntimeError:MotifSearch Timeout
BESPAT,random,BESPAT04.cif,BESPAT05.cif,tests/data/csd_families/BESPAT/BESPAT04.cif,tests/data/csd_families/BESPAT/BESPAT05.cif,11,0.11881996905055478,1,0.002642003761293866,
BEXROL,random,BEXROL.cif,BEXROL01.cif,tests/data/csd_families/BEXROL/BEXROL.cif,tests/data/csd_families/BEXROL/BEXROL01.cif,10,0.10573235281615675,1,0.02536705831625596,
BEXROL,random,BEXROL.cif,BEXROL02.cif,tests/data/csd_families/BEXROL/BEXROL.cif,tests/data/csd_families/BEXROL/BEXROL02.cif,10,0.02770999645890499,1,0.008910903673393143,
BEXROL,random,BEXROL01.cif,BEXROL02.cif,tests/data/csd_families/BEXROL/BEXROL01.cif,tests/data/csd_families/BEXROL/BEXROL02.cif,15,0.09221054059201292,1,0.022812414770997744,
BIJDON,random,BIJDON03.cif,BIJDON04.cif,tests/data/csd_families/BIJDON/BIJDON03.cif,tests/data/csd_families/BIJDON/BIJDON04.cif,14,0.7202937924325628,1,0.020668396210316433,
BIJDON,random,BIJDON03.cif,BIJDON05.cif,tests/data/csd_families/BIJDON/BIJDON03.cif,tests/data/csd_families/BIJDON/BIJDON05.cif,14,0.8033311753452801,1,0.021406478443473022,
BIJDON,random,BIJDON03.cif,BIJDON06.cif,tests/data/csd_families/BIJDON/BIJDON03.cif,tests/data/csd_families/BIJDON/BIJDON06.cif,15,0.06891263133162545,1,0.0072703046608632565,
BIJDON,random,BIJDON03.cif,BIJDON07.cif,tests/data/csd_families/BIJDON/BIJDON03.cif,tests/data/csd_families/BIJDON/BIJDON07.cif,15,0.01616020169114351,1,0.0092657061061741,
BIJDON,random,BIJDON04.cif,BIJDON05.cif,tests/data/csd_families/BIJDON/BIJDON04.cif,tests/data/csd_families/BIJDON/BIJDON05.cif,15,0.19602255215290537,1,0.01823174053524527,
BIJDON,random,BIJDON04.cif,BIJDON06.cif,tests/data/csd_families/BIJDON/BIJDON04.cif,tests/data/csd_families/BIJDON/BIJDON06.cif,14,0.735732934038883,1,0.020510648965378166,
BIJDON,random,BIJDON04.cif,BIJDON07.cif,tests/data/csd_families/BIJDON/BIJDON04.cif,tests/data/csd_families/BIJDON/BIJDON07.cif,14,0.7190027626114168,1,0.022776047567336803,
BIJDON,random,BIJDON05.cif,BIJDON06.cif,tests/data/csd_families/BIJDON/BIJDON05.cif,tests/data/csd_families/BIJDON/BIJDON06.cif,14,0.7716714664384204,1,0.021279326933516137,
BIJDON,random,BIJDON05.cif,BIJDON07.cif,tests/data/csd_families/BIJDON/BIJDON05.cif,tests/data/csd_families/BIJDON/BIJDON07.cif,14,0.8023817311025229,1,0.024325968749856593,
BIJDON,random,BIJDON06.cif,BIJDON07.cif,tests/data/csd_families/BIJDON/BIJDON06.cif,tests/data/csd_families/BIJDON/BIJDON07.cif,15,0.07477266404549762,1,0.012510671454045828,
BILNAN,random,BILNAN.cif,BILNAN01.cif,tests/data/csd_families/BILNAN/BILNAN.cif,tests/data/csd_families/BILNAN/BILNAN01.cif,6,2.212621301695388,1,0.20013062394556183,
BILNAN,random,BILNAN.cif,BILNAN02.cif,tests/data/csd_families/BILNAN/BILNAN.cif,tests/data/csd_families/BILNAN/BILNAN02.cif,0,nan,0,nan,RuntimeError:MotifSearch Timeout
BILNAN,random,BILNAN01.cif,BILNAN02.cif,tests/data/csd_families/BILNAN/BILNAN01.cif,tests/data/csd_families/BILNAN/BILNAN02.cif,0,nan,0,nan,
BINFAF,random,BINFAF01.cif,BINFAF02.cif,tests/data/csd_families/BINFAF/BINFAF01.cif,tests/data/csd_families/BINFAF/BINFAF02.cif,15,0.029786470923461827,1,0.013697568021316052,
BINFAF,random,BINFAF01.cif,BINFAF10.cif,tests/data/csd_families/BINFAF/BINFAF01.cif,tests/data/csd_families/BINFAF/BINFAF10.cif,15,0.03467446781995119,1,0.012002809084586459,
BINFAF,random,BINFAF02.cif,BINFAF10.cif,tests/data/csd_families/BINFAF/BINFAF02.cif,tests/data/csd_families/BINFAF/BINFAF10.cif,15,0.04295362451912974,1,0.0075490300198906264,
BOBVIY,random,BOBVIY.cif,BOBVIY01.cif,tests/data/csd_families/BOBVIY/BOBVIY.cif,tests/data/csd_families/BOBVIY/BOBVIY01.cif,12,0.8320562248128697,1,0.007689226418690698,
BOBVIY,random,BOBVIY.cif,BOBVIY02.cif,tests/data/csd_families/BOBVIY/BOBVIY.cif,tests/data/csd_families/BOBVIY/BOBVIY02.cif,2,5.001758880810895,1,0.012522713719542044,
BOBVIY,random,BOBVIY.cif,BOBVIY04.cif,tests/data/csd_families/BOBVIY/BOBVIY.cif,tests/data/csd_families/BOBVIY/BOBVIY04.cif,0,nan,0,nan,RuntimeError:MotifSearch Timeout
BOBVIY,random,BOBVIY.cif,BOBVIY05.cif,tests/data/csd_families/BOBVIY/BOBVIY.cif,tests/data/csd_families/BOBVIY/BOBVIY05.cif,0,nan,0,nan,RuntimeError:MotifSearch Timeout
BOBVIY,random,BOBVIY01.cif,BOBVIY02.cif,tests/data/csd_families/BOBVIY/BOBVIY01.cif,tests/data/csd_families/BOBVIY/BOBVIY02.cif,12,0.8291164735656162,1,0.00560101860448253,
BOBVIY,random,BOBVIY01.cif,BOBVIY04.cif,tests/data/csd_families/BOBVIY/BOBVIY01.cif,tests/data/csd_families/BOBVIY/BOBVIY04.cif,0,nan,0,nan,RuntimeError:MotifSearch Timeout
BOBVIY,random,BOBVIY01.cif,BOBVIY05.cif,tests/data/csd_families/BOBVIY/BOBVIY01.cif,tests/data/csd_families/BOBVIY/BOBVIY05.cif,0,nan,0,nan,RuntimeError:MotifSearch Timeout
BOBVIY,random,BOBVIY02.cif,BOBVIY04.cif,tests/data/csd_families/BOBVIY/BOBVIY02.cif,tests/data/csd_families/BOBVIY/BOBVIY04.cif,0,nan,0,nan,RuntimeError:MotifSearch Timeout
BOBVIY,random,BOBVIY02.cif,BOBVIY05.cif,tests/data/csd_families/BOBVIY/BOBVIY02.cif,tests/data/csd_families/BOBVIY/BOBVIY05.cif,0,nan,0,nan,RuntimeError:MotifSearch Timeout
BOBVIY,random,BOBVIY04.cif,BOBVIY05.cif,tests/data/csd_families/BOBVIY/BOBVIY04.cif,tests/data/csd_families/BOBVIY/BOBVIY05.cif,15,0.83666475904361,1,0.05106067216598388,
BOLMIZ,random,BOLMIZ.cif,BOLMIZ01.cif,tests/data/csd_families/BOLMIZ/BOLMIZ.cif,tests/data/csd_families/BOLMIZ/BOLMIZ01.cif,6,3.198836282255214,1,0.06355521936952774,
BOLMIZ,random,BOLMIZ.cif,BOLMIZ02.cif,tests/data/csd_families/BOLMIZ/BOLMIZ.cif,tests/data/csd_families/BOLMIZ/BOLMIZ02.cif,5,2.504327437963896,1,0.04165941798386796,
BOLMIZ,random,BOLMIZ01.cif,BOLMIZ02.cif,tests/data/csd_families/BOLMIZ/BOLMIZ01.cif,tests/data/csd_families/BOLMIZ/BOLMIZ02.cif,6,3.438831524779977,1,0.057613473804647694,
BOLNIZ,random,BOLNIZ.cif,BOLNIZ01.cif,tests/data/csd_families/BOLNIZ/BOLNIZ.cif,tests/data/csd_families/BOLNIZ/BOLNIZ01.cif,7,0.0755358610227876,1,0.050573535770031555,
BOLNIZ,random,BOLNIZ.cif,BOLNIZ02.cif,tests/data/csd_families/BOLNIZ/BOLNIZ.cif,tests/data/csd_families/BOLNIZ/BOLNIZ02.cif,7,0.07007328166814539,1,0.04670442481011539,
BOLNIZ,random,BOLNIZ01.cif,BOLNIZ02.cif,tests/data/csd_families/BOLNIZ/BOLNIZ01.cif,tests/data/csd_families/BOLNIZ/BOLNIZ02.cif,15,0.1293556080446569,1,0.03235525435650177,
BPYRDB,random,BPYRDB01.cif,BPYRDB02.cif,tests/data/csd_families/BPYRDB/BPYRDB01.cif,tests/data/csd_families/BPYRDB/BPYRDB02.cif,14,1.3203965898858283,1,0.23854541279185731,
BPYRDB,random,BPYRDB01.cif,BPYRDB03.cif,tests/data/csd_families/BPYRDB/BPYRDB01.cif,tests/data/csd_families/BPYRDB/BPYRDB03.cif,15,0.028101204859878184,1,0.012222211883567723,
BPYRDB,random,BPYRDB01.cif,BPYRDB04.cif,tests/data/csd_families/BPYRDB/BPYRDB01.cif,tests/data/csd_families/BPYRDB/BPYRDB04.cif,15,0.014989199627228032,1,0.006543355217646564,
BPYRDB,random,BPYRDB01.cif,BPYRDB05.cif,tests/data/csd_families/BPYRDB/BPYRDB01.cif,tests/data/csd_families/BPYRDB/BPYRDB05.cif,15,0.0838495347246811,1,0.05833208084145382,
BPYRDB,random,BPYRDB02.cif,BPYRDB03.cif,tests/data/csd_families/BPYRDB/BPYRDB02.cif,tests/data/csd_families/BPYRDB/BPYRDB03.cif,13,0.8224616175922921,1,0.23932786753887544,
BPYRDB,random,BPYRDB02.cif,BPYRDB04.cif,tests/data/csd_families/BPYRDB/BPYRDB02.cif,tests/data/csd_families/BPYRDB/BPYRDB04.cif,14,1.3179639302859865,1,0.2386464979788058,
BPYRDB,random,BPYRDB02.cif,BPYRDB05.cif,tests/data/csd_families/BPYRDB/BPYRDB02.cif,tests/data/csd_families/BPYRDB/BPYRDB05.cif,14,1.6570476924510726,1,0.24822202871480356,
BPYRDB,random,BPYRDB03.cif,BPYRDB04.cif,tests/data/csd_families/BPYRDB/BPYRDB03.cif,tests/data/csd_families/BPYRDB/BPYRDB04.cif,15,0.016085814247152063,1,0.008877864446268256,
BPYRDB,random,BPYRDB03.cif,BPYRDB05.cif,tests/data/csd_families/BPYRDB/BPYRDB03.cif,tests/data/csd_families/BPYRDB/BPYRDB05.cif,15,0.07980940717472967,1,0.04940521053153527,
BPYRDB,random,BPYRDB04.cif,BPYRDB05.cif,tests/data/csd_families/BPYRDB/BPYRDB04.cif,tests/data/csd_families/BPYRDB/BPYRDB05.cif,15,0.08250737141690055,1,0.05615632479508129,
BUCACT,random,BUCACT.cif,BUCACT01.cif,tests/data/csd_families/BUCACT/BUCACT.cif,tests/data/csd_families/BUCACT/BUCACT01.cif,15,0.12190078644637456,1,0.05107603198121128,
BUCACT,random,BUCACT.cif,BUCACT02.cif,tests/data/csd_families/BUCACT/BUCACT.cif,tests/data/csd_families/BUCACT/BUCACT02.cif,15,0.15624286400676052,1,0.05390658921520191,
BUCACT,random,BUCACT.cif,BUCACT03.cif,tests/data/csd_families/BUCACT/BUCACT.cif,tests/data/csd_families/BUCACT/BUCACT03.cif,15,0.12189483343168085,1,0.051967195392139426,
BUCACT,random,BUCACT.cif,BUCACT04.cif,tests/data/csd_families/BUCACT/BUCACT.cif,tests/data/csd_families/BUCACT/BUCACT04.cif,15,0.12277775308804167,1,0.05323615841769535,
BUCACT,random,BUCACT01.cif,BUCACT02.cif,tests/data/csd_families/BUCACT/BUCACT01.cif,tests/data/csd_families/BUCACT/BUCACT02.cif,15,0.04614093579392407,1,0.008337280578132055,
BUCACT,random,BUCACT01.cif,BUCACT03.cif,tests/data/csd_families/BUCACT/BUCACT01.cif,tests/data/csd_families/BUCACT/BUCACT03.cif,15,0.012290931471516664,1,0.003740334062289727,
BUCACT,random,BUCACT01.cif,BUCACT04.cif,tests/data/csd_families/BUCACT/BUCACT01.cif,tests/data/csd_families/BUCACT/BUCACT04.cif,15,0.017543451112196722,1,0.005956936303842231,
BUCACT,random,BUCACT02.cif,BUCACT03.cif,tests/data/csd_families/BUCACT/BUCACT02.cif,tests/data/csd_families/BUCACT/BUCACT03.cif,15,0.05337277112685316,1,0.007084816161083862,
BUCACT,random,BUCACT02.cif,BUCACT04.cif,tests/data/csd_families/BUCACT/BUCACT02.cif,tests/data/csd_families/BUCACT/BUCACT04.cif,15,0.05715154553710194,1,0.006868891933929454,
BUCACT,random,BUCACT03.cif,BUCACT04.cif,tests/data/csd_families/BUCACT/BUCACT03.cif,tests/data/csd_families/BUCACT/BUCACT04.cif,15,0.0063399334927447416,1,0.003458985083872301,
BULQII,random,BULQII.cif,BULQII01.cif,tests/data/csd_families/BULQII/BULQII.cif,tests/data/csd_families/BULQII/BULQII01.cif,0,nan,0,nan,RuntimeError:MotifSearch Timeout
BULQII,random,BULQII.cif,BULQII02.cif,tests/data/csd_families/BULQII/BULQII.cif,tests/data/csd_families/BULQII/BULQII02.cif,15,0.03713596433911548,1,0.018230088509491277,
BULQII,random,BULQII01.cif,BULQII02.cif,tests/data/csd_families/BULQII/BULQII01.cif,tests/data/csd_families/BULQII/BULQII02.cif,0,nan,0,nan,RuntimeError:MotifSearch Timeout
CAQHOV,random,CAQHOV.cif,CAQHOV01.cif,tests/data/csd_families/CAQHOV/CAQHOV.cif,tests/data/csd_families/CAQHOV/CAQHOV01.cif,14,0.22671931465848494,1,0.03978976157469558,
CAQHOV,random,CAQHOV.cif,CAQHOV02.cif,tests/data/csd_families/CAQHOV/CAQHOV.cif,tests/data/csd_families/CAQHOV/CAQHOV02.cif,14,0.32665010855449944,1,0.1439179746843606,
CAQHOV,random,CAQHOV.cif,CAQHOV03.cif,tests/data/csd_families/CAQHOV/CAQHOV.cif,tests/data/csd_families/CAQHOV/CAQHOV03.cif,13,0.37947696719525104,1,0.2082261197515858,
CAQHOV,random,CAQHOV.cif,CAQHOV04.cif,tests/data/csd_families/CAQHOV/CAQHOV.cif,tests/data/csd_families/CAQHOV/CAQHOV04.cif,15,0.4198548949184378,1,0.19479623703471474,
CAQHOV,random,CAQHOV01.cif,CAQHOV02.cif,tests/data/csd_families/CAQHOV/CAQHOV01.cif,tests/data/csd_families/CAQHOV/CAQHOV02.cif,15,0.1770740964194598,1,0.12014557996694847,
CAQHOV,random,CAQHOV01.cif,CAQHOV03.cif,tests/data/csd_families/CAQHOV/CAQHOV01.cif,tests/data/csd_families/CAQHOV/CAQHOV03.cif,15,0.31553675922622454,1,0.18713876018619088,
CAQHOV,random,CAQHOV01.cif,CAQHOV04.cif,tests/data/csd_families/CAQHOV/CAQHOV01.cif,tests/data/csd_families/CAQHOV/CAQHOV04.cif,15,0.300079519461586,1,0.1749339443045893,
CAQHOV,random,CAQHOV02.cif,CAQHOV03.cif,tests/data/csd_families/CAQHOV/CAQHOV02.cif,tests/data/csd_families/CAQHOV/CAQHOV03.cif,15,0.14720145582941707,1,0.07820082432894858,
CAQHOV,random,CAQHOV02.cif,CAQHOV04.cif,tests/data/csd_families/CAQHOV/CAQHOV02.cif,tests/data/csd_families/CAQHOV/CAQHOV04.cif,15,0.10592462530291416,1,0.07358941659566229,
CAQHOV,random,CAQHOV03.cif,CAQHOV04.cif,tests/data/csd_families/CAQHOV/CAQHOV03.cif,tests/data/csd_families/CAQHOV/CAQHOV04.cif,15,0.13143733198930144,1,0.05223214084155695,
CASGIM,random,CASGIM.cif,CASGIM01.cif,tests/data/csd_families/CASGIM/CASGIM.cif,tests/data/csd_families/CASGIM/CASGIM01.cif,15,0.022011954818328145,1,0.01113168928495432,
CASGIM,random,CASGIM.cif,CASGIM02.cif,tests/data/csd_families/CASGIM/CASGIM.cif,tests/data/csd_families/CASGIM/CASGIM02.cif,15,0.11800953352027649,1,0.04333682993894902,
CASGIM,random,CASGIM01.cif,CASGIM02.cif,tests/data/csd_families/CASGIM/CASGIM01.cif,tests/data/csd_families/CASGIM/CASGIM02.cif,15,0.13757748896074123,1,0.046550731028648096,
CATDAE,random,CATDAE.cif,CATDAE01.cif,tests/data/csd_families/CATDAE/CATDAE.cif,tests/data/csd_families/CATDAE/CATDAE01.cif,4,2.19127487676799,1,0.12003953386296629,
CATDAE,random,CATDAE.cif,CATDAE02.cif,tests/data/csd_families/CATDAE/CATDAE.cif,tests/data/csd_families/CATDAE/CATDAE02.cif,4,2.200873499991936,1,0.13151059303953952,
CATDAE,random,CATDAE01.cif,CATDAE02.cif,tests/data/csd_families/CATDAE/CATDAE01.cif,tests/data/csd_families/CATDAE/CATDAE02.cif,13,2.7097620874812973,1,0.01567485898514456,
CEDGAV,random,CEDGAV.cif,CEDGAV01.cif,tests/data/csd_families/CEDGAV/CEDGAV.cif,tests/data/csd_families/CEDGAV/CEDGAV01.cif,0,nan,0,nan,RuntimeError:Too many steps in ChemicalGraphSearch: search abandoned
CEDGAV,random,CEDGAV.cif,CEDGAV02.cif,tests/data/csd_families/CEDGAV/CEDGAV.cif,tests/data/csd_families/CEDGAV/CEDGAV02.cif,0,nan,0,nan,RuntimeError:Too many steps in ChemicalGraphSearch: search abandoned
CEDGAV,random,CEDGAV.cif,CEDGAV03.cif,tests/data/csd_families/CEDGAV/CEDGAV.cif,tests/data/csd_families/CEDGAV/CEDGAV03.cif,0,nan,0,nan,RuntimeError:Too many steps in ChemicalGraphSearch: search abandoned
CEDGAV,random,CEDGAV01.cif,CEDGAV02.cif,tests/data/csd_families/CEDGAV/CEDGAV01.cif,tests/data/csd_families/CEDGAV/CEDGAV02.cif,0,nan,0,nan,RuntimeError:MotifSearch Timeout
CEDGAV,random,CEDGAV01.cif,CEDGAV03.cif,tests/data/csd_families/CEDGAV/CEDGAV01.cif,tests/data/csd_families/CEDGAV/CEDGAV03.cif,0,nan,0,nan,RuntimeError:Too many steps in ChemicalGraphSearch: search abandoned
CEDGAV,random,CEDGAV02.cif,CEDGAV03.cif,tests/data/csd_families/CEDGAV/CEDGAV02.cif,tests/data/csd_families/CEDGAV/CEDGAV03.cif,0,nan,0,nan,RuntimeError:Too many steps in ChemicalGraphSearch: search abandoned
CEGHED,random,CEGHED.cif,CEGHED01.cif,tests/data/csd_families/CEGHED/CEGHED.cif,tests/data/csd_families/CEGHED/CEGHED01.cif,15,0.016709726012338385,1,0.014121787510235328,
CEGHED,random,CEGHED.cif,CEGHED02.cif,tests/data/csd_families/CEGHED/CEGHED.cif,tests/data/csd_families/CEGHED/CEGHED02.cif,15,0.08750310705169255,1,0.022470072771267717,
CEGHED,random,CEGHED.cif,CEGHED03.cif,tests/data/csd_families/CEGHED/CEGHED.cif,tests/data/csd_families/CEGHED/CEGHED03.cif,15,0.05010695530873043,1,0.016625213336907526,
CEGHED,random,CEGHED.cif,CEGHED04.cif,tests/data/csd_families/CEGHED/CEGHED.cif,tests/data/csd_families/CEGHED/CEGHED04.cif,15,0.034179731569188035,1,0.01379747899715061,
CEGHED,random,CEGHED01.cif,CEGHED02.cif,tests/data/csd_families/CEGHED/CEGHED01.cif,tests/data/csd_families/CEGHED/CEGHED02.cif,15,0.09165312600228244,1,0.01955450222639604,
CEGHED,random,CEGHED01.cif,CEGHED03.cif,tests/data/csd_families/CEGHED/CEGHED01.cif,tests/data/csd_families/CEGHED/CEGHED03.cif,15,0.05263206695650307,1,0.01433802933126937,
CEGHED,random,CEGHED01.cif,CEGHED04.cif,tests/data/csd_families/CEGHED/CEGHED01.cif,tests/data/csd_families/CEGHED/CEGHED04.cif,0,nan,0,nan,
CEGHED,random,CEGHED02.cif,CEGHED03.cif,tests/data/csd_families/CEGHED/CEGHED02.cif,tests/data/csd_families/CEGHED/CEGHED03.cif,15,0.04229272103325859,1,0.009035078733684613,
CEGHED,random,CEGHED02.cif,CEGHED04.cif,tests/data/csd_families/CEGHED/CEGHED02.cif,tests/data/csd_families/CEGHED/CEGHED04.cif,15,0.11726727205257961,1,0.020838817037788823,
CEGHED,random,CEGHED03.cif,CEGHED04.cif,tests/data/csd_families/CEGHED/CEGHED03.cif,tests/data/csd_families/CEGHED/CEGHED04.cif,15,0.07903447217470033,1,0.01397959668431964,
CEQGEL,random,CEQGEL.cif,CEQGEL01.cif,tests/data/csd_families/CEQGEL/CEQGEL.cif,tests/data/csd_families/CEQGEL/CEQGEL01.cif,15,0.22667289453352982,1,0.010832798318630337,
CEQGEL,random,CEQGEL.cif,CEQGEL02.cif,tests/data/csd_families/CEQGEL/CEQGEL.cif,tests/data/csd_families/CEQGEL/CEQGEL02.cif,15,0.20088965965080102,1,0.009665764797877644,
CEQGEL,random,CEQGEL01.cif,CEQGEL02.cif,tests/data/csd_families/CEQGEL/CEQGEL01.cif,tests/data/csd_families/CEQGEL/CEQGEL02.cif,15,0.02835675861415416,1,0.005192936984447974,
CEVPOK,random,CEVPOK.cif,CEVPOK01.cif,tests/data/csd_families/CEVPOK/CEVPOK.cif,tests/data/csd_families/CEVPOK/CEVPOK01.cif,10,3.406116939487282,1,0.05461257735883884,
CEVPOK,random,CEVPOK.cif,CEVPOK02.cif,tests/data/csd_families/CEVPOK/CEVPOK.cif,tests/data/csd_families/CEVPOK/CEVPOK02.cif,10,3.400073534302168,1,0.0560728996180011,
CEVPOK,random,CEVPOK.cif,CEVPOK03.cif,tests/data/csd_families/CEVPOK/CEVPOK.cif,tests/data/csd_families/CEVPOK/CEVPOK03.cif,10,3.4042102455541325,1,0.05584513459580563,
CEVPOK,random,CEVPOK.cif,CEVPOK04.cif,tests/data/csd_families/CEVPOK/CEVPOK.cif,tests/data/csd_families/CEVPOK/CEVPOK04.cif,10,3.4053386957869383,1,0.05638396571698126,
CEVPOK,random,CEVPOK01.cif,CEVPOK02.cif,tests/data/csd_families/CEVPOK/CEVPOK01.cif,tests/data/csd_families/CEVPOK/CEVPOK02.cif,15,0.09103681748630445,1,0.053751319565034386,
CEVPOK,random,CEVPOK01.cif,CEVPOK03.cif,tests/data/csd_families/CEVPOK/CEVPOK01.cif,tests/data/csd_families/CEVPOK/CEVPOK03.cif,15,0.08323054609005062,1,0.048673905862171504,
CEVPOK,random,CEVPOK01.cif,CEVPOK04.cif,tests/data/csd_families/CEVPOK/CEVPOK01.cif,tests/data/csd_families/CEVPOK/CEVPOK04.cif,15,0.06618212582120359,1,0.03881659759036197,
CEVPOK,random,CEVPOK02.cif,CEVPOK03.cif,tests/data/csd_families/CEVPOK/CEVPOK02.cif,tests/data/csd_families/CEVPOK/CEVPOK03.cif,15,0.021870701384649,1,0.014554254202108555,
CEVPOK,random,CEVPOK02.cif,CEVPOK04.cif,tests/data/csd_families/CEVPOK/CEVPOK02.cif,tests/data/csd_families/CEVPOK/CEVPOK04.cif,15,0.03855447693697981,1,0.02415481570868773,
CEVPOK,random,CEVPOK03.cif,CEVPOK04.cif,tests/data/csd_families/CEVPOK/CEVPOK03.cif,tests/data/csd_families/CEVPOK/CEVPOK04.cif,15,0.022232398188603283,1,0.019120301961837748,
CEWNEZ,random,CEWNEZ.cif,CEWNEZ01.cif,tests/data/csd_families/CEWNEZ/CEWNEZ.cif,tests/data/csd_families/CEWNEZ/CEWNEZ01.cif,4,2.8339281781209578,1,0.1794366099634897,
CEWNEZ,random,CEWNEZ.cif,CEWNEZ02.cif,tests/data/csd_families/CEWNEZ/CEWNEZ.cif,tests/data/csd_families/CEWNEZ/CEWNEZ02.cif,15,0.031287593208936246,1,0.01322443703134971,
CEWNEZ,random,CEWNEZ01.cif,CEWNEZ02.cif,tests/data/csd_families/CEWNEZ/CEWNEZ01.cif,tests/data/csd_families/CEWNEZ/CEWNEZ02.cif,4,2.832389478031902,1,0.18928004938383752,
CEWTAD,random,CEWTAD.cif,CEWTAD01.cif,tests/data/csd_families/CEWTAD/CEWTAD.cif,tests/data/csd_families/CEWTAD/CEWTAD01.cif,15,0.004471977772196792,1,0.0023569076271629445,
CEWTAD,random,CEWTAD.cif,CEWTAD02.cif,tests/data/csd_families/CEWTAD/CEWTAD.cif,tests/data/csd_families/CEWTAD/CEWTAD02.cif,15,0.024890275185492052,1,0.00892243054288707,
CEWTAD,random,CEWTAD.cif,CEWTAD03.cif,tests/data/csd_families/CEWTAD/CEWTAD.cif,tests/data/csd_families/CEWTAD/CEWTAD03.cif,15,0.006410988258168264,1,0.002574565035229617,
CEWTAD,random,CEWTAD.cif,CEWTAD04.cif,tests/data/csd_families/CEWTAD/CEWTAD.cif,tests/data/csd_families/CEWTAD/CEWTAD04.cif,15,0.3027017356648331,1,0.11927555471195715,
CEWTAD,random,CEWTAD01.cif,CEWTAD02.cif,tests/data/csd_families/CEWTAD/CEWTAD01.cif,tests/data/csd_families/CEWTAD/CEWTAD02.cif,15,0.021992268858437615,1,0.008175096906784278,
CEWTAD,random,CEWTAD01.cif,CEWTAD03.cif,tests/data/csd_families/CEWTAD/CEWTAD01.cif,tests/data/csd_families/CEWTAD/CEWTAD03.cif,15,0.004005283288261685,1,0.0029746263390553946,
CEWTAD,random,CEWTAD01.cif,CEWTAD04.cif,tests/data/csd_families/CEWTAD/CEWTAD01.cif,tests/data/csd_families/CEWTAD/CEWTAD04.cif,15,0.33778638189167165,1,0.11815719837133669,
CEWTAD,random,CEWTAD02.cif,CEWTAD03.cif,tests/data/csd_families/CEWTAD/CEWTAD02.cif,tests/data/csd_families/CEWTAD/CEWTAD03.cif,15,0.019769001853996316,1,0.0075870653300879635,
CEWTAD,random,CEWTAD02.cif,CEWTAD04.cif,tests/data/csd_families/CEWTAD/CEWTAD02.cif,tests/data/csd_families/CEWTAD/CEWTAD04.cif,15,0.32792094249014375,1,0.11279886794788471,
CEWTAD,random,CEWTAD03.cif,CEWTAD04.cif,tests/data/csd_families/CEWTAD/CEWTAD03.cif,tests/data/csd_families/CEWTAD/CEWTAD04.cif,15,0.29957991658113076,1,0.11813747124813886,
CIDDEZ,random,CIDDEZ.cif,CIDDEZ01.cif,tests/data/csd_families/CIDDEZ/CIDDEZ.cif,tests/data/csd_families/CIDDEZ/CIDDEZ01.cif,15,0.015166646274461881,1,0.010102213249085465,
CIDDEZ,random,CIDDEZ.cif,CIDDEZ02.cif,tests/data/csd_families/CIDDEZ/CIDDEZ.cif,tests/data/csd_families/CIDDEZ/CIDDEZ02.cif,15,0.11227418374915954,1,0.02472394722561496,
CIDDEZ,random,CIDDEZ.cif,CIDDEZ03.cif,tests/data/csd_families/CIDDEZ/CIDDEZ.cif,tests/data/csd_families/CIDDEZ/CIDDEZ03.cif,15,0.10454096319612283,1,0.02134648909012415,
CIDDEZ,random,CIDDEZ01.cif,CIDDEZ02.cif,tests/data/csd_families/CIDDEZ/CIDDEZ01.cif,tests/data/csd_families/CIDDEZ/CIDDEZ02.cif,15,0.10654915107502208,1,0.02637040715882345,
CIDDEZ,random,CIDDEZ01.cif,CIDDEZ03.cif,tests/data/csd_families/CIDDEZ/CIDDEZ01.cif,tests/data/csd_families/CIDDEZ/CIDDEZ03.cif,15,0.0990756497572225,1,0.023008506514037547,
CIDDEZ,random,CIDDEZ02.cif,CIDDEZ03.cif,tests/data/csd_families/CIDDEZ/CIDDEZ02.cif,tests/data/csd_families/CIDDEZ/CIDDEZ03.cif,15,0.010449504346217796,1,0.004828054578420611,
CIKLOZ,random,CIKLOZ.cif,CIKLOZ01.cif,tests/data/csd_families/CIKLOZ/CIKLOZ.cif,tests/data/csd_families/CIKLOZ/CIKLOZ01.cif,15,0.014547357896515359,1,0.004235790173195251,
CIKLOZ,random,CIKLOZ.cif,CIKLOZ02.cif,tests/data/csd_families/CIKLOZ/CIKLOZ.cif,tests/data/csd_families/CIKLOZ/CIKLOZ02.cif,15,0.05143332943908088,1,0.009938284615498873,
CIKLOZ,random,CIKLOZ.cif,CIKLOZ03.cif,tests/data/csd_families/CIKLOZ/CIKLOZ.cif,tests/data/csd_families/CIKLOZ/CIKLOZ03.cif,15,0.07213095014056121,1,0.014971689617801612,
CIKLOZ,random,CIKLOZ.cif,CIKLOZ04.cif,tests/data/csd_families/CIKLOZ/CIKLOZ.cif,tests/data/csd_families/CIKLOZ/CIKLOZ04.cif,15,0.09098170721235273,1,0.019090954065391293,
CIKLOZ,random,CIKLOZ01.cif,CIKLOZ02.cif,tests/data/csd_families/CIKLOZ/CIKLOZ01.cif,tests/data/csd_families/CIKLOZ/CIKLOZ02.cif,15,0.03873344026812844,1,0.007601058191446124,
CIKLOZ,random,CIKLOZ01.cif,CIKLOZ03.cif,tests/data/csd_families/CIKLOZ/CIKLOZ01.cif,tests/data/csd_families/CIKLOZ/CIKLOZ03.cif,15,0.059256727390597994,1,0.012463200449915196,
CIKLOZ,random,CIKLOZ01.cif,CIKLOZ04.cif,tests/data/csd_families/CIKLOZ/CIKLOZ01.cif,tests/data/csd_families/CIKLOZ/CIKLOZ04.cif,15,0.07802457773072809,1,0.016693507969120395,
CIKLOZ,random,CIKLOZ02.cif,CIKLOZ03.cif,tests/data/csd_families/CIKLOZ/CIKLOZ02.cif,tests/data/csd_families/CIKLOZ/CIKLOZ03.cif,15,0.021280019298484942,1,0.005528663633345154,
CIKLOZ,random,CIKLOZ02.cif,CIKLOZ04.cif,tests/data/csd_families/CIKLOZ/CIKLOZ02.cif,tests/data/csd_families/CIKLOZ/CIKLOZ04.cif,15,0.04036907801653823,1,0.009770757212178008,
CIKLOZ,random,CIKLOZ03.cif,CIKLOZ04.cif,tests/data/csd_families/CIKLOZ/CIKLOZ03.cif,tests/data/csd_families/CIKLOZ/CIKLOZ04.cif,15,0.019296646721374176,1,0.00480479671589869,
CITRAC,random,CITRAC10.cif,CITRAC11.cif,tests/data/csd_families/CITRAC/CITRAC10.cif,tests/data/csd_families/CITRAC/CITRAC11.cif,15,0.07713848683861801,1,0.028481444891951157,
CITRAC,random,CITRAC10.cif,CITRAC12.cif,tests/data/csd_families/CITRAC/CITRAC10.cif,tests/data/csd_families/CITRAC/CITRAC12.cif,15,0.034519197567920136,1,0.030087446521001007,
CITRAC,random,CITRAC10.cif,CITRAC13.cif,tests/data/csd_families/CITRAC/CITRAC10.cif,tests/data/csd_families/CITRAC/CITRAC13.cif,15,0.00493795544376308,1,0.0011969982332921687,
CITRAC,random,CITRAC11.cif,CITRAC12.cif,tests/data/csd_families/CITRAC/CITRAC11.cif,tests/data/csd_families/CITRAC/CITRAC12.cif,15,0.0892005342691063,1,0.046377577787038035,
CITRAC,random,CITRAC11.cif,CITRAC13.cif,tests/data/csd_families/CITRAC/CITRAC11.cif,tests/data/csd_families/CITRAC/CITRAC13.cif,15,0.07452494843717156,1,0.028060014420410725,
CITRAC,random,CITRAC12.cif,CITRAC13.cif,tests/data/csd_families/CITRAC/CITRAC12.cif,tests/data/csd_families/CITRAC/CITRAC13.cif,15,0.035294234189133425,1,0.030443581344949636,
CIYGOJ,random,CIYGOJ.cif,CIYGOJ01.cif,tests/data/csd_families/CIYGOJ/CIYGOJ.cif,tests/data/csd_families/CIYGOJ/CIYGOJ01.cif,15,0.023061308757012004,1,0.008122942653048493,
CIYGOJ,random,CIYGOJ.cif,CIYGOJ02.cif,tests/data/csd_families/CIYGOJ/CIYGOJ.cif,tests/data/csd_families/CIYGOJ/CIYGOJ02.cif,15,0.1762537996442396,1,0.05474757860381765,
CIYGOJ,random,CIYGOJ01.cif,CIYGOJ02.cif,tests/data/csd_families/CIYGOJ/CIYGOJ01.cif,tests/data/csd_families/CIYGOJ/CIYGOJ02.cif,15,0.18781715570223384,1,0.05505294679731606,
CODLUC,random,CODLUC.cif,CODLUC01.cif,tests/data/csd_families/CODLUC/CODLUC.cif,tests/data/csd_families/CODLUC/CODLUC01.cif,15,0.04706461268017647,1,0.010529427750760448,
CODLUC,random,CODLUC.cif,CODLUC10.cif,tests/data/csd_families/CODLUC/CODLUC.cif,tests/data/csd_families/CODLUC/CODLUC10.cif,15,0.00422598910379394,1,0.00407304083742579,
CODLUC,random,CODLUC.cif,CODLUC11.cif,tests/data/csd_families/CODLUC/CODLUC.cif,tests/data/csd_families/CODLUC/CODLUC11.cif,15,0.0061558903368156065,1,0.005012063641469503,
CODLUC,random,CODLUC.cif,CODLUC12.cif,tests/data/csd_families/CODLUC/CODLUC.cif,tests/data/csd_families/CODLUC/CODLUC12.cif,15,0.04493300739316585,1,0.011261386033579082,
CODLUC,random,CODLUC01.cif,CODLUC10.cif,tests/data/csd_families/CODLUC/CODLUC01.cif,tests/data/csd_families/CODLUC/CODLUC10.cif,15,0.046900357923332574,1,0.009575583035945998,
CODLUC,random,CODLUC01.cif,CODLUC11.cif,tests/data/csd_families/CODLUC/CODLUC01.cif,tests/data/csd_families/CODLUC/CODLUC11.cif,15,0.048635424686350855,1,0.00881219609470636,
CODLUC,random,CODLUC01.cif,CODLUC12.cif,tests/data/csd_families/CODLUC/CODLUC01.cif,tests/data/csd_families/CODLUC/CODLUC12.cif,15,0.006819683476882135,1,0.004898757905730197,
CODLUC,random,CODLUC10.cif,CODLUC11.cif,tests/data/csd_families/CODLUC/CODLUC10.cif,tests/data/csd_families/CODLUC/CODLUC11.cif,15,0.003816444471353334,1,0.0022095346974843754,
CODLUC,random,CODLUC10.cif,CODLUC12.cif,tests/data/csd_families/CODLUC/CODLUC10.cif,tests/data/csd_families/CODLUC/CODLUC12.cif,15,0.04461985861538327,1,0.009937435121471359,
CODLUC,random,CODLUC11.cif,CODLUC12.cif,tests/data/csd_families/CODLUC/CODLUC11.cif,tests/data/csd_families/CODLUC/CODLUC12.cif,15,0.04610388149864027,1,0.00901477707167797,
COGJAM,random,COGJAM.cif,COGJAM01.cif,tests/data/csd_families/COGJAM/COGJAM.cif,tests/data/csd_families/COGJAM/COGJAM01.cif,15,0.04863774833944207,1,0.02769453990727574,
COGJAM,random,COGJAM.cif,COGJAM02.cif,tests/data/csd_families/COGJAM/COGJAM.cif,tests/data/csd_families/COGJAM/COGJAM02.cif,15,0.1004854956794714,1,0.057367023059711836,
COGJAM,random,COGJAM.cif,COGJAM03.cif,tests/data/csd_families/COGJAM/COGJAM.cif,tests/data/csd_families/COGJAM/COGJAM03.cif,15,0.15055377811632611,1,0.07866171660704735,
COGJAM,random,COGJAM01.cif,COGJAM02.cif,tests/data/csd_families/COGJAM/COGJAM01.cif,tests/data/csd_families/COGJAM/COGJAM02.cif,15,0.05614906618790184,1,0.031242057457105732,
COGJAM,random,COGJAM01.cif,COGJAM03.cif,tests/data/csd_families/COGJAM/COGJAM01.cif,tests/data/csd_families/COGJAM/COGJAM03.cif,15,0.1054347994226005,1,0.05315555178470666,
COGJAM,random,COGJAM02.cif,COGJAM03.cif,tests/data/csd_families/COGJAM/COGJAM02.cif,tests/data/csd_families/COGJAM/COGJAM03.cif,15,0.05337732041146387,1,0.023520020565591555,
CRBAMP,random,CRBAMP01.cif,CRBAMP02.cif,tests/data/csd_families/CRBAMP/CRBAMP01.cif,tests/data/csd_families/CRBAMP/CRBAMP02.cif,15,0.06048109055045692,1,0.01949652072603862,
CRBAMP,random,CRBAMP01.cif,CRBAMP03.cif,tests/data/csd_families/CRBAMP/CRBAMP01.cif,tests/data/csd_families/CRBAMP/CRBAMP03.cif,11,0.03338400040876143,1,0.01093859387241006,
CRBAMP,random,CRBAMP01.cif,CRBAMP04.cif,tests/data/csd_families/CRBAMP/CRBAMP01.cif,tests/data/csd_families/CRBAMP/CRBAMP04.cif,15,0.012457727230788649,1,0.004284392586347552,
CRBAMP,random,CRBAMP01.cif,CRBAMP05.cif,tests/data/csd_families/CRBAMP/CRBAMP01.cif,tests/data/csd_families/CRBAMP/CRBAMP05.cif,15,0.02487663843274064,1,0.01732732870371921,
CRBAMP,random,CRBAMP02.cif,CRBAMP03.cif,tests/data/csd_families/CRBAMP/CRBAMP02.cif,tests/data/csd_families/CRBAMP/CRBAMP03.cif,11,0.029218796694728155,1,0.004703426723714756,
CRBAMP,random,CRBAMP02.cif,CRBAMP04.cif,tests/data/csd_families/CRBAMP/CRBAMP02.cif,tests/data/csd_families/CRBAMP/CRBAMP04.cif,15,0.052817862153252584,1,0.018398139372850408,
CRBAMP,random,CRBAMP02.cif,CRBAMP05.cif,tests/data/csd_families/CRBAMP/CRBAMP02.cif,tests/data/csd_families/CRBAMP/CRBAMP05.cif,15,0.0690777129147858,1,0.024801450417939574,
CRBAMP,random,CRBAMP03.cif,CRBAMP04.cif,tests/data/csd_families/CRBAMP/CRBAMP03.cif,tests/data/csd_families/CRBAMP/CRBAMP04.cif,11,0.028633224939550162,1,0.010638626158595255,
CRBAMP,random,CRBAMP03.cif,CRBAMP05.cif,tests/data/csd_families/CRBAMP/CRBAMP03.cif,tests/data/csd_families/CRBAMP/CRBAMP05.cif,11,0.029562054550726156,1,0.007699162908544052,
CRBAMP,random,CRBAMP04.cif,CRBAMP05.cif,tests/data/csd_families/CRBAMP/CRBAMP04.cif,tests/data/csd_families/CRBAMP/CRBAMP05.cif,15,0.028170824666316062,1,0.019468343056706194,
CTMTNA,random,CTMTNA.cif,CTMTNA01.cif,tests/data/csd_families/CTMTNA/CTMTNA.cif,tests/data/csd_families/CTMTNA/CTMTNA01.cif,15,0.8296168307715466,1,0.21937547280236383,
CTMTNA,random,CTMTNA.cif,CTMTNA02.cif,tests/data/csd_families/CTMTNA/CTMTNA.cif,tests/data/csd_families/CTMTNA/CTMTNA02.cif,15,0.8658930528631894,1,0.21093226497883555,
CTMTNA,random,CTMTNA.cif,CTMTNA03.cif,tests/data/csd_families/CTMTNA/CTMTNA.cif,tests/data/csd_families/CTMTNA/CTMTNA03.cif,15,0.08775018392101444,1,0.02637055817756772,
CTMTNA,random,CTMTNA.cif,CTMTNA04.cif,tests/data/csd_families/CTMTNA/CTMTNA.cif,tests/data/csd_families/CTMTNA/CTMTNA04.cif,7,3.121630253479902,1,0.32337120665338503,
CTMTNA,random,CTMTNA01.cif,CTMTNA02.cif,tests/data/csd_families/CTMTNA/CTMTNA01.cif,tests/data/csd_families/CTMTNA/CTMTNA02.cif,15,0.1414169895079925,1,0.0901803065683597,
CTMTNA,random,CTMTNA01.cif,CTMTNA03.cif,tests/data/csd_families/CTMTNA/CTMTNA01.cif,tests/data/csd_families/CTMTNA/CTMTNA03.cif,15,0.8121971469831513,1,0.2264089052039385,
CTMTNA,random,CTMTNA01.cif,CTMTNA04.cif,tests/data/csd_families/CTMTNA/CTMTNA01.cif,tests/data/csd_families/CTMTNA/CTMTNA04.cif,7,2.658490838916779,1,0.15032230127126156,
CTMTNA,random,CTMTNA02.cif,CTMTNA03.cif,tests/data/csd_families/CTMTNA/CTMTNA02.cif,tests/data/csd_families/CTMTNA/CTMTNA03.cif,15,0.8453563435532153,1,0.2002325131027007,
CTMTNA,random,CTMTNA02.cif,CTMTNA04.cif,tests/data/csd_families/CTMTNA/CTMTNA02.cif,tests/data/csd_families/CTMTNA/CTMTNA04.cif,7,2.6632539748865174,1,0.12617423950418702,
CTMTNA,random,CTMTNA03.cif,CTMTNA04.cif,tests/data/csd_families/CTMTNA/CTMTNA03.cif,tests/data/csd_families/CTMTNA/CTMTNA04.cif,7,3.141612491322774,1,0.3280815102781799,
CUSALA,random,CUSALA.cif,CUSALA01.cif,tests/data/csd_families/CUSALA/CUSALA.cif,tests/data/csd_families/CUSALA/CUSALA01.cif,4,2.4507155075453984,1,0.05955308160268188,
CUSALA,random,CUSALA.cif,CUSALA03.cif,tests/data/csd_families/CUSALA/CUSALA.cif,tests/data/csd_families/CUSALA/CUSALA03.cif,15,0.0648621379574243,1,0.040205187500609384,
CUSALA,random,CUSALA.cif,CUSALA04.cif,tests/data/csd_families/CUSALA/CUSALA.cif,tests/data/csd_families/CUSALA/CUSALA04.cif,5,4.342809145800416,1,0.04514545367313005,
CUSALA,random,CUSALA.cif,CUSALA05.cif,tests/data/csd_families/CUSALA/CUSALA.cif,tests/data/csd_families/CUSALA/CUSALA05.cif,15,0.06499733999514096,1,0.048140705020668306,
CUSALA,random,CUSALA01.cif,CUSALA03.cif,tests/data/csd_families/CUSALA/CUSALA01.cif,tests/data/csd_families/CUSALA/CUSALA03.cif,5,2.908715693444131,1,0.03882871819732051,
CUSALA,random,CUSALA01.cif,CUSALA04.cif,tests/data/csd_families/CUSALA/CUSALA01.cif,tests/data/csd_families/CUSALA/CUSALA04.cif,15,0.055327867000330454,1,0.03417446869500566,
CUSALA,random,CUSALA01.cif,CUSALA05.cif,tests/data/csd_families/CUSALA/CUSALA01.cif,tests/data/csd_families/CUSALA/CUSALA05.cif,5,2.9332477591821897,1,0.03732874244625622,
CUSALA,random,CUSALA03.cif,CUSALA04.cif,tests/data/csd_families/CUSALA/CUSALA03.cif,tests/data/csd_families/CUSALA/CUSALA04.cif,5,2.870808902321571,1,0.02711030032070781,
CUSALA,random,CUSALA03.cif,CUSALA05.cif,tests/data/csd_families/CUSALA/CUSALA03.cif,tests/data/csd_families/CUSALA/CUSALA05.cif,15,0.05955586939641101,1,0.016322086957347395,
CUSALA,random,CUSALA04.cif,CUSALA05.cif,tests/data/csd_families/CUSALA/CUSALA04.cif,tests/data/csd_families/CUSALA/CUSALA05.cif,5,2.8953811925763384,1,0.030786663840544293,
CYOCPD,random,CYOCPD.cif,CYOCPD02.cif,tests/data/csd_families/CYOCPD/CYOCPD.cif,tests/data/csd_families/CYOCPD/CYOCPD02.cif,7,2.28283758294767,1,0.05717179559068997,
CYOCPD,random,CYOCPD.cif,CYOCPD03.cif,tests/data/csd_families/CYOCPD/CYOCPD.cif,tests/data/csd_families/CYOCPD/CYOCPD03.cif,7,2.324369893111033,1,0.06119960812162694,
CYOCPD,random,CYOCPD.cif,CYOCPD04.cif,tests/data/csd_families/CYOCPD/CYOCPD.cif,tests/data/csd_families/CYOCPD/CYOCPD04.cif,15,0.17923848774034176,1,0.02939636858724152,
CYOCPD,random,CYOCPD.cif,CYOCPD05.cif,tests/data/csd_families/CYOCPD/CYOCPD.cif,tests/data/csd_families/CYOCPD/CYOCPD05.cif,7,2.288191877544838,1,0.0631736338499623,
CYOCPD,random,CYOCPD02.cif,CYOCPD03.cif,tests/data/csd_families/CYOCPD/CYOCPD02.cif,tests/data/csd_families/CYOCPD/CYOCPD03.cif,15,0.05130045194611543,1,0.00734829565578685,
CYOCPD,random,CYOCPD02.cif,CYOCPD04.cif,tests/data/csd_families/CYOCPD/CYOCPD02.cif,tests/data/csd_families/CYOCPD/CYOCPD04.cif,7,2.3343832110779985,1,0.039127679084101065,
CYOCPD,random,CYOCPD02.cif,CYOCPD05.cif,tests/data/csd_families/CYOCPD/CYOCPD02.cif,tests/data/csd_families/CYOCPD/CYOCPD05.cif,15,0.08110365358430154,1,0.02247493495417511,
CYOCPD,random,CYOCPD03.cif,CYOCPD04.cif,tests/data/csd_families/CYOCPD/CYOCPD03.cif,tests/data/csd_families/CYOCPD/CYOCPD04.cif,7,2.3437896611565234,1,0.04206351964845822,
CYOCPD,random,CYOCPD03.cif,CYOCPD05.cif,tests/data/csd_families/CYOCPD/CYOCPD03.cif,tests/data/csd_families/CYOCPD/CYOCPD05.cif,15,0.046957339577137484,1,0.026742762840185414,
CYOCPD,random,CYOCPD04.cif,CYOCPD05.cif,tests/data/csd_families/CYOCPD/CYOCPD04.cif,tests/data/csd_families/CYOCPD/CYOCPD05.cif,7,2.3392285235908608,1,0.048379181963357394,
DBEZPO,random,DBEZPO.cif,DBEZPO01.cif,tests/data/csd_families/DBEZPO/DBEZPO.cif,tests/data/csd_families/DBEZPO/DBEZPO01.cif,15,0.06133361687068781,1,0.026691348541581755,
DBEZPO,random,DBEZPO.cif,DBEZPO02.cif,tests/data/csd_families/DBEZPO/DBEZPO.cif,tests/data/csd_families/DBEZPO/DBEZPO02.cif,15,0.1292860114569362,1,0.02822750418705049,
DBEZPO,random,DBEZPO.cif,DBEZPO03.cif,tests/data/csd_families/DBEZPO/DBEZPO.cif,tests/data/csd_families/DBEZPO/DBEZPO03.cif,15,0.09856710424974349,1,0.029827246836872084,
DBEZPO,random,DBEZPO01.cif,DBEZPO02.cif,tests/data/csd_families/DBEZPO/DBEZPO01.cif,tests/data/csd_families/DBEZPO/DBEZPO02.cif,15,0.15837029887169587,1,0.027993117595673477,
DBEZPO,random,DBEZPO01.cif,DBEZPO03.cif,tests/data/csd_families/DBEZPO/DBEZPO01.cif,tests/data/csd_families/DBEZPO/DBEZPO03.cif,15,0.12026545300906602,1,0.025837501494840896,
DBEZPO,random,DBEZPO02.cif,DBEZPO03.cif,tests/data/csd_families/DBEZPO/DBEZPO02.cif,tests/data/csd_families/DBEZPO/DBEZPO03.cif,15,0.0484297310808679,1,0.012821631336583606,
DBPHEN,random,DBPHEN02.cif,DBPHEN03.cif,tests/data/csd_families/DBPHEN/DBPHEN02.cif,tests/data/csd_families/DBPHEN/DBPHEN03.cif,5,1.4562808419698967,1,0.03615637819722934,
DBPHEN,random,DBPHEN02.cif,DBPHEN04.cif,tests/data/csd_families/DBPHEN/DBPHEN02.cif,tests/data/csd_families/DBPHEN/DBPHEN04.cif,6,2.6513610048008025,1,0.035580389711682286,
DBPHEN,random,DBPHEN02.cif,DBPHEN05.cif,tests/data/csd_families/DBPHEN/DBPHEN02.cif,tests/data/csd_families/DBPHEN/DBPHEN05.cif,5,3.4141743037592382,1,0.09002074439896063,
DBPHEN,random,DBPHEN03.cif,DBPHEN04.cif,tests/data/csd_families/DBPHEN/DBPHEN03.cif,tests/data/csd_families/DBPHEN/DBPHEN04.cif,15,0.2707184666531488,1,0.017395261805982557,
DBPHEN,random,DBPHEN03.cif,DBPHEN05.cif,tests/data/csd_families/DBPHEN/DBPHEN03.cif,tests/data/csd_families/DBPHEN/DBPHEN05.cif,7,1.6138165628007777,1,0.05200343183270669,
DBPHEN,random,DBPHEN04.cif,DBPHEN05.cif,tests/data/csd_families/DBPHEN/DBPHEN04.cif,tests/data/csd_families/DBPHEN/DBPHEN05.cif,7,1.6828848947913637,1,0.05288098031897346,
DECVIQ,random,DECVIQ.cif,DECVIQ01.cif,tests/data/csd_families/DECVIQ/DECVIQ.cif,tests/data/csd_families/DECVIQ/DECVIQ01.cif,8,0.15293345765215297,1,0.09905223320789654,
DECVIQ,random,DECVIQ.cif,DECVIQ10.cif,tests/data/csd_families/DECVIQ/DECVIQ.cif,tests/data/csd_families/DECVIQ/DECVIQ10.cif,0,nan,0,nan,RuntimeError:MotifSearch Timeout
DECVIQ,random,DECVIQ.cif,DECVIQ11.cif,tests/data/csd_families/DECVIQ/DECVIQ.cif,tests/data/csd_families/DECVIQ/DECVIQ11.cif,8,0.15293345765215297,1,0.09905223320789654,
DECVIQ,random,DECVIQ01.cif,DECVIQ10.cif,tests/data/csd_families/DECVIQ/DECVIQ01.cif,tests/data/csd_families/DECVIQ/DECVIQ10.cif,0,nan,0,nan,
DECVIQ,random,DECVIQ01.cif,DECVIQ11.cif,tests/data/csd_families/DECVIQ/DECVIQ01.cif,tests/data/csd_families/DECVIQ/DECVIQ11.cif,1,13.547279795207691,1,0.0,
DECVIQ,random,DECVIQ10.cif,DECVIQ11.cif,tests/data/csd_families/DECVIQ/DECVIQ10.cif,tests/data/csd_families/DECVIQ/DECVIQ11.cif,0,nan,0,nan,
DERKOA,random,DERKOA02.cif,DERKOA10.cif,tests/data/csd_families/DERKOA/DERKOA02.cif,tests/data/csd_families/DERKOA/DERKOA10.cif,15,0.14721937856022838,1,0.15049611815058234,
DERKOA,random,DERKOA02.cif,DERKOA11.cif,tests/data/csd_families/DERKOA/DERKOA02.cif,tests/data/csd_families/DERKOA/DERKOA11.cif,0,nan,0,nan,
DERKOA,random,DERKOA02.cif,DERKOA12.cif,tests/data/csd_families/DERKOA/DERKOA02.cif,tests/data/csd_families/DERKOA/DERKOA12.cif,15,0.6450151232093212,1,0.05030547335242324,
DERKOA,random,DERKOA10.cif,DERKOA11.cif,tests/data/csd_families/DERKOA/DERKOA10.cif,tests/data/csd_families/DERKOA/DERKOA11.cif,0,nan,0,nan,
DERKOA,random,DERKOA10.cif,DERKOA12.cif,tests/data/csd_families/DERKOA/DERKOA10.cif,tests/data/csd_families/DERKOA/DERKOA12.cif,0,nan,0,nan,RuntimeError:MotifSearch Timeout
DERKOA,random,DERKOA11.cif,DERKOA12.cif,tests/data/csd_families/DERKOA/DERKOA11.cif,tests/data/csd_families/DERKOA/DERKOA12.cif,4,1.7604440456205652,1,0.09683720388079238,
DIBFAY,random,DIBFAY.cif,DIBFAY01.cif,tests/data/csd_families/DIBFAY/DIBFAY.cif,tests/data/csd_families/DIBFAY/DIBFAY01.cif,15,0.015069741352027034,1,0.012362490209047611,
DIBFAY,random,DIBFAY.cif,DIBFAY02.cif,tests/data/csd_families/DIBFAY/DIBFAY.cif,tests/data/csd_families/DIBFAY/DIBFAY02.cif,15,0.04436382296224815,1,0.01797568095266663,
DIBFAY,random,DIBFAY.cif,DIBFAY03.cif,tests/data/csd_families/DIBFAY/DIBFAY.cif,tests/data/csd_families/DIBFAY/DIBFAY03.cif,15,0.08729100546569468,1,0.032943531961889844,
DIBFAY,random,DIBFAY.cif,DIBFAY04.cif,tests/data/csd_families/DIBFAY/DIBFAY.cif,tests/data/csd_families/DIBFAY/DIBFAY04.cif,15,0.12769150083262817,1,0.048223691616691565,
DIBFAY,random,DIBFAY01.cif,DIBFAY02.cif,tests/data/csd_families/DIBFAY/DIBFAY01.cif,tests/data/csd_families/DIBFAY/DIBFAY02.cif,15,0.051403156644819974,1,0.02021633224646779,
DIBFAY,random,DIBFAY01.cif,DIBFAY03.cif,tests/data/csd_families/DIBFAY/DIBFAY01.cif,tests/data/csd_families/DIBFAY/DIBFAY03.cif,15,0.0935818145339707,1,0.034263570266012476,
DIBFAY,random,DIBFAY01.cif,DIBFAY04.cif,tests/data/csd_families/DIBFAY/DIBFAY01.cif,tests/data/csd_families/DIBFAY/DIBFAY04.cif,15,0.13319136872661758,1,0.04912690587978141,
DIBFAY,random,DIBFAY02.cif,DIBFAY03.cif,tests/data/csd_families/DIBFAY/DIBFAY02.cif,tests/data/csd_families/DIBFAY/DIBFAY03.cif,15,0.06692890853608444,1,0.02767001004848668,
DIBFAY,random,DIBFAY02.cif,DIBFAY04.cif,tests/data/csd_families/DIBFAY/DIBFAY02.cif,tests/data/csd_families/DIBFAY/DIBFAY04.cif,15,0.11202278266107482,1,0.04304141263702892,
DIBFAY,random,DIBFAY03.cif,DIBFAY04.cif,tests/data/csd_families/DIBFAY/DIBFAY03.cif,tests/data/csd_families/DIBFAY/DIBFAY04.cif,15,0.055645513090202874,1,0.03290116076384102,
DLSERN,random,DLSERN.cif,DLSERN02.cif,tests/data/csd_families/DLSERN/DLSERN.cif,tests/data/csd_families/DLSERN/DLSERN02.cif,15,0.018130166463148575,1,0.01294282100045833,
DLSERN,random,DLSERN.cif,DLSERN11.cif,tests/data/csd_families/DLSERN/DLSERN.cif,tests/data/csd_families/DLSERN/DLSERN11.cif,15,0.01612445365104431,1,0.012731446839461187,
DLSERN,random,DLSERN.cif,DLSERN12.cif,tests/data/csd_families/DLSERN/DLSERN.cif,tests/data/csd_families/DLSERN/DLSERN12.cif,15,0.059859410933385857,1,0.01065638968894775,
DLSERN,random,DLSERN.cif,DLSERN13.cif,tests/data/csd_families/DLSERN/DLSERN.cif,tests/data/csd_families/DLSERN/DLSERN13.cif,15,0.016857395865313804,1,0.0126304305380873,
DLSERN,random,DLSERN02.cif,DLSERN11.cif,tests/data/csd_families/DLSERN/DLSERN02.cif,tests/data/csd_families/DLSERN/DLSERN11.cif,15,0.009610905047090992,1,0.0036345400013578625,
DLSERN,random,DLSERN02.cif,DLSERN12.cif,tests/data/csd_families/DLSERN/DLSERN02.cif,tests/data/csd_families/DLSERN/DLSERN12.cif,15,0.05430343672219516,1,0.007393821494676868,
DLSERN,random,DLSERN02.cif,DLSERN13.cif,tests/data/csd_families/DLSERN/DLSERN02.cif,tests/data/csd_families/DLSERN/DLSERN13.cif,15,0.0042158695058023225,1,0.0027691697053891418,
DLSERN,random,DLSERN11.cif,DLSERN12.cif,tests/data/csd_families/DLSERN/DLSERN11.cif,tests/data/csd_families/DLSERN/DLSERN12.cif,15,0.05843197393905605,1,0.007376844652045418,
DLSERN,random,DLSERN11.cif,DLSERN13.cif,tests/data/csd_families/DLSERN/DLSERN11.cif,tests/data/csd_families/DLSERN/DLSERN13.cif,15,0.007069710472089534,1,0.002060457417668089,
DLSERN,random,DLSERN12.cif,DLSERN13.cif,tests/data/csd_families/DLSERN/DLSERN12.cif,tests/data/csd_families/DLSERN/DLSERN13.cif,15,0.054771733611343784,1,0.006613894393297366,
DMANAP,random,DMANAP01.cif,DMANAP02.cif,tests/data/csd_families/DMANAP/DMANAP01.cif,tests/data/csd_families/DMANAP/DMANAP02.cif,15,3.403879337672476e-16,1,0.0,
DMANAP,random,DMANAP01.cif,DMANAP10.cif,tests/data/csd_families/DMANAP/DMANAP01.cif,tests/data/csd_families/DMANAP/DMANAP10.cif,15,0.09740609648061044,1,0.02333719219549806,
DMANAP,random,DMANAP01.cif,DMANAP11.cif,tests/data/csd_families/DMANAP/DMANAP01.cif,tests/data/csd_families/DMANAP/DMANAP11.cif,15,0.043485992651480745,1,0.008400571574771445,
DMANAP,random,DMANAP01.cif,DMANAP12.cif,tests/data/csd_families/DMANAP/DMANAP01.cif,tests/data/csd_families/DMANAP/DMANAP12.cif,15,0.04654307259312345,1,0.009277482909184889,
DMANAP,random,DMANAP02.cif,DMANAP10.cif,tests/data/csd_families/DMANAP/DMANAP02.cif,tests/data/csd_families/DMANAP/DMANAP10.cif,15,0.09740609648061044,1,0.02333719219549806,
DMANAP,random,DMANAP02.cif,DMANAP11.cif,tests/data/csd_families/DMANAP/DMANAP02.cif,tests/data/csd_families/DMANAP/DMANAP11.cif,15,0.043485992651480745,1,0.008400571574771445,
DMANAP,random,DMANAP02.cif,DMANAP12.cif,tests/data/csd_families/DMANAP/DMANAP02.cif,tests/data/csd_families/DMANAP/DMANAP12.cif,15,0.04654307259312345,1,0.009277482909184889,
DMANAP,random,DMANAP10.cif,DMANAP11.cif,tests/data/csd_families/DMANAP/DMANAP10.cif,tests/data/csd_families/DMANAP/DMANAP11.cif,15,0.06459099768076933,1,0.021920799149588926,
DMANAP,random,DMANAP10.cif,DMANAP12.cif,tests/data/csd_families/DMANAP/DMANAP10.cif,tests/data/csd_families/DMANAP/DMANAP12.cif,15,0.06185190633186707,1,0.02241822182405977,
DMANAP,random,DMANAP11.cif,DMANAP12.cif,tests/data/csd_families/DMANAP/DMANAP11.cif,tests/data/csd_families/DMANAP/DMANAP12.cif,15,0.018300652863731906,1,0.006702259182579348,
DMSULO,random,DMSULO.cif,DMSULO02.cif,tests/data/csd_families/DMSULO/DMSULO.cif,tests/data/csd_families/DMSULO/DMSULO02.cif,15,0.09947867811959843,1,0.010986489999406194,
DMSULO,random,DMSULO.cif,DMSULO03.cif,tests/data/csd_families/DMSULO/DMSULO.cif,tests/data/csd_families/DMSULO/DMSULO03.cif,15,0.1316965391782628,1,0.011615142981905182,
DMSULO,random,DMSULO.cif,DMSULO04.cif,tests/data/csd_families/DMSULO/DMSULO.cif,tests/data/csd_families/DMSULO/DMSULO04.cif,15,0.09879289166215083,1,0.009099855360696652,
DMSULO,random,DMSULO.cif,DMSULO05.cif,tests/data/csd_families/DMSULO/DMSULO.cif,tests/data/csd_families/DMSULO/DMSULO05.cif,15,0.10103769998701238,1,0.010360370538997543,
DMSULO,random,DMSULO02.cif,DMSULO03.cif,tests/data/csd_families/DMSULO/DMSULO02.cif,tests/data/csd_families/DMSULO/DMSULO03.cif,15,0.03272800016967732,1,0.004176959730122866,
DMSULO,random,DMSULO02.cif,DMSULO04.cif,tests/data/csd_families/DMSULO/DMSULO02.cif,tests/data/csd_families/DMSULO/DMSULO04.cif,15,0.0033926663535043793,1,0.0026523141852229587,
DMSULO,random,DMSULO02.cif,DMSULO05.cif,tests/data/csd_families/DMSULO/DMSULO02.cif,tests/data/csd_families/DMSULO/DMSULO05.cif,15,0.0029085580518104777,1,0.0017248993939220209,
DMSULO,random,DMSULO03.cif,DMSULO04.cif,tests/data/csd_families/DMSULO/DMSULO03.cif,tests/data/csd_families/DMSULO/DMSULO04.cif,15,0.033569051247941364,1,0.006124704623656409,
DMSULO,random,DMSULO03.cif,DMSULO05.cif,tests/data/csd_families/DMSULO/DMSULO03.cif,tests/data/csd_families/DMSULO/DMSULO05.cif,15,0.031213145007656432,1,0.0033453998422646085,
DMSULO,random,DMSULO04.cif,DMSULO05.cif,tests/data/csd_families/DMSULO/DMSULO04.cif,tests/data/csd_families/DMSULO/DMSULO05.cif,15,0.004343640405460134,1,0.0031325410572617587,
DOHDPH,random,DOHDPH02.cif,DOHDPH10.cif,tests/data/csd_families/DOHDPH/DOHDPH02.cif,tests/data/csd_families/DOHDPH/DOHDPH10.cif,15,0.0680099250978816,1,0.04844208243586964,
DOHDPH,random,DOHDPH02.cif,DOHDPH11.cif,tests/data/csd_families/DOHDPH/DOHDPH02.cif,tests/data/csd_families/DOHDPH/DOHDPH11.cif,15,0.073956779682217,1,0.006940480332835352,
DOHDPH,random,DOHDPH10.cif,DOHDPH11.cif,tests/data/csd_families/DOHDPH/DOHDPH10.cif,tests/data/csd_families/DOHDPH/DOHDPH11.cif,15,0.09619200297005776,1,0.046725252471789845,
DOYCAW,random,DOYCAW.cif,DOYCAW01.cif,tests/data/csd_families/DOYCAW/DOYCAW.cif,tests/data/csd_families/DOYCAW/DOYCAW01.cif,15,0.02341386524368716,1,0.012598050995359478,
DOYCAW,random,DOYCAW.cif,DOYCAW02.cif,tests/data/csd_families/DOYCAW/DOYCAW.cif,tests/data/csd_families/DOYCAW/DOYCAW02.cif,15,0.05073858601161974,1,0.031335375004841494,
DOYCAW,random,DOYCAW01.cif,DOYCAW02.cif,tests/data/csd_families/DOYCAW/DOYCAW01.cif,tests/data/csd_families/DOYCAW/DOYCAW02.cif,15,0.03718124913288372,1,0.026056915870404374,
DOYKUB,random,DOYKUB01.cif,DOYKUB02.cif,tests/data/csd_families/DOYKUB/DOYKUB01.cif,tests/data/csd_families/DOYKUB/DOYKUB02.cif,15,0.004050263590355616,1,0.0006221482078135675,
DOYKUB,random,DOYKUB01.cif,DOYKUB03.cif,tests/data/csd_families/DOYKUB/DOYKUB01.cif,tests/data/csd_families/DOYKUB/DOYKUB03.cif,15,0.004935469324832086,1,0.0003643250198252047,
DOYKUB,random,DOYKUB01.cif,DOYKUB04.cif,tests/data/csd_families/DOYKUB/DOYKUB01.cif,tests/data/csd_families/DOYKUB/DOYKUB04.cif,15,0.008658535315626933,1,9.736565503375712e-05,
DOYKUB,random,DOYKUB01.cif,DOYKUB05.cif,tests/data/csd_families/DOYKUB/DOYKUB01.cif,tests/data/csd_families/DOYKUB/DOYKUB05.cif,15,0.012856654818439598,1,0.00045555793661272443,
DOYKUB,random,DOYKUB02.cif,DOYKUB03.cif,tests/data/csd_families/DOYKUB/DOYKUB02.cif,tests/data/csd_families/DOYKUB/DOYKUB03.cif,15,0.004110877223616935,1,0.00025782318848972943,
DOYKUB,random,DOYKUB02.cif,DOYKUB04.cif,tests/data/csd_families/DOYKUB/DOYKUB02.cif,tests/data/csd_families/DOYKUB/DOYKUB04.cif,15,0.008243617166056531,1,0.0007195138621760881,
DOYKUB,random,DOYKUB02.cif,DOYKUB05.cif,tests/data/csd_families/DOYKUB/DOYKUB02.cif,tests/data/csd_families/DOYKUB/DOYKUB05.cif,15,0.012060645786795169,1,0.0010777061442426958,
DOYKUB,random,DOYKUB03.cif,DOYKUB04.cif,tests/data/csd_families/DOYKUB/DOYKUB03.cif,tests/data/csd_families/DOYKUB/DOYKUB04.cif,15,0.004210007576155098,1,0.0004616906739346692,
DOYKUB,random,DOYKUB03.cif,DOYKUB05.cif,tests/data/csd_families/DOYKUB/DOYKUB03.cif,tests/data/csd_families/DOYKUB/DOYKUB05.cif,15,0.008252329067273688,1,0.0008198829561793889,
DOYKUB,random,DOYKUB04.cif,DOYKUB05.cif,tests/data/csd_families/DOYKUB/DOYKUB04.cif,tests/data/csd_families/DOYKUB/DOYKUB05.cif,15,0.004211553841970714,1,0.00035819228231344965,
DPSIDO,random,DPSIDO.cif,DPSIDO02.cif,tests/data/csd_families/DPSIDO/DPSIDO.cif,tests/data/csd_families/DPSIDO/DPSIDO02.cif,15,0.024554901979926783,1,0.011247868758351818,
DPSIDO,random,DPSIDO.cif,DPSIDO03.cif,tests/data/csd_families/DPSIDO/DPSIDO.cif,tests/data/csd_families/DPSIDO/DPSIDO03.cif,15,0.07062008438146956,1,0.010993469764581138,
DPSIDO,random,DPSIDO02.cif,DPSIDO03.cif,tests/data/csd_families/DPSIDO/DPSIDO02.cif,tests/data/csd_families/DPSIDO/DPSIDO03.cif,15,0.0587229504623471,1,0.014514580787313871,
DUSQUG,random,DUSQUG.cif,DUSQUG01.cif,tests/data/csd_families/DUSQUG/DUSQUG.cif,tests/data/csd_families/DUSQUG/DUSQUG01.cif,15,0.03150672247490633,1,0.010453918828659958,
DUSQUG,random,DUSQUG.cif,DUSQUG02.cif,tests/data/csd_families/DUSQUG/DUSQUG.cif,tests/data/csd_families/DUSQUG/DUSQUG02.cif,15,0.06497502884289127,1,0.0099766705205271,
DUSQUG,random,DUSQUG01.cif,DUSQUG02.cif,tests/data/csd_families/DUSQUG/DUSQUG01.cif,tests/data/csd_families/DUSQUG/DUSQUG02.cif,15,0.037570584554655645,1,0.009926246807997335,
ECUTUR,random,ECUTUR.cif,ECUTUR01.cif,tests/data/csd_families/ECUTUR/ECUTUR.cif,tests/data/csd_families/ECUTUR/ECUTUR01.cif,15,0.07876228115670755,1,0.02840786678594014,
ECUTUR,random,ECUTUR.cif,ECUTUR02.cif,tests/data/csd_families/ECUTUR/ECUTUR.cif,tests/data/csd_families/ECUTUR/ECUTUR02.cif,15,0.4768216182487557,1,0.019381915214254357,
ECUTUR,random,ECUTUR.cif,ECUTUR03.cif,tests/data/csd_families/ECUTUR/ECUTUR.cif,tests/data/csd_families/ECUTUR/ECUTUR03.cif,15,0.04496774287187356,1,0.025725694266291215,
ECUTUR,random,ECUTUR.cif,ECUTUR04.cif,tests/data/csd_families/ECUTUR/ECUTUR.cif,tests/data/csd_families/ECUTUR/ECUTUR04.cif,15,0.09282120034650798,1,0.025074949205640573,
ECUTUR,random,ECUTUR01.cif,ECUTUR02.cif,tests/data/csd_families/ECUTUR/ECUTUR01.cif,tests/data/csd_families/ECUTUR/ECUTUR02.cif,15,0.5129083725679634,1,0.026662043733378896,
ECUTUR,random,ECUTUR01.cif,ECUTUR03.cif,tests/data/csd_families/ECUTUR/ECUTUR01.cif,tests/data/csd_families/ECUTUR/ECUTUR03.cif,15,0.053111116914328176,1,0.02214528928339796,
ECUTUR,random,ECUTUR01.cif,ECUTUR04.cif,tests/data/csd_families/ECUTUR/ECUTUR01.cif,tests/data/csd_families/ECUTUR/ECUTUR04.cif,15,0.03998386508941898,1,0.024426394005782042,
ECUTUR,random,ECUTUR02.cif,ECUTUR03.cif,tests/data/csd_families/ECUTUR/ECUTUR02.cif,tests/data/csd_families/ECUTUR/ECUTUR03.cif,15,0.4729660529445842,1,0.01963052240936416,
ECUTUR,random,ECUTUR02.cif,ECUTUR04.cif,tests/data/csd_families/ECUTUR/ECUTUR02.cif,tests/data/csd_families/ECUTUR/ECUTUR04.cif,15,0.5438230909043658,1,0.021064560797169216,
ECUTUR,random,ECUTUR03.cif,ECUTUR04.cif,tests/data/csd_families/ECUTUR/ECUTUR03.cif,tests/data/csd_families/ECUTUR/ECUTUR04.cif,15,0.07730193462274527,1,0.020236367125101774,
EPDAXC,random,EPDAXC.cif,EPDAXC01.cif,tests/data/csd_families/EPDAXC/EPDAXC.cif,tests/data/csd_families/EPDAXC/EPDAXC01.cif,15,0.15142170298737953,1,0.08346171326741265,
EPDAXC,random,EPDAXC.cif,EPDAXC02.cif,tests/data/csd_families/EPDAXC/EPDAXC.cif,tests/data/csd_families/EPDAXC/EPDAXC02.cif,15,0.03663000975817303,1,0.03327252737140997,
EPDAXC,random,EPDAXC01.cif,EPDAXC02.cif,tests/data/csd_families/EPDAXC/EPDAXC01.cif,tests/data/csd_families/EPDAXC/EPDAXC02.cif,15,0.1500171866127282,1,0.07380167294759774,
ERONEG,random,ERONEG.cif,ERONEG01.cif,tests/data/csd_families/ERONEG/ERONEG.cif,tests/data/csd_families/ERONEG/ERONEG01.cif,15,0.07235739347038245,1,0.013750842036401485,
ERONEG,random,ERONEG.cif,ERONEG02.cif,tests/data/csd_families/ERONEG/ERONEG.cif,tests/data/csd_families/ERONEG/ERONEG02.cif,0,nan,0,nan,RuntimeError:MotifSearch Timeout
ERONEG,random,ERONEG01.cif,ERONEG02.cif,tests/data/csd_families/ERONEG/ERONEG01.cif,tests/data/csd_families/ERONEG/ERONEG02.cif,0,nan,0,nan,RuntimeError:MotifSearch Timeout
ESAXAA,random,ESAXAA.cif,ESAXAA01.cif,tests/data/csd_families/ESAXAA/ESAXAA.cif,tests/data/csd_families/ESAXAA/ESAXAA01.cif,15,0.06671216420188969,1,0.011907213756447722,
ESAXAA,random,ESAXAA.cif,ESAXAA02.cif,tests/data/csd_families/ESAXAA/ESAXAA.cif,tests/data/csd_families/ESAXAA/ESAXAA02.cif,15,0.07587793963954842,1,0.01282126171020309,
ESAXAA,random,ESAXAA.cif,ESAXAA03.cif,tests/data/csd_families/ESAXAA/ESAXAA.cif,tests/data/csd_families/ESAXAA/ESAXAA03.cif,15,0.09854646408781498,1,0.022078187456272866,
ESAXAA,random,ESAXAA.cif,ESAXAA04.cif,tests/data/csd_families/ESAXAA/ESAXAA.cif,tests/data/csd_families/ESAXAA/ESAXAA04.cif,15,0.06476967682916443,1,0.00844652121800805,
ESAXAA,random,ESAXAA01.cif,ESAXAA02.cif,tests/data/csd_families/ESAXAA/ESAXAA01.cif,tests/data/csd_families/ESAXAA/ESAXAA02.cif,13,0.00875162105680101,1,0.0021004854475611193,
ESAXAA,random,ESAXAA01.cif,ESAXAA03.cif,tests/data/csd_families/ESAXAA/ESAXAA01.cif,tests/data/csd_families/ESAXAA/ESAXAA03.cif,15,0.04021114299481389,1,0.012217660486134364,
ESAXAA,random,ESAXAA01.cif,ESAXAA04.cif,tests/data/csd_families/ESAXAA/ESAXAA01.cif,tests/data/csd_families/ESAXAA/ESAXAA04.cif,14,0.012472089643468897,1,0.004470758346160884,
ESAXAA,random,ESAXAA02.cif,ESAXAA03.cif,tests/data/csd_families/ESAXAA/ESAXAA02.cif,tests/data/csd_families/ESAXAA/ESAXAA03.cif,15,0.03413393841197154,1,0.011620388295811263,
ESAXAA,random,ESAXAA02.cif,ESAXAA04.cif,tests/data/csd_families/ESAXAA/ESAXAA02.cif,tests/data/csd_families/ESAXAA/ESAXAA04.cif,13,0.01563720260294666,1,0.005348634355033125,
ESAXAA,random,ESAXAA03.cif,ESAXAA04.cif,tests/data/csd_families/ESAXAA/ESAXAA03.cif,tests/data/csd_families/ESAXAA/ESAXAA04.cif,15,0.04804472556957019,1,0.01508618357606779,
EVESIJ,random,EVESIJ04.cif,EVESIJ05.cif,tests/data/csd_families/EVESIJ/EVESIJ04.cif,tests/data/csd_families/EVESIJ/EVESIJ05.cif,15,0.060353309404093204,1,0.01360879355551736,
EVESIJ,random,EVESIJ04.cif,EVESIJ06.cif,tests/data/csd_families/EVESIJ/EVESIJ04.cif,tests/data/csd_families/EVESIJ/EVESIJ06.cif,10,2.352516745133888,1,0.03995014025394798,
EVESIJ,random,EVESIJ05.cif,EVESIJ06.cif,tests/data/csd_families/EVESIJ/EVESIJ05.cif,tests/data/csd_families/EVESIJ/EVESIJ06.cif,11,1.9154180728735821,1,0.03278977120274707,
EXIPUY,random,EXIPUY.cif,EXIPUY01.cif,tests/data/csd_families/EXIPUY/EXIPUY.cif,tests/data/csd_families/EXIPUY/EXIPUY01.cif,15,0.05402707878609149,1,0.016996861069081666,
EXIPUY,random,EXIPUY.cif,EXIPUY02.cif,tests/data/csd_families/EXIPUY/EXIPUY.cif,tests/data/csd_families/EXIPUY/EXIPUY02.cif,0,nan,0,nan,
EXIPUY,random,EXIPUY01.cif,EXIPUY02.cif,tests/data/csd_families/EXIPUY/EXIPUY01.cif,tests/data/csd_families/EXIPUY/EXIPUY02.cif,0,nan,0,nan,
FAVKIA,random,FAVKIA.cif,FAVKIA01.cif,tests/data/csd_families/FAVKIA/FAVKIA.cif,tests/data/csd_families/FAVKIA/FAVKIA01.cif,3,1.8971530638788354,1,0.7124002077880279,
FAVKIA,random,FAVKIA.cif,FAVKIA02.cif,tests/data/csd_families/FAVKIA/FAVKIA.cif,tests/data/csd_families/FAVKIA/FAVKIA02.cif,0,nan,0,nan,RuntimeError:MotifSearch Timeout
FAVKIA,random,FAVKIA.cif,FAVKIA03.cif,tests/data/csd_families/FAVKIA/FAVKIA.cif,tests/data/csd_families/FAVKIA/FAVKIA03.cif,0,nan,0,nan,RuntimeError:MotifSearch Timeout
FAVKIA,random,FAVKIA.cif,FAVKIA04.cif,tests/data/csd_families/FAVKIA/FAVKIA.cif,tests/data/csd_families/FAVKIA/FAVKIA04.cif,0,nan,0,nan,RuntimeError:MotifSearch Timeout
FAVKIA,random,FAVKIA01.cif,FAVKIA02.cif,tests/data/csd_families/FAVKIA/FAVKIA01.cif,tests/data/csd_families/FAVKIA/FAVKIA02.cif,0,nan,0,nan,RuntimeError:MotifSearch Timeout
FAVKIA,random,FAVKIA01.cif,FAVKIA03.cif,tests/data/csd_families/FAVKIA/FAVKIA01.cif,tests/data/csd_families/FAVKIA/FAVKIA03.cif,0,nan,0,nan,RuntimeError:MotifSearch Timeout
FAVKIA,random,FAVKIA01.cif,FAVKIA04.cif,tests/data/csd_families/FAVKIA/FAVKIA01.cif,tests/data/csd_families/FAVKIA/FAVKIA04.cif,0,nan,0,nan,RuntimeError:MotifSearch Timeout
FAVKIA,random,FAVKIA02.cif,FAVKIA03.cif,tests/data/csd_families/FAVKIA/FAVKIA02.cif,tests/data/csd_families/FAVKIA/FAVKIA03.cif,0,nan,0,nan,RuntimeError:MotifSearch Timeout
FAVKIA,random,FAVKIA02.cif,FAVKIA04.cif,tests/data/csd_families/FAVKIA/FAVKIA02.cif,tests/data/csd_families/FAVKIA/FAVKIA04.cif,0,nan,0,nan,RuntimeError:MotifSearch Timeout
FAVKIA,random,FAVKIA03.cif,FAVKIA04.cif,tests/data/csd_families/FAVKIA/FAVKIA03.cif,tests/data/csd_families/FAVKIA/FAVKIA04.cif,15,0.019175848241234247,1,0.018516745221972032,
FEBHUP,random,FEBHUP.cif,FEBHUP02.cif,tests/data/csd_families/FEBHUP/FEBHUP.cif,tests/data/csd_families/FEBHUP/FEBHUP02.cif,15,0.12489498061189433,1,0.03469373079571902,
FEBHUP,random,FEBHUP.cif,FEBHUP04.cif,tests/data/csd_families/FEBHUP/FEBHUP.cif,tests/data/csd_families/FEBHUP/FEBHUP04.cif,15,0.151009829754591,1,0.03917855843614259,
FEBHUP,random,FEBHUP02.cif,FEBHUP04.cif,tests/data/csd_families/FEBHUP/FEBHUP02.cif,tests/data/csd_families/FEBHUP/FEBHUP04.cif,15,0.033483372616749066,1,0.009024256954056988,
FEFBEX,random,FEFBEX.cif,FEFBEX01.cif,tests/data/csd_families/FEFBEX/FEFBEX.cif,tests/data/csd_families/FEFBEX/FEFBEX01.cif,13,0.3336250752329427,1,0.022135557789190116,
FEFBEX,random,FEFBEX.cif,FEFBEX02.cif,tests/data/csd_families/FEFBEX/FEFBEX.cif,tests/data/csd_families/FEFBEX/FEFBEX02.cif,13,0.48403547625021054,1,0.02469122682635517,
FEFBEX,random,FEFBEX01.cif,FEFBEX02.cif,tests/data/csd_families/FEFBEX/FEFBEX01.cif,tests/data/csd_families/FEFBEX/FEFBEX02.cif,13,0.9694510618215004,1,0.01066967362477463,
FEGJUW,random,FEGJUW.cif,FEGJUW01.cif,tests/data/csd_families/FEGJUW/FEGJUW.cif,tests/data/csd_families/FEGJUW/FEGJUW01.cif,15,0.13470018292286218,1,0.027780995732647525,
FEGJUW,random,FEGJUW.cif,FEGJUW03.cif,tests/data/csd_families/FEGJUW/FEGJUW.cif,tests/data/csd_families/FEGJUW/FEGJUW03.cif,15,0.05676402901147845,1,0.026395484734356878,
FEGJUW,random,FEGJUW01.cif,FEGJUW03.cif,tests/data/csd_families/FEGJUW/FEGJUW01.cif,tests/data/csd_families/FEGJUW/FEGJUW03.cif,15,0.09691087577709387,1,0.016193500124763303,
FELWIF,random,FELWIF.cif,FELWIF01.cif,tests/data/csd_families/FELWIF/FELWIF.cif,tests/data/csd_families/FELWIF/FELWIF01.cif,11,1.1452381182494868,1,0.0052371903418852615,
FELWIF,random,FELWIF.cif,FELWIF02.cif,tests/data/csd_families/FELWIF/FELWIF.cif,tests/data/csd_families/FELWIF/FELWIF02.cif,11,1.2420083744518373,1,0.056088989989743446,
FELWIF,random,FELWIF01.cif,FELWIF02.cif,tests/data/csd_families/FELWIF/FELWIF01.cif,tests/data/csd_families/FELWIF/FELWIF02.cif,11,1.044715598995549,1,0.05511412569741913,
FEROCE,random,FEROCE01.cif,FEROCE04.cif,tests/data/csd_families/FEROCE/FEROCE01.cif,tests/data/csd_families/FEROCE/FEROCE04.cif,0,nan,0,nan,RuntimeError:MotifSearch Timeout
FEROCE,random,FEROCE01.cif,FEROCE05.cif,tests/data/csd_families/FEROCE/FEROCE01.cif,tests/data/csd_families/FEROCE/FEROCE05.cif,0,nan,0,nan,RuntimeError:MotifSearch Timeout
FEROCE,random,FEROCE01.cif,FEROCE06.cif,tests/data/csd_families/FEROCE/FEROCE01.cif,tests/data/csd_families/FEROCE/FEROCE06.cif,0,nan,0,nan,RuntimeError:MotifSearch Timeout
FEROCE,random,FEROCE01.cif,FEROCE07.cif,tests/data/csd_families/FEROCE/FEROCE01.cif,tests/data/csd_families/FEROCE/FEROCE07.cif,0,nan,0,nan,RuntimeError:MotifSearch Timeout
FEROCE,random,FEROCE04.cif,FEROCE05.cif,tests/data/csd_families/FEROCE/FEROCE04.cif,tests/data/csd_families/FEROCE/FEROCE05.cif,15,0.037278924143243915,1,0.029953632748721207,
FEROCE,random,FEROCE04.cif,FEROCE06.cif,tests/data/csd_families/FEROCE/FEROCE04.cif,tests/data/csd_families/FEROCE/FEROCE06.cif,0,nan,0,nan,RuntimeError:MotifSearch Timeout
FEROCE,random,FEROCE04.cif,FEROCE07.cif,tests/data/csd_families/FEROCE/FEROCE04.cif,tests/data/csd_families/FEROCE/FEROCE07.cif,0,nan,0,nan,RuntimeError:MotifSearch Timeout
FEROCE,random,FEROCE05.cif,FEROCE06.cif,tests/data/csd_families/FEROCE/FEROCE05.cif,tests/data/csd_families/FEROCE/FEROCE06.cif,15,0.4062936484943304,1,0.0627607725313282,
FEROCE,random,FEROCE05.cif,FEROCE07.cif,tests/data/csd_families/FEROCE/FEROCE05.cif,tests/data/csd_families/FEROCE/FEROCE07.cif,15,0.3992599261535289,1,0.04861741907220963,
FEROCE,random,FEROCE06.cif,FEROCE07.cif,tests/data/csd_families/FEROCE/FEROCE06.cif,tests/data/csd_families/FEROCE/FEROCE07.cif,15,0.07125808689305967,1,0.026814527730504606,
FESNEW,random,FESNEW.cif,FESNEW01.cif,tests/data/csd_families/FESNEW/FESNEW.cif,tests/data/csd_families/FESNEW/FESNEW01.cif,15,0.10746253401285265,1,0.02727334443731037,
FESNEW,random,FESNEW.cif,FESNEW02.cif,tests/data/csd_families/FESNEW/FESNEW.cif,tests/data/csd_families/FESNEW/FESNEW02.cif,0,nan,0,nan,RuntimeError:MotifSearch Timeout
FESNEW,random,FESNEW.cif,FESNEW03.cif,tests/data/csd_families/FESNEW/FESNEW.cif,tests/data/csd_families/FESNEW/FESNEW03.cif,15,0.14208613985080268,1,0.03019762913427365,
FESNEW,random,FESNEW.cif,FESNEW04.cif,tests/data/csd_families/FESNEW/FESNEW.cif,tests/data/csd_families/FESNEW/FESNEW04.cif,15,0.13804089292940744,1,0.028748471820821325,
FESNEW,random,FESNEW01.cif,FESNEW02.cif,tests/data/csd_families/FESNEW/FESNEW01.cif,tests/data/csd_families/FESNEW/FESNEW02.cif,0,nan,0,nan,RuntimeError:MotifSearch Timeout
FESNEW,random,FESNEW01.cif,FESNEW03.cif,tests/data/csd_families/FESNEW/FESNEW01.cif,tests/data/csd_families/FESNEW/FESNEW03.cif,15,0.16350495832702824,1,0.03546342954837726,
FESNEW,random,FESNEW01.cif,FESNEW04.cif,tests/data/csd_families/FESNEW/FESNEW01.cif,tests/data/csd_families/FESNEW/FESNEW04.cif,15,0.15719871275392958,1,0.033183759125186216,
FESNEW,random,FESNEW02.cif,FESNEW03.cif,tests/data/csd_families/FESNEW/FESNEW02.cif,tests/data/csd_families/FESNEW/FESNEW03.cif,0,nan,0,nan,
FESNEW,random,FESNEW02.cif,FESNEW04.cif,tests/data/csd_families/FESNEW/FESNEW02.cif,tests/data/csd_families/FESNEW/FESNEW04.cif,0,nan,0,nan,
FESNEW,random,FESNEW03.cif,FESNEW04.cif,tests/data/csd_families/FESNEW/FESNEW03.cif,tests/data/csd_families/FESNEW/FESNEW04.cif,15,0.02825400523402087,1,0.03784237233784987,
FINSOK,random,FINSOK01.cif,FINSOK10.cif,tests/data/csd_families/FINSOK/FINSOK01.cif,tests/data/csd_families/FINSOK/FINSOK10.cif,0,nan,0,nan,RuntimeError:MotifSearch Timeout
FINSOK,random,FINSOK01.cif,FINSOK11.cif,tests/data/csd_families/FINSOK/FINSOK01.cif,tests/data/csd_families/FINSOK/FINSOK11.cif,5,7.911076458286476,1,3.173269001376367,
FINSOK,random,FINSOK01.cif,FINSOK12.cif,tests/data/csd_families/FINSOK/FINSOK01.cif,tests/data/csd_families/FINSOK/FINSOK12.cif,6,5.435570898422495,1,3.1679437758373377,
FINSOK,random,FINSOK10.cif,FINSOK11.cif,tests/data/csd_families/FINSOK/FINSOK10.cif,tests/data/csd_families/FINSOK/FINSOK11.cif,0,nan,0,nan,
FINSOK,random,FINSOK10.cif,FINSOK12.cif,tests/data/csd_families/FINSOK/FINSOK10.cif,tests/data/csd_families/FINSOK/FINSOK12.cif,0,nan,0,nan,RuntimeError:MotifSearch Timeout
FINSOK,random,FINSOK11.cif,FINSOK12.cif,tests/data/csd_families/FINSOK/FINSOK11.cif,tests/data/csd_families/FINSOK/FINSOK12.cif,0,nan,0,nan,
FITPIH,random,FITPIH.cif,FITPIH01.cif,tests/data/csd_families/FITPIH/FITPIH.cif,tests/data/csd_families/FITPIH/FITPIH01.cif,15,0.028253027625112708,1,0.01630522669789854,
FITPIH,random,FITPIH.cif,FITPIH02.cif,tests/data/csd_families/FITPIH/FITPIH.cif,tests/data/csd_families/FITPIH/FITPIH02.cif,15,0.013262401183988212,1,0.01166331050815209,
FITPIH,random,FITPIH.cif,FITPIH03.cif,tests/data/csd_families/FITPIH/FITPIH.cif,tests/data/csd_families/FITPIH/FITPIH03.cif,15,0.061509116729895466,1,0.008806982968224544,
FITPIH,random,FITPIH01.cif,FITPIH02.cif,tests/data/csd_families/FITPIH/FITPIH01.cif,tests/data/csd_families/FITPIH/FITPIH02.cif,15,0.03098737171951181,1,0.01668939369873299,
FITPIH,random,FITPIH01.cif,FITPIH03.cif,tests/data/csd_families/FITPIH/FITPIH01.cif,tests/data/csd_families/FITPIH/FITPIH03.cif,15,0.07705097868581694,1,0.014778998522677786,
FITPIH,random,FITPIH02.cif,FITPIH03.cif,tests/data/csd_families/FITPIH/FITPIH02.cif,tests/data/csd_families/FITPIH/FITPIH03.cif,15,0.06465664848179192,1,0.011127046448904648,
FIWFOH,random,FIWFOH.cif,FIWFOH01.cif,tests/data/csd_families/FIWFOH/FIWFOH.cif,tests/data/csd_families/FIWFOH/FIWFOH01.cif,15,0.14129638347454376,1,0.014493930289999,
FIWFOH,random,FIWFOH.cif,FIWFOH02.cif,tests/data/csd_families/FIWFOH/FIWFOH.cif,tests/data/csd_families/FIWFOH/FIWFOH02.cif,15,0.018904110914366508,1,0.0019454339996665755,
FIWFOH,random,FIWFOH.cif,FIWFOH03.cif,tests/data/csd_families/FIWFOH/FIWFOH.cif,tests/data/csd_families/FIWFOH/FIWFOH03.cif,15,0.1381807519961901,1,0.01568404059031741,
FIWFOH,random,FIWFOH.cif,FIWFOH04.cif,tests/data/csd_families/FIWFOH/FIWFOH.cif,tests/data/csd_families/FIWFOH/FIWFOH04.cif,15,0.14307770785145726,1,0.0132670724999676,
FIWFOH,random,FIWFOH01.cif,FIWFOH02.cif,tests/data/csd_families/FIWFOH/FIWFOH01.cif,tests/data/csd_families/FIWFOH/FIWFOH02.cif,15,0.15895939920204677,1,0.014722953970817841,
FIWFOH,random,FIWFOH01.cif,FIWFOH03.cif,tests/data/csd_families/FIWFOH/FIWFOH01.cif,tests/data/csd_families/FIWFOH/FIWFOH03.cif,15,0.010654189766849878,1,0.003696438988446769,
FIWFOH,random,FIWFOH01.cif,FIWFOH04.cif,tests/data/csd_families/FIWFOH/FIWFOH01.cif,tests/data/csd_families/FIWFOH/FIWFOH04.cif,15,0.006002656621519435,1,0.0034136508430761083,
FIWFOH,random,FIWFOH02.cif,FIWFOH03.cif,tests/data/csd_families/FIWFOH/FIWFOH02.cif,tests/data/csd_families/FIWFOH/FIWFOH03.cif,15,0.15561292818225295,1,0.01573538597174189,
FIWFOH,random,FIWFOH02.cif,FIWFOH04.cif,tests/data/csd_families/FIWFOH/FIWFOH02.cif,tests/data/csd_families/FIWFOH/FIWFOH04.cif,15,0.1609354265112079,1,0.013631553529194011,
FIWFOH,random,FIWFOH03.cif,FIWFOH04.cif,tests/data/csd_families/FIWFOH/FIWFOH03.cif,tests/data/csd_families/FIWFOH/FIWFOH04.cif,15,0.013590315505039387,1,0.004282164777519221,
FIXGAU,random,FIXGAU.cif,FIXGAU01.cif,tests/data/csd_families/FIXGAU/FIXGAU.cif,tests/data/csd_families/FIXGAU/FIXGAU01.cif,15,0.13377589649941285,1,0.041752141131567576,
FIXGAU,random,FIXGAU.cif,FIXGAU02.cif,tests/data/csd_families/FIXGAU/FIXGAU.cif,tests/data/csd_families/FIXGAU/FIXGAU02.cif,15,0.010804014594834667,1,0.007229001232181271,
FIXGAU,random,FIXGAU.cif,FIXGAU03.cif,tests/data/csd_families/FIXGAU/FIXGAU.cif,tests/data/csd_families/FIXGAU/FIXGAU03.cif,15,0.10861324883655263,1,0.035345306015391015,
FIXGAU,random,FIXGAU.cif,FIXGAU04.cif,tests/data/csd_families/FIXGAU/FIXGAU.cif,tests/data/csd_families/FIXGAU/FIXGAU04.cif,15,0.011393651029016624,1,0.0077514389880908915,
FIXGAU,random,FIXGAU01.cif,FIXGAU02.cif,tests/data/csd_families/FIXGAU/FIXGAU01.cif,tests/data/csd_families/FIXGAU/FIXGAU02.cif,15,0.1292803687901478,1,0.04018063410428609,
FIXGAU,random,FIXGAU01.cif,FIXGAU03.cif,tests/data/csd_families/FIXGAU/FIXGAU01.cif,tests/data/csd_families/FIXGAU/FIXGAU03.cif,15,0.0279624786140436,1,0.012539051203489351,
FIXGAU,random,FIXGAU01.cif,FIXGAU04.cif,tests/data/csd_families/FIXGAU/FIXGAU01.cif,tests/data/csd_families/FIXGAU/FIXGAU04.cif,15,0.12765283508044567,1,0.03978379972591739,
FIXGAU,random,FIXGAU02.cif,FIXGAU03.cif,tests/data/csd_families/FIXGAU/FIXGAU02.cif,tests/data/csd_families/FIXGAU/FIXGAU03.cif,15,0.10405450229795954,1,0.03410974486273423,
FIXGAU,random,FIXGAU02.cif,FIXGAU04.cif,tests/data/csd_families/FIXGAU/FIXGAU02.cif,tests/data/csd_families/FIXGAU/FIXGAU04.cif,15,0.008162332713041846,1,0.006278543568238826,
FIXGAU,random,FIXGAU03.cif,FIXGAU04.cif,tests/data/csd_families/FIXGAU/FIXGAU03.cif,tests/data/csd_families/FIXGAU/FIXGAU04.cif,15,0.10237669158772585,1,0.033338564914421054,
FIXMIJ,random,FIXMIJ.cif,FIXMIJ01.cif,tests/data/csd_families/FIXMIJ/FIXMIJ.cif,tests/data/csd_families/FIXMIJ/FIXMIJ01.cif,0,nan,0,nan,RuntimeError:MotifSearch Timeout
FIXMIJ,random,FIXMIJ.cif,FIXMIJ02.cif,tests/data/csd_families/FIXMIJ/FIXMIJ.cif,tests/data/csd_families/FIXMIJ/FIXMIJ02.cif,0,nan,0,nan,RuntimeError:MotifSearch Timeout
FIXMIJ,random,FIXMIJ01.cif,FIXMIJ02.cif,tests/data/csd_families/FIXMIJ/FIXMIJ01.cif,tests/data/csd_families/FIXMIJ/FIXMIJ02.cif,0,nan,0,nan,RuntimeError:MotifSearch Timeout
FLOXSB,random,FLOXSB.cif,FLOXSB01.cif,tests/data/csd_families/FLOXSB/FLOXSB.cif,tests/data/csd_families/FLOXSB/FLOXSB01.cif,15,0.062395334587320404,1,0.006708978956793687,
FLOXSB,random,FLOXSB.cif,FLOXSB02.cif,tests/data/csd_families/FLOXSB/FLOXSB.cif,tests/data/csd_families/FLOXSB/FLOXSB02.cif,15,0.012982627506080724,1,0.009086020118808902,
FLOXSB,random,FLOXSB01.cif,FLOXSB02.cif,tests/data/csd_families/FLOXSB/FLOXSB01.cif,tests/data/csd_families/FLOXSB/FLOXSB02.cif,15,0.06560524181338494,1,0.008972449043124529,
FOHCOU,random,FOHCOU.cif,FOHCOU01.cif,tests/data/csd_families/FOHCOU/FOHCOU.cif,tests/data/csd_families/FOHCOU/FOHCOU01.cif,15,0.13278149600930947,1,0.01482392133951157,
FOHCOU,random,FOHCOU.cif,FOHCOU02.cif,tests/data/csd_families/FOHCOU/FOHCOU.cif,tests/data/csd_families/FOHCOU/FOHCOU02.cif,15,0.13295179491042278,1,0.015551686310855028,
FOHCOU,random,FOHCOU.cif,FOHCOU05.cif,tests/data/csd_families/FOHCOU/FOHCOU.cif,tests/data/csd_families/FOHCOU/FOHCOU05.cif,15,0.0798146590257949,1,0.0142376581131354,
FOHCOU,random,FOHCOU.cif,FOHCOU06.cif,tests/data/csd_families/FOHCOU/FOHCOU.cif,tests/data/csd_families/FOHCOU/FOHCOU06.cif,15,0.14822226336372304,1,0.016060181505372008,
FOHCOU,random,FOHCOU01.cif,FOHCOU02.cif,tests/data/csd_families/FOHCOU/FOHCOU01.cif,tests/data/csd_families/FOHCOU/FOHCOU02.cif,15,0.003534212848811677,1,0.0034457203145969017,
FOHCOU,random,FOHCOU01.cif,FOHCOU05.cif,tests/data/csd_families/FOHCOU/FOHCOU01.cif,tests/data/csd_families/FOHCOU/FOHCOU05.cif,15,0.05377194845204647,1,0.004312616972285503,
FOHCOU,random,FOHCOU01.cif,FOHCOU06.cif,tests/data/csd_families/FOHCOU/FOHCOU01.cif,tests/data/csd_families/FOHCOU/FOHCOU06.cif,15,0.01601991456603802,1,0.00417471913582283,
FOHCOU,random,FOHCOU02.cif,FOHCOU05.cif,tests/data/csd_families/FOHCOU/FOHCOU02.cif,tests/data/csd_families/FOHCOU/FOHCOU05.cif,15,0.0539206631422579,1,0.005384338985814568,
FOHCOU,random,FOHCOU02.cif,FOHCOU06.cif,tests/data/csd_families/FOHCOU/FOHCOU02.cif,tests/data/csd_families/FOHCOU/FOHCOU06.cif,15,0.01567664946971488,1,0.002734877157467128,
FOHCOU,random,FOHCOU05.cif,FOHCOU06.cif,tests/data/csd_families/FOHCOU/FOHCOU05.cif,tests/data/csd_families/FOHCOU/FOHCOU06.cif,15,0.06935160313731731,1,0.006844699302194034,
FUFGIW,random,FUFGIW.cif,FUFGIW01.cif,tests/data/csd_families/FUFGIW/FUFGIW.cif,tests/data/csd_families/FUFGIW/FUFGIW01.cif,15,0.059051901162226327,1,0.025888276631644738,
FUFGIW,random,FUFGIW.cif,FUFGIW02.cif,tests/data/csd_families/FUFGIW/FUFGIW.cif,tests/data/csd_families/FUFGIW/FUFGIW02.cif,15,0.063161319214583,1,0.028906029351461353,
FUFGIW,random,FUFGIW01.cif,FUFGIW02.cif,tests/data/csd_families/FUFGIW/FUFGIW01.cif,tests/data/csd_families/FUFGIW/FUFGIW02.cif,15,0.05439392129753869,1,0.020876566539680848,
FUJXEO,random,FUJXEO.cif,FUJXEO01.cif,tests/data/csd_families/FUJXEO/FUJXEO.cif,tests/data/csd_families/FUJXEO/FUJXEO01.cif,15,0.04335047556280521,1,0.007215621893896776,
FUJXEO,random,FUJXEO.cif,FUJXEO02.cif,tests/data/csd_families/FUJXEO/FUJXEO.cif,tests/data/csd_families/FUJXEO/FUJXEO02.cif,15,0.010676348661661665,1,0.0070344336429358605,
FUJXEO,random,FUJXEO01.cif,FUJXEO02.cif,tests/data/csd_families/FUJXEO/FUJXEO01.cif,tests/data/csd_families/FUJXEO/FUJXEO02.cif,15,1.5405762606246514,1,0.005725114020605837,
FULPIM,random,FULPIM.cif,FULPIM01.cif,tests/data/csd_families/FULPIM/FULPIM.cif,tests/data/csd_families/FULPIM/FULPIM01.cif,15,0.03947192992542287,1,0.008548313375062592,
FULPIM,random,FULPIM.cif,FULPIM02.cif,tests/data/csd_families/FULPIM/FULPIM.cif,tests/data/csd_families/FULPIM/FULPIM02.cif,15,0.012045361979109482,1,0.0076676679784836305,
FULPIM,random,FULPIM.cif,FULPIM03.cif,tests/data/csd_families/FULPIM/FULPIM.cif,tests/data/csd_families/FULPIM/FULPIM03.cif,15,0.013865919045790242,1,0.0031675549354529655,
FULPIM,random,FULPIM01.cif,FULPIM02.cif,tests/data/csd_families/FULPIM/FULPIM01.cif,tests/data/csd_families/FULPIM/FULPIM02.cif,15,0.03159333201863585,1,0.00532263600653306,
FULPIM,random,FULPIM01.cif,FULPIM03.cif,tests/data/csd_families/FULPIM/FULPIM01.cif,tests/data/csd_families/FULPIM/FULPIM03.cif,15,0.0279563274391007,1,0.007936092838477658,
FULPIM,random,FULPIM02.cif,FULPIM03.cif,tests/data/csd_families/FULPIM/FULPIM02.cif,tests/data/csd_families/FULPIM/FULPIM03.cif,15,0.009459288063680201,1,0.006447101894734879,
FUTSES,random,FUTSES.cif,FUTSES01.cif,tests/data/csd_families/FUTSES/FUTSES.cif,tests/data/csd_families/FUTSES/FUTSES01.cif,15,0.029172687107160675,1,0.027414598729951955,
FUTSES,random,FUTSES.cif,FUTSES02.cif,tests/data/csd_families/FUTSES/FUTSES.cif,tests/data/csd_families/FUTSES/FUTSES02.cif,15,0.07572099161546246,1,0.0331422295722823,
FUTSES,random,FUTSES01.cif,FUTSES02.cif,tests/data/csd_families/FUTSES/FUTSES01.cif,tests/data/csd_families/FUTSES/FUTSES02.cif,15,0.07945988855602786,1,0.02886595780597059,
GEGGEF,random,GEGGEF.cif,GEGGEF01.cif,tests/data/csd_families/GEGGEF/GEGGEF.cif,tests/data/csd_families/GEGGEF/GEGGEF01.cif,6,3.026773919513698,1,0.20834733387128004,
GEGGEF,random,GEGGEF.cif,GEGGEF02.cif,tests/data/csd_families/GEGGEF/GEGGEF.cif,tests/data/csd_families/GEGGEF/GEGGEF02.cif,15,0.014682415471922967,1,0.005721773990126695,
GEGGEF,random,GEGGEF01.cif,GEGGEF02.cif,tests/data/csd_families/GEGGEF/GEGGEF01.cif,tests/data/csd_families/GEGGEF/GEGGEF02.cif,6,2.9819755206020306,1,0.20909552574783347,
GIMBOT,random,GIMBOT.cif,GIMBOT02.cif,tests/data/csd_families/GIMBOT/GIMBOT.cif,tests/data/csd_families/GIMBOT/GIMBOT02.cif,15,0.11161421475006487,1,0.02905181784242833,
GIMBOT,random,GIMBOT.cif,GIMBOT03.cif,tests/data/csd_families/GIMBOT/GIMBOT.cif,tests/data/csd_families/GIMBOT/GIMBOT03.cif,15,0.8763761404076701,1,0.1377227435670347,
GIMBOT,random,GIMBOT.cif,GIMBOT04.cif,tests/data/csd_families/GIMBOT/GIMBOT.cif,tests/data/csd_families/GIMBOT/GIMBOT04.cif,15,0.8078887891328419,1,0.15373877733685368,
GIMBOT,random,GIMBOT.cif,GIMBOT05.cif,tests/data/csd_families/GIMBOT/GIMBOT.cif,tests/data/csd_families/GIMBOT/GIMBOT05.cif,15,0.5598914368584098,1,0.1418043271726887,
GIMBOT,random,GIMBOT02.cif,GIMBOT03.cif,tests/data/csd_families/GIMBOT/GIMBOT02.cif,tests/data/csd_families/GIMBOT/GIMBOT03.cif,15,0.7934028598347197,1,0.12432081771408207,
GIMBOT,random,GIMBOT02.cif,GIMBOT04.cif,tests/data/csd_families/GIMBOT/GIMBOT02.cif,tests/data/csd_families/GIMBOT/GIMBOT04.cif,15,0.7226024663839629,1,0.13720717346507214,
GIMBOT,random,GIMBOT02.cif,GIMBOT05.cif,tests/data/csd_families/GIMBOT/GIMBOT02.cif,tests/data/csd_families/GIMBOT/GIMBOT05.cif,15,0.47748603798450767,1,0.12494091477018433,
GIMBOT,random,GIMBOT03.cif,GIMBOT04.cif,tests/data/csd_families/GIMBOT/GIMBOT03.cif,tests/data/csd_families/GIMBOT/GIMBOT04.cif,15,0.12203061861369742,1,0.0652992532036414,
GIMBOT,random,GIMBOT03.cif,GIMBOT05.cif,tests/data/csd_families/GIMBOT/GIMBOT03.cif,tests/data/csd_families/GIMBOT/GIMBOT05.cif,15,0.3797851297715443,1,0.1512648818941294,
GIMBOT,random,GIMBOT04.cif,GIMBOT05.cif,tests/data/csd_families/GIMBOT/GIMBOT04.cif,tests/data/csd_families/GIMBOT/GIMBOT05.cif,15,0.30421361011447207,1,0.1505547953214849,
GLUAMC,random,GLUAMC.cif,GLUAMC11.cif,tests/data/csd_families/GLUAMC/GLUAMC.cif,tests/data/csd_families/GLUAMC/GLUAMC11.cif,15,0.0348782357273792,1,0.028493926489918078,
GLUAMC,random,GLUAMC.cif,GLUAMC12.cif,tests/data/csd_families/GLUAMC/GLUAMC.cif,tests/data/csd_families/GLUAMC/GLUAMC12.cif,15,0.05041597389692544,1,0.028978966776751693,
GLUAMC,random,GLUAMC11.cif,GLUAMC12.cif,tests/data/csd_families/GLUAMC/GLUAMC11.cif,tests/data/csd_families/GLUAMC/GLUAMC12.cif,15,0.05054696812416766,1,0.03113317011952616,
GLYCIN,random,GLYCIN.cif,GLYCIN01.cif,tests/data/csd_families/GLYCIN/GLYCIN.cif,tests/data/csd_families/GLYCIN/GLYCIN01.cif,7,1.5948141174972517,1,0.07260981656865688,
GLYCIN,random,GLYCIN.cif,GLYCIN02.cif,tests/data/csd_families/GLYCIN/GLYCIN.cif,tests/data/csd_families/GLYCIN/GLYCIN02.cif,11,0.46174789707426184,1,0.04117379736753293,
GLYCIN,random,GLYCIN.cif,GLYCIN03.cif,tests/data/csd_families/GLYCIN/GLYCIN.cif,tests/data/csd_families/GLYCIN/GLYCIN03.cif,11,0.46345852438916235,1,0.04184819551391899,
GLYCIN,random,GLYCIN.cif,GLYCIN04.cif,tests/data/csd_families/GLYCIN/GLYCIN.cif,tests/data/csd_families/GLYCIN/GLYCIN04.cif,11,0.4637403136148964,1,0.04161804913969432,
GLYCIN,random,GLYCIN01.cif,GLYCIN02.cif,tests/data/csd_families/GLYCIN/GLYCIN01.cif,tests/data/csd_families/GLYCIN/GLYCIN02.cif,7,0.8431181468035177,1,0.03556155324824683,
GLYCIN,random,GLYCIN01.cif,GLYCIN03.cif,tests/data/csd_families/GLYCIN/GLYCIN01.cif,tests/data/csd_families/GLYCIN/GLYCIN03.cif,7,0.8431464474725233,1,0.03454972710965081,
GLYCIN,random,GLYCIN01.cif,GLYCIN04.cif,tests/data/csd_families/GLYCIN/GLYCIN01.cif,tests/data/csd_families/GLYCIN/GLYCIN04.cif,7,0.8437614391721502,1,0.03488903059545567,
GLYCIN,random,GLYCIN02.cif,GLYCIN03.cif,tests/data/csd_families/GLYCIN/GLYCIN02.cif,tests/data/csd_families/GLYCIN/GLYCIN03.cif,15,0.0056961484038291444,1,0.0028255289691580133,
GLYCIN,random,GLYCIN02.cif,GLYCIN04.cif,tests/data/csd_families/GLYCIN/GLYCIN02.cif,tests/data/csd_families/GLYCIN/GLYCIN04.cif,15,0.005985410225867588,1,0.002094835084685639,
GLYCIN,random,GLYCIN03.cif,GLYCIN04.cif,tests/data/csd_families/GLYCIN/GLYCIN03.cif,tests/data/csd_families/GLYCIN/GLYCIN04.cif,15,0.0025898226828424695,1,0.0022513790062288794,
GUSHAD,random,GUSHAD01.cif,GUSHAD02.cif,tests/data/csd_families/GUSHAD/GUSHAD01.cif,tests/data/csd_families/GUSHAD/GUSHAD02.cif,15,0.05604583193989764,1,0.04309899833369022,
GUSHAD,random,GUSHAD01.cif,GUSHAD03.cif,tests/data/csd_families/GUSHAD/GUSHAD01.cif,tests/data/csd_families/GUSHAD/GUSHAD03.cif,15,0.07279774664139528,1,0.03999975310805401,
GUSHAD,random,GUSHAD01.cif,GUSHAD04.cif,tests/data/csd_families/GUSHAD/GUSHAD01.cif,tests/data/csd_families/GUSHAD/GUSHAD04.cif,15,0.15771886337472876,1,0.04592322124000343,
GUSHAD,random,GUSHAD01.cif,GUSHAD05.cif,tests/data/csd_families/GUSHAD/GUSHAD01.cif,tests/data/csd_families/GUSHAD/GUSHAD05.cif,15,0.2221180254924932,1,0.05577581003645953,
GUSHAD,random,GUSHAD02.cif,GUSHAD03.cif,tests/data/csd_families/GUSHAD/GUSHAD02.cif,tests/data/csd_families/GUSHAD/GUSHAD03.cif,15,0.0739558020455181,1,0.050924559713657426,
GUSHAD,random,GUSHAD02.cif,GUSHAD04.cif,tests/data/csd_families/GUSHAD/GUSHAD02.cif,tests/data/csd_families/GUSHAD/GUSHAD04.cif,15,0.15009047095009137,1,0.05755443290000597,
GUSHAD,random,GUSHAD02.cif,GUSHAD05.cif,tests/data/csd_families/GUSHAD/GUSHAD02.cif,tests/data/csd_families/GUSHAD/GUSHAD05.cif,15,0.21334017718473067,1,0.06023219786303861,
GUSHAD,random,GUSHAD03.cif,GUSHAD04.cif,tests/data/csd_families/GUSHAD/GUSHAD03.cif,tests/data/csd_families/GUSHAD/GUSHAD04.cif,15,0.11662639500634378,1,0.053104220406623076,
GUSHAD,random,GUSHAD03.cif,GUSHAD05.cif,tests/data/csd_families/GUSHAD/GUSHAD03.cif,tests/data/csd_families/GUSHAD/GUSHAD05.cif,15,0.1677081325430245,1,0.04756210017933648,
GUSHAD,random,GUSHAD04.cif,GUSHAD05.cif,tests/data/csd_families/GUSHAD/GUSHAD04.cif,tests/data/csd_families/GUSHAD/GUSHAD05.cif,15,0.0930694523289844,1,0.05255028660697383,
HAGWAP,random,HAGWAP.cif,HAGWAP01.cif,tests/data/csd_families/HAGWAP/HAGWAP.cif,tests/data/csd_families/HAGWAP/HAGWAP01.cif,15,0.02559218116029651,1,0.009155043916697067,
HAGWAP,random,HAGWAP.cif,HAGWAP02.cif,tests/data/csd_families/HAGWAP/HAGWAP.cif,tests/data/csd_families/HAGWAP/HAGWAP02.cif,15,0.08855754758020869,1,0.011480609998098155,
HAGWAP,random,HAGWAP.cif,HAGWAP03.cif,tests/data/csd_families/HAGWAP/HAGWAP.cif,tests/data/csd_families/HAGWAP/HAGWAP03.cif,15,0.07315919989987563,1,0.011124312022389208,
HAGWAP,random,HAGWAP.cif,HAGWAP04.cif,tests/data/csd_families/HAGWAP/HAGWAP.cif,tests/data/csd_families/HAGWAP/HAGWAP04.cif,15,0.12153205985118787,1,0.012720207183046344,
HAGWAP,random,HAGWAP01.cif,HAGWAP02.cif,tests/data/csd_families/HAGWAP/HAGWAP01.cif,tests/data/csd_families/HAGWAP/HAGWAP02.cif,15,0.08634694988944043,1,0.006397663825994459,
HAGWAP,random,HAGWAP01.cif,HAGWAP03.cif,tests/data/csd_families/HAGWAP/HAGWAP01.cif,tests/data/csd_families/HAGWAP/HAGWAP03.cif,15,0.06949762519443584,1,0.005137159918350716,
HAGWAP,random,HAGWAP01.cif,HAGWAP04.cif,tests/data/csd_families/HAGWAP/HAGWAP01.cif,tests/data/csd_families/HAGWAP/HAGWAP04.cif,15,0.12080916740012126,1,0.00917434594392678,
HAGWAP,random,HAGWAP02.cif,HAGWAP03.cif,tests/data/csd_families/HAGWAP/HAGWAP02.cif,tests/data/csd_families/HAGWAP/HAGWAP03.cif,15,0.01707483223184268,1,0.0018285865988166225,
HAGWAP,random,HAGWAP02.cif,HAGWAP04.cif,tests/data/csd_families/HAGWAP/HAGWAP02.cif,tests/data/csd_families/HAGWAP/HAGWAP04.cif,15,0.034632478375894026,1,0.0032268692941074552,
HAGWAP,random,HAGWAP03.cif,HAGWAP04.cif,tests/data/csd_families/HAGWAP/HAGWAP03.cif,tests/data/csd_families/HAGWAP/HAGWAP04.cif,15,0.05165556089510178,1,0.004684169020118132,
HAWGAO,random,HAWGAO.cif,HAWGAO01.cif,tests/data/csd_families/HAWGAO/HAWGAO.cif,tests/data/csd_families/HAWGAO/HAWGAO01.cif,15,0.07862857899870435,1,0.02021264603253758,
HAWGAO,random,HAWGAO.cif,HAWGAO02.cif,tests/data/csd_families/HAWGAO/HAWGAO.cif,tests/data/csd_families/HAWGAO/HAWGAO02.cif,15,0.12412132014838183,1,0.036057537567837986,
HAWGAO,random,HAWGAO.cif,HAWGAO03.cif,tests/data/csd_families/HAWGAO/HAWGAO.cif,tests/data/csd_families/HAWGAO/HAWGAO03.cif,15,0.01568528179406087,1,0.008560361142386298,
HAWGAO,random,HAWGAO01.cif,HAWGAO02.cif,tests/data/csd_families/HAWGAO/HAWGAO01.cif,tests/data/csd_families/HAWGAO/HAWGAO02.cif,15,0.20114758783104789,1,0.053318717204340095,
HAWGAO,random,HAWGAO01.cif,HAWGAO03.cif,tests/data/csd_families/HAWGAO/HAWGAO01.cif,tests/data/csd_families/HAWGAO/HAWGAO03.cif,15,0.08957418484225814,1,0.02342039087534221,
HAWGAO,random,HAWGAO02.cif,HAWGAO03.cif,tests/data/csd_families/HAWGAO/HAWGAO02.cif,tests/data/csd_families/HAWGAO/HAWGAO03.cif,15,0.11522533091328956,1,0.0325347942232522,
HAWLAS,random,HAWLAS.cif,HAWLAS01.cif,tests/data/csd_families/HAWLAS/HAWLAS.cif,tests/data/csd_families/HAWLAS/HAWLAS01.cif,15,0.020340564599268324,1,0.01809464261813626,
HAWLAS,random,HAWLAS.cif,HAWLAS02.cif,tests/data/csd_families/HAWLAS/HAWLAS.cif,tests/data/csd_families/HAWLAS/HAWLAS02.cif,15,0.020054039122540918,1,0.018020973133502798,
HAWLAS,random,HAWLAS01.cif,HAWLAS02.cif,tests/data/csd_families/HAWLAS/HAWLAS01.cif,tests/data/csd_families/HAWLAS/HAWLAS02.cif,15,0.000681444241122162,1,0.00024279244541027981,
HEWRAD,random,HEWRAD.cif,HEWRAD01.cif,tests/data/csd_families/HEWRAD/HEWRAD.cif,tests/data/csd_families/HEWRAD/HEWRAD01.cif,15,0.07747377523858553,1,0.011398438737103927,
HEWRAD,random,HEWRAD.cif,HEWRAD02.cif,tests/data/csd_families/HEWRAD/HEWRAD.cif,tests/data/csd_families/HEWRAD/HEWRAD02.cif,15,0.007464442815823729,1,0.005537132502996516,
HEWRAD,random,HEWRAD.cif,HEWRAD03.cif,tests/data/csd_families/HEWRAD/HEWRAD.cif,tests/data/csd_families/HEWRAD/HEWRAD03.cif,15,0.01132492943401278,1,0.003029148811822522,
HEWRAD,random,HEWRAD01.cif,HEWRAD02.cif,tests/data/csd_families/HEWRAD/HEWRAD01.cif,tests/data/csd_families/HEWRAD/HEWRAD02.cif,15,0.07910565928202191,1,0.007059948898474593,
HEWRAD,random,HEWRAD01.cif,HEWRAD03.cif,tests/data/csd_families/HEWRAD/HEWRAD01.cif,tests/data/csd_families/HEWRAD/HEWRAD03.cif,15,0.069603168085237,1,0.01207059905379111,
HEWRAD,random,HEWRAD02.cif,HEWRAD03.cif,tests/data/csd_families/HEWRAD/HEWRAD02.cif,tests/data/csd_families/HEWRAD/HEWRAD03.cif,15,0.015093671742911367,1,0.006210778854853568,
HEZQIN,random,HEZQIN.cif,HEZQIN01.cif,tests/data/csd_families/HEZQIN/HEZQIN.cif,tests/data/csd_families/HEZQIN/HEZQIN01.cif,15,0.01025872000178051,1,0.003063588400818722,
HEZQIN,random,HEZQIN.cif,HEZQIN02.cif,tests/data/csd_families/HEZQIN/HEZQIN.cif,tests/data/csd_families/HEZQIN/HEZQIN02.cif,15,0.01995405935169397,1,0.0042928134790546895,
HEZQIN,random,HEZQIN.cif,HEZQIN03.cif,tests/data/csd_families/HEZQIN/HEZQIN.cif,tests/data/csd_families/HEZQIN/HEZQIN03.cif,15,0.03978723273256118,1,0.013391541735596235,
HEZQIN,random,HEZQIN.cif,HEZQIN04.cif,tests/data/csd_families/HEZQIN/HEZQIN.cif,tests/data/csd_families/HEZQIN/HEZQIN04.cif,4,2.220034887865586,1,1.4909027017227978,
HEZQIN,random,HEZQIN01.cif,HEZQIN02.cif,tests/data/csd_families/HEZQIN/HEZQIN01.cif,tests/data/csd_families/HEZQIN/HEZQIN02.cif,15,0.011905653007380449,1,0.004391245380790379,
HEZQIN,random,HEZQIN01.cif,HEZQIN03.cif,tests/data/csd_families/HEZQIN/HEZQIN01.cif,tests/data/csd_families/HEZQIN/HEZQIN03.cif,15,0.0473443907350939,1,0.01293668256628164,
HEZQIN,random,HEZQIN01.cif,HEZQIN04.cif,tests/data/csd_families/HEZQIN/HEZQIN01.cif,tests/data/csd_families/HEZQIN/HEZQIN04.cif,4,2.221273173635919,1,1.4904064157169477,
HEZQIN,random,HEZQIN02.cif,HEZQIN03.cif,tests/data/csd_families/HEZQIN/HEZQIN02.cif,tests/data/csd_families/HEZQIN/HEZQIN03.cif,15,0.05475690162738546,1,0.01453036501466044,
HEZQIN,random,HEZQIN02.cif,HEZQIN04.cif,tests/data/csd_families/HEZQIN/HEZQIN02.cif,tests/data/csd_families/HEZQIN/HEZQIN04.cif,4,2.222248061034691,1,1.491680224779038,
HEZQIN,random,HEZQIN03.cif,HEZQIN04.cif,tests/data/csd_families/HEZQIN/HEZQIN03.cif,tests/data/csd_families/HEZQIN/HEZQIN04.cif,5,3.0941511252627345,1,1.4787950883136787,
HMPBFE,random,HMPBFE.cif,HMPBFE01.cif,tests/data/csd_families/HMPBFE/HMPBFE.cif,tests/data/csd_families/HMPBFE/HMPBFE01.cif,15,1.5564153985917604,1,0.09253887966196227,
HMPBFE,random,HMPBFE.cif,HMPBFE02.cif,tests/data/csd_families/HMPBFE/HMPBFE.cif,tests/data/csd_families/HMPBFE/HMPBFE02.cif,15,0.025090630730126705,1,0.010994400711067965,
HMPBFE,random,HMPBFE.cif,HMPBFE03.cif,tests/data/csd_families/HMPBFE/HMPBFE.cif,tests/data/csd_families/HMPBFE/HMPBFE03.cif,15,1.6905445337009928,1,0.2526653413283142,
HMPBFE,random,HMPBFE.cif,HMPBFE04.cif,tests/data/csd_families/HMPBFE/HMPBFE.cif,tests/data/csd_families/HMPBFE/HMPBFE04.cif,8,3.4102025500732585,1,0.20430480231191533,
HMPBFE,random,HMPBFE01.cif,HMPBFE02.cif,tests/data/csd_families/HMPBFE/HMPBFE01.cif,tests/data/csd_families/HMPBFE/HMPBFE02.cif,15,1.5487175044510735,1,0.09394662795965969,
HMPBFE,random,HMPBFE01.cif,HMPBFE03.cif,tests/data/csd_families/HMPBFE/HMPBFE01.cif,tests/data/csd_families/HMPBFE/HMPBFE03.cif,15,0.2932856613260159,1,0.1862797756765576,
HMPBFE,random,HMPBFE01.cif,HMPBFE04.cif,tests/data/csd_families/HMPBFE/HMPBFE01.cif,tests/data/csd_families/HMPBFE/HMPBFE04.cif,8,2.514838750570565,1,0.2709950303354937,
HMPBFE,random,HMPBFE02.cif,HMPBFE03.cif,tests/data/csd_families/HMPBFE/HMPBFE02.cif,tests/data/csd_families/HMPBFE/HMPBFE03.cif,15,1.6805986848265924,1,0.2523797393761412,
HMPBFE,random,HMPBFE02.cif,HMPBFE04.cif,tests/data/csd_families/HMPBFE/HMPBFE02.cif,tests/data/csd_families/HMPBFE/HMPBFE04.cif,8,3.413493218283818,1,0.20254352688879748,
HMPBFE,random,HMPBFE03.cif,HMPBFE04.cif,tests/data/csd_families/HMPBFE/HMPBFE03.cif,tests/data/csd_families/HMPBFE/HMPBFE04.cif,8,2.5284682676819688,1,0.368437455035304,
HOGBUD,random,HOGBUD.cif,HOGBUD01.cif,tests/data/csd_families/HOGBUD/HOGBUD.cif,tests/data/csd_families/HOGBUD/HOGBUD01.cif,0,nan,0,nan,RuntimeError:MotifSearch Timeout
HOGBUD,random,HOGBUD.cif,HOGBUD02.cif,tests/data/csd_families/HOGBUD/HOGBUD.cif,tests/data/csd_families/HOGBUD/HOGBUD02.cif,0,nan,0,nan,RuntimeError:MotifSearch Timeout
HOGBUD,random,HOGBUD.cif,HOGBUD03.cif,tests/data/csd_families/HOGBUD/HOGBUD.cif,tests/data/csd_families/HOGBUD/HOGBUD03.cif,0,nan,0,nan,RuntimeError:MotifSearch Timeout
HOGBUD,random,HOGBUD.cif,HOGBUD04.cif,tests/data/csd_families/HOGBUD/HOGBUD.cif,tests/data/csd_families/HOGBUD/HOGBUD04.cif,3,1.5084321607403395,1,1.4935928020216533,
HOGBUD,random,HOGBUD01.cif,HOGBUD02.cif,tests/data/csd_families/HOGBUD/HOGBUD01.cif,tests/data/csd_families/HOGBUD/HOGBUD02.cif,0,nan,0,nan,RuntimeError:MotifSearch Timeout
HOGBUD,random,HOGBUD01.cif,HOGBUD03.cif,tests/data/csd_families/HOGBUD/HOGBUD01.cif,tests/data/csd_families/HOGBUD/HOGBUD03.cif,15,0.11409231651581865,1,0.043184786299969954,
HOGBUD,random,HOGBUD01.cif,HOGBUD04.cif,tests/data/csd_families/HOGBUD/HOGBUD01.cif,tests/data/csd_families/HOGBUD/HOGBUD04.cif,0,nan,0,nan,RuntimeError:MotifSearch Timeout
HOGBUD,random,HOGBUD02.cif,HOGBUD03.cif,tests/data/csd_families/HOGBUD/HOGBUD02.cif,tests/data/csd_families/HOGBUD/HOGBUD03.cif,15,0.05696160280656424,1,0.033225867116885736,
HOGBUD,random,HOGBUD02.cif,HOGBUD04.cif,tests/data/csd_families/HOGBUD/HOGBUD02.cif,tests/data/csd_families/HOGBUD/HOGBUD04.cif,0,nan,0,nan,RuntimeError:MotifSearch Timeout
HOGBUD,random,HOGBUD03.cif,HOGBUD04.cif,tests/data/csd_families/HOGBUD/HOGBUD03.cif,tests/data/csd_families/HOGBUD/HOGBUD04.cif,15,0.072076816485999,1,0.0311882554810954,
HOXCUM,random,HOXCUM.cif,HOXCUM01.cif,tests/data/csd_families/HOXCUM/HOXCUM.cif,tests/data/csd_families/HOXCUM/HOXCUM01.cif,15,0.049088945880862385,1,0.03626016674586032,
HOXCUM,random,HOXCUM.cif,HOXCUM02.cif,tests/data/csd_families/HOXCUM/HOXCUM.cif,tests/data/csd_families/HOXCUM/HOXCUM02.cif,15,0.07418916845709883,1,0.03168438078134542,
HOXCUM,random,HOXCUM.cif,HOXCUM03.cif,tests/data/csd_families/HOXCUM/HOXCUM.cif,tests/data/csd_families/HOXCUM/HOXCUM03.cif,15,0.10233712472905324,1,0.031895219398559056,
HOXCUM,random,HOXCUM.cif,HOXCUM04.cif,tests/data/csd_families/HOXCUM/HOXCUM.cif,tests/data/csd_families/HOXCUM/HOXCUM04.cif,15,0.05007351461885382,1,0.0366127313145923,
HOXCUM,random,HOXCUM01.cif,HOXCUM02.cif,tests/data/csd_families/HOXCUM/HOXCUM01.cif,tests/data/csd_families/HOXCUM/HOXCUM02.cif,15,0.05495515994707623,1,0.013690495518151434,
HOXCUM,random,HOXCUM01.cif,HOXCUM03.cif,tests/data/csd_families/HOXCUM/HOXCUM01.cif,tests/data/csd_families/HOXCUM/HOXCUM03.cif,15,0.07920422974980362,1,0.01299185154665913,
HOXCUM,random,HOXCUM01.cif,HOXCUM04.cif,tests/data/csd_families/HOXCUM/HOXCUM01.cif,tests/data/csd_families/HOXCUM/HOXCUM04.cif,15,0.005190629165979414,1,0.0033766802687187013,
HOXCUM,random,HOXCUM02.cif,HOXCUM03.cif,tests/data/csd_families/HOXCUM/HOXCUM02.cif,tests/data/csd_families/HOXCUM/HOXCUM03.cif,15,0.03421195911204071,1,0.006344356259378081,
HOXCUM,random,HOXCUM02.cif,HOXCUM04.cif,tests/data/csd_families/HOXCUM/HOXCUM02.cif,tests/data/csd_families/HOXCUM/HOXCUM04.cif,15,0.05585813486486803,1,0.014424450907567376,
HOXCUM,random,HOXCUM03.cif,HOXCUM04.cif,tests/data/csd_families/HOXCUM/HOXCUM03.cif,tests/data/csd_families/HOXCUM/HOXCUM04.cif,15,0.07994574205422277,1,0.013904913731113761,
HUNYEV,random,HUNYEV.cif,HUNYEV01.cif,tests/data/csd_families/HUNYEV/HUNYEV.cif,tests/data/csd_families/HUNYEV/HUNYEV01.cif,15,0.013969929366649547,1,0.007341333653128778,
HUNYEV,random,HUNYEV.cif,HUNYEV02.cif,tests/data/csd_families/HUNYEV/HUNYEV.cif,tests/data/csd_families/HUNYEV/HUNYEV02.cif,15,0.06452586693573803,1,0.01475923386847393,
HUNYEV,random,HUNYEV01.cif,HUNYEV02.cif,tests/data/csd_families/HUNYEV/HUNYEV01.cif,tests/data/csd_families/HUNYEV/HUNYEV02.cif,15,0.06988330098414015,1,0.012555761513417408,
HUSTOE,random,HUSTOE.cif,HUSTOE01.cif,tests/data/csd_families/HUSTOE/HUSTOE.cif,tests/data/csd_families/HUSTOE/HUSTOE01.cif,15,0.07715127561121338,1,0.02351527743246339,
HUSTOE,random,HUSTOE.cif,HUSTOE02.cif,tests/data/csd_families/HUSTOE/HUSTOE.cif,tests/data/csd_families/HUSTOE/HUSTOE02.cif,15,0.3651169578652048,1,0.022886105870801133,
HUSTOE,random,HUSTOE.cif,HUSTOE03.cif,tests/data/csd_families/HUSTOE/HUSTOE.cif,tests/data/csd_families/HUSTOE/HUSTOE03.cif,15,0.09558815350236857,1,0.059443440328409404,
HUSTOE,random,HUSTOE.cif,HUSTOE04.cif,tests/data/csd_families/HUSTOE/HUSTOE.cif,tests/data/csd_families/HUSTOE/HUSTOE04.cif,15,0.686112183871668,1,0.031555123333308,
HUSTOE,random,HUSTOE01.cif,HUSTOE02.cif,tests/data/csd_families/HUSTOE/HUSTOE01.cif,tests/data/csd_families/HUSTOE/HUSTOE02.cif,15,0.42859144811295424,1,0.03385663273571712,
HUSTOE,random,HUSTOE01.cif,HUSTOE03.cif,tests/data/csd_families/HUSTOE/HUSTOE01.cif,tests/data/csd_families/HUSTOE/HUSTOE03.cif,15,0.1551257790369137,1,0.05963326442021572,
HUSTOE,random,HUSTOE01.cif,HUSTOE04.cif,tests/data/csd_families/HUSTOE/HUSTOE01.cif,tests/data/csd_families/HUSTOE/HUSTOE04.cif,15,0.7495872973739144,1,0.041477562626404764,
HUSTOE,random,HUSTOE02.cif,HUSTOE03.cif,tests/data/csd_families/HUSTOE/HUSTOE02.cif,tests/data/csd_families/HUSTOE/HUSTOE03.cif,15,0.29425455359454844,1,0.06335831354229131,
HUSTOE,random,HUSTOE02.cif,HUSTOE04.cif,tests/data/csd_families/HUSTOE/HUSTOE02.cif,tests/data/csd_families/HUSTOE/HUSTOE04.cif,15,0.3232084309143324,1,0.017181614777624324,
HUSTOE,random,HUSTOE03.cif,HUSTOE04.cif,tests/data/csd_families/HUSTOE/HUSTOE03.cif,tests/data/csd_families/HUSTOE/HUSTOE04.cif,15,0.6115266845698378,1,0.06528138208832979,
HUXXIL,random,HUXXIL.cif,HUXXIL01.cif,tests/data/csd_families/HUXXIL/HUXXIL.cif,tests/data/csd_families/HUXXIL/HUXXIL01.cif,0,nan,0,nan,RuntimeError:MotifSearch Timeout
HUXXIL,random,HUXXIL.cif,HUXXIL02.cif,tests/data/csd_families/HUXXIL/HUXXIL.cif,tests/data/csd_families/HUXXIL/HUXXIL02.cif,0,nan,0,nan,RuntimeError:MotifSearch Timeout
HUXXIL,random,HUXXIL.cif,HUXXIL03.cif,tests/data/csd_families/HUXXIL/HUXXIL.cif,tests/data/csd_families/HUXXIL/HUXXIL03.cif,0,nan,0,nan,RuntimeError:MotifSearch Timeout
HUXXIL,random,HUXXIL.cif,HUXXIL04.cif,tests/data/csd_families/HUXXIL/HUXXIL.cif,tests/data/csd_families/HUXXIL/HUXXIL04.cif,0,nan,0,nan,RuntimeError:MotifSearch Timeout
HUXXIL,random,HUXXIL01.cif,HUXXIL02.cif,tests/data/csd_families/HUXXIL/HUXXIL01.cif,tests/data/csd_families/HUXXIL/HUXXIL02.cif,15,0.337485189335723,1,0.2699808350687088,
HUXXIL,random,HUXXIL01.cif,HUXXIL03.cif,tests/data/csd_families/HUXXIL/HUXXIL01.cif,tests/data/csd_families/HUXXIL/HUXXIL03.cif,0,nan,0,nan,RuntimeError:MotifSearch Timeout
HUXXIL,random,HUXXIL01.cif,HUXXIL04.cif,tests/data/csd_families/HUXXIL/HUXXIL01.cif,tests/data/csd_families/HUXXIL/HUXXIL04.cif,4,0.01327948478780048,1,0.011431956841127355,
HUXXIL,random,HUXXIL02.cif,HUXXIL03.cif,tests/data/csd_families/HUXXIL/HUXXIL02.cif,tests/data/csd_families/HUXXIL/HUXXIL03.cif,10,0.040771557416909486,1,0.019253334834406242,
HUXXIL,random,HUXXIL02.cif,HUXXIL04.cif,tests/data/csd_families/HUXXIL/HUXXIL02.cif,tests/data/csd_families/HUXXIL/HUXXIL04.cif,0,nan,0,nan,RuntimeError:MotifSearch Timeout
HUXXIL,random,HUXXIL03.cif,HUXXIL04.cif,tests/data/csd_families/HUXXIL/HUXXIL03.cif,tests/data/csd_families/HUXXIL/HUXXIL04.cif,0,nan,0,nan,RuntimeError:MotifSearch Timeout
ICAHIG,random,ICAHIG.cif,ICAHIG01.cif,tests/data/csd_families/ICAHIG/ICAHIG.cif,tests/data/csd_families/ICAHIG/ICAHIG01.cif,0,nan,0,nan,RuntimeError:MotifSearch Timeout
ICAHIG,random,ICAHIG.cif,ICAHIG02.cif,tests/data/csd_families/ICAHIG/ICAHIG.cif,tests/data/csd_families/ICAHIG/ICAHIG02.cif,0,nan,0,nan,RuntimeError:MotifSearch Timeout
ICAHIG,random,ICAHIG.cif,ICAHIG03.cif,tests/data/csd_families/ICAHIG/ICAHIG.cif,tests/data/csd_families/ICAHIG/ICAHIG03.cif,10,0.06444805943836755,1,0.010788841947101408,
ICAHIG,random,ICAHIG.cif,ICAHIG04.cif,tests/data/csd_families/ICAHIG/ICAHIG.cif,tests/data/csd_families/ICAHIG/ICAHIG04.cif,7,1.9289247954960174,1,0.15903032182092647,
ICAHIG,random,ICAHIG01.cif,ICAHIG02.cif,tests/data/csd_families/ICAHIG/ICAHIG01.cif,tests/data/csd_families/ICAHIG/ICAHIG02.cif,15,0.16162288431184138,1,0.02797235461968836,
ICAHIG,random,ICAHIG01.cif,ICAHIG03.cif,tests/data/csd_families/ICAHIG/ICAHIG01.cif,tests/data/csd_families/ICAHIG/ICAHIG03.cif,5,2.497821349816875,1,0.24691306932994764,
ICAHIG,random,ICAHIG01.cif,ICAHIG04.cif,tests/data/csd_families/ICAHIG/ICAHIG01.cif,tests/data/csd_families/ICAHIG/ICAHIG04.cif,0,nan,0,nan,RuntimeError:MotifSearch Timeout
ICAHIG,random,ICAHIG02.cif,ICAHIG03.cif,tests/data/csd_families/ICAHIG/ICAHIG02.cif,tests/data/csd_families/ICAHIG/ICAHIG03.cif,5,2.472692505911624,1,0.2269324190709704,
ICAHIG,random,ICAHIG02.cif,ICAHIG04.cif,tests/data/csd_families/ICAHIG/ICAHIG02.cif,tests/data/csd_families/ICAHIG/ICAHIG04.cif,0,nan,0,nan,RuntimeError:MotifSearch Timeout
ICAHIG,random,ICAHIG03.cif,ICAHIG04.cif,tests/data/csd_families/ICAHIG/ICAHIG03.cif,tests/data/csd_families/ICAHIG/ICAHIG04.cif,7,1.9257240612064244,1,0.16199293111002366,
IDODIQ,random,IDODIQ.cif,IDODIQ01.cif,tests/data/csd_families/IDODIQ/IDODIQ.cif,tests/data/csd_families/IDODIQ/IDODIQ01.cif,15,0.04791694386673872,1,0.04484967089354101,
IDODIQ,random,IDODIQ.cif,IDODIQ02.cif,tests/data/csd_families/IDODIQ/IDODIQ.cif,tests/data/csd_families/IDODIQ/IDODIQ02.cif,15,0.030028631327152455,1,0.02145463180878773,
IDODIQ,random,IDODIQ01.cif,IDODIQ02.cif,tests/data/csd_families/IDODIQ/IDODIQ01.cif,tests/data/csd_families/IDODIQ/IDODIQ02.cif,15,0.05658120406906169,1,0.04472752247658013,
IFUXEN,random,IFUXEN.cif,IFUXEN01.cif,tests/data/csd_families/IFUXEN/IFUXEN.cif,tests/data/csd_families/IFUXEN/IFUXEN01.cif,15,0.011188594676502524,1,0.004372635443577222,
IFUXEN,random,IFUXEN.cif,IFUXEN02.cif,tests/data/csd_families/IFUXEN/IFUXEN.cif,tests/data/csd_families/IFUXEN/IFUXEN02.cif,15,0.9875008300847755,1,0.1365758956840711,
IFUXEN,random,IFUXEN.cif,IFUXEN03.cif,tests/data/csd_families/IFUXEN/IFUXEN.cif,tests/data/csd_families/IFUXEN/IFUXEN03.cif,5,3.1790749427543217,1,0.4924846002016183,
IFUXEN,random,IFUXEN01.cif,IFUXEN02.cif,tests/data/csd_families/IFUXEN/IFUXEN01.cif,tests/data/csd_families/IFUXEN/IFUXEN02.cif,15,0.9895887723564606,1,0.13722945011188592,
IFUXEN,random,IFUXEN01.cif,IFUXEN03.cif,tests/data/csd_families/IFUXEN/IFUXEN01.cif,tests/data/csd_families/IFUXEN/IFUXEN03.cif,5,4.170641637994591,1,0.492854313142021,
IFUXEN,random,IFUXEN02.cif,IFUXEN03.cif,tests/data/csd_families/IFUXEN/IFUXEN02.cif,tests/data/csd_families/IFUXEN/IFUXEN03.cif,5,3.0055467614894242,1,0.423446054504154,
ILOBAN,random,ILOBAN.cif,ILOBAN01.cif,tests/data/csd_families/ILOBAN/ILOBAN.cif,tests/data/csd_families/ILOBAN/ILOBAN01.cif,15,0.011723957410178133,1,0.005786316288951704,
ILOBAN,random,ILOBAN.cif,ILOBAN02.cif,tests/data/csd_families/ILOBAN/ILOBAN.cif,tests/data/csd_families/ILOBAN/ILOBAN02.cif,15,0.07118432899078303,1,0.008939565621505819,
ILOBAN,random,ILOBAN01.cif,ILOBAN02.cif,tests/data/csd_families/ILOBAN/ILOBAN01.cif,tests/data/csd_families/ILOBAN/ILOBAN02.cif,15,0.07523633705545767,1,0.0074193963997260925,
ILUCAV,random,ILUCAV.cif,ILUCAV01.cif,tests/data/csd_families/ILUCAV/ILUCAV.cif,tests/data/csd_families/ILUCAV/ILUCAV01.cif,15,0.06232891801321895,1,0.028528386080265807,
ILUCAV,random,ILUCAV.cif,ILUCAV02.cif,tests/data/csd_families/ILUCAV/ILUCAV.cif,tests/data/csd_families/ILUCAV/ILUCAV02.cif,15,0.016974405500179812,1,0.009509078704248723,
ILUCAV,random,ILUCAV01.cif,ILUCAV02.cif,tests/data/csd_families/ILUCAV/ILUCAV01.cif,tests/data/csd_families/ILUCAV/ILUCAV02.cif,15,0.07032598885604685,1,0.04057757473956447,
ILUTIV,random,ILUTIV.cif,ILUTIV01.cif,tests/data/csd_families/ILUTIV/ILUTIV.cif,tests/data/csd_families/ILUTIV/ILUTIV01.cif,6,3.498752657021658,1,0.5395029857605907,
ILUTIV,random,ILUTIV.cif,ILUTIV02.cif,tests/data/csd_families/ILUTIV/ILUTIV.cif,tests/data/csd_families/ILUTIV/ILUTIV02.cif,6,3.502047816152735,1,0.5474662942723546,
ILUTIV,random,ILUTIV01.cif,ILUTIV02.cif,tests/data/csd_families/ILUTIV/ILUTIV01.cif,tests/data/csd_families/ILUTIV/ILUTIV02.cif,15,0.1068558812788978,1,0.10238472535161487,
INICCD,random,INICCD.cif,INICCD01.cif,tests/data/csd_families/INICCD/INICCD.cif,tests/data/csd_families/INICCD/INICCD01.cif,15,0.038882725664073844,1,0.008789412978805524,
INICCD,random,INICCD.cif,INICCD02.cif,tests/data/csd_families/INICCD/INICCD.cif,tests/data/csd_families/INICCD/INICCD02.cif,15,0.013905242482244843,1,0.007980927010401848,
INICCD,random,INICCD.cif,INICCD03.cif,tests/data/csd_families/INICCD/INICCD.cif,tests/data/csd_families/INICCD/INICCD03.cif,15,0.03367182143560227,1,0.01769666323502308,
INICCD,random,INICCD.cif,INICCD04.cif,tests/data/csd_families/INICCD/INICCD.cif,tests/data/csd_families/INICCD/INICCD04.cif,15,0.05972598439522179,1,0.011092564596630747,
INICCD,random,INICCD01.cif,INICCD02.cif,tests/data/csd_families/INICCD/INICCD01.cif,tests/data/csd_families/INICCD/INICCD02.cif,15,0.030402517668347846,1,0.006281303400867933,
INICCD,random,INICCD01.cif,INICCD03.cif,tests/data/csd_families/INICCD/INICCD01.cif,tests/data/csd_families/INICCD/INICCD03.cif,15,0.03242036974849823,1,0.014893472709871817,
INICCD,random,INICCD01.cif,INICCD04.cif,tests/data/csd_families/INICCD/INICCD01.cif,tests/data/csd_families/INICCD/INICCD04.cif,15,0.02232635943409961,1,0.005239619341596552,
INICCD,random,INICCD02.cif,INICCD03.cif,tests/data/csd_families/INICCD/INICCD02.cif,tests/data/csd_families/INICCD/INICCD03.cif,15,0.0231649521361161,1,0.01383391458178332,
INICCD,random,INICCD02.cif,INICCD04.cif,tests/data/csd_families/INICCD/INICCD02.cif,tests/data/csd_families/INICCD/INICCD04.cif,15,0.05142026986557276,1,0.008734162908220124,
INICCD,random,INICCD03.cif,INICCD04.cif,tests/data/csd_families/INICCD/INICCD03.cif,tests/data/csd_families/INICCD/INICCD04.cif,15,0.04820439867690219,1,0.014627867216222076,
IPIXUB,random,IPIXUB.cif,IPIXUB01.cif,tests/data/csd_families/IPIXUB/IPIXUB.cif,tests/data/csd_families/IPIXUB/IPIXUB01.cif,15,0.03873256801995705,1,0.007796060325327157,
IPIXUB,random,IPIXUB.cif,IPIXUB02.cif,tests/data/csd_families/IPIXUB/IPIXUB.cif,tests/data/csd_families/IPIXUB/IPIXUB02.cif,15,0.07085009578318156,1,0.02298048073047248,
IPIXUB,random,IPIXUB.cif,IPIXUB03.cif,tests/data/csd_families/IPIXUB/IPIXUB.cif,tests/data/csd_families/IPIXUB/IPIXUB03.cif,15,0.15831354397500216,1,0.03462022397848691,
IPIXUB,random,IPIXUB.cif,IPIXUB04.cif,tests/data/csd_families/IPIXUB/IPIXUB.cif,tests/data/csd_families/IPIXUB/IPIXUB04.cif,15,0.29394894302658653,1,0.05646003265685777,
IPIXUB,random,IPIXUB01.cif,IPIXUB02.cif,tests/data/csd_families/IPIXUB/IPIXUB01.cif,tests/data/csd_families/IPIXUB/IPIXUB02.cif,15,0.05898950844384424,1,0.026277404273630418,
IPIXUB,random,IPIXUB01.cif,IPIXUB03.cif,tests/data/csd_families/IPIXUB/IPIXUB01.cif,tests/data/csd_families/IPIXUB/IPIXUB03.cif,15,0.12907219426783592,1,0.03343507242120322,
IPIXUB,random,IPIXUB01.cif,IPIXUB04.cif,tests/data/csd_families/IPIXUB/IPIXUB01.cif,tests/data/csd_families/IPIXUB/IPIXUB04.cif,15,0.26116693787627493,1,0.0533761259357963,
IPIXUB,random,IPIXUB02.cif,IPIXUB03.cif,tests/data/csd_families/IPIXUB/IPIXUB02.cif,tests/data/csd_families/IPIXUB/IPIXUB03.cif,15,0.11075445264081682,1,0.03460627308600981,
IPIXUB,random,IPIXUB02.cif,IPIXUB04.cif,tests/data/csd_families/IPIXUB/IPIXUB02.cif,tests/data/csd_families/IPIXUB/IPIXUB04.cif,15,0.243260974624688,1,0.06292454187831534,
IPIXUB,random,IPIXUB03.cif,IPIXUB04.cif,tests/data/csd_families/IPIXUB/IPIXUB03.cif,tests/data/csd_families/IPIXUB/IPIXUB04.cif,15,0.14254638934092578,1,0.03530515464969528,
IPTCNI,random,IPTCNI.cif,IPTCNI10.cif,tests/data/csd_families/IPTCNI/IPTCNI.cif,tests/data/csd_families/IPTCNI/IPTCNI10.cif,15,0.03899331529629883,1,0.026060121711440964,
IPTCNI,random,IPTCNI.cif,IPTCNI11.cif,tests/data/csd_families/IPTCNI/IPTCNI.cif,tests/data/csd_families/IPTCNI/IPTCNI11.cif,15,0.7349276731466534,1,0.055395219715375435,
IPTCNI,random,IPTCNI.cif,IPTCNI12.cif,tests/data/csd_families/IPTCNI/IPTCNI.cif,tests/data/csd_families/IPTCNI/IPTCNI12.cif,0,nan,0,nan,RuntimeError:MotifSearch Timeout
IPTCNI,random,IPTCNI.cif,IPTCNI13.cif,tests/data/csd_families/IPTCNI/IPTCNI.cif,tests/data/csd_families/IPTCNI/IPTCNI13.cif,15,0.6533353261560434,1,0.05309344214554407,
IPTCNI,random,IPTCNI10.cif,IPTCNI11.cif,tests/data/csd_families/IPTCNI/IPTCNI10.cif,tests/data/csd_families/IPTCNI/IPTCNI11.cif,15,0.7340954206289899,1,0.04218646263594345,
IPTCNI,random,IPTCNI10.cif,IPTCNI12.cif,tests/data/csd_families/IPTCNI/IPTCNI10.cif,tests/data/csd_families/IPTCNI/IPTCNI12.cif,0,nan,0,nan,RuntimeError:MotifSearch Timeout
IPTCNI,random,IPTCNI10.cif,IPTCNI13.cif,tests/data/csd_families/IPTCNI/IPTCNI10.cif,tests/data/csd_families/IPTCNI/IPTCNI13.cif,15,0.6533191751094758,1,0.03736259120625045,
IPTCNI,random,IPTCNI11.cif,IPTCNI12.cif,tests/data/csd_families/IPTCNI/IPTCNI11.cif,tests/data/csd_families/IPTCNI/IPTCNI12.cif,0,nan,0,nan,RuntimeError:MotifSearch Timeout
IPTCNI,random,IPTCNI11.cif,IPTCNI13.cif,tests/data/csd_families/IPTCNI/IPTCNI11.cif,tests/data/csd_families/IPTCNI/IPTCNI13.cif,15,0.10583432393885427,1,0.01083146979148059,
IPTCNI,random,IPTCNI12.cif,IPTCNI13.cif,tests/data/csd_families/IPTCNI/IPTCNI12.cif,tests/data/csd_families/IPTCNI/IPTCNI13.cif,0,nan,0,nan,RuntimeError:MotifSearch Timeout
IYEBUJ,random,IYEBUJ.cif,IYEBUJ01.cif,tests/data/csd_families/IYEBUJ/IYEBUJ.cif,tests/data/csd_families/IYEBUJ/IYEBUJ01.cif,4,3.3001734539957432,1,1.3364816290241452,
IYEBUJ,random,IYEBUJ.cif,IYEBUJ02.cif,tests/data/csd_families/IYEBUJ/IYEBUJ.cif,tests/data/csd_families/IYEBUJ/IYEBUJ02.cif,15,0.10858249969454073,1,0.058401423788859166,
IYEBUJ,random,IYEBUJ.cif,IYEBUJ03.cif,tests/data/csd_families/IYEBUJ/IYEBUJ.cif,tests/data/csd_families/IYEBUJ/IYEBUJ03.cif,15,0.06275956497074317,1,0.021192633303266494,
IYEBUJ,random,IYEBUJ01.cif,IYEBUJ02.cif,tests/data/csd_families/IYEBUJ/IYEBUJ01.cif,tests/data/csd_families/IYEBUJ/IYEBUJ02.cif,4,2.8934757739510815,1,1.3298600729534678,
IYEBUJ,random,IYEBUJ01.cif,IYEBUJ03.cif,tests/data/csd_families/IYEBUJ/IYEBUJ01.cif,tests/data/csd_families/IYEBUJ/IYEBUJ03.cif,3,1.6687860139817,1,1.3418147502992779,
IYEBUJ,random,IYEBUJ02.cif,IYEBUJ03.cif,tests/data/csd_families/IYEBUJ/IYEBUJ02.cif,tests/data/csd_families/IYEBUJ/IYEBUJ03.cif,15,0.16469663897198197,1,0.07650269864315402,
IZOJUF,random,IZOJUF.cif,IZOJUF01.cif,tests/data/csd_families/IZOJUF/IZOJUF.cif,tests/data/csd_families/IZOJUF/IZOJUF01.cif,15,0.03251246227722993,1,0.01289468001796439,
IZOJUF,random,IZOJUF.cif,IZOJUF02.cif,tests/data/csd_families/IZOJUF/IZOJUF.cif,tests/data/csd_families/IZOJUF/IZOJUF02.cif,15,0.11264426289060317,1,0.03318101654855951,
IZOJUF,random,IZOJUF.cif,IZOJUF03.cif,tests/data/csd_families/IZOJUF/IZOJUF.cif,tests/data/csd_families/IZOJUF/IZOJUF03.cif,2,2.2239820152692054,1,2.162482689521291,
IZOJUF,random,IZOJUF.cif,IZOJUF04.cif,tests/data/csd_families/IZOJUF/IZOJUF.cif,tests/data/csd_families/IZOJUF/IZOJUF04.cif,1,2.1609179694230773,1,2.1609179694230773,
IZOJUF,random,IZOJUF01.cif,IZOJUF02.cif,tests/data/csd_families/IZOJUF/IZOJUF01.cif,tests/data/csd_families/IZOJUF/IZOJUF02.cif,15,0.14924581153687347,1,0.043531800369538576,
IZOJUF,random,IZOJUF01.cif,IZOJUF03.cif,tests/data/csd_families/IZOJUF/IZOJUF01.cif,tests/data/csd_families/IZOJUF/IZOJUF03.cif,2,2.174303248216062,1,2.11032832329622,
IZOJUF,random,IZOJUF01.cif,IZOJUF04.cif,tests/data/csd_families/IZOJUF/IZOJUF01.cif,tests/data/csd_families/IZOJUF/IZOJUF04.cif,1,2.108793781047523,1,2.108793781047523,
IZOJUF,random,IZOJUF02.cif,IZOJUF03.cif,tests/data/csd_families/IZOJUF/IZOJUF02.cif,tests/data/csd_families/IZOJUF/IZOJUF03.cif,2,2.234767883328033,1,2.169347458880044,
IZOJUF,random,IZOJUF02.cif,IZOJUF04.cif,tests/data/csd_families/IZOJUF/IZOJUF02.cif,tests/data/csd_families/IZOJUF/IZOJUF04.cif,1,2.1678064990117525,1,2.1678064990117525,
IZOJUF,random,IZOJUF03.cif,IZOJUF04.cif,tests/data/csd_families/IZOJUF/IZOJUF03.cif,tests/data/csd_families/IZOJUF/IZOJUF04.cif,15,0.015816732606449686,1,0.006551412662224005,
JAFBUO,random,JAFBUO01.cif,JAFBUO02.cif,tests/data/csd_families/JAFBUO/JAFBUO01.cif,tests/data/csd_families/JAFBUO/JAFBUO02.cif,0,nan,0,nan,RuntimeError:MotifSearch Timeout
JAFBUO,random,JAFBUO01.cif,JAFBUO03.cif,tests/data/csd_families/JAFBUO/JAFBUO01.cif,tests/data/csd_families/JAFBUO/JAFBUO03.cif,0,nan,0,nan,RuntimeError:MotifSearch Timeout
JAFBUO,random,JAFBUO01.cif,JAFBUO04.cif,tests/data/csd_families/JAFBUO/JAFBUO01.cif,tests/data/csd_families/JAFBUO/JAFBUO04.cif,0,nan,0,nan,RuntimeError:MotifSearch Timeout
JAFBUO,random,JAFBUO01.cif,JAFBUO05.cif,tests/data/csd_families/JAFBUO/JAFBUO01.cif,tests/data/csd_families/JAFBUO/JAFBUO05.cif,0,nan,0,nan,RuntimeError:MotifSearch Timeout
JAFBUO,random,JAFBUO02.cif,JAFBUO03.cif,tests/data/csd_families/JAFBUO/JAFBUO02.cif,tests/data/csd_families/JAFBUO/JAFBUO03.cif,15,0.10207461434963397,1,0.08593677644462203,
JAFBUO,random,JAFBUO02.cif,JAFBUO04.cif,tests/data/csd_families/JAFBUO/JAFBUO02.cif,tests/data/csd_families/JAFBUO/JAFBUO04.cif,15,0.23572179674845237,1,0.06894273888484913,
JAFBUO,random,JAFBUO02.cif,JAFBUO05.cif,tests/data/csd_families/JAFBUO/JAFBUO02.cif,tests/data/csd_families/JAFBUO/JAFBUO05.cif,15,0.2586580020156538,1,0.09651067527466264,
JAFBUO,random,JAFBUO03.cif,JAFBUO04.cif,tests/data/csd_families/JAFBUO/JAFBUO03.cif,tests/data/csd_families/JAFBUO/JAFBUO04.cif,15,0.188117863305789,1,0.05771494614985781,
JAFBUO,random,JAFBUO03.cif,JAFBUO05.cif,tests/data/csd_families/JAFBUO/JAFBUO03.cif,tests/data/csd_families/JAFBUO/JAFBUO05.cif,15,0.2076793583207857,1,0.06449544741796465,
JAFBUO,random,JAFBUO04.cif,JAFBUO05.cif,tests/data/csd_families/JAFBUO/JAFBUO04.cif,tests/data/csd_families/JAFBUO/JAFBUO05.cif,15,0.06600638560743562,1,0.0631084256401048,
JEGMER,random,JEGMER.cif,JEGMER01.cif,tests/data/csd_families/JEGMER/JEGMER.cif,tests/data/csd_families/JEGMER/JEGMER01.cif,15,0.0028927215703019762,1,0.002441070568058651,
JEGMER,random,JEGMER.cif,JEGMER02.cif,tests/data/csd_families/JEGMER/JEGMER.cif,tests/data/csd_families/JEGMER/JEGMER02.cif,15,0.01066429546675245,1,0.004597373090628454,
JEGMER,random,JEGMER.cif,JEGMER03.cif,tests/data/csd_families/JEGMER/JEGMER.cif,tests/data/csd_families/JEGMER/JEGMER03.cif,15,0.01422512088431314,1,0.004006643372361437,
JEGMER,random,JEGMER.cif,JEGMER04.cif,tests/data/csd_families/JEGMER/JEGMER.cif,tests/data/csd_families/JEGMER/JEGMER04.cif,15,0.015868792101932927,1,0.014318219224684629,
JEGMER,random,JEGMER01.cif,JEGMER02.cif,tests/data/csd_families/JEGMER/JEGMER01.cif,tests/data/csd_families/JEGMER/JEGMER02.cif,15,0.010095301490320317,1,0.005814975941650752,
JEGMER,random,JEGMER01.cif,JEGMER03.cif,tests/data/csd_families/JEGMER/JEGMER01.cif,tests/data/csd_families/JEGMER/JEGMER03.cif,15,0.013209337503979162,1,0.005254335116902326,
JEGMER,random,JEGMER01.cif,JEGMER04.cif,tests/data/csd_families/JEGMER/JEGMER01.cif,tests/data/csd_families/JEGMER/JEGMER04.cif,15,0.017108290955993657,1,0.015592823391940621,
JEGMER,random,JEGMER02.cif,JEGMER03.cif,tests/data/csd_families/JEGMER/JEGMER02.cif,tests/data/csd_families/JEGMER/JEGMER03.cif,15,0.007446711079524404,1,0.003337316836158629,
JEGMER,random,JEGMER02.cif,JEGMER04.cif,tests/data/csd_families/JEGMER/JEGMER02.cif,tests/data/csd_families/JEGMER/JEGMER04.cif,15,0.01692277413141814,1,0.014056390095944817,
JEGMER,random,JEGMER03.cif,JEGMER04.cif,tests/data/csd_families/JEGMER/JEGMER03.cif,tests/data/csd_families/JEGMER/JEGMER04.cif,15,0.0203634782583012,1,0.013857919208303713,
JEXKUS,random,JEXKUS.cif,JEXKUS03.cif,tests/data/csd_families/JEXKUS/JEXKUS.cif,tests/data/csd_families/JEXKUS/JEXKUS03.cif,15,0.03901697656610154,1,0.015856412756088442,
JEXKUS,random,JEXKUS.cif,JEXKUS06.cif,tests/data/csd_families/JEXKUS/JEXKUS.cif,tests/data/csd_families/JEXKUS/JEXKUS06.cif,15,0.028522025030337846,1,0.009619346608732976,
JEXKUS,random,JEXKUS03.cif,JEXKUS06.cif,tests/data/csd_families/JEXKUS/JEXKUS03.cif,tests/data/csd_families/JEXKUS/JEXKUS06.cif,15,0.06427909510041295,1,0.02050337359213884,
JINDIX,random,JINDIX.cif,JINDIX01.cif,tests/data/csd_families/JINDIX/JINDIX.cif,tests/data/csd_families/JINDIX/JINDIX01.cif,15,0.03497240797946793,1,0.023574964957935627,
JINDIX,random,JINDIX.cif,JINDIX02.cif,tests/data/csd_families/JINDIX/JINDIX.cif,tests/data/csd_families/JINDIX/JINDIX02.cif,15,0.10893418238755662,1,0.04450534272764272,
JINDIX,random,JINDIX01.cif,JINDIX02.cif,tests/data/csd_families/JINDIX/JINDIX01.cif,tests/data/csd_families/JINDIX/JINDIX02.cif,15,0.08378820081552414,1,0.029047478233785378,
JIRRIL,random,JIRRIL.cif,JIRRIL01.cif,tests/data/csd_families/JIRRIL/JIRRIL.cif,tests/data/csd_families/JIRRIL/JIRRIL01.cif,0,nan,0,nan,RuntimeError:MotifSearch Timeout
JIRRIL,random,JIRRIL.cif,JIRRIL02.cif,tests/data/csd_families/JIRRIL/JIRRIL.cif,tests/data/csd_families/JIRRIL/JIRRIL02.cif,0,nan,0,nan,RuntimeError:MotifSearch Timeout
JIRRIL,random,JIRRIL.cif,JIRRIL03.cif,tests/data/csd_families/JIRRIL/JIRRIL.cif,tests/data/csd_families/JIRRIL/JIRRIL03.cif,0,nan,0,nan,RuntimeError:MotifSearch Timeout
JIRRIL,random,JIRRIL01.cif,JIRRIL02.cif,tests/data/csd_families/JIRRIL/JIRRIL01.cif,tests/data/csd_families/JIRRIL/JIRRIL02.cif,0,nan,0,nan,RuntimeError:MotifSearch Timeout
JIRRIL,random,JIRRIL01.cif,JIRRIL03.cif,tests/data/csd_families/JIRRIL/JIRRIL01.cif,tests/data/csd_families/JIRRIL/JIRRIL03.cif,15,0.060275448847251625,1,0.00848631860408746,
JIRRIL,random,JIRRIL02.cif,JIRRIL03.cif,tests/data/csd_families/JIRRIL/JIRRIL02.cif,tests/data/csd_families/JIRRIL/JIRRIL03.cif,0,nan,0,nan,RuntimeError:MotifSearch Timeout
JIXCUR,random,JIXCUR01.cif,JIXCUR02.cif,tests/data/csd_families/JIXCUR/JIXCUR01.cif,tests/data/csd_families/JIXCUR/JIXCUR02.cif,15,0.07761047623822344,1,0.023028255489233613,
JIXCUR,random,JIXCUR01.cif,JIXCUR03.cif,tests/data/csd_families/JIXCUR/JIXCUR01.cif,tests/data/csd_families/JIXCUR/JIXCUR03.cif,15,0.20115199760245614,1,0.05959308553680952,
JIXCUR,random,JIXCUR02.cif,JIXCUR03.cif,tests/data/csd_families/JIXCUR/JIXCUR02.cif,tests/data/csd_families/JIXCUR/JIXCUR03.cif,15,0.12453572176135698,1,0.03757624927131351,
JOFJEW,random,JOFJEW.cif,JOFJEW02.cif,tests/data/csd_families/JOFJEW/JOFJEW.cif,tests/data/csd_families/JOFJEW/JOFJEW02.cif,15,0.03344819128720097,1,0.007362662136416837,
JOFJEW,random,JOFJEW.cif,JOFJEW03.cif,tests/data/csd_families/JOFJEW/JOFJEW.cif,tests/data/csd_families/JOFJEW/JOFJEW03.cif,15,0.026618601768310154,1,0.005355907224915112,
JOFJEW,random,JOFJEW.cif,JOFJEW04.cif,tests/data/csd_families/JOFJEW/JOFJEW.cif,tests/data/csd_families/JOFJEW/JOFJEW04.cif,15,0.02123959902485067,1,0.003904381042404932,
JOFJEW,random,JOFJEW.cif,JOFJEW05.cif,tests/data/csd_families/JOFJEW/JOFJEW.cif,tests/data/csd_families/JOFJEW/JOFJEW05.cif,15,0.01534557706722733,1,0.002726075290706142,
JOFJEW,random,JOFJEW02.cif,JOFJEW03.cif,tests/data/csd_families/JOFJEW/JOFJEW02.cif,tests/data/csd_families/JOFJEW/JOFJEW03.cif,15,0.007379144060946812,1,0.003773390831918492,
JOFJEW,random,JOFJEW02.cif,JOFJEW04.cif,tests/data/csd_families/JOFJEW/JOFJEW02.cif,tests/data/csd_families/JOFJEW/JOFJEW04.cif,15,0.012749446021806797,1,0.004418004060618325,
JOFJEW,random,JOFJEW02.cif,JOFJEW05.cif,tests/data/csd_families/JOFJEW/JOFJEW02.cif,tests/data/csd_families/JOFJEW/JOFJEW05.cif,15,0.0189315162286587,1,0.005598968674747665,
JOFJEW,random,JOFJEW03.cif,JOFJEW04.cif,tests/data/csd_families/JOFJEW/JOFJEW03.cif,tests/data/csd_families/JOFJEW/JOFJEW04.cif,15,0.006455378499893299,1,0.0035165995815458163,
JOFJEW,random,JOFJEW03.cif,JOFJEW05.cif,tests/data/csd_families/JOFJEW/JOFJEW03.cif,tests/data/csd_families/JOFJEW/JOFJEW05.cif,15,0.012351678904712723,1,0.004091269078567071,
JOFJEW,random,JOFJEW04.cif,JOFJEW05.cif,tests/data/csd_families/JOFJEW/JOFJEW04.cif,tests/data/csd_families/JOFJEW/JOFJEW05.cif,15,0.006525674210604283,1,0.0023140351772333173,
KABNAG,random,KABNAG.cif,KABNAG01.cif,tests/data/csd_families/KABNAG/KABNAG.cif,tests/data/csd_families/KABNAG/KABNAG01.cif,15,0.061083282965330984,1,0.017743593499910608,
KABNAG,random,KABNAG.cif,KABNAG02.cif,tests/data/csd_families/KABNAG/KABNAG.cif,tests/data/csd_families/KABNAG/KABNAG02.cif,0,nan,0,nan,RuntimeError:MotifSearch Timeout
KABNAG,random,KABNAG01.cif,KABNAG02.cif,tests/data/csd_families/KABNAG/KABNAG01.cif,tests/data/csd_families/KABNAG/KABNAG02.cif,15,0.45130591834451067,1,0.23113102168909583,
KANZEE,random,KANZEE.cif,KANZEE01.cif,tests/data/csd_families/KANZEE/KANZEE.cif,tests/data/csd_families/KANZEE/KANZEE01.cif,15,0.10691394079110582,1,0.016777721702562375,
KANZEE,random,KANZEE.cif,KANZEE02.cif,tests/data/csd_families/KANZEE/KANZEE.cif,tests/data/csd_families/KANZEE/KANZEE02.cif,15,0.055954777896857884,1,0.012291380574594866,
KANZEE,random,KANZEE.cif,KANZEE03.cif,tests/data/csd_families/KANZEE/KANZEE.cif,tests/data/csd_families/KANZEE/KANZEE03.cif,15,0.1814876698557642,1,0.14235082933776003,
KANZEE,random,KANZEE.cif,KANZEE04.cif,tests/data/csd_families/KANZEE/KANZEE.cif,tests/data/csd_families/KANZEE/KANZEE04.cif,0,nan,0,nan,RuntimeError:MotifSearch Timeout
KANZEE,random,KANZEE01.cif,KANZEE02.cif,tests/data/csd_families/KANZEE/KANZEE01.cif,tests/data/csd_families/KANZEE/KANZEE02.cif,15,0.05310358036875085,1,0.009209292740546228,
KANZEE,random,KANZEE01.cif,KANZEE03.cif,tests/data/csd_families/KANZEE/KANZEE01.cif,tests/data/csd_families/KANZEE/KANZEE03.cif,15,0.15492578382270922,1,0.020359133503911952,
KANZEE,random,KANZEE01.cif,KANZEE04.cif,tests/data/csd_families/KANZEE/KANZEE01.cif,tests/data/csd_families/KANZEE/KANZEE04.cif,15,0.1938462870779158,1,0.07306926286058088,
KANZEE,random,KANZEE02.cif,KANZEE03.cif,tests/data/csd_families/KANZEE/KANZEE02.cif,tests/data/csd_families/KANZEE/KANZEE03.cif,15,0.15186767517649322,1,0.01782243563868362,
KANZEE,random,KANZEE02.cif,KANZEE04.cif,tests/data/csd_families/KANZEE/KANZEE02.cif,tests/data/csd_families/KANZEE/KANZEE04.cif,15,0.1908746582282927,1,0.07266214694293066,
KANZEE,random,KANZEE03.cif,KANZEE04.cif,tests/data/csd_families/KANZEE/KANZEE03.cif,tests/data/csd_families/KANZEE/KANZEE04.cif,15,0.09686881197544447,1,0.09965339467949753,
KAVJUP,random,KAVJUP.cif,KAVJUP01.cif,tests/data/csd_families/KAVJUP/KAVJUP.cif,tests/data/csd_families/KAVJUP/KAVJUP01.cif,15,0.0868663528043803,1,0.04729108435169236,
KAVJUP,random,KAVJUP.cif,KAVJUP02.cif,tests/data/csd_families/KAVJUP/KAVJUP.cif,tests/data/csd_families/KAVJUP/KAVJUP02.cif,15,0.09520098712244042,1,0.04456666504665105,
KAVJUP,random,KAVJUP.cif,KAVJUP03.cif,tests/data/csd_families/KAVJUP/KAVJUP.cif,tests/data/csd_families/KAVJUP/KAVJUP03.cif,15,0.11198075950207147,1,0.06093974083884583,
KAVJUP,random,KAVJUP.cif,KAVJUP04.cif,tests/data/csd_families/KAVJUP/KAVJUP.cif,tests/data/csd_families/KAVJUP/KAVJUP04.cif,15,0.08091574396320386,1,0.0325289921505832,
KAVJUP,random,KAVJUP01.cif,KAVJUP02.cif,tests/data/csd_families/KAVJUP/KAVJUP01.cif,tests/data/csd_families/KAVJUP/KAVJUP02.cif,15,0.05880984716057233,1,0.0435333458117232,
KAVJUP,random,KAVJUP01.cif,KAVJUP03.cif,tests/data/csd_families/KAVJUP/KAVJUP01.cif,tests/data/csd_families/KAVJUP/KAVJUP03.cif,15,0.08275704751932013,1,0.06787455828700042,
KAVJUP,random,KAVJUP01.cif,KAVJUP04.cif,tests/data/csd_families/KAVJUP/KAVJUP01.cif,tests/data/csd_families/KAVJUP/KAVJUP04.cif,15,0.04721156015858996,1,0.038612135920336736,
KAVJUP,random,KAVJUP02.cif,KAVJUP03.cif,tests/data/csd_families/KAVJUP/KAVJUP02.cif,tests/data/csd_families/KAVJUP/KAVJUP03.cif,15,0.04915299202360164,1,0.04377745239471261,
KAVJUP,random,KAVJUP02.cif,KAVJUP04.cif,tests/data/csd_families/KAVJUP/KAVJUP02.cif,tests/data/csd_families/KAVJUP/KAVJUP04.cif,15,0.04048680628289292,1,0.0350474080519122,
KAVJUP,random,KAVJUP03.cif,KAVJUP04.cif,tests/data/csd_families/KAVJUP/KAVJUP03.cif,tests/data/csd_families/KAVJUP/KAVJUP04.cif,15,0.0631396487152981,1,0.05350044479885049,
KESQUW,random,KESQUW.cif,KESQUW01.cif,tests/data/csd_families/KESQUW/KESQUW.cif,tests/data/csd_families/KESQUW/KESQUW01.cif,15,0.19580435249389364,1,0.06722409203837178,
KESQUW,random,KESQUW.cif,KESQUW02.cif,tests/data/csd_families/KESQUW/KESQUW.cif,tests/data/csd_families/KESQUW/KESQUW02.cif,15,0.19276887109359883,1,0.06721175081084972,
KESQUW,random,KESQUW.cif,KESQUW03.cif,tests/data/csd_families/KESQUW/KESQUW.cif,tests/data/csd_families/KESQUW/KESQUW03.cif,15,0.11851375741659209,1,0.04671116272945466,
KESQUW,random,KESQUW01.cif,KESQUW02.cif,tests/data/csd_families/KESQUW/KESQUW01.cif,tests/data/csd_families/KESQUW/KESQUW02.cif,15,0.012382004019357145,1,0.004924666353921575,
KESQUW,random,KESQUW01.cif,KESQUW03.cif,tests/data/csd_families/KESQUW/KESQUW01.cif,tests/data/csd_families/KESQUW/KESQUW03.cif,15,0.117526121350124,1,0.029912185276984395,
KESQUW,random,KESQUW02.cif,KESQUW03.cif,tests/data/csd_families/KESQUW/KESQUW02.cif,tests/data/csd_families/KESQUW/KESQUW03.cif,15,0.10985054595213538,1,0.030057868455679673,
KHMALA,random,KHMALA.cif,KHMALA01.cif,tests/data/csd_families/KHMALA/KHMALA.cif,tests/data/csd_families/KHMALA/KHMALA01.cif,12,1.741861189847285e-16,1,0.0,
KHMALA,random,KHMALA.cif,KHMALA12.cif,tests/data/csd_families/KHMALA/KHMALA.cif,tests/data/csd_families/KHMALA/KHMALA12.cif,5,1.7851372078074592,1,1.0053503570322992,
KHMALA,random,KHMALA01.cif,KHMALA12.cif,tests/data/csd_families/KHMALA/KHMALA01.cif,tests/data/csd_families/KHMALA/KHMALA12.cif,13,0.04894085210837068,1,0.007081135565397766,
KIXKAD,random,KIXKAD.cif,KIXKAD01.cif,tests/data/csd_families/KIXKAD/KIXKAD.cif,tests/data/csd_families/KIXKAD/KIXKAD01.cif,15,0.06846201425737852,1,0.020458541394895044,
KIXKAD,random,KIXKAD.cif,KIXKAD02.cif,tests/data/csd_families/KIXKAD/KIXKAD.cif,tests/data/csd_families/KIXKAD/KIXKAD02.cif,15,0.06315554562368637,1,0.020051480339734903,
KIXKAD,random,KIXKAD.cif,KIXKAD03.cif,tests/data/csd_families/KIXKAD/KIXKAD.cif,tests/data/csd_families/KIXKAD/KIXKAD03.cif,15,0.0055475014042988225,1,0.003751136414767751,
KIXKAD,random,KIXKAD01.cif,KIXKAD02.cif,tests/data/csd_families/KIXKAD/KIXKAD01.cif,tests/data/csd_families/KIXKAD/KIXKAD02.cif,15,0.011611841779404834,1,0.004490019691727903,
KIXKAD,random,KIXKAD01.cif,KIXKAD03.cif,tests/data/csd_families/KIXKAD/KIXKAD01.cif,tests/data/csd_families/KIXKAD/KIXKAD03.cif,15,0.06925289508506782,1,0.02063719380835388,
KIXKAD,random,KIXKAD02.cif,KIXKAD03.cif,tests/data/csd_families/KIXKAD/KIXKAD02.cif,tests/data/csd_families/KIXKAD/KIXKAD03.cif,15,0.06369218683976466,1,0.02003238151403678,
KIYSEQ,random,KIYSEQ.cif,KIYSEQ01.cif,tests/data/csd_families/KIYSEQ/KIYSEQ.cif,tests/data/csd_families/KIYSEQ/KIYSEQ01.cif,15,0.2086256910826404,1,0.07714220961216026,
KIYSEQ,random,KIYSEQ.cif,KIYSEQ02.cif,tests/data/csd_families/KIYSEQ/KIYSEQ.cif,tests/data/csd_families/KIYSEQ/KIYSEQ02.cif,15,0.18320430587387687,1,0.0685942241979234,
KIYSEQ,random,KIYSEQ.cif,KIYSEQ03.cif,tests/data/csd_families/KIYSEQ/KIYSEQ.cif,tests/data/csd_families/KIYSEQ/KIYSEQ03.cif,15,0.014835816264527218,1,0.012081866411419081,
KIYSEQ,random,KIYSEQ01.cif,KIYSEQ02.cif,tests/data/csd_families/KIYSEQ/KIYSEQ01.cif,tests/data/csd_families/KIYSEQ/KIYSEQ02.cif,15,0.02727474623497245,1,0.010973978595274575,
KIYSEQ,random,KIYSEQ01.cif,KIYSEQ03.cif,tests/data/csd_families/KIYSEQ/KIYSEQ01.cif,tests/data/csd_families/KIYSEQ/KIYSEQ03.cif,15,0.20012116057418233,1,0.07271419589444249,
KIYSEQ,random,KIYSEQ02.cif,KIYSEQ03.cif,tests/data/csd_families/KIYSEQ/KIYSEQ02.cif,tests/data/csd_families/KIYSEQ/KIYSEQ03.cif,15,0.1747555561658688,1,0.06420533270434643,
KIZXAW,random,KIZXAW.cif,KIZXAW01.cif,tests/data/csd_families/KIZXAW/KIZXAW.cif,tests/data/csd_families/KIZXAW/KIZXAW01.cif,15,0.04363836353205913,1,0.015202610370028203,
KIZXAW,random,KIZXAW.cif,KIZXAW03.cif,tests/data/csd_families/KIZXAW/KIZXAW.cif,tests/data/csd_families/KIZXAW/KIZXAW03.cif,15,0.039487313696802785,1,0.012025393197826341,
KIZXAW,random,KIZXAW01.cif,KIZXAW03.cif,tests/data/csd_families/KIZXAW/KIZXAW01.cif,tests/data/csd_families/KIZXAW/KIZXAW03.cif,15,0.012766191883946502,1,0.009441362458736252,
KORSAL,random,KORSAL.cif,KORSAL01.cif,tests/data/csd_families/KORSAL/KORSAL.cif,tests/data/csd_families/KORSAL/KORSAL01.cif,15,0.013379008268015025,1,0.010739770480482302,
KORSAL,random,KORSAL.cif,KORSAL02.cif,tests/data/csd_families/KORSAL/KORSAL.cif,tests/data/csd_families/KORSAL/KORSAL02.cif,15,0.04441686714070715,1,0.012390054898612167,
KORSAL,random,KORSAL01.cif,KORSAL02.cif,tests/data/csd_families/KORSAL/KORSAL01.cif,tests/data/csd_families/KORSAL/KORSAL02.cif,15,0.040182022806186705,1,0.006389679290942051,
KTPHEB,random,KTPHEB.cif,KTPHEB01.cif,tests/data/csd_families/KTPHEB/KTPHEB.cif,tests/data/csd_families/KTPHEB/KTPHEB01.cif,15,0.07067606885786318,1,0.05284858915683899,
KTPHEB,random,KTPHEB.cif,KTPHEB02.cif,tests/data/csd_families/KTPHEB/KTPHEB.cif,tests/data/csd_families/KTPHEB/KTPHEB02.cif,15,0.06945915148043928,1,0.019088366205166983,
KTPHEB,random,KTPHEB.cif,KTPHEB03.cif,tests/data/csd_families/KTPHEB/KTPHEB.cif,tests/data/csd_families/KTPHEB/KTPHEB03.cif,15,0.04386536234080241,1,0.018404691791946187,
KTPHEB,random,KTPHEB01.cif,KTPHEB02.cif,tests/data/csd_families/KTPHEB/KTPHEB01.cif,tests/data/csd_families/KTPHEB/KTPHEB02.cif,15,0.1221020465416583,1,0.04792725497731866,
KTPHEB,random,KTPHEB01.cif,KTPHEB03.cif,tests/data/csd_families/KTPHEB/KTPHEB01.cif,tests/data/csd_families/KTPHEB/KTPHEB03.cif,15,0.0977034561106904,1,0.04643670964485478,
KTPHEB,random,KTPHEB02.cif,KTPHEB03.cif,tests/data/csd_families/KTPHEB/KTPHEB02.cif,tests/data/csd_families/KTPHEB/KTPHEB03.cif,15,0.027556200746901044,1,0.005032448006386423,
KUZYAI,random,KUZYAI.cif,KUZYAI01.cif,tests/data/csd_families/KUZYAI/KUZYAI.cif,tests/data/csd_families/KUZYAI/KUZYAI01.cif,15,0.0066164071034708425,1,0.00364895845157734,
KUZYAI,random,KUZYAI.cif,KUZYAI02.cif,tests/data/csd_families/KUZYAI/KUZYAI.cif,tests/data/csd_families/KUZYAI/KUZYAI02.cif,15,0.14588410667672116,1,0.01822532124406305,
KUZYAI,random,KUZYAI01.cif,KUZYAI02.cif,tests/data/csd_families/KUZYAI/KUZYAI01.cif,tests/data/csd_families/KUZYAI/KUZYAI02.cif,15,0.15266610235526207,1,0.015711920688113182,
LABSEM,random,LABSEM.cif,LABSEM01.cif,tests/data/csd_families/LABSEM/LABSEM.cif,tests/data/csd_families/LABSEM/LABSEM01.cif,15,0.004188053763244619,1,0.002526392280587921,
LABSEM,random,LABSEM.cif,LABSEM02.cif,tests/data/csd_families/LABSEM/LABSEM.cif,tests/data/csd_families/LABSEM/LABSEM02.cif,15,0.021225294513135793,1,0.005961114056093045,
LABSEM,random,LABSEM.cif,LABSEM03.cif,tests/data/csd_families/LABSEM/LABSEM.cif,tests/data/csd_families/LABSEM/LABSEM03.cif,7,1.6736258546185387,1,0.40702555596122597,
LABSEM,random,LABSEM.cif,LABSEM04.cif,tests/data/csd_families/LABSEM/LABSEM.cif,tests/data/csd_families/LABSEM/LABSEM04.cif,7,1.6842162763085968,1,0.4122689114505674,
LABSEM,random,LABSEM01.cif,LABSEM02.cif,tests/data/csd_families/LABSEM/LABSEM01.cif,tests/data/csd_families/LABSEM/LABSEM02.cif,15,0.02013311611547378,1,0.0044028301841945805,
LABSEM,random,LABSEM01.cif,LABSEM03.cif,tests/data/csd_families/LABSEM/LABSEM01.cif,tests/data/csd_families/LABSEM/LABSEM03.cif,7,1.397081310695475,1,0.40707313829761466,
LABSEM,random,LABSEM01.cif,LABSEM04.cif,tests/data/csd_families/LABSEM/LABSEM01.cif,tests/data/csd_families/LABSEM/LABSEM04.cif,7,1.3934666544579066,1,0.4122932449327714,
LABSEM,random,LABSEM02.cif,LABSEM03.cif,tests/data/csd_families/LABSEM/LABSEM02.cif,tests/data/csd_families/LABSEM/LABSEM03.cif,7,1.6674689545136243,1,0.40562755452842936,
LABSEM,random,LABSEM02.cif,LABSEM04.cif,tests/data/csd_families/LABSEM/LABSEM02.cif,tests/data/csd_families/LABSEM/LABSEM04.cif,7,1.6776979380663348,1,0.41069070745854,
LABSEM,random,LABSEM03.cif,LABSEM04.cif,tests/data/csd_families/LABSEM/LABSEM03.cif,tests/data/csd_families/LABSEM/LABSEM04.cif,11,0.06061801125436526,1,0.04188521773208606,
LAGHOQ,random,LAGHOQ.cif,LAGHOQ01.cif,tests/data/csd_families/LAGHOQ/LAGHOQ.cif,tests/data/csd_families/LAGHOQ/LAGHOQ01.cif,15,0.0324056792171205,1,0.01193970436223675,
LAGHOQ,random,LAGHOQ.cif,LAGHOQ02.cif,tests/data/csd_families/LAGHOQ/LAGHOQ.cif,tests/data/csd_families/LAGHOQ/LAGHOQ02.cif,15,0.016871250481906942,1,0.0030399479384679616,
LAGHOQ,random,LAGHOQ.cif,LAGHOQ03.cif,tests/data/csd_families/LAGHOQ/LAGHOQ.cif,tests/data/csd_families/LAGHOQ/LAGHOQ03.cif,15,0.0234802573013681,1,0.004528556151878046,
LAGHOQ,random,LAGHOQ01.cif,LAGHOQ02.cif,tests/data/csd_families/LAGHOQ/LAGHOQ01.cif,tests/data/csd_families/LAGHOQ/LAGHOQ02.cif,15,0.0479238711895494,1,0.01365860643693325,
LAGHOQ,random,LAGHOQ01.cif,LAGHOQ03.cif,tests/data/csd_families/LAGHOQ/LAGHOQ01.cif,tests/data/csd_families/LAGHOQ/LAGHOQ03.cif,15,0.053099273250644986,1,0.014258601510564082,
LAGHOQ,random,LAGHOQ02.cif,LAGHOQ03.cif,tests/data/csd_families/LAGHOQ/LAGHOQ02.cif,tests/data/csd_families/LAGHOQ/LAGHOQ03.cif,15,0.00885911032124295,1,0.003798907978703174,
LALNIN,random,LALNIN.cif,LALNIN01.cif,tests/data/csd_families/LALNIN/LALNIN.cif,tests/data/csd_families/LALNIN/LALNIN01.cif,15,0.006848625389112446,1,0.004621481214536112,
LALNIN,random,LALNIN.cif,LALNIN03.cif,tests/data/csd_families/LALNIN/LALNIN.cif,tests/data/csd_families/LALNIN/LALNIN03.cif,15,0.07843826350594453,1,0.008226357548657819,
LALNIN,random,LALNIN.cif,LALNIN12.cif,tests/data/csd_families/LALNIN/LALNIN.cif,tests/data/csd_families/LALNIN/LALNIN12.cif,15,0.007555389124203534,1,0.004035567263320488,
LALNIN,random,LALNIN.cif,LALNIN14.cif,tests/data/csd_families/LALNIN/LALNIN.cif,tests/data/csd_families/LALNIN/LALNIN14.cif,15,0.01591731942830099,1,0.004024317982303321,
LALNIN,random,LALNIN01.cif,LALNIN03.cif,tests/data/csd_families/LALNIN/LALNIN01.cif,tests/data/csd_families/LALNIN/LALNIN03.cif,15,0.07489282995214712,1,0.008440081909244305,
LALNIN,random,LALNIN01.cif,LALNIN12.cif,tests/data/csd_families/LALNIN/LALNIN01.cif,tests/data/csd_families/LALNIN/LALNIN12.cif,15,0.008317423847483525,1,0.0047487192687243095,
LALNIN,random,LALNIN01.cif,LALNIN14.cif,tests/data/csd_families/LALNIN/LALNIN01.cif,tests/data/csd_families/LALNIN/LALNIN14.cif,15,0.01550884311882991,1,0.0042178768809601865,
LALNIN,random,LALNIN03.cif,LALNIN12.cif,tests/data/csd_families/LALNIN/LALNIN03.cif,tests/data/csd_families/LALNIN/LALNIN12.cif,15,0.07402924352518686,1,0.007997284966440138,
LALNIN,random,LALNIN03.cif,LALNIN14.cif,tests/data/csd_families/LALNIN/LALNIN03.cif,tests/data/csd_families/LALNIN/LALNIN14.cif,15,0.057756427241219016,1,0.005157807301862667,
LALNIN,random,LALNIN12.cif,LALNIN14.cif,tests/data/csd_families/LALNIN/LALNIN12.cif,tests/data/csd_families/LALNIN/LALNIN14.cif,15,0.012996521401319785,1,0.0029072681708459357,
LAZHID,random,LAZHID.cif,LAZHID01.cif,tests/data/csd_families/LAZHID/LAZHID.cif,tests/data/csd_families/LAZHID/LAZHID01.cif,0,nan,0,nan,RuntimeError:MotifSearch Timeout
LAZHID,random,LAZHID.cif,LAZHID02.cif,tests/data/csd_families/LAZHID/LAZHID.cif,tests/data/csd_families/LAZHID/LAZHID02.cif,15,0.20861729203103024,1,0.10972265028083822,
LAZHID,random,LAZHID.cif,LAZHID03.cif,tests/data/csd_families/LAZHID/LAZHID.cif,tests/data/csd_families/LAZHID/LAZHID03.cif,15,0.19152893473084845,1,0.0975329844026445,
LAZHID,random,LAZHID01.cif,LAZHID02.cif,tests/data/csd_families/LAZHID/LAZHID01.cif,tests/data/csd_families/LAZHID/LAZHID02.cif,0,nan,0,nan,RuntimeError:MotifSearch Timeout
LAZHID,random,LAZHID01.cif,LAZHID03.cif,tests/data/csd_families/LAZHID/LAZHID01.cif,tests/data/csd_families/LAZHID/LAZHID03.cif,0,nan,0,nan,RuntimeError:MotifSearch Timeout
LAZHID,random,LAZHID02.cif,LAZHID03.cif,tests/data/csd_families/LAZHID/LAZHID02.cif,tests/data/csd_families/LAZHID/LAZHID03.cif,15,0.046640018455955654,1,0.015885011171837826,
LSERIN,random,LSERIN01.cif,LSERIN10.cif,tests/data/csd_families/LSERIN/LSERIN01.cif,tests/data/csd_families/LSERIN/LSERIN10.cif,15,0.017752502492539773,1,0.01026860140105371,
LSERIN,random,LSERIN01.cif,LSERIN11.cif,tests/data/csd_families/LSERIN/LSERIN01.cif,tests/data/csd_families/LSERIN/LSERIN11.cif,15,0.07907994853923471,1,0.017020880984586595,
LSERIN,random,LSERIN01.cif,LSERIN12.cif,tests/data/csd_families/LSERIN/LSERIN01.cif,tests/data/csd_families/LSERIN/LSERIN12.cif,15,0.17091144036842493,1,0.014449092396641544,
LSERIN,random,LSERIN01.cif,LSERIN13.cif,tests/data/csd_families/LSERIN/LSERIN01.cif,tests/data/csd_families/LSERIN/LSERIN13.cif,15,0.25164292423539425,1,0.02127549459719667,
LSERIN,random,LSERIN10.cif,LSERIN11.cif,tests/data/csd_families/LSERIN/LSERIN10.cif,tests/data/csd_families/LSERIN/LSERIN11.cif,15,0.06926740555793073,1,0.020654385766791416,
LSERIN,random,LSERIN10.cif,LSERIN12.cif,tests/data/csd_families/LSERIN/LSERIN10.cif,tests/data/csd_families/LSERIN/LSERIN12.cif,15,0.15932346619635182,1,0.014366144426595678,
LSERIN,random,LSERIN10.cif,LSERIN13.cif,tests/data/csd_families/LSERIN/LSERIN10.cif,tests/data/csd_families/LSERIN/LSERIN13.cif,15,0.24034317285298434,1,0.0217131574313423,
LSERIN,random,LSERIN11.cif,LSERIN12.cif,tests/data/csd_families/LSERIN/LSERIN11.cif,tests/data/csd_families/LSERIN/LSERIN12.cif,15,0.09510777242741877,1,0.01593277608722838,
LSERIN,random,LSERIN11.cif,LSERIN13.cif,tests/data/csd_families/LSERIN/LSERIN11.cif,tests/data/csd_families/LSERIN/LSERIN13.cif,15,0.17515860794824978,1,0.01882806326655241,
LSERIN,random,LSERIN12.cif,LSERIN13.cif,tests/data/csd_families/LSERIN/LSERIN12.cif,tests/data/csd_families/LSERIN/LSERIN13.cif,15,0.0824063691408518,1,0.009023148536076393,
LTYROS,random,LTYROS10.cif,LTYROS11.cif,tests/data/csd_families/LTYROS/LTYROS10.cif,tests/data/csd_families/LTYROS/LTYROS11.cif,15,0.005046073278651494,1,0.004332581698413512,
LTYROS,random,LTYROS10.cif,LTYROS12.cif,tests/data/csd_families/LTYROS/LTYROS10.cif,tests/data/csd_families/LTYROS/LTYROS12.cif,15,0.18126038694589416,1,0.06031486374290853,
LTYROS,random,LTYROS10.cif,LTYROS13.cif,tests/data/csd_families/LTYROS/LTYROS10.cif,tests/data/csd_families/LTYROS/LTYROS13.cif,15,0.0108525176046137,1,0.008862089900004581,
LTYROS,random,LTYROS10.cif,LTYROS14.cif,tests/data/csd_families/LTYROS/LTYROS10.cif,tests/data/csd_families/LTYROS/LTYROS14.cif,9,0.7897079476182157,1,0.07064067058887036,
LTYROS,random,LTYROS11.cif,LTYROS12.cif,tests/data/csd_families/LTYROS/LTYROS11.cif,tests/data/csd_families/LTYROS/LTYROS12.cif,15,0.1802583190027426,1,0.05962920282525974,
LTYROS,random,LTYROS11.cif,LTYROS13.cif,tests/data/csd_families/LTYROS/LTYROS11.cif,tests/data/csd_families/LTYROS/LTYROS13.cif,15,0.011610372632152565,1,0.009046257221617893,
LTYROS,random,LTYROS11.cif,LTYROS14.cif,tests/data/csd_families/LTYROS/LTYROS11.cif,tests/data/csd_families/LTYROS/LTYROS14.cif,9,0.7888368951768422,1,0.07048329485667629,
LTYROS,random,LTYROS12.cif,LTYROS13.cif,tests/data/csd_families/LTYROS/LTYROS12.cif,tests/data/csd_families/LTYROS/LTYROS13.cif,15,0.18489029657524708,1,0.06298981629342816,
LTYROS,random,LTYROS12.cif,LTYROS14.cif,tests/data/csd_families/LTYROS/LTYROS12.cif,tests/data/csd_families/LTYROS/LTYROS14.cif,9,0.7755502611562171,1,0.09038858364092518,
LTYROS,random,LTYROS13.cif,LTYROS14.cif,tests/data/csd_families/LTYROS/LTYROS13.cif,tests/data/csd_families/LTYROS/LTYROS14.cif,10,1.3861283052720537,1,0.07055299322414368,
MAJHIO,random,MAJHIO.cif,MAJHIO01.cif,tests/data/csd_families/MAJHIO/MAJHIO.cif,tests/data/csd_families/MAJHIO/MAJHIO01.cif,15,0.0,1,0.0,
MAJHIO,random,MAJHIO.cif,MAJHIO02.cif,tests/data/csd_families/MAJHIO/MAJHIO.cif,tests/data/csd_families/MAJHIO/MAJHIO02.cif,15,0.026007798887920472,1,0.015116051569807078,
MAJHIO,random,MAJHIO01.cif,MAJHIO02.cif,tests/data/csd_families/MAJHIO/MAJHIO01.cif,tests/data/csd_families/MAJHIO/MAJHIO02.cif,15,0.026007798887920472,1,0.015116051569807078,
MATRNO,random,MATRNO.cif,MATRNO01.cif,tests/data/csd_families/MATRNO/MATRNO.cif,tests/data/csd_families/MATRNO/MATRNO01.cif,7,2.2436629632610665,1,0.07871110849237746,
MATRNO,random,MATRNO.cif,MATRNO02.cif,tests/data/csd_families/MATRNO/MATRNO.cif,tests/data/csd_families/MATRNO/MATRNO02.cif,15,0.025788534293327926,1,0.021693085082997457,
MATRNO,random,MATRNO.cif,MATRNO03.cif,tests/data/csd_families/MATRNO/MATRNO.cif,tests/data/csd_families/MATRNO/MATRNO03.cif,6,1.4370504618318862,1,0.08214437997440664,
MATRNO,random,MATRNO01.cif,MATRNO02.cif,tests/data/csd_families/MATRNO/MATRNO01.cif,tests/data/csd_families/MATRNO/MATRNO02.cif,7,2.247465123174723,1,0.07263503165233486,
MATRNO,random,MATRNO01.cif,MATRNO03.cif,tests/data/csd_families/MATRNO/MATRNO01.cif,tests/data/csd_families/MATRNO/MATRNO03.cif,15,0.0527741657313249,1,0.007801687309469855,
MATRNO,random,MATRNO02.cif,MATRNO03.cif,tests/data/csd_families/MATRNO/MATRNO02.cif,tests/data/csd_families/MATRNO/MATRNO03.cif,7,2.2484516586288144,1,0.0766019835742984,
MEBXID,random,MEBXID.cif,MEBXID01.cif,tests/data/csd_families/MEBXID/MEBXID.cif,tests/data/csd_families/MEBXID/MEBXID01.cif,15,0.04591549130091468,1,0.010715440988834764,
MEBXID,random,MEBXID.cif,MEBXID02.cif,tests/data/csd_families/MEBXID/MEBXID.cif,tests/data/csd_families/MEBXID/MEBXID02.cif,15,0.09119064994879285,1,0.015563266609387068,
MEBXID,random,MEBXID.cif,MEBXID03.cif,tests/data/csd_families/MEBXID/MEBXID.cif,tests/data/csd_families/MEBXID/MEBXID03.cif,15,0.021453341964458972,1,0.006557496815063815,
MEBXID,random,MEBXID.cif,MEBXID04.cif,tests/data/csd_families/MEBXID/MEBXID.cif,tests/data/csd_families/MEBXID/MEBXID04.cif,15,0.06680613439495765,1,0.013601054411122925,
MEBXID,random,MEBXID01.cif,MEBXID02.cif,tests/data/csd_families/MEBXID/MEBXID01.cif,tests/data/csd_families/MEBXID/MEBXID02.cif,15,0.04771970551332369,1,0.011682619507271959,
MEBXID,random,MEBXID01.cif,MEBXID03.cif,tests/data/csd_families/MEBXID/MEBXID01.cif,tests/data/csd_families/MEBXID/MEBXID03.cif,15,0.026193338405970126,1,0.010179816154533632,
MEBXID,random,MEBXID01.cif,MEBXID04.cif,tests/data/csd_families/MEBXID/MEBXID01.cif,tests/data/csd_families/MEBXID/MEBXID04.cif,15,0.023963493263661494,1,0.010816851223794352,
MEBXID,random,MEBXID02.cif,MEBXID03.cif,tests/data/csd_families/MEBXID/MEBXID02.cif,tests/data/csd_families/MEBXID/MEBXID03.cif,15,0.07121519104562159,1,0.013207560041179196,
MEBXID,random,MEBXID02.cif,MEBXID04.cif,tests/data/csd_families/MEBXID/MEBXID02.cif,tests/data/csd_families/MEBXID/MEBXID04.cif,15,0.026096412540910153,1,0.008103646341670143,
MEBXID,random,MEBXID03.cif,MEBXID04.cif,tests/data/csd_families/MEBXID/MEBXID03.cif,tests/data/csd_families/MEBXID/MEBXID04.cif,15,0.04688243632535619,1,0.012727117746018715,
METHYM,random,METHYM.cif,METHYM01.cif,tests/data/csd_families/METHYM/METHYM.cif,tests/data/csd_families/METHYM/METHYM01.cif,15,0.011035321614551034,1,0.0074014477118397445,
METHYM,random,METHYM.cif,METHYM03.cif,tests/data/csd_families/METHYM/METHYM.cif,tests/data/csd_families/METHYM/METHYM03.cif,15,0.12346913266384184,1,0.009796349918268795,
METHYM,random,METHYM.cif,METHYM04.cif,tests/data/csd_families/METHYM/METHYM.cif,tests/data/csd_families/METHYM/METHYM04.cif,15,0.13091996834180644,1,0.008687837552854601,
METHYM,random,METHYM01.cif,METHYM03.cif,tests/data/csd_families/METHYM/METHYM01.cif,tests/data/csd_families/METHYM/METHYM03.cif,15,0.11831739271382201,1,0.01056390647696255,
METHYM,random,METHYM01.cif,METHYM04.cif,tests/data/csd_families/METHYM/METHYM01.cif,tests/data/csd_families/METHYM/METHYM04.cif,15,0.1255914419306895,1,0.008792820635267798,
METHYM,random,METHYM03.cif,METHYM04.cif,tests/data/csd_families/METHYM/METHYM03.cif,tests/data/csd_families/METHYM/METHYM04.cif,15,0.019542746609384272,1,0.006491019422323525,
MEUREA,random,MEUREA.cif,MEUREA01.cif,tests/data/csd_families/MEUREA/MEUREA.cif,tests/data/csd_families/MEUREA/MEUREA01.cif,15,0.18613933503260136,1,0.02399076432292385,
MEUREA,random,MEUREA.cif,MEUREA02.cif,tests/data/csd_families/MEUREA/MEUREA.cif,tests/data/csd_families/MEUREA/MEUREA02.cif,7,1.5445347857637828,1,0.00020461216162674518,
MEUREA,random,MEUREA.cif,MEUREA03.cif,tests/data/csd_families/MEUREA/MEUREA.cif,tests/data/csd_families/MEUREA/MEUREA03.cif,8,2.6592312809819076,1,0.039050078485909606,
MEUREA,random,MEUREA01.cif,MEUREA02.cif,tests/data/csd_families/MEUREA/MEUREA01.cif,tests/data/csd_families/MEUREA/MEUREA02.cif,7,1.5484599355463289,1,0.023903647261509307,
MEUREA,random,MEUREA01.cif,MEUREA03.cif,tests/data/csd_families/MEUREA/MEUREA01.cif,tests/data/csd_families/MEUREA/MEUREA03.cif,8,2.6009961734668003,1,0.04920291055487223,
MEUREA,random,MEUREA02.cif,MEUREA03.cif,tests/data/csd_families/MEUREA/MEUREA02.cif,tests/data/csd_families/MEUREA/MEUREA03.cif,15,0.7461513215177566,1,0.039036578690833906,
MEXCIF,random,MEXCIF.cif,MEXCIF01.cif,tests/data/csd_families/MEXCIF/MEXCIF.cif,tests/data/csd_families/MEXCIF/MEXCIF01.cif,15,0.01828089660302974,1,0.009265461584892398,
MEXCIF,random,MEXCIF.cif,MEXCIF02.cif,tests/data/csd_families/MEXCIF/MEXCIF.cif,tests/data/csd_families/MEXCIF/MEXCIF02.cif,15,0.05682594274585401,1,0.020979437058673167,
MEXCIF,random,MEXCIF01.cif,MEXCIF02.cif,tests/data/csd_families/MEXCIF/MEXCIF01.cif,tests/data/csd_families/MEXCIF/MEXCIF02.cif,15,0.0455681614995324,1,0.01936179270230538,
MOBYEJ,random,MOBYEJ.cif,MOBYEJ01.cif,tests/data/csd_families/MOBYEJ/MOBYEJ.cif,tests/data/csd_families/MOBYEJ/MOBYEJ01.cif,15,0.1704731698374602,1,0.03641100640123133,
MOBYEJ,random,MOBYEJ.cif,MOBYEJ03.cif,tests/data/csd_families/MOBYEJ/MOBYEJ.cif,tests/data/csd_families/MOBYEJ/MOBYEJ03.cif,15,0.15447375368531754,1,0.0329529699748392,
MOBYEJ,random,MOBYEJ.cif,MOBYEJ04.cif,tests/data/csd_families/MOBYEJ/MOBYEJ.cif,tests/data/csd_families/MOBYEJ/MOBYEJ04.cif,15,0.1294471258194677,1,0.027122600990980312,
MOBYEJ,random,MOBYEJ.cif,MOBYEJ05.cif,tests/data/csd_families/MOBYEJ/MOBYEJ.cif,tests/data/csd_families/MOBYEJ/MOBYEJ05.cif,15,0.08704246001488675,1,0.017571028323555057,
MOBYEJ,random,MOBYEJ01.cif,MOBYEJ03.cif,tests/data/csd_families/MOBYEJ/MOBYEJ01.cif,tests/data/csd_families/MOBYEJ/MOBYEJ03.cif,15,0.017981313150324786,1,0.006393376624084551,
MOBYEJ,random,MOBYEJ01.cif,MOBYEJ04.cif,tests/data/csd_families/MOBYEJ/MOBYEJ01.cif,tests/data/csd_families/MOBYEJ/MOBYEJ04.cif,15,0.04340651411529465,1,0.01101116535572922,
MOBYEJ,random,MOBYEJ01.cif,MOBYEJ05.cif,tests/data/csd_families/MOBYEJ/MOBYEJ01.cif,tests/data/csd_families/MOBYEJ/MOBYEJ05.cif,15,0.08785820034342455,1,0.020382768188132387,
MOBYEJ,random,MOBYEJ03.cif,MOBYEJ04.cif,tests/data/csd_families/MOBYEJ/MOBYEJ03.cif,tests/data/csd_families/MOBYEJ/MOBYEJ04.cif,15,0.02639438029962895,1,0.007114041406563331,
MOBYEJ,random,MOBYEJ03.cif,MOBYEJ05.cif,tests/data/csd_families/MOBYEJ/MOBYEJ03.cif,tests/data/csd_families/MOBYEJ/MOBYEJ05.cif,15,0.07097345489891269,1,0.016597200720266367,
MOBYEJ,random,MOBYEJ04.cif,MOBYEJ05.cif,tests/data/csd_families/MOBYEJ/MOBYEJ04.cif,tests/data/csd_families/MOBYEJ/MOBYEJ05.cif,15,0.044944929493761054,1,0.010701230017606504,
MPECXP,random,MPECXP.cif,MPECXP01.cif,tests/data/csd_families/MPECXP/MPECXP.cif,tests/data/csd_families/MPECXP/MPECXP01.cif,15,0.03008510765360335,1,0.017957541675422,
MPECXP,random,MPECXP.cif,MPECXP02.cif,tests/data/csd_families/MPECXP/MPECXP.cif,tests/data/csd_families/MPECXP/MPECXP02.cif,15,0.02072125402673275,1,0.014449401277661996,
MPECXP,random,MPECXP.cif,MPECXP04.cif,tests/data/csd_families/MPECXP/MPECXP.cif,tests/data/csd_families/MPECXP/MPECXP04.cif,15,0.025247403481883063,1,0.015478417523541114,
MPECXP,random,MPECXP.cif,MPECXP05.cif,tests/data/csd_families/MPECXP/MPECXP.cif,tests/data/csd_families/MPECXP/MPECXP05.cif,15,0.018443242066014463,1,0.014594196114689924,
MPECXP,random,MPECXP01.cif,MPECXP02.cif,tests/data/csd_families/MPECXP/MPECXP01.cif,tests/data/csd_families/MPECXP/MPECXP02.cif,15,0.01819667597819605,1,0.012876742685679373,
MPECXP,random,MPECXP01.cif,MPECXP04.cif,tests/data/csd_families/MPECXP/MPECXP01.cif,tests/data/csd_families/MPECXP/MPECXP04.cif,15,0.018054053990439738,1,0.0132104646341118,
MPECXP,random,MPECXP01.cif,MPECXP05.cif,tests/data/csd_families/MPECXP/MPECXP01.cif,tests/data/csd_families/MPECXP/MPECXP05.cif,15,0.026368748631007615,1,0.014705246912799253,
MPECXP,random,MPECXP02.cif,MPECXP04.cif,tests/data/csd_families/MPECXP/MPECXP02.cif,tests/data/csd_families/MPECXP/MPECXP04.cif,15,0.00949684135075961,1,0.004663405954853182,
MPECXP,random,MPECXP02.cif,MPECXP05.cif,tests/data/csd_families/MPECXP/MPECXP02.cif,tests/data/csd_families/MPECXP/MPECXP05.cif,15,0.012824528150533303,1,0.008509484917764345,
MPECXP,random,MPECXP04.cif,MPECXP05.cif,tests/data/csd_families/MPECXP/MPECXP04.cif,tests/data/csd_families/MPECXP/MPECXP05.cif,15,0.017669975279137003,1,0.00864593735619938,
NALGUC,random,NALGUC.cif,NALGUC01.cif,tests/data/csd_families/NALGUC/NALGUC.cif,tests/data/csd_families/NALGUC/NALGUC01.cif,15,0.11290023134829062,1,0.053072735253484195,
NALGUC,random,NALGUC.cif,NALGUC02.cif,tests/data/csd_families/NALGUC/NALGUC.cif,tests/data/csd_families/NALGUC/NALGUC02.cif,15,0.2001887711176265,1,0.07466673205749162,
NALGUC,random,NALGUC.cif,NALGUC03.cif,tests/data/csd_families/NALGUC/NALGUC.cif,tests/data/csd_families/NALGUC/NALGUC03.cif,13,0.3678207795113797,1,0.15298779317407438,
NALGUC,random,NALGUC.cif,NALGUC04.cif,tests/data/csd_families/NALGUC/NALGUC.cif,tests/data/csd_families/NALGUC/NALGUC04.cif,13,0.47231848156079115,1,0.2462337933246422,
NALGUC,random,NALGUC01.cif,NALGUC02.cif,tests/data/csd_families/NALGUC/NALGUC01.cif,tests/data/csd_families/NALGUC/NALGUC02.cif,15,0.10744543500783048,1,0.06685101798899028,
NALGUC,random,NALGUC01.cif,NALGUC03.cif,tests/data/csd_families/NALGUC/NALGUC01.cif,tests/data/csd_families/NALGUC/NALGUC03.cif,12,0.2735020110211009,1,0.134699848219018,
NALGUC,random,NALGUC01.cif,NALGUC04.cif,tests/data/csd_families/NALGUC/NALGUC01.cif,tests/data/csd_families/NALGUC/NALGUC04.cif,12,0.3792314647938984,1,0.22850549686730703,
NALGUC,random,NALGUC02.cif,NALGUC03.cif,tests/data/csd_families/NALGUC/NALGUC02.cif,tests/data/csd_families/NALGUC/NALGUC03.cif,13,0.18240062425885026,1,0.10546144971515525,
NALGUC,random,NALGUC02.cif,NALGUC04.cif,tests/data/csd_families/NALGUC/NALGUC02.cif,tests/data/csd_families/NALGUC/NALGUC04.cif,13,0.2924701002374732,1,0.20042267213783477,
NALGUC,random,NALGUC03.cif,NALGUC04.cif,tests/data/csd_families/NALGUC/NALGUC03.cif,tests/data/csd_families/NALGUC/NALGUC04.cif,15,0.16075743305485768,1,0.13764991143074246,
NAYQEK,random,NAYQEK.cif,NAYQEK01.cif,tests/data/csd_families/NAYQEK/NAYQEK.cif,tests/data/csd_families/NAYQEK/NAYQEK01.cif,15,0.020837674409678087,1,0.009656506133680074,
NAYQEK,random,NAYQEK.cif,NAYQEK02.cif,tests/data/csd_families/NAYQEK/NAYQEK.cif,tests/data/csd_families/NAYQEK/NAYQEK02.cif,15,0.0621816687239464,1,0.024071584133239125,
NAYQEK,random,NAYQEK01.cif,NAYQEK02.cif,tests/data/csd_families/NAYQEK/NAYQEK01.cif,tests/data/csd_families/NAYQEK/NAYQEK02.cif,15,0.07340759820917249,1,0.019172010225820692,
NCKLCN,random,NCKLCN.cif,NCKLCN01.cif,tests/data/csd_families/NCKLCN/NCKLCN.cif,tests/data/csd_families/NCKLCN/NCKLCN01.cif,0,nan,0,nan,RuntimeError:MotifSearch Timeout
NCKLCN,random,NCKLCN.cif,NCKLCN03.cif,tests/data/csd_families/NCKLCN/NCKLCN.cif,tests/data/csd_families/NCKLCN/NCKLCN03.cif,0,nan,0,nan,RuntimeError:MotifSearch Timeout
NCKLCN,random,NCKLCN.cif,NCKLCN04.cif,tests/data/csd_families/NCKLCN/NCKLCN.cif,tests/data/csd_families/NCKLCN/NCKLCN04.cif,0,nan,0,nan,
NCKLCN,random,NCKLCN.cif,NCKLCN05.cif,tests/data/csd_families/NCKLCN/NCKLCN.cif,tests/data/csd_families/NCKLCN/NCKLCN05.cif,0,nan,0,nan,RuntimeError:MotifSearch Timeout
NCKLCN,random,NCKLCN01.cif,NCKLCN03.cif,tests/data/csd_families/NCKLCN/NCKLCN01.cif,tests/data/csd_families/NCKLCN/NCKLCN03.cif,0,nan,0,nan,RuntimeError:MotifSearch Timeout
NCKLCN,random,NCKLCN01.cif,NCKLCN04.cif,tests/data/csd_families/NCKLCN/NCKLCN01.cif,tests/data/csd_families/NCKLCN/NCKLCN04.cif,0,nan,0,nan,
NCKLCN,random,NCKLCN01.cif,NCKLCN05.cif,tests/data/csd_families/NCKLCN/NCKLCN01.cif,tests/data/csd_families/NCKLCN/NCKLCN05.cif,0,nan,0,nan,RuntimeError:MotifSearch Timeout
NCKLCN,random,NCKLCN03.cif,NCKLCN04.cif,tests/data/csd_families/NCKLCN/NCKLCN03.cif,tests/data/csd_families/NCKLCN/NCKLCN04.cif,0,nan,0,nan,
NCKLCN,random,NCKLCN03.cif,NCKLCN05.cif,tests/data/csd_families/NCKLCN/NCKLCN03.cif,tests/data/csd_families/NCKLCN/NCKLCN05.cif,0,nan,0,nan,
NCKLCN,random,NCKLCN04.cif,NCKLCN05.cif,tests/data/csd_families/NCKLCN/NCKLCN04.cif,tests/data/csd_families/NCKLCN/NCKLCN05.cif,0,nan,0,nan,
NERDEU,random,NERDEU.cif,NERDEU01.cif,tests/data/csd_families/NERDEU/NERDEU.cif,tests/data/csd_families/NERDEU/NERDEU01.cif,15,0.20767116122398105,1,0.10485008879476673,
NERDEU,random,NERDEU.cif,NERDEU02.cif,tests/data/csd_families/NERDEU/NERDEU.cif,tests/data/csd_families/NERDEU/NERDEU02.cif,15,0.05916525973718146,1,0.028700363249168675,
NERDEU,random,NERDEU01.cif,NERDEU02.cif,tests/data/csd_families/NERDEU/NERDEU01.cif,tests/data/csd_families/NERDEU/NERDEU02.cif,15,0.1704387055523602,1,0.09026267598282482,
NERMOM,random,NERMOM.cif,NERMOM01.cif,tests/data/csd_families/NERMOM/NERMOM.cif,tests/data/csd_families/NERMOM/NERMOM01.cif,15,0.11186054838987003,1,0.0479900062379613,
NERMOM,random,NERMOM.cif,NERMOM02.cif,tests/data/csd_families/NERMOM/NERMOM.cif,tests/data/csd_families/NERMOM/NERMOM02.cif,15,0.11186054838986682,1,0.0479900062379613,
NERMOM,random,NERMOM01.cif,NERMOM02.cif,tests/data/csd_families/NERMOM/NERMOM01.cif,tests/data/csd_families/NERMOM/NERMOM02.cif,15,1.0701574601965858e-15,1,0.0,
NIDCAR,random,NIDCAR.cif,NIDCAR03.cif,tests/data/csd_families/NIDCAR/NIDCAR.cif,tests/data/csd_families/NIDCAR/NIDCAR03.cif,8,2.6680016457908717,1,0.06940634579536667,
NIDCAR,random,NIDCAR.cif,NIDCAR04.cif,tests/data/csd_families/NIDCAR/NIDCAR.cif,tests/data/csd_families/NIDCAR/NIDCAR04.cif,15,0.025965133602337313,1,0.01584619556085476,
NIDCAR,random,NIDCAR.cif,NIDCAR05.cif,tests/data/csd_families/NIDCAR/NIDCAR.cif,tests/data/csd_families/NIDCAR/NIDCAR05.cif,15,0.10899180895516622,1,0.014445470362572597,
NIDCAR,random,NIDCAR.cif,NIDCAR06.cif,tests/data/csd_families/NIDCAR/NIDCAR.cif,tests/data/csd_families/NIDCAR/NIDCAR06.cif,15,0.1414204395024023,1,0.017905488520662968,
NIDCAR,random,NIDCAR03.cif,NIDCAR04.cif,tests/data/csd_families/NIDCAR/NIDCAR03.cif,tests/data/csd_families/NIDCAR/NIDCAR04.cif,8,2.667656263757597,1,0.061866106856350446,
NIDCAR,random,NIDCAR03.cif,NIDCAR05.cif,tests/data/csd_families/NIDCAR/NIDCAR03.cif,tests/data/csd_families/NIDCAR/NIDCAR05.cif,8,2.6305467446744855,1,0.06672072208213178,
NIDCAR,random,NIDCAR03.cif,NIDCAR06.cif,tests/data/csd_families/NIDCAR/NIDCAR03.cif,tests/data/csd_families/NIDCAR/NIDCAR06.cif,8,2.6164440027203586,1,0.06999477280827049,
NIDCAR,random,NIDCAR04.cif,NIDCAR05.cif,tests/data/csd_families/NIDCAR/NIDCAR04.cif,tests/data/csd_families/NIDCAR/NIDCAR05.cif,15,0.11347380852517579,1,0.016891457258979944,
NIDCAR,random,NIDCAR04.cif,NIDCAR06.cif,tests/data/csd_families/NIDCAR/NIDCAR04.cif,tests/data/csd_families/NIDCAR/NIDCAR06.cif,15,0.14573044079755834,1,0.021538590761150674,
NIDCAR,random,NIDCAR05.cif,NIDCAR06.cif,tests/data/csd_families/NIDCAR/NIDCAR05.cif,tests/data/csd_families/NIDCAR/NIDCAR06.cif,15,0.035590731450766355,1,0.0070978067117597535,
NIJGUI,random,NIJGUI.cif,NIJGUI01.cif,tests/data/csd_families/NIJGUI/NIJGUI.cif,tests/data/csd_families/NIJGUI/NIJGUI01.cif,15,0.12310772104631924,1,0.110813920905785,
NIJGUI,random,NIJGUI.cif,NIJGUI02.cif,tests/data/csd_families/NIJGUI/NIJGUI.cif,tests/data/csd_families/NIJGUI/NIJGUI02.cif,15,0.14318199241550586,1,0.11132022712634186,
NIJGUI,random,NIJGUI.cif,NIJGUI03.cif,tests/data/csd_families/NIJGUI/NIJGUI.cif,tests/data/csd_families/NIJGUI/NIJGUI03.cif,15,0.15185148980906568,1,0.11210804242059041,
NIJGUI,random,NIJGUI.cif,NIJGUI04.cif,tests/data/csd_families/NIJGUI/NIJGUI.cif,tests/data/csd_families/NIJGUI/NIJGUI04.cif,15,0.11687361131030935,1,0.10621590642420456,
NIJGUI,random,NIJGUI01.cif,NIJGUI02.cif,tests/data/csd_families/NIJGUI/NIJGUI01.cif,tests/data/csd_families/NIJGUI/NIJGUI02.cif,15,0.07077891541849839,1,0.01615458571567191,
NIJGUI,random,NIJGUI01.cif,NIJGUI03.cif,tests/data/csd_families/NIJGUI/NIJGUI01.cif,tests/data/csd_families/NIJGUI/NIJGUI03.cif,15,0.08661628497665967,1,0.014318648404123445,
NIJGUI,random,NIJGUI01.cif,NIJGUI04.cif,tests/data/csd_families/NIJGUI/NIJGUI01.cif,tests/data/csd_families/NIJGUI/NIJGUI04.cif,15,0.015177394745001084,1,0.013728143347962005,
NIJGUI,random,NIJGUI02.cif,NIJGUI03.cif,tests/data/csd_families/NIJGUI/NIJGUI02.cif,tests/data/csd_families/NIJGUI/NIJGUI03.cif,15,0.019347773646258025,1,0.005079650181240339,
NIJGUI,random,NIJGUI02.cif,NIJGUI04.cif,tests/data/csd_families/NIJGUI/NIJGUI02.cif,tests/data/csd_families/NIJGUI/NIJGUI04.cif,15,0.07180204422365283,1,0.017316161389240393,
NIJGUI,random,NIJGUI03.cif,NIJGUI04.cif,tests/data/csd_families/NIJGUI/NIJGUI03.cif,tests/data/csd_families/NIJGUI/NIJGUI04.cif,15,0.08767487695660166,1,0.017285954757783207,
NIRJAA,random,NIRJAA.cif,NIRJAA02.cif,tests/data/csd_families/NIRJAA/NIRJAA.cif,tests/data/csd_families/NIRJAA/NIRJAA02.cif,15,0.2557911775733512,1,0.0205931041845863,
NIRJAA,random,NIRJAA.cif,NIRJAA03.cif,tests/data/csd_families/NIRJAA/NIRJAA.cif,tests/data/csd_families/NIRJAA/NIRJAA03.cif,15,0.3305466589566504,1,0.027466084640375678,
NIRJAA,random,NIRJAA.cif,NIRJAA04.cif,tests/data/csd_families/NIRJAA/NIRJAA.cif,tests/data/csd_families/NIRJAA/NIRJAA04.cif,15,0.4064758668041477,1,0.03883982424759149,
NIRJAA,random,NIRJAA.cif,NIRJAA05.cif,tests/data/csd_families/NIRJAA/NIRJAA.cif,tests/data/csd_families/NIRJAA/NIRJAA05.cif,15,0.49637555902804303,1,0.0399755821271971,
NIRJAA,random,NIRJAA02.cif,NIRJAA03.cif,tests/data/csd_families/NIRJAA/NIRJAA02.cif,tests/data/csd_families/NIRJAA/NIRJAA03.cif,15,0.07720785100427617,1,0.012256500870168796,
NIRJAA,random,NIRJAA02.cif,NIRJAA04.cif,tests/data/csd_families/NIRJAA/NIRJAA02.cif,tests/data/csd_families/NIRJAA/NIRJAA04.cif,15,0.1546949093717571,1,0.024365687253965946,
NIRJAA,random,NIRJAA02.cif,NIRJAA05.cif,tests/data/csd_families/NIRJAA/NIRJAA02.cif,tests/data/csd_families/NIRJAA/NIRJAA05.cif,15,0.24576188266330623,1,0.024905591308708102,
NIRJAA,random,NIRJAA03.cif,NIRJAA04.cif,tests/data/csd_families/NIRJAA/NIRJAA03.cif,tests/data/csd_families/NIRJAA/NIRJAA04.cif,15,0.07883910175731246,1,0.018188462400665035,
NIRJAA,random,NIRJAA03.cif,NIRJAA05.cif,tests/data/csd_families/NIRJAA/NIRJAA03.cif,tests/data/csd_families/NIRJAA/NIRJAA05.cif,15,0.16998541506624096,1,0.021266008344998713,
NIRJAA,random,NIRJAA04.cif,NIRJAA05.cif,tests/data/csd_families/NIRJAA/NIRJAA04.cif,tests/data/csd_families/NIRJAA/NIRJAA05.cif,15,0.096432477920926,1,0.026723295073424528,
NPOFNP,random,NPOFNP.cif,NPOFNP01.cif,tests/data/csd_families/NPOFNP/NPOFNP.cif,tests/data/csd_families/NPOFNP/NPOFNP01.cif,15,0.404948318690554,1,0.010685138697267435,
NPOFNP,random,NPOFNP.cif,NPOFNP02.cif,tests/data/csd_families/NPOFNP/NPOFNP.cif,tests/data/csd_families/NPOFNP/NPOFNP02.cif,15,0.26139683248404755,1,0.010892805539766449,
NPOFNP,random,NPOFNP.cif,NPOFNP03.cif,tests/data/csd_families/NPOFNP/NPOFNP.cif,tests/data/csd_families/NPOFNP/NPOFNP03.cif,15,0.4366857867606743,1,0.011084005021437925,
NPOFNP,random,NPOFNP.cif,NPOFNP04.cif,tests/data/csd_families/NPOFNP/NPOFNP.cif,tests/data/csd_families/NPOFNP/NPOFNP04.cif,15,0.5024988972458183,1,0.012243294881245283,
NPOFNP,random,NPOFNP01.cif,NPOFNP02.cif,tests/data/csd_families/NPOFNP/NPOFNP01.cif,tests/data/csd_families/NPOFNP/NPOFNP02.cif,15,0.1451944465924048,1,0.009563526185625627,
NPOFNP,random,NPOFNP01.cif,NPOFNP03.cif,tests/data/csd_families/NPOFNP/NPOFNP01.cif,tests/data/csd_families/NPOFNP/NPOFNP03.cif,15,0.03386621701934797,1,0.006607773711629542,
NPOFNP,random,NPOFNP01.cif,NPOFNP04.cif,tests/data/csd_families/NPOFNP/NPOFNP01.cif,tests/data/csd_families/NPOFNP/NPOFNP04.cif,15,0.09915250955816975,1,0.008229538012038335,
NPOFNP,random,NPOFNP02.cif,NPOFNP03.cif,tests/data/csd_families/NPOFNP/NPOFNP02.cif,tests/data/csd_families/NPOFNP/NPOFNP03.cif,15,0.1768927390734266,1,0.006291122200199224,
NPOFNP,random,NPOFNP02.cif,NPOFNP04.cif,tests/data/csd_families/NPOFNP/NPOFNP02.cif,tests/data/csd_families/NPOFNP/NPOFNP04.cif,15,0.24320479102107287,1,0.007216687083986742,
NPOFNP,random,NPOFNP03.cif,NPOFNP04.cif,tests/data/csd_families/NPOFNP/NPOFNP03.cif,tests/data/csd_families/NPOFNP/NPOFNP04.cif,15,0.06658486864261132,1,0.004668517806051303,
OFESAL,random,OFESAL.cif,OFESAL01.cif,tests/data/csd_families/OFESAL/OFESAL.cif,tests/data/csd_families/OFESAL/OFESAL01.cif,5,3.7091294011622935,1,0.8848674354317854,
OFESAL,random,OFESAL.cif,OFESAL02.cif,tests/data/csd_families/OFESAL/OFESAL.cif,tests/data/csd_families/OFESAL/OFESAL02.cif,5,3.7120299873199443,1,0.8870166546027636,
OFESAL,random,OFESAL.cif,OFESAL03.cif,tests/data/csd_families/OFESAL/OFESAL.cif,tests/data/csd_families/OFESAL/OFESAL03.cif,5,3.713828968236708,1,0.8866059204960953,
OFESAL,random,OFESAL.cif,OFESAL04.cif,tests/data/csd_families/OFESAL/OFESAL.cif,tests/data/csd_families/OFESAL/OFESAL04.cif,5,4.407842136747669,1,0.8797206683581084,
OFESAL,random,OFESAL01.cif,OFESAL02.cif,tests/data/csd_families/OFESAL/OFESAL01.cif,tests/data/csd_families/OFESAL/OFESAL02.cif,15,0.01793991885731471,1,0.0112129005997681,
OFESAL,random,OFESAL01.cif,OFESAL03.cif,tests/data/csd_families/OFESAL/OFESAL01.cif,tests/data/csd_families/OFESAL/OFESAL03.cif,15,0.018562642628182704,1,0.0124445558589174,
OFESAL,random,OFESAL01.cif,OFESAL04.cif,tests/data/csd_families/OFESAL/OFESAL01.cif,tests/data/csd_families/OFESAL/OFESAL04.cif,15,0.07608549428799083,1,0.025239839745773658,
OFESAL,random,OFESAL02.cif,OFESAL03.cif,tests/data/csd_families/OFESAL/OFESAL02.cif,tests/data/csd_families/OFESAL/OFESAL03.cif,15,0.012312688505704493,1,0.01099640973247746,
OFESAL,random,OFESAL02.cif,OFESAL04.cif,tests/data/csd_families/OFESAL/OFESAL02.cif,tests/data/csd_families/OFESAL/OFESAL04.cif,15,0.0754596171436581,1,0.025751791950514726,
OFESAL,random,OFESAL03.cif,OFESAL04.cif,tests/data/csd_families/OFESAL/OFESAL03.cif,tests/data/csd_families/OFESAL/OFESAL04.cif,15,0.077061872192797,1,0.026217655714564293,
OMAWIM,random,OMAWIM.cif,OMAWIM01.cif,tests/data/csd_families/OMAWIM/OMAWIM.cif,tests/data/csd_families/OMAWIM/OMAWIM01.cif,15,0.005570269475637184,1,0.0034409231732864965,
OMAWIM,random,OMAWIM.cif,OMAWIM02.cif,tests/data/csd_families/OMAWIM/OMAWIM.cif,tests/data/csd_families/OMAWIM/OMAWIM02.cif,15,0.003673737683594425,1,0.0022539628649602306,
OMAWIM,random,OMAWIM.cif,OMAWIM03.cif,tests/data/csd_families/OMAWIM/OMAWIM.cif,tests/data/csd_families/OMAWIM/OMAWIM03.cif,15,0.009034491481634403,1,0.0034984961478474264,
OMAWIM,random,OMAWIM.cif,OMAWIM04.cif,tests/data/csd_families/OMAWIM/OMAWIM.cif,tests/data/csd_families/OMAWIM/OMAWIM04.cif,15,0.005138611631271097,1,0.003411214627486601,
OMAWIM,random,OMAWIM01.cif,OMAWIM02.cif,tests/data/csd_families/OMAWIM/OMAWIM01.cif,tests/data/csd_families/OMAWIM/OMAWIM02.cif,15,0.005266150586529878,1,0.0033854716444649776,
OMAWIM,random,OMAWIM01.cif,OMAWIM03.cif,tests/data/csd_families/OMAWIM/OMAWIM01.cif,tests/data/csd_families/OMAWIM/OMAWIM03.cif,15,0.007089480949736722,1,0.0008541600561662224,
OMAWIM,random,OMAWIM01.cif,OMAWIM04.cif,tests/data/csd_families/OMAWIM/OMAWIM01.cif,tests/data/csd_families/OMAWIM/OMAWIM04.cif,15,0.0029291855789484638,1,0.0012886705790529018,
OMAWIM,random,OMAWIM02.cif,OMAWIM03.cif,tests/data/csd_families/OMAWIM/OMAWIM02.cif,tests/data/csd_families/OMAWIM/OMAWIM03.cif,15,0.010614328141259495,1,0.0034451209124583817,
OMAWIM,random,OMAWIM02.cif,OMAWIM04.cif,tests/data/csd_families/OMAWIM/OMAWIM02.cif,tests/data/csd_families/OMAWIM/OMAWIM04.cif,15,0.005667647298516214,1,0.0036200666831266,
OMAWIM,random,OMAWIM03.cif,OMAWIM04.cif,tests/data/csd_families/OMAWIM/OMAWIM03.cif,tests/data/csd_families/OMAWIM/OMAWIM04.cif,15,0.006282507650425037,1,0.0016147001469527392,
OMIPOP,random,OMIPOP.cif,OMIPOP01.cif,tests/data/csd_families/OMIPOP/OMIPOP.cif,tests/data/csd_families/OMIPOP/OMIPOP01.cif,15,0.11989888598573406,1,0.023740469981164608,
OMIPOP,random,OMIPOP.cif,OMIPOP03.cif,tests/data/csd_families/OMIPOP/OMIPOP.cif,tests/data/csd_families/OMIPOP/OMIPOP03.cif,15,0.18304474511545765,1,0.03799705543990044,
OMIPOP,random,OMIPOP.cif,OMIPOP04.cif,tests/data/csd_families/OMIPOP/OMIPOP.cif,tests/data/csd_families/OMIPOP/OMIPOP04.cif,15,0.024653502666381583,1,0.019105908408849015,
OMIPOP,random,OMIPOP01.cif,OMIPOP03.cif,tests/data/csd_families/OMIPOP/OMIPOP01.cif,tests/data/csd_families/OMIPOP/OMIPOP03.cif,15,0.0650719301523571,1,0.019843436689703984,
OMIPOP,random,OMIPOP01.cif,OMIPOP04.cif,tests/data/csd_families/OMIPOP/OMIPOP01.cif,tests/data/csd_families/OMIPOP/OMIPOP04.cif,15,0.10487800749528733,1,0.02113361209179667,
OMIPOP,random,OMIPOP03.cif,OMIPOP04.cif,tests/data/csd_families/OMIPOP/OMIPOP03.cif,tests/data/csd_families/OMIPOP/OMIPOP04.cif,15,0.1678409238662638,1,0.034346729679674254,
OMIVUB,random,OMIVUB.cif,OMIVUB01.cif,tests/data/csd_families/OMIVUB/OMIVUB.cif,tests/data/csd_families/OMIVUB/OMIVUB01.cif,15,0.17675861282184233,1,0.02131672595095841,
OMIVUB,random,OMIVUB.cif,OMIVUB02.cif,tests/data/csd_families/OMIVUB/OMIVUB.cif,tests/data/csd_families/OMIVUB/OMIVUB02.cif,15,0.24460978566475922,1,0.030456682024609133,
OMIVUB,random,OMIVUB.cif,OMIVUB03.cif,tests/data/csd_families/OMIVUB/OMIVUB.cif,tests/data/csd_families/OMIVUB/OMIVUB03.cif,15,0.26462332060990185,1,0.03234696902166324,
OMIVUB,random,OMIVUB.cif,OMIVUB04.cif,tests/data/csd_families/OMIVUB/OMIVUB.cif,tests/data/csd_families/OMIVUB/OMIVUB04.cif,15,0.385559068138893,1,0.050049103759089796,
OMIVUB,random,OMIVUB01.cif,OMIVUB02.cif,tests/data/csd_families/OMIVUB/OMIVUB01.cif,tests/data/csd_families/OMIVUB/OMIVUB02.cif,15,0.0704818497269944,1,0.015176781490381208,
OMIVUB,random,OMIVUB01.cif,OMIVUB03.cif,tests/data/csd_families/OMIVUB/OMIVUB01.cif,tests/data/csd_families/OMIVUB/OMIVUB03.cif,15,0.08975051878890355,1,0.016955510155688767,
OMIVUB,random,OMIVUB01.cif,OMIVUB04.cif,tests/data/csd_families/OMIVUB/OMIVUB01.cif,tests/data/csd_families/OMIVUB/OMIVUB04.cif,15,0.2122267332256428,1,0.03553105649641463,
OMIVUB,random,OMIVUB02.cif,OMIVUB03.cif,tests/data/csd_families/OMIVUB/OMIVUB02.cif,tests/data/csd_families/OMIVUB/OMIVUB03.cif,15,0.024202886058794237,1,0.010277631326092385,
OMIVUB,random,OMIVUB02.cif,OMIVUB04.cif,tests/data/csd_families/OMIVUB/OMIVUB02.cif,tests/data/csd_families/OMIVUB/OMIVUB04.cif,15,0.14499009886594366,1,0.02720538534615466,
OMIVUB,random,OMIVUB03.cif,OMIVUB04.cif,tests/data/csd_families/OMIVUB/OMIVUB03.cif,tests/data/csd_families/OMIVUB/OMIVUB04.cif,15,0.12447826058968439,1,0.025547818952548408,
ONITAN,random,ONITAN.cif,ONITAN01.cif,tests/data/csd_families/ONITAN/ONITAN.cif,tests/data/csd_families/ONITAN/ONITAN01.cif,15,0.11651194109519597,1,0.023544734076112968,
ONITAN,random,ONITAN.cif,ONITAN02.cif,tests/data/csd_families/ONITAN/ONITAN.cif,tests/data/csd_families/ONITAN/ONITAN02.cif,15,0.06456746654548993,1,0.030973564228120958,
ONITAN,random,ONITAN.cif,ONITAN03.cif,tests/data/csd_families/ONITAN/ONITAN.cif,tests/data/csd_families/ONITAN/ONITAN03.cif,7,1.4525888550713204,1,0.03078648204358009,
ONITAN,random,ONITAN.cif,ONITAN04.cif,tests/data/csd_families/ONITAN/ONITAN.cif,tests/data/csd_families/ONITAN/ONITAN04.cif,15,0.10551351195799145,1,0.023119053134603534,
ONITAN,random,ONITAN01.cif,ONITAN02.cif,tests/data/csd_families/ONITAN/ONITAN01.cif,tests/data/csd_families/ONITAN/ONITAN02.cif,15,0.08272898056175002,1,0.01831778770484008,
ONITAN,random,ONITAN01.cif,ONITAN03.cif,tests/data/csd_families/ONITAN/ONITAN01.cif,tests/data/csd_families/ONITAN/ONITAN03.cif,7,1.4033709571668862,1,0.014596662526411836,
ONITAN,random,ONITAN01.cif,ONITAN04.cif,tests/data/csd_families/ONITAN/ONITAN01.cif,tests/data/csd_families/ONITAN/ONITAN04.cif,15,0.014162716602543644,1,0.004396777457828457,
ONITAN,random,ONITAN02.cif,ONITAN03.cif,tests/data/csd_families/ONITAN/ONITAN02.cif,tests/data/csd_families/ONITAN/ONITAN03.cif,7,1.4353825504486575,1,0.01848786250552621,
ONITAN,random,ONITAN02.cif,ONITAN04.cif,tests/data/csd_families/ONITAN/ONITAN02.cif,tests/data/csd_families/ONITAN/ONITAN04.cif,15,0.07295856521786637,1,0.01897153279665341,
ONITAN,random,ONITAN03.cif,ONITAN04.cif,tests/data/csd_families/ONITAN/ONITAN03.cif,tests/data/csd_families/ONITAN/ONITAN04.cif,7,1.4068980947023546,1,0.013917333609791123,
OPEVUD,random,OPEVUD.cif,OPEVUD01.cif,tests/data/csd_families/OPEVUD/OPEVUD.cif,tests/data/csd_families/OPEVUD/OPEVUD01.cif,15,0.09539511322061711,1,0.06086884313601117,
OPEVUD,random,OPEVUD.cif,OPEVUD02.cif,tests/data/csd_families/OPEVUD/OPEVUD.cif,tests/data/csd_families/OPEVUD/OPEVUD02.cif,15,0.13525715807200758,1,0.08974341817009697,
OPEVUD,random,OPEVUD.cif,OPEVUD03.cif,tests/data/csd_families/OPEVUD/OPEVUD.cif,tests/data/csd_families/OPEVUD/OPEVUD03.cif,15,0.1666140063039769,1,0.11107281777784066,
OPEVUD,random,OPEVUD.cif,OPEVUD04.cif,tests/data/csd_families/OPEVUD/OPEVUD.cif,tests/data/csd_families/OPEVUD/OPEVUD04.cif,15,0.19504837515282256,1,0.13144400916887347,
OPEVUD,random,OPEVUD01.cif,OPEVUD02.cif,tests/data/csd_families/OPEVUD/OPEVUD01.cif,tests/data/csd_families/OPEVUD/OPEVUD02.cif,15,0.04087271271848042,1,0.02976407213394944,
OPEVUD,random,OPEVUD01.cif,OPEVUD03.cif,tests/data/csd_families/OPEVUD/OPEVUD01.cif,tests/data/csd_families/OPEVUD/OPEVUD03.cif,15,0.07221677116811497,1,0.051040307809527216,
OPEVUD,random,OPEVUD01.cif,OPEVUD04.cif,tests/data/csd_families/OPEVUD/OPEVUD01.cif,tests/data/csd_families/OPEVUD/OPEVUD04.cif,15,0.10080258790985638,1,0.07136088436922929,
OPEVUD,random,OPEVUD02.cif,OPEVUD03.cif,tests/data/csd_families/OPEVUD/OPEVUD02.cif,tests/data/csd_families/OPEVUD/OPEVUD03.cif,15,0.03539331642418183,1,0.022318800752770998,
OPEVUD,random,OPEVUD02.cif,OPEVUD04.cif,tests/data/csd_families/OPEVUD/OPEVUD02.cif,tests/data/csd_families/OPEVUD/OPEVUD04.cif,15,0.06730380773902671,1,0.042485557508093214,
OPEVUD,random,OPEVUD03.cif,OPEVUD04.cif,tests/data/csd_families/OPEVUD/OPEVUD03.cif,tests/data/csd_families/OPEVUD/OPEVUD04.cif,15,0.032758750631363104,1,0.021398010411837618,
OXALDH,random,OXALDH.cif,OXALDH01.cif,tests/data/csd_families/OXALDH/OXALDH.cif,tests/data/csd_families/OXALDH/OXALDH01.cif,15,0.0005618171826888938,1,0.0004841537824291985,
OXALDH,random,OXALDH.cif,OXALDH02.cif,tests/data/csd_families/OXALDH/OXALDH.cif,tests/data/csd_families/OXALDH/OXALDH02.cif,15,0.0007805758338898348,1,0.0007225433337993717,
OXALDH,random,OXALDH.cif,OXALDH03.cif,tests/data/csd_families/OXALDH/OXALDH.cif,tests/data/csd_families/OXALDH/OXALDH03.cif,15,0.00244034891862829,1,0.002346592098350642,
OXALDH,random,OXALDH.cif,OXALDH04.cif,tests/data/csd_families/OXALDH/OXALDH.cif,tests/data/csd_families/OXALDH/OXALDH04.cif,15,0.0014485674767794532,1,0.0013255226295738143,
OXALDH,random,OXALDH01.cif,OXALDH02.cif,tests/data/csd_families/OXALDH/OXALDH01.cif,tests/data/csd_families/OXALDH/OXALDH02.cif,15,0.0012908531416754216,1,0.0011821202998706442,
OXALDH,random,OXALDH01.cif,OXALDH03.cif,tests/data/csd_families/OXALDH/OXALDH01.cif,tests/data/csd_families/OXALDH/OXALDH03.cif,15,0.002001370176002141,1,0.0019213861569891617,
OXALDH,random,OXALDH01.cif,OXALDH04.cif,tests/data/csd_families/OXALDH/OXALDH01.cif,tests/data/csd_families/OXALDH/OXALDH04.cif,15,0.0010259121692982724,1,0.0009120728835781963,
OXALDH,random,OXALDH02.cif,OXALDH03.cif,tests/data/csd_families/OXALDH/OXALDH02.cif,tests/data/csd_families/OXALDH/OXALDH03.cif,15,0.0030832458998884234,1,0.0030158632316285225,
OXALDH,random,OXALDH02.cif,OXALDH04.cif,tests/data/csd_families/OXALDH/OXALDH02.cif,tests/data/csd_families/OXALDH/OXALDH04.cif,15,0.0020937565631810244,1,0.0019708631290420585,
OXALDH,random,OXALDH03.cif,OXALDH04.cif,tests/data/csd_families/OXALDH/OXALDH03.cif,tests/data/csd_families/OXALDH/OXALDH04.cif,15,0.0012355612682896345,1,0.001245895449688911,
PAPTUX,random,PAPTUX.cif,PAPTUX01.cif,tests/data/csd_families/PAPTUX/PAPTUX.cif,tests/data/csd_families/PAPTUX/PAPTUX01.cif,15,0.11973045916578857,1,0.08088602077138343,
PAPTUX,random,PAPTUX.cif,PAPTUX02.cif,tests/data/csd_families/PAPTUX/PAPTUX.cif,tests/data/csd_families/PAPTUX/PAPTUX02.cif,15,0.12497652743938607,1,0.0755400536506925,
PAPTUX,random,PAPTUX.cif,PAPTUX03.cif,tests/data/csd_families/PAPTUX/PAPTUX.cif,tests/data/csd_families/PAPTUX/PAPTUX03.cif,15,0.10578492637865357,1,0.07389625238116974,
PAPTUX,random,PAPTUX01.cif,PAPTUX02.cif,tests/data/csd_families/PAPTUX/PAPTUX01.cif,tests/data/csd_families/PAPTUX/PAPTUX02.cif,15,0.0700224668245325,1,0.02966860470204199,
PAPTUX,random,PAPTUX01.cif,PAPTUX03.cif,tests/data/csd_families/PAPTUX/PAPTUX01.cif,tests/data/csd_families/PAPTUX/PAPTUX03.cif,15,0.10018412571741471,1,0.03608584373522083,
PAPTUX,random,PAPTUX02.cif,PAPTUX03.cif,tests/data/csd_families/PAPTUX/PAPTUX02.cif,tests/data/csd_families/PAPTUX/PAPTUX03.cif,15,0.07570671028872432,1,0.014407241973497801,
PDHTEZ,random,PDHTEZ.cif,PDHTEZ01.cif,tests/data/csd_families/PDHTEZ/PDHTEZ.cif,tests/data/csd_families/PDHTEZ/PDHTEZ01.cif,6,2.352741913373058,1,0.24372209099806721,
PDHTEZ,random,PDHTEZ.cif,PDHTEZ02.cif,tests/data/csd_families/PDHTEZ/PDHTEZ.cif,tests/data/csd_families/PDHTEZ/PDHTEZ02.cif,15,0.05524860228146679,1,0.008776530092025784,
PDHTEZ,random,PDHTEZ.cif,PDHTEZ03.cif,tests/data/csd_families/PDHTEZ/PDHTEZ.cif,tests/data/csd_families/PDHTEZ/PDHTEZ03.cif,15,0.07456264062380534,1,0.01085303760733702,
PDHTEZ,random,PDHTEZ.cif,PDHTEZ04.cif,tests/data/csd_families/PDHTEZ/PDHTEZ.cif,tests/data/csd_families/PDHTEZ/PDHTEZ04.cif,15,0.08644570851685653,1,0.012566938203397509,
PDHTEZ,random,PDHTEZ01.cif,PDHTEZ02.cif,tests/data/csd_families/PDHTEZ/PDHTEZ01.cif,tests/data/csd_families/PDHTEZ/PDHTEZ02.cif,6,2.360346461275843,1,0.24320691939742708,
PDHTEZ,random,PDHTEZ01.cif,PDHTEZ03.cif,tests/data/csd_families/PDHTEZ/PDHTEZ01.cif,tests/data/csd_families/PDHTEZ/PDHTEZ03.cif,6,2.363200720807527,1,0.24181750271267058,
PDHTEZ,random,PDHTEZ01.cif,PDHTEZ04.cif,tests/data/csd_families/PDHTEZ/PDHTEZ01.cif,tests/data/csd_families/PDHTEZ/PDHTEZ04.cif,6,2.366936079359099,1,0.24353781230286736,
PDHTEZ,random,PDHTEZ02.cif,PDHTEZ03.cif,tests/data/csd_families/PDHTEZ/PDHTEZ02.cif,tests/data/csd_families/PDHTEZ/PDHTEZ03.cif,15,0.023176106291947576,1,0.007651172140224381,
PDHTEZ,random,PDHTEZ02.cif,PDHTEZ04.cif,tests/data/csd_families/PDHTEZ/PDHTEZ02.cif,tests/data/csd_families/PDHTEZ/PDHTEZ04.cif,15,0.032634738854880156,1,0.008560362063414744,
PDHTEZ,random,PDHTEZ03.cif,PDHTEZ04.cif,tests/data/csd_families/PDHTEZ/PDHTEZ03.cif,tests/data/csd_families/PDHTEZ/PDHTEZ04.cif,15,0.015630069316872493,1,0.0045256537790686,
PDMGLO,random,PDMGLO.cif,PDMGLO01.cif,tests/data/csd_families/PDMGLO/PDMGLO.cif,tests/data/csd_families/PDMGLO/PDMGLO01.cif,15,0.045744260516536996,1,0.04233542305836913,
PDMGLO,random,PDMGLO.cif,PDMGLO02.cif,tests/data/csd_families/PDMGLO/PDMGLO.cif,tests/data/csd_families/PDMGLO/PDMGLO02.cif,15,0.052429693251159815,1,0.039119315407333974,
PDMGLO,random,PDMGLO01.cif,PDMGLO02.cif,tests/data/csd_families/PDMGLO/PDMGLO01.cif,tests/data/csd_families/PDMGLO/PDMGLO02.cif,15,0.0409739560729414,1,0.029148921800474674,
PERYTO,random,PERYTO.cif,PERYTO01.cif,tests/data/csd_families/PERYTO/PERYTO.cif,tests/data/csd_families/PERYTO/PERYTO01.cif,15,0.05724556436286159,1,0.04551310525368813,
PERYTO,random,PERYTO.cif,PERYTO02.cif,tests/data/csd_families/PERYTO/PERYTO.cif,tests/data/csd_families/PERYTO/PERYTO02.cif,15,0.11159523699599216,1,0.11053378242628487,
PERYTO,random,PERYTO.cif,PERYTO03.cif,tests/data/csd_families/PERYTO/PERYTO.cif,tests/data/csd_families/PERYTO/PERYTO03.cif,15,0.13960217165965658,1,0.13866465398225442,
PERYTO,random,PERYTO.cif,PERYTO04.cif,tests/data/csd_families/PERYTO/PERYTO.cif,tests/data/csd_families/PERYTO/PERYTO04.cif,15,0.11148149013783012,1,0.10888864314827831,
PERYTO,random,PERYTO01.cif,PERYTO02.cif,tests/data/csd_families/PERYTO/PERYTO01.cif,tests/data/csd_families/PERYTO/PERYTO02.cif,15,0.10517317898285024,1,0.1027948555218813,
PERYTO,random,PERYTO01.cif,PERYTO03.cif,tests/data/csd_families/PERYTO/PERYTO01.cif,tests/data/csd_families/PERYTO/PERYTO03.cif,15,0.13120957487858256,1,0.12892684730528947,
PERYTO,random,PERYTO01.cif,PERYTO04.cif,tests/data/csd_families/PERYTO/PERYTO01.cif,tests/data/csd_families/PERYTO/PERYTO04.cif,15,0.10306355653906,1,0.10122955740711466,
PERYTO,random,PERYTO02.cif,PERYTO03.cif,tests/data/csd_families/PERYTO/PERYTO02.cif,tests/data/csd_families/PERYTO/PERYTO03.cif,15,0.03459769572781311,1,0.03354970880094249,
PERYTO,random,PERYTO02.cif,PERYTO04.cif,tests/data/csd_families/PERYTO/PERYTO02.cif,tests/data/csd_families/PERYTO/PERYTO04.cif,15,0.02485727080663436,1,0.015393959047467699,
PERYTO,random,PERYTO03.cif,PERYTO04.cif,tests/data/csd_families/PERYTO/PERYTO03.cif,tests/data/csd_families/PERYTO/PERYTO04.cif,15,0.04658923006672991,1,0.04332617031621364,
PICLUK,random,PICLUK.cif,PICLUK01.cif,tests/data/csd_families/PICLUK/PICLUK.cif,tests/data/csd_families/PICLUK/PICLUK01.cif,15,0.03847149358385204,1,0.008447032333838263,
PICLUK,random,PICLUK.cif,PICLUK02.cif,tests/data/csd_families/PICLUK/PICLUK.cif,tests/data/csd_families/PICLUK/PICLUK02.cif,15,0.0289274100271091,1,0.0058442979616333945,
PICLUK,random,PICLUK.cif,PICLUK03.cif,tests/data/csd_families/PICLUK/PICLUK.cif,tests/data/csd_families/PICLUK/PICLUK03.cif,15,0.09083590633868625,1,0.01970456517512896,
PICLUK,random,PICLUK.cif,PICLUK04.cif,tests/data/csd_families/PICLUK/PICLUK.cif,tests/data/csd_families/PICLUK/PICLUK04.cif,15,0.012623334919362334,1,0.004777106240153713,
PICLUK,random,PICLUK01.cif,PICLUK02.cif,tests/data/csd_families/PICLUK/PICLUK01.cif,tests/data/csd_families/PICLUK/PICLUK02.cif,15,0.01768309704781895,1,0.007237237868357356,
PICLUK,random,PICLUK01.cif,PICLUK03.cif,tests/data/csd_families/PICLUK/PICLUK01.cif,tests/data/csd_families/PICLUK/PICLUK03.cif,15,0.11985335377277048,1,0.02157948103809254,
PICLUK,random,PICLUK01.cif,PICLUK04.cif,tests/data/csd_families/PICLUK/PICLUK01.cif,tests/data/csd_families/PICLUK/PICLUK04.cif,15,0.043778287208346776,1,0.008476403618698282,
PICLUK,random,PICLUK02.cif,PICLUK03.cif,tests/data/csd_families/PICLUK/PICLUK02.cif,tests/data/csd_families/PICLUK/PICLUK03.cif,15,0.11742378540936495,1,0.02396046117255517,
PICLUK,random,PICLUK02.cif,PICLUK04.cif,tests/data/csd_families/PICLUK/PICLUK02.cif,tests/data/csd_families/PICLUK/PICLUK04.cif,15,0.037564353187607424,1,0.008375369892419117,
PICLUK,random,PICLUK03.cif,PICLUK04.cif,tests/data/csd_families/PICLUK/PICLUK03.cif,tests/data/csd_families/PICLUK/PICLUK04.cif,15,0.08053020269463165,1,0.016075435515716312,
PUMZII,random,PUMZII.cif,PUMZII01.cif,tests/data/csd_families/PUMZII/PUMZII.cif,tests/data/csd_families/PUMZII/PUMZII01.cif,0,nan,0,nan,RuntimeError:MotifSearch Timeout
PUMZII,random,PUMZII.cif,PUMZII02.cif,tests/data/csd_families/PUMZII/PUMZII.cif,tests/data/csd_families/PUMZII/PUMZII02.cif,0,nan,0,nan,RuntimeError:MotifSearch Timeout
PUMZII,random,PUMZII01.cif,PUMZII02.cif,tests/data/csd_families/PUMZII/PUMZII01.cif,tests/data/csd_families/PUMZII/PUMZII02.cif,0,nan,0,nan,RuntimeError:MotifSearch Timeout
PUTTAZ,random,PUTTAZ.cif,PUTTAZ01.cif,tests/data/csd_families/PUTTAZ/PUTTAZ.cif,tests/data/csd_families/PUTTAZ/PUTTAZ01.cif,15,0.027275370552154236,1,0.012107979633772916,
PUTTAZ,random,PUTTAZ.cif,PUTTAZ02.cif,tests/data/csd_families/PUTTAZ/PUTTAZ.cif,tests/data/csd_families/PUTTAZ/PUTTAZ02.cif,6,4.274643044260108,1,0.1545228605226781,
PUTTAZ,random,PUTTAZ.cif,PUTTAZ03.cif,tests/data/csd_families/PUTTAZ/PUTTAZ.cif,tests/data/csd_families/PUTTAZ/PUTTAZ03.cif,6,4.274178020104352,1,0.1543838855969302,
PUTTAZ,random,PUTTAZ.cif,PUTTAZ04.cif,tests/data/csd_families/PUTTAZ/PUTTAZ.cif,tests/data/csd_families/PUTTAZ/PUTTAZ04.cif,6,4.274457850857853,1,0.15296571051009514,
PUTTAZ,random,PUTTAZ01.cif,PUTTAZ02.cif,tests/data/csd_families/PUTTAZ/PUTTAZ01.cif,tests/data/csd_families/PUTTAZ/PUTTAZ02.cif,7,3.8137311821628272,1,0.1543426808322109,
PUTTAZ,random,PUTTAZ01.cif,PUTTAZ03.cif,tests/data/csd_families/PUTTAZ/PUTTAZ01.cif,tests/data/csd_families/PUTTAZ/PUTTAZ03.cif,7,3.818037481550667,1,0.15444891145260276,
PUTTAZ,random,PUTTAZ01.cif,PUTTAZ04.cif,tests/data/csd_families/PUTTAZ/PUTTAZ01.cif,tests/data/csd_families/PUTTAZ/PUTTAZ04.cif,7,3.8197105665596003,1,0.1528644853751601,
PUTTAZ,random,PUTTAZ02.cif,PUTTAZ03.cif,tests/data/csd_families/PUTTAZ/PUTTAZ02.cif,tests/data/csd_families/PUTTAZ/PUTTAZ03.cif,15,0.02531062002254416,1,0.01423652444950126,
PUTTAZ,random,PUTTAZ02.cif,PUTTAZ04.cif,tests/data/csd_families/PUTTAZ/PUTTAZ02.cif,tests/data/csd_families/PUTTAZ/PUTTAZ04.cif,15,0.02995587895682197,1,0.012353213631965516,
PUTTAZ,random,PUTTAZ03.cif,PUTTAZ04.cif,tests/data/csd_families/PUTTAZ/PUTTAZ03.cif,tests/data/csd_families/PUTTAZ/PUTTAZ04.cif,15,0.04064224078772971,1,0.014999187590233736,
PUWYUD,random,PUWYUD.cif,PUWYUD01.cif,tests/data/csd_families/PUWYUD/PUWYUD.cif,tests/data/csd_families/PUWYUD/PUWYUD01.cif,15,0.3785236431953533,1,0.021927991807616603,
PUWYUD,random,PUWYUD.cif,PUWYUD02.cif,tests/data/csd_families/PUWYUD/PUWYUD.cif,tests/data/csd_families/PUWYUD/PUWYUD02.cif,0,nan,0,nan,RuntimeError:MotifSearch Timeout
PUWYUD,random,PUWYUD.cif,PUWYUD03.cif,tests/data/csd_families/PUWYUD/PUWYUD.cif,tests/data/csd_families/PUWYUD/PUWYUD03.cif,0,nan,0,nan,RuntimeError:MotifSearch Timeout
PUWYUD,random,PUWYUD.cif,PUWYUD04.cif,tests/data/csd_families/PUWYUD/PUWYUD.cif,tests/data/csd_families/PUWYUD/PUWYUD04.cif,0,nan,0,nan,RuntimeError:MotifSearch Timeout
PUWYUD,random,PUWYUD01.cif,PUWYUD02.cif,tests/data/csd_families/PUWYUD/PUWYUD01.cif,tests/data/csd_families/PUWYUD/PUWYUD02.cif,0,nan,0,nan,RuntimeError:MotifSearch Timeout
PUWYUD,random,PUWYUD01.cif,PUWYUD03.cif,tests/data/csd_families/PUWYUD/PUWYUD01.cif,tests/data/csd_families/PUWYUD/PUWYUD03.cif,0,nan,0,nan,RuntimeError:MotifSearch Timeout
PUWYUD,random,PUWYUD01.cif,PUWYUD04.cif,tests/data/csd_families/PUWYUD/PUWYUD01.cif,tests/data/csd_families/PUWYUD/PUWYUD04.cif,0,nan,0,nan,RuntimeError:MotifSearch Timeout
PUWYUD,random,PUWYUD02.cif,PUWYUD03.cif,tests/data/csd_families/PUWYUD/PUWYUD02.cif,tests/data/csd_families/PUWYUD/PUWYUD03.cif,15,0.036858256340740185,1,0.012614464038841332,
PUWYUD,random,PUWYUD02.cif,PUWYUD04.cif,tests/data/csd_families/PUWYUD/PUWYUD02.cif,tests/data/csd_families/PUWYUD/PUWYUD04.cif,15,0.07998312483904574,1,0.02577243567830235,
PUWYUD,random,PUWYUD03.cif,PUWYUD04.cif,tests/data/csd_families/PUWYUD/PUWYUD03.cif,tests/data/csd_families/PUWYUD/PUWYUD04.cif,15,0.04530103730508526,1,0.0187958710808287,
QAHVIE,random,QAHVIE.cif,QAHVIE01.cif,tests/data/csd_families/QAHVIE/QAHVIE.cif,tests/data/csd_families/QAHVIE/QAHVIE01.cif,3,1.6623273337240183,1,0.310960193209152,
QAHVIE,random,QAHVIE.cif,QAHVIE12.cif,tests/data/csd_families/QAHVIE/QAHVIE.cif,tests/data/csd_families/QAHVIE/QAHVIE12.cif,15,0.04104082964963746,1,0.03176776307246393,
QAHVIE,random,QAHVIE.cif,QAHVIE13.cif,tests/data/csd_families/QAHVIE/QAHVIE.cif,tests/data/csd_families/QAHVIE/QAHVIE13.cif,15,0.07747780174425445,1,0.03267658653274611,
QAHVIE,random,QAHVIE.cif,QAHVIE14.cif,tests/data/csd_families/QAHVIE/QAHVIE.cif,tests/data/csd_families/QAHVIE/QAHVIE14.cif,15,0.2146144411605088,1,0.13767195013898376,
QAHVIE,random,QAHVIE01.cif,QAHVIE12.cif,tests/data/csd_families/QAHVIE/QAHVIE01.cif,tests/data/csd_families/QAHVIE/QAHVIE12.cif,3,3.1497752415689457,1,0.30621999389347426,
QAHVIE,random,QAHVIE01.cif,QAHVIE13.cif,tests/data/csd_families/QAHVIE/QAHVIE01.cif,tests/data/csd_families/QAHVIE/QAHVIE13.cif,3,3.10681176968653,1,0.3106270463382674,
QAHVIE,random,QAHVIE01.cif,QAHVIE14.cif,tests/data/csd_families/QAHVIE/QAHVIE01.cif,tests/data/csd_families/QAHVIE/QAHVIE14.cif,3,3.0128786199462465,1,0.35923051196143574,
QAHVIE,random,QAHVIE12.cif,QAHVIE13.cif,tests/data/csd_families/QAHVIE/QAHVIE12.cif,tests/data/csd_families/QAHVIE/QAHVIE13.cif,15,0.05406642078299621,1,0.02487491178724514,
QAHVIE,random,QAHVIE12.cif,QAHVIE14.cif,tests/data/csd_families/QAHVIE/QAHVIE12.cif,tests/data/csd_families/QAHVIE/QAHVIE14.cif,15,0.2052107005138727,1,0.14667984167713724,
QAHVIE,random,QAHVIE13.cif,QAHVIE14.cif,tests/data/csd_families/QAHVIE/QAHVIE13.cif,tests/data/csd_families/QAHVIE/QAHVIE14.cif,15,0.15594885165630937,1,0.1221883049371705,
QAHWUU,random,QAHWUU.cif,QAHWUU01.cif,tests/data/csd_families/QAHWUU/QAHWUU.cif,tests/data/csd_families/QAHWUU/QAHWUU01.cif,15,0.09474467543993528,1,0.025271854947369773,
QAHWUU,random,QAHWUU.cif,QAHWUU02.cif,tests/data/csd_families/QAHWUU/QAHWUU.cif,tests/data/csd_families/QAHWUU/QAHWUU02.cif,3,3.3692382740424613,1,0.5853084231649875,
QAHWUU,random,QAHWUU.cif,QAHWUU03.cif,tests/data/csd_families/QAHWUU/QAHWUU.cif,tests/data/csd_families/QAHWUU/QAHWUU03.cif,2,2.8521541191693065,1,0.6429012772372644,
QAHWUU,random,QAHWUU.cif,QAHWUU04.cif,tests/data/csd_families/QAHWUU/QAHWUU.cif,tests/data/csd_families/QAHWUU/QAHWUU04.cif,5,4.040701120362958,1,0.11488777655221592,
QAHWUU,random,QAHWUU01.cif,QAHWUU02.cif,tests/data/csd_families/QAHWUU/QAHWUU01.cif,tests/data/csd_families/QAHWUU/QAHWUU02.cif,3,3.372034519756975,1,0.5759614401450375,
QAHWUU,random,QAHWUU01.cif,QAHWUU03.cif,tests/data/csd_families/QAHWUU/QAHWUU01.cif,tests/data/csd_families/QAHWUU/QAHWUU03.cif,2,2.861409947269864,1,0.6363167442081593,
QAHWUU,random,QAHWUU01.cif,QAHWUU04.cif,tests/data/csd_families/QAHWUU/QAHWUU01.cif,tests/data/csd_families/QAHWUU/QAHWUU04.cif,5,3.915034729658943,1,0.11603063653536845,
QAHWUU,random,QAHWUU02.cif,QAHWUU03.cif,tests/data/csd_families/QAHWUU/QAHWUU02.cif,tests/data/csd_families/QAHWUU/QAHWUU03.cif,6,1.2159553068329316,1,0.29228189710453195,
QAHWUU,random,QAHWUU02.cif,QAHWUU04.cif,tests/data/csd_families/QAHWUU/QAHWUU02.cif,tests/data/csd_families/QAHWUU/QAHWUU04.cif,4,1.777311850282828,1,0.5617985012137491,
QAHWUU,random,QAHWUU03.cif,QAHWUU04.cif,tests/data/csd_families/QAHWUU/QAHWUU03.cif,tests/data/csd_families/QAHWUU/QAHWUU04.cif,4,2.8744595751029487,1,0.46117750423197107,
QAPNAZ,random,QAPNAZ.cif,QAPNAZ01.cif,tests/data/csd_families/QAPNAZ/QAPNAZ.cif,tests/data/csd_families/QAPNAZ/QAPNAZ01.cif,15,0.058270797411823914,1,0.0199869433451533,
QAPNAZ,random,QAPNAZ.cif,QAPNAZ02.cif,tests/data/csd_families/QAPNAZ/QAPNAZ.cif,tests/data/csd_families/QAPNAZ/QAPNAZ02.cif,15,0.008655006931463694,1,0.007008169920385475,
QAPNAZ,random,QAPNAZ.cif,QAPNAZ03.cif,tests/data/csd_families/QAPNAZ/QAPNAZ.cif,tests/data/csd_families/QAPNAZ/QAPNAZ03.cif,15,0.008280936833444687,1,0.006500516241511859,
QAPNAZ,random,QAPNAZ.cif,QAPNAZ04.cif,tests/data/csd_families/QAPNAZ/QAPNAZ.cif,tests/data/csd_families/QAPNAZ/QAPNAZ04.cif,15,0.008594092185707196,1,0.006707401484063553,
QAPNAZ,random,QAPNAZ01.cif,QAPNAZ02.cif,tests/data/csd_families/QAPNAZ/QAPNAZ01.cif,tests/data/csd_families/QAPNAZ/QAPNAZ02.cif,15,0.05591174153531635,1,0.017975351757851765,
QAPNAZ,random,QAPNAZ01.cif,QAPNAZ03.cif,tests/data/csd_families/QAPNAZ/QAPNAZ01.cif,tests/data/csd_families/QAPNAZ/QAPNAZ03.cif,15,0.05618955187721581,1,0.018077614038841443,
QAPNAZ,random,QAPNAZ01.cif,QAPNAZ04.cif,tests/data/csd_families/QAPNAZ/QAPNAZ01.cif,tests/data/csd_families/QAPNAZ/QAPNAZ04.cif,15,0.05586807047103926,1,0.01801912318885519,
QAPNAZ,random,QAPNAZ02.cif,QAPNAZ03.cif,tests/data/csd_families/QAPNAZ/QAPNAZ02.cif,tests/data/csd_families/QAPNAZ/QAPNAZ03.cif,15,0.003469257027861272,1,0.003181935080721912,
QAPNAZ,random,QAPNAZ02.cif,QAPNAZ04.cif,tests/data/csd_families/QAPNAZ/QAPNAZ02.cif,tests/data/csd_families/QAPNAZ/QAPNAZ04.cif,15,0.003625635537295695,1,0.003462115324502602,
QAPNAZ,random,QAPNAZ03.cif,QAPNAZ04.cif,tests/data/csd_families/QAPNAZ/QAPNAZ03.cif,tests/data/csd_families/QAPNAZ/QAPNAZ04.cif,15,0.0038802719814916846,1,0.003610407752443251,
QAYJEH,random,QAYJEH.cif,QAYJEH01.cif,tests/data/csd_families/QAYJEH/QAYJEH.cif,tests/data/csd_families/QAYJEH/QAYJEH01.cif,0,nan,0,nan,RuntimeError:MotifSearch Timeout
QAYJEH,random,QAYJEH.cif,QAYJEH02.cif,tests/data/csd_families/QAYJEH/QAYJEH.cif,tests/data/csd_families/QAYJEH/QAYJEH02.cif,0,nan,0,nan,RuntimeError:MotifSearch Timeout
QAYJEH,random,QAYJEH.cif,QAYJEH03.cif,tests/data/csd_families/QAYJEH/QAYJEH.cif,tests/data/csd_families/QAYJEH/QAYJEH03.cif,12,0.7007361856888014,1,0.1189316555079957,
QAYJEH,random,QAYJEH.cif,QAYJEH04.cif,tests/data/csd_families/QAYJEH/QAYJEH.cif,tests/data/csd_families/QAYJEH/QAYJEH04.cif,12,0.7165705642431234,1,0.09349190289264811,
QAYJEH,random,QAYJEH01.cif,QAYJEH02.cif,tests/data/csd_families/QAYJEH/QAYJEH01.cif,tests/data/csd_families/QAYJEH/QAYJEH02.cif,0,nan,0,nan,RuntimeError:MotifSearch Timeout
QAYJEH,random,QAYJEH01.cif,QAYJEH03.cif,tests/data/csd_families/QAYJEH/QAYJEH01.cif,tests/data/csd_families/QAYJEH/QAYJEH03.cif,0,nan,0,nan,RuntimeError:MotifSearch Timeout
QAYJEH,random,QAYJEH01.cif,QAYJEH04.cif,tests/data/csd_families/QAYJEH/QAYJEH01.cif,tests/data/csd_families/QAYJEH/QAYJEH04.cif,13,0.976943171469483,1,0.19243819408120963,
QAYJEH,random,QAYJEH02.cif,QAYJEH03.cif,tests/data/csd_families/QAYJEH/QAYJEH02.cif,tests/data/csd_families/QAYJEH/QAYJEH03.cif,0,nan,0,nan,RuntimeError:MotifSearch Timeout
QAYJEH,random,QAYJEH02.cif,QAYJEH04.cif,tests/data/csd_families/QAYJEH/QAYJEH02.cif,tests/data/csd_families/QAYJEH/QAYJEH04.cif,0,nan,0,nan,RuntimeError:MotifSearch Timeout
QAYJEH,random,QAYJEH03.cif,QAYJEH04.cif,tests/data/csd_families/QAYJEH/QAYJEH03.cif,tests/data/csd_families/QAYJEH/QAYJEH04.cif,12,0.7129469676505769,1,0.045325854841031195,
QIHBEO,random,QIHBEO.cif,QIHBEO01.cif,tests/data/csd_families/QIHBEO/QIHBEO.cif,tests/data/csd_families/QIHBEO/QIHBEO01.cif,15,0.020899928827127226,1,0.00932283456868053,
QIHBEO,random,QIHBEO.cif,QIHBEO02.cif,tests/data/csd_families/QIHBEO/QIHBEO.cif,tests/data/csd_families/QIHBEO/QIHBEO02.cif,15,0.09388848417484781,1,0.01394982064553876,
QIHBEO,random,QIHBEO.cif,QIHBEO03.cif,tests/data/csd_families/QIHBEO/QIHBEO.cif,tests/data/csd_families/QIHBEO/QIHBEO03.cif,15,0.07199856754618075,1,0.00904677425706208,
QIHBEO,random,QIHBEO.cif,QIHBEO04.cif,tests/data/csd_families/QIHBEO/QIHBEO.cif,tests/data/csd_families/QIHBEO/QIHBEO04.cif,15,0.011473369679145645,1,0.00833675194714546,
QIHBEO,random,QIHBEO01.cif,QIHBEO02.cif,tests/data/csd_families/QIHBEO/QIHBEO01.cif,tests/data/csd_families/QIHBEO/QIHBEO02.cif,15,0.09861131405195461,1,0.009577371232591116,
QIHBEO,random,QIHBEO01.cif,QIHBEO03.cif,tests/data/csd_families/QIHBEO/QIHBEO01.cif,tests/data/csd_families/QIHBEO/QIHBEO03.cif,15,0.07830371862856982,1,0.007006630313883044,
QIHBEO,random,QIHBEO01.cif,QIHBEO04.cif,tests/data/csd_families/QIHBEO/QIHBEO01.cif,tests/data/csd_families/QIHBEO/QIHBEO04.cif,15,0.014260509852246367,1,0.006947255559723897,
QIHBEO,random,QIHBEO02.cif,QIHBEO03.cif,tests/data/csd_families/QIHBEO/QIHBEO02.cif,tests/data/csd_families/QIHBEO/QIHBEO03.cif,15,0.02401980636969025,1,0.0071973838815721745,
QIHBEO,random,QIHBEO02.cif,QIHBEO04.cif,tests/data/csd_families/QIHBEO/QIHBEO02.cif,tests/data/csd_families/QIHBEO/QIHBEO04.cif,15,0.09860224572009335,1,0.014526300450235867,
QIHBEO,random,QIHBEO03.cif,QIHBEO04.cif,tests/data/csd_families/QIHBEO/QIHBEO03.cif,tests/data/csd_families/QIHBEO/QIHBEO04.cif,15,0.07697654932083173,1,0.009609843781558797,
QIHDUK,random,QIHDUK.cif,QIHDUK01.cif,tests/data/csd_families/QIHDUK/QIHDUK.cif,tests/data/csd_families/QIHDUK/QIHDUK01.cif,15,0.020823929367959702,1,0.009654116676002349,
QIHDUK,random,QIHDUK.cif,QIHDUK02.cif,tests/data/csd_families/QIHDUK/QIHDUK.cif,tests/data/csd_families/QIHDUK/QIHDUK02.cif,11,0.11336137254578338,1,0.017316296582319656,
QIHDUK,random,QIHDUK.cif,QIHDUK03.cif,tests/data/csd_families/QIHDUK/QIHDUK.cif,tests/data/csd_families/QIHDUK/QIHDUK03.cif,11,0.12698870823084943,1,0.02041283278903754,
QIHDUK,random,QIHDUK01.cif,QIHDUK02.cif,tests/data/csd_families/QIHDUK/QIHDUK01.cif,tests/data/csd_families/QIHDUK/QIHDUK02.cif,11,0.11239919710481253,1,0.017798109935518114,
QIHDUK,random,QIHDUK01.cif,QIHDUK03.cif,tests/data/csd_families/QIHDUK/QIHDUK01.cif,tests/data/csd_families/QIHDUK/QIHDUK03.cif,11,0.15873025268448332,1,0.019907613241483324,
QIHDUK,random,QIHDUK02.cif,QIHDUK03.cif,tests/data/csd_families/QIHDUK/QIHDUK02.cif,tests/data/csd_families/QIHDUK/QIHDUK03.cif,11,0.10649340225675988,1,0.01091481894675214,
QIXZAY,random,QIXZAY.cif,QIXZAY01.cif,tests/data/csd_families/QIXZAY/QIXZAY.cif,tests/data/csd_families/QIXZAY/QIXZAY01.cif,15,0.04764996102662974,1,0.02064845407475838,
QIXZAY,random,QIXZAY.cif,QIXZAY02.cif,tests/data/csd_families/QIXZAY/QIXZAY.cif,tests/data/csd_families/QIXZAY/QIXZAY02.cif,15,0.1211676960173325,1,0.031119990721687498,
QIXZAY,random,QIXZAY.cif,QIXZAY03.cif,tests/data/csd_families/QIXZAY/QIXZAY.cif,tests/data/csd_families/QIXZAY/QIXZAY03.cif,8,1.9522942986301517,1,0.029853238631492723,
QIXZAY,random,QIXZAY01.cif,QIXZAY02.cif,tests/data/csd_families/QIXZAY/QIXZAY01.cif,tests/data/csd_families/QIXZAY/QIXZAY02.cif,15,0.08305598748326792,1,0.01588008192059673,
QIXZAY,random,QIXZAY01.cif,QIXZAY03.cif,tests/data/csd_families/QIXZAY/QIXZAY01.cif,tests/data/csd_families/QIXZAY/QIXZAY03.cif,8,1.9521704499478245,1,0.03070466734634785,
QIXZAY,random,QIXZAY02.cif,QIXZAY03.cif,tests/data/csd_families/QIXZAY/QIXZAY02.cif,tests/data/csd_families/QIXZAY/QIXZAY03.cif,8,1.9546247206962428,1,0.03149928649109898,
QODLAZ,random,QODLAZ.cif,QODLAZ01.cif,tests/data/csd_families/QODLAZ/QODLAZ.cif,tests/data/csd_families/QODLAZ/QODLAZ01.cif,15,0.026060194767495885,1,0.008711850717284777,
QODLAZ,random,QODLAZ.cif,QODLAZ02.cif,tests/data/csd_families/QODLAZ/QODLAZ.cif,tests/data/csd_families/QODLAZ/QODLAZ02.cif,15,0.11046748308953934,1,0.02518342823328575,
QODLAZ,random,QODLAZ01.cif,QODLAZ02.cif,tests/data/csd_families/QODLAZ/QODLAZ01.cif,tests/data/csd_families/QODLAZ/QODLAZ02.cif,15,0.09039190239350928,1,0.020100545449112484,
QQQBUJ,random,QQQBUJ01.cif,QQQBUJ02.cif,tests/data/csd_families/QQQBUJ/QQQBUJ01.cif,tests/data/csd_families/QQQBUJ/QQQBUJ02.cif,13,0.11568893739476545,1,0.039579574254029,
QQQBUJ,random,QQQBUJ01.cif,QQQBUJ03.cif,tests/data/csd_families/QQQBUJ/QQQBUJ01.cif,tests/data/csd_families/QQQBUJ/QQQBUJ03.cif,13,0.16193171176849824,1,0.058342841220861974,
QQQBUJ,random,QQQBUJ02.cif,QQQBUJ03.cif,tests/data/csd_families/QQQBUJ/QQQBUJ02.cif,tests/data/csd_families/QQQBUJ/QQQBUJ03.cif,15,0.12686071466638907,1,0.040637793279334984,
QQQCIG,random,QQQCIG01.cif,QQQCIG04.cif,tests/data/csd_families/QQQCIG/QQQCIG01.cif,tests/data/csd_families/QQQCIG/QQQCIG04.cif,15,0.09581734419431752,1,0.017510888136620644,
QQQCIG,random,QQQCIG01.cif,QQQCIG05.cif,tests/data/csd_families/QQQCIG/QQQCIG01.cif,tests/data/csd_families/QQQCIG/QQQCIG05.cif,15,0.08394733657296276,1,0.01535858907389182,
QQQCIG,random,QQQCIG01.cif,QQQCIG06.cif,tests/data/csd_families/QQQCIG/QQQCIG01.cif,tests/data/csd_families/QQQCIG/QQQCIG06.cif,15,0.0819279782717547,1,0.012141409483835524,
QQQCIG,random,QQQCIG01.cif,QQQCIG07.cif,tests/data/csd_families/QQQCIG/QQQCIG01.cif,tests/data/csd_families/QQQCIG/QQQCIG07.cif,15,0.05723912212194314,1,0.013083335663532222,
QQQCIG,random,QQQCIG04.cif,QQQCIG05.cif,tests/data/csd_families/QQQCIG/QQQCIG04.cif,tests/data/csd_families/QQQCIG/QQQCIG05.cif,15,0.013821566342201337,1,0.004250117968631161,
QQQCIG,random,QQQCIG04.cif,QQQCIG06.cif,tests/data/csd_families/QQQCIG/QQQCIG04.cif,tests/data/csd_families/QQQCIG/QQQCIG06.cif,15,0.02064225685777011,1,0.00850020708845931,
QQQCIG,random,QQQCIG04.cif,QQQCIG07.cif,tests/data/csd_families/QQQCIG/QQQCIG04.cif,tests/data/csd_families/QQQCIG/QQQCIG07.cif,15,0.03947892390179218,1,0.006832613902392992,
QQQCIG,random,QQQCIG05.cif,QQQCIG06.cif,tests/data/csd_families/QQQCIG/QQQCIG05.cif,tests/data/csd_families/QQQCIG/QQQCIG06.cif,15,0.009430487919323664,1,0.005297377825541832,
QQQCIG,random,QQQCIG05.cif,QQQCIG07.cif,tests/data/csd_families/QQQCIG/QQQCIG05.cif,tests/data/csd_families/QQQCIG/QQQCIG07.cif,15,0.02738013595478656,1,0.003897702484911226,
QQQCIG,random,QQQCIG06.cif,QQQCIG07.cif,tests/data/csd_families/QQQCIG/QQQCIG06.cif,tests/data/csd_families/QQQCIG/QQQCIG07.cif,15,0.027635988902858552,1,0.0053413059251087745,
QQQFGG,random,QQQFGG01.cif,QQQFGG02.cif,tests/data/csd_families/QQQFGG/QQQFGG01.cif,tests/data/csd_families/QQQFGG/QQQFGG02.cif,15,0.09245554052617351,1,0.02058883318726793,
QQQFGG,random,QQQFGG01.cif,QQQFGG03.cif,tests/data/csd_families/QQQFGG/QQQFGG01.cif,tests/data/csd_families/QQQFGG/QQQFGG03.cif,15,0.08784124084625095,1,0.020749493041243912,
QQQFGG,random,QQQFGG02.cif,QQQFGG03.cif,tests/data/csd_families/QQQFGG/QQQFGG02.cif,tests/data/csd_families/QQQFGG/QQQFGG03.cif,15,0.012110265110211488,1,0.004847254474482341,
QUHNUD,random,QUHNUD.cif,QUHNUD01.cif,tests/data/csd_families/QUHNUD/QUHNUD.cif,tests/data/csd_families/QUHNUD/QUHNUD01.cif,15,0.08382570505216742,1,0.08382559227356769,
QUHNUD,random,QUHNUD.cif,QUHNUD02.cif,tests/data/csd_families/QUHNUD/QUHNUD.cif,tests/data/csd_families/QUHNUD/QUHNUD02.cif,15,0.29196494103134046,1,0.10654665789697922,
QUHNUD,random,QUHNUD01.cif,QUHNUD02.cif,tests/data/csd_families/QUHNUD/QUHNUD01.cif,tests/data/csd_families/QUHNUD/QUHNUD02.cif,15,0.279690756695167,1,0.06578465285564879,
REBNOB,random,REBNOB.cif,REBNOB01.cif,tests/data/csd_families/REBNOB/REBNOB.cif,tests/data/csd_families/REBNOB/REBNOB01.cif,10,0.0848211470553673,1,0.02322146121216244,
REBNOB,random,REBNOB.cif,REBNOB02.cif,tests/data/csd_families/REBNOB/REBNOB.cif,tests/data/csd_families/REBNOB/REBNOB02.cif,10,0.16115241868141872,1,0.03346305434034289,
REBNOB,random,REBNOB01.cif,REBNOB02.cif,tests/data/csd_families/REBNOB/REBNOB01.cif,tests/data/csd_families/REBNOB/REBNOB02.cif,15,0.08130827933617112,1,0.024285236685912624,
RENRIL,random,RENRIL.cif,RENRIL01.cif,tests/data/csd_families/RENRIL/RENRIL.cif,tests/data/csd_families/RENRIL/RENRIL01.cif,15,0.05427009059319333,1,0.02248045198633081,
RENRIL,random,RENRIL.cif,RENRIL10.cif,tests/data/csd_families/RENRIL/RENRIL.cif,tests/data/csd_families/RENRIL/RENRIL10.cif,15,0.0008713202370322547,1,0.0008482016808726221,
RENRIL,random,RENRIL.cif,RENRIL11.cif,tests/data/csd_families/RENRIL/RENRIL.cif,tests/data/csd_families/RENRIL/RENRIL11.cif,15,0.013906375260045024,1,0.013051967287224847,
RENRIL,random,RENRIL01.cif,RENRIL10.cif,tests/data/csd_families/RENRIL/RENRIL01.cif,tests/data/csd_families/RENRIL/RENRIL10.cif,15,0.05416328995720493,1,0.02225286682773503,
RENRIL,random,RENRIL01.cif,RENRIL11.cif,tests/data/csd_families/RENRIL/RENRIL01.cif,tests/data/csd_families/RENRIL/RENRIL11.cif,15,0.0520521132094815,1,0.018372586789303185,
RENRIL,random,RENRIL10.cif,RENRIL11.cif,tests/data/csd_families/RENRIL/RENRIL10.cif,tests/data/csd_families/RENRIL/RENRIL11.cif,15,0.013560222656020781,1,0.01273075784714134,
RIRMAH,random,RIRMAH.cif,RIRMAH01.cif,tests/data/csd_families/RIRMAH/RIRMAH.cif,tests/data/csd_families/RIRMAH/RIRMAH01.cif,15,0.022213641232476,1,0.009049189773054704,
RIRMAH,random,RIRMAH.cif,RIRMAH02.cif,tests/data/csd_families/RIRMAH/RIRMAH.cif,tests/data/csd_families/RIRMAH/RIRMAH02.cif,15,0.08664841204027779,1,0.006781779926847288,
RIRMAH,random,RIRMAH01.cif,RIRMAH02.cif,tests/data/csd_families/RIRMAH/RIRMAH01.cif,tests/data/csd_families/RIRMAH/RIRMAH02.cif,15,0.07719994026950361,1,0.008255224218498735,
ROKWIX,random,ROKWIX.cif,ROKWIX01.cif,tests/data/csd_families/ROKWIX/ROKWIX.cif,tests/data/csd_families/ROKWIX/ROKWIX01.cif,15,0.21251525425975876,1,0.0690476168277659,
ROKWIX,random,ROKWIX.cif,ROKWIX02.cif,tests/data/csd_families/ROKWIX/ROKWIX.cif,tests/data/csd_families/ROKWIX/ROKWIX02.cif,15,0.14119054204787093,1,0.0993056451535174,
ROKWIX,random,ROKWIX.cif,ROKWIX03.cif,tests/data/csd_families/ROKWIX/ROKWIX.cif,tests/data/csd_families/ROKWIX/ROKWIX03.cif,15,0.12359053624824998,1,0.07407929820371416,
ROKWIX,random,ROKWIX01.cif,ROKWIX02.cif,tests/data/csd_families/ROKWIX/ROKWIX01.cif,tests/data/csd_families/ROKWIX/ROKWIX02.cif,15,0.20808142048856085,1,0.11314611731691393,
ROKWIX,random,ROKWIX01.cif,ROKWIX03.cif,tests/data/csd_families/ROKWIX/ROKWIX01.cif,tests/data/csd_families/ROKWIX/ROKWIX03.cif,15,0.2882881387281243,1,0.12146433802045509,
ROKWIX,random,ROKWIX02.cif,ROKWIX03.cif,tests/data/csd_families/ROKWIX/ROKWIX02.cif,tests/data/csd_families/ROKWIX/ROKWIX03.cif,15,0.17048561587171024,1,0.11918498497736009,
ROLMUA,random,ROLMUA.cif,ROLMUA01.cif,tests/data/csd_families/ROLMUA/ROLMUA.cif,tests/data/csd_families/ROLMUA/ROLMUA01.cif,7,2.560676066206449,1,0.2856009376453527,
ROLMUA,random,ROLMUA.cif,ROLMUA02.cif,tests/data/csd_families/ROLMUA/ROLMUA.cif,tests/data/csd_families/ROLMUA/ROLMUA02.cif,8,2.6994693472722298,1,0.2931205866875971,
ROLMUA,random,ROLMUA.cif,ROLMUA03.cif,tests/data/csd_families/ROLMUA/ROLMUA.cif,tests/data/csd_families/ROLMUA/ROLMUA03.cif,7,2.754591863811177,1,0.2635044358254282,
ROLMUA,random,ROLMUA01.cif,ROLMUA02.cif,tests/data/csd_families/ROLMUA/ROLMUA01.cif,tests/data/csd_families/ROLMUA/ROLMUA02.cif,15,0.16707186142145763,1,0.036959436545828894,
ROLMUA,random,ROLMUA01.cif,ROLMUA03.cif,tests/data/csd_families/ROLMUA/ROLMUA01.cif,tests/data/csd_families/ROLMUA/ROLMUA03.cif,9,0.7668311827717156,1,0.11435515832184362,
ROLMUA,random,ROLMUA02.cif,ROLMUA03.cif,tests/data/csd_families/ROLMUA/ROLMUA02.cif,tests/data/csd_families/ROLMUA/ROLMUA03.cif,9,0.7444647410917093,1,0.10543638210033474,
ROMTUJ,random,ROMTUJ.cif,ROMTUJ01.cif,tests/data/csd_families/ROMTUJ/ROMTUJ.cif,tests/data/csd_families/ROMTUJ/ROMTUJ01.cif,15,0.07198342632649934,1,0.009714283475473881,
ROMTUJ,random,ROMTUJ.cif,ROMTUJ02.cif,tests/data/csd_families/ROMTUJ/ROMTUJ.cif,tests/data/csd_families/ROMTUJ/ROMTUJ02.cif,15,0.023378767437984612,1,0.008376532477592506,
ROMTUJ,random,ROMTUJ.cif,ROMTUJ03.cif,tests/data/csd_families/ROMTUJ/ROMTUJ.cif,tests/data/csd_families/ROMTUJ/ROMTUJ03.cif,15,0.18636034523592737,1,0.014013255848570513,
ROMTUJ,random,ROMTUJ.cif,ROMTUJ04.cif,tests/data/csd_families/ROMTUJ/ROMTUJ.cif,tests/data/csd_families/ROMTUJ/ROMTUJ04.cif,15,0.3204690927101447,1,0.021197014724127022,
ROMTUJ,random,ROMTUJ01.cif,ROMTUJ02.cif,tests/data/csd_families/ROMTUJ/ROMTUJ01.cif,tests/data/csd_families/ROMTUJ/ROMTUJ02.cif,15,0.08338981676077675,1,0.008340844411396707,
ROMTUJ,random,ROMTUJ01.cif,ROMTUJ03.cif,tests/data/csd_families/ROMTUJ/ROMTUJ01.cif,tests/data/csd_families/ROMTUJ/ROMTUJ03.cif,15,0.25476718007295746,1,0.019306185403772255,
ROMTUJ,random,ROMTUJ01.cif,ROMTUJ04.cif,tests/data/csd_families/ROMTUJ/ROMTUJ01.cif,tests/data/csd_families/ROMTUJ/ROMTUJ04.cif,15,0.38888790175752663,1,0.02463532100392832,
ROMTUJ,random,ROMTUJ02.cif,ROMTUJ03.cif,tests/data/csd_families/ROMTUJ/ROMTUJ02.cif,tests/data/csd_families/ROMTUJ/ROMTUJ03.cif,15,0.1721807468933493,1,0.015856399428198515,
ROMTUJ,random,ROMTUJ02.cif,ROMTUJ04.cif,tests/data/csd_families/ROMTUJ/ROMTUJ02.cif,tests/data/csd_families/ROMTUJ/ROMTUJ04.cif,15,0.30645005674236175,1,0.02157223229118285,
ROMTUJ,random,ROMTUJ03.cif,ROMTUJ04.cif,tests/data/csd_families/ROMTUJ/ROMTUJ03.cif,tests/data/csd_families/ROMTUJ/ROMTUJ04.cif,15,0.13485681045904385,1,0.010351498641978044,
RUVTOR,random,RUVTOR.cif,RUVTOR01.cif,tests/data/csd_families/RUVTOR/RUVTOR.cif,tests/data/csd_families/RUVTOR/RUVTOR01.cif,15,0.013887669552402594,1,0.004883443033111969,
RUVTOR,random,RUVTOR.cif,RUVTOR02.cif,tests/data/csd_families/RUVTOR/RUVTOR.cif,tests/data/csd_families/RUVTOR/RUVTOR02.cif,15,0.027224031692528697,1,0.008049973325591714,
RUVTOR,random,RUVTOR01.cif,RUVTOR02.cif,tests/data/csd_families/RUVTOR/RUVTOR01.cif,tests/data/csd_families/RUVTOR/RUVTOR02.cif,15,0.015689171710382838,1,0.006714392758126679,
SAJQII,random,SAJQII.cif,SAJQII01.cif,tests/data/csd_families/SAJQII/SAJQII.cif,tests/data/csd_families/SAJQII/SAJQII01.cif,15,0.03010705841879866,1,0.009911262926392364,
SAJQII,random,SAJQII.cif,SAJQII02.cif,tests/data/csd_families/SAJQII/SAJQII.cif,tests/data/csd_families/SAJQII/SAJQII02.cif,15,0.06603531366991486,1,0.016190405979165292,
SAJQII,random,SAJQII01.cif,SAJQII02.cif,tests/data/csd_families/SAJQII/SAJQII01.cif,tests/data/csd_families/SAJQII/SAJQII02.cif,15,0.03797389368720959,1,0.011509813420484799,
SAKMEW,random,SAKMEW.cif,SAKMEW01.cif,tests/data/csd_families/SAKMEW/SAKMEW.cif,tests/data/csd_families/SAKMEW/SAKMEW01.cif,7,2.2862693698608587,1,0.30352856223067354,
SAKMEW,random,SAKMEW.cif,SAKMEW11.cif,tests/data/csd_families/SAKMEW/SAKMEW.cif,tests/data/csd_families/SAKMEW/SAKMEW11.cif,5,0.42167879844467643,1,0.3027768379378766,
SAKMEW,random,SAKMEW.cif,SAKMEW12.cif,tests/data/csd_families/SAKMEW/SAKMEW.cif,tests/data/csd_families/SAKMEW/SAKMEW12.cif,0,nan,0,nan,RuntimeError:MotifSearch Timeout
SAKMEW,random,SAKMEW01.cif,SAKMEW11.cif,tests/data/csd_families/SAKMEW/SAKMEW01.cif,tests/data/csd_families/SAKMEW/SAKMEW11.cif,15,0.009442641487052334,1,0.006887508610133312,
SAKMEW,random,SAKMEW01.cif,SAKMEW12.cif,tests/data/csd_families/SAKMEW/SAKMEW01.cif,tests/data/csd_families/SAKMEW/SAKMEW12.cif,15,0.06190615177447012,1,0.015386329103550683,
SAKMEW,random,SAKMEW11.cif,SAKMEW12.cif,tests/data/csd_families/SAKMEW/SAKMEW11.cif,tests/data/csd_families/SAKMEW/SAKMEW12.cif,15,0.060867191506652506,1,0.01532780767565897,
SAQTOT,random,SAQTOT.cif,SAQTOT01.cif,tests/data/csd_families/SAQTOT/SAQTOT.cif,tests/data/csd_families/SAQTOT/SAQTOT01.cif,15,0.031834219941675075,1,0.0083812323893891,
SAQTOT,random,SAQTOT.cif,SAQTOT02.cif,tests/data/csd_families/SAQTOT/SAQTOT.cif,tests/data/csd_families/SAQTOT/SAQTOT02.cif,15,0.02366637934753648,1,0.006193323358591726,
SAQTOT,random,SAQTOT.cif,SAQTOT03.cif,tests/data/csd_families/SAQTOT/SAQTOT.cif,tests/data/csd_families/SAQTOT/SAQTOT03.cif,15,0.061389338302627834,1,0.013990274721880388,
SAQTOT,random,SAQTOT.cif,SAQTOT04.cif,tests/data/csd_families/SAQTOT/SAQTOT.cif,tests/data/csd_families/SAQTOT/SAQTOT04.cif,15,0.09062586218245605,1,0.021447627105599637,
SAQTOT,random,SAQTOT01.cif,SAQTOT02.cif,tests/data/csd_families/SAQTOT/SAQTOT01.cif,tests/data/csd_families/SAQTOT/SAQTOT02.cif,15,0.05527245437890249,1,0.013971340997498798,
SAQTOT,random,SAQTOT01.cif,SAQTOT03.cif,tests/data/csd_families/SAQTOT/SAQTOT01.cif,tests/data/csd_families/SAQTOT/SAQTOT03.cif,15,0.09224600347036213,1,0.021799399727069305,
SAQTOT,random,SAQTOT01.cif,SAQTOT04.cif,tests/data/csd_families/SAQTOT/SAQTOT01.cif,tests/data/csd_families/SAQTOT/SAQTOT04.cif,15,0.12168372629732348,1,0.02924761577344214,
SAQTOT,random,SAQTOT02.cif,SAQTOT03.cif,tests/data/csd_families/SAQTOT/SAQTOT02.cif,tests/data/csd_families/SAQTOT/SAQTOT03.cif,15,0.038620347517241194,1,0.008685296348639366,
SAQTOT,random,SAQTOT02.cif,SAQTOT04.cif,tests/data/csd_families/SAQTOT/SAQTOT02.cif,tests/data/csd_families/SAQTOT/SAQTOT04.cif,15,0.06751745589945984,1,0.016035903622872966,
SAQTOT,random,SAQTOT03.cif,SAQTOT04.cif,tests/data/csd_families/SAQTOT/SAQTOT03.cif,tests/data/csd_families/SAQTOT/SAQTOT04.cif,15,0.030895796324437664,1,0.009531917073929712,
SAQZOY,random,SAQZOY.cif,SAQZOY01.cif,tests/data/csd_families/SAQZOY/SAQZOY.cif,tests/data/csd_families/SAQZOY/SAQZOY01.cif,15,0.037598131049062705,1,0.01327810353391196,
SAQZOY,random,SAQZOY.cif,SAQZOY02.cif,tests/data/csd_families/SAQZOY/SAQZOY.cif,tests/data/csd_families/SAQZOY/SAQZOY02.cif,15,0.06801278386313582,1,0.011913107042384049,
SAQZOY,random,SAQZOY.cif,SAQZOY03.cif,tests/data/csd_families/SAQZOY/SAQZOY.cif,tests/data/csd_families/SAQZOY/SAQZOY03.cif,15,0.053786585726803574,1,0.009210178119347521,
SAQZOY,random,SAQZOY.cif,SAQZOY04.cif,tests/data/csd_families/SAQZOY/SAQZOY.cif,tests/data/csd_families/SAQZOY/SAQZOY04.cif,15,0.03958970119592162,1,0.008928377418352285,
SAQZOY,random,SAQZOY01.cif,SAQZOY02.cif,tests/data/csd_families/SAQZOY/SAQZOY01.cif,tests/data/csd_families/SAQZOY/SAQZOY02.cif,15,0.04060228472081292,1,0.014689216557782428,
SAQZOY,random,SAQZOY01.cif,SAQZOY03.cif,tests/data/csd_families/SAQZOY/SAQZOY01.cif,tests/data/csd_families/SAQZOY/SAQZOY03.cif,15,0.027838413465065364,1,0.01368860435161276,
SAQZOY,random,SAQZOY01.cif,SAQZOY04.cif,tests/data/csd_families/SAQZOY/SAQZOY01.cif,tests/data/csd_families/SAQZOY/SAQZOY04.cif,15,0.020896507485170576,1,0.01455093722922439,
SAQZOY,random,SAQZOY02.cif,SAQZOY03.cif,tests/data/csd_families/SAQZOY/SAQZOY02.cif,tests/data/csd_families/SAQZOY/SAQZOY03.cif,15,0.01731438926249202,1,0.008454711911010222,
SAQZOY,random,SAQZOY02.cif,SAQZOY04.cif,tests/data/csd_families/SAQZOY/SAQZOY02.cif,tests/data/csd_families/SAQZOY/SAQZOY04.cif,15,0.029998234074506944,1,0.007885612248346975,
SAQZOY,random,SAQZOY03.cif,SAQZOY04.cif,tests/data/csd_families/SAQZOY/SAQZOY03.cif,tests/data/csd_families/SAQZOY/SAQZOY04.cif,15,0.01638585886133229,1,0.0069985844144591115,
SEDTUQ,random,SEDTUQ.cif,SEDTUQ01.cif,tests/data/csd_families/SEDTUQ/SEDTUQ.cif,tests/data/csd_families/SEDTUQ/SEDTUQ01.cif,15,0.03138557218697405,1,0.010322265388234447,
SEDTUQ,random,SEDTUQ.cif,SEDTUQ02.cif,tests/data/csd_families/SEDTUQ/SEDTUQ.cif,tests/data/csd_families/SEDTUQ/SEDTUQ02.cif,15,0.02974174281036238,1,0.010781259487413373,
SEDTUQ,random,SEDTUQ.cif,SEDTUQ03.cif,tests/data/csd_families/SEDTUQ/SEDTUQ.cif,tests/data/csd_families/SEDTUQ/SEDTUQ03.cif,15,0.035330138053016935,1,0.013263380749038094,
SEDTUQ,random,SEDTUQ.cif,SEDTUQ04.cif,tests/data/csd_families/SEDTUQ/SEDTUQ.cif,tests/data/csd_families/SEDTUQ/SEDTUQ04.cif,15,0.04464700240498749,1,0.014313885819974063,
SEDTUQ,random,SEDTUQ01.cif,SEDTUQ02.cif,tests/data/csd_families/SEDTUQ/SEDTUQ01.cif,tests/data/csd_families/SEDTUQ/SEDTUQ02.cif,15,0.04798410826778978,1,0.010888836415010112,
SEDTUQ,random,SEDTUQ01.cif,SEDTUQ03.cif,tests/data/csd_families/SEDTUQ/SEDTUQ01.cif,tests/data/csd_families/SEDTUQ/SEDTUQ03.cif,15,0.029012949916936263,1,0.010152371301784858,
SEDTUQ,random,SEDTUQ01.cif,SEDTUQ04.cif,tests/data/csd_families/SEDTUQ/SEDTUQ01.cif,tests/data/csd_families/SEDTUQ/SEDTUQ04.cif,15,0.028251438273800326,1,0.010211766643172856,
SEDTUQ,random,SEDTUQ02.cif,SEDTUQ03.cif,tests/data/csd_families/SEDTUQ/SEDTUQ02.cif,tests/data/csd_families/SEDTUQ/SEDTUQ03.cif,15,0.03187551978821301,1,0.004726997903039612,
SEDTUQ,random,SEDTUQ02.cif,SEDTUQ04.cif,tests/data/csd_families/SEDTUQ/SEDTUQ02.cif,tests/data/csd_families/SEDTUQ/SEDTUQ04.cif,15,0.046039612631780844,1,0.006503401533182402,
SEDTUQ,random,SEDTUQ03.cif,SEDTUQ04.cif,tests/data/csd_families/SEDTUQ/SEDTUQ03.cif,tests/data/csd_families/SEDTUQ/SEDTUQ04.cif,15,0.014413049185167694,1,0.002740738398441479,
SETNEO,random,SETNEO.cif,SETNEO01.cif,tests/data/csd_families/SETNEO/SETNEO.cif,tests/data/csd_families/SETNEO/SETNEO01.cif,15,0.008222061868004631,1,0.0027937902272115065,
SETNEO,random,SETNEO.cif,SETNEO02.cif,tests/data/csd_families/SETNEO/SETNEO.cif,tests/data/csd_families/SETNEO/SETNEO02.cif,15,0.015761710979422024,1,0.004441895091029825,
SETNEO,random,SETNEO.cif,SETNEO03.cif,tests/data/csd_families/SETNEO/SETNEO.cif,tests/data/csd_families/SETNEO/SETNEO03.cif,15,0.02486033869002225,1,0.007275622523683338,
SETNEO,random,SETNEO.cif,SETNEO04.cif,tests/data/csd_families/SETNEO/SETNEO.cif,tests/data/csd_families/SETNEO/SETNEO04.cif,15,0.03346739616735464,1,0.0084701595586911,
SETNEO,random,SETNEO01.cif,SETNEO02.cif,tests/data/csd_families/SETNEO/SETNEO01.cif,tests/data/csd_families/SETNEO/SETNEO02.cif,15,0.007784984637079845,1,0.0022603767706583923,
SETNEO,random,SETNEO01.cif,SETNEO03.cif,tests/data/csd_families/SETNEO/SETNEO01.cif,tests/data/csd_families/SETNEO/SETNEO03.cif,15,0.016880244538175687,1,0.004977693363983127,
SETNEO,random,SETNEO01.cif,SETNEO04.cif,tests/data/csd_families/SETNEO/SETNEO01.cif,tests/data/csd_families/SETNEO/SETNEO04.cif,15,0.02549320125524666,1,0.0061645495054309,
SETNEO,random,SETNEO02.cif,SETNEO03.cif,tests/data/csd_families/SETNEO/SETNEO02.cif,tests/data/csd_families/SETNEO/SETNEO03.cif,15,0.009293959988927743,1,0.0032656481794059123,
SETNEO,random,SETNEO02.cif,SETNEO04.cif,tests/data/csd_families/SETNEO/SETNEO02.cif,tests/data/csd_families/SETNEO/SETNEO04.cif,15,0.017874943515952636,1,0.004451120286222524,
SETNEO,random,SETNEO03.cif,SETNEO04.cif,tests/data/csd_families/SETNEO/SETNEO03.cif,tests/data/csd_families/SETNEO/SETNEO04.cif,15,0.008807256256958563,1,0.0018390195808546152,
SEZRAU,random,SEZRAU.cif,SEZRAU01.cif,tests/data/csd_families/SEZRAU/SEZRAU.cif,tests/data/csd_families/SEZRAU/SEZRAU01.cif,11,1.1613238521310643,1,0.018725993998743355,
SEZRAU,random,SEZRAU.cif,SEZRAU02.cif,tests/data/csd_families/SEZRAU/SEZRAU.cif,tests/data/csd_families/SEZRAU/SEZRAU02.cif,15,0.01661540282411594,1,0.00610769313127852,
SEZRAU,random,SEZRAU01.cif,SEZRAU02.cif,tests/data/csd_families/SEZRAU/SEZRAU01.cif,tests/data/csd_families/SEZRAU/SEZRAU02.cif,11,1.1669304717241245,1,0.021464378973016576,
SOSPUL,random,SOSPUL.cif,SOSPUL01.cif,tests/data/csd_families/SOSPUL/SOSPUL.cif,tests/data/csd_families/SOSPUL/SOSPUL01.cif,15,0.049843623482479185,1,0.04949583228174512,
SOSPUL,random,SOSPUL.cif,SOSPUL02.cif,tests/data/csd_families/SOSPUL/SOSPUL.cif,tests/data/csd_families/SOSPUL/SOSPUL02.cif,15,0.10525986077188892,1,0.07823381011386993,
SOSPUL,random,SOSPUL01.cif,SOSPUL02.cif,tests/data/csd_families/SOSPUL/SOSPUL01.cif,tests/data/csd_families/SOSPUL/SOSPUL02.cif,15,0.09515812136466757,1,0.036938006639299324,
SUCROS,random,SUCROS01.cif,SUCROS03.cif,tests/data/csd_families/SUCROS/SUCROS01.cif,tests/data/csd_families/SUCROS/SUCROS03.cif,15,0.032583023366677524,1,0.00884478990821431,
SUCROS,random,SUCROS01.cif,SUCROS04.cif,tests/data/csd_families/SUCROS/SUCROS01.cif,tests/data/csd_families/SUCROS/SUCROS04.cif,15,0.03377224408532121,1,0.009932114477273421,
SUCROS,random,SUCROS01.cif,SUCROS08.cif,tests/data/csd_families/SUCROS/SUCROS01.cif,tests/data/csd_families/SUCROS/SUCROS08.cif,15,0.03637508085520203,1,0.013101343761809672,
SUCROS,random,SUCROS01.cif,SUCROS11.cif,tests/data/csd_families/SUCROS/SUCROS01.cif,tests/data/csd_families/SUCROS/SUCROS11.cif,15,0.032849204023986264,1,0.009148027564979604,
SUCROS,random,SUCROS03.cif,SUCROS04.cif,tests/data/csd_families/SUCROS/SUCROS03.cif,tests/data/csd_families/SUCROS/SUCROS04.cif,15,0.004145437276567755,1,0.003284370049137417,
SUCROS,random,SUCROS03.cif,SUCROS08.cif,tests/data/csd_families/SUCROS/SUCROS03.cif,tests/data/csd_families/SUCROS/SUCROS08.cif,15,0.009850505180763507,1,0.008954434216149268,
SUCROS,random,SUCROS03.cif,SUCROS11.cif,tests/data/csd_families/SUCROS/SUCROS03.cif,tests/data/csd_families/SUCROS/SUCROS11.cif,15,0.00437592557902778,1,0.003902454152072798,
SUCROS,random,SUCROS04.cif,SUCROS08.cif,tests/data/csd_families/SUCROS/SUCROS04.cif,tests/data/csd_families/SUCROS/SUCROS08.cif,15,0.00943581626348601,1,0.008945298323083762,
SUCROS,random,SUCROS04.cif,SUCROS11.cif,tests/data/csd_families/SUCROS/SUCROS04.cif,tests/data/csd_families/SUCROS/SUCROS11.cif,15,0.005723348295383122,1,0.005221559282692866,
SUCROS,random,SUCROS08.cif,SUCROS11.cif,tests/data/csd_families/SUCROS/SUCROS08.cif,tests/data/csd_families/SUCROS/SUCROS11.cif,15,0.00808019422949768,1,0.007338335360861707,
SUWMIG,random,SUWMIG.cif,SUWMIG01.cif,tests/data/csd_families/SUWMIG/SUWMIG.cif,tests/data/csd_families/SUWMIG/SUWMIG01.cif,15,1.2469313864067837,1,0.13935225777518082,
SUWMIG,random,SUWMIG.cif,SUWMIG02.cif,tests/data/csd_families/SUWMIG/SUWMIG.cif,tests/data/csd_families/SUWMIG/SUWMIG02.cif,15,1.543002697024605,1,0.23300499347150921,
SUWMIG,random,SUWMIG.cif,SUWMIG03.cif,tests/data/csd_families/SUWMIG/SUWMIG.cif,tests/data/csd_families/SUWMIG/SUWMIG03.cif,15,0.8922193566798139,1,0.20764098260718566,
SUWMIG,random,SUWMIG01.cif,SUWMIG02.cif,tests/data/csd_families/SUWMIG/SUWMIG01.cif,tests/data/csd_families/SUWMIG/SUWMIG02.cif,15,0.8472366313454879,1,0.2728139941927793,
SUWMIG,random,SUWMIG01.cif,SUWMIG03.cif,tests/data/csd_families/SUWMIG/SUWMIG01.cif,tests/data/csd_families/SUWMIG/SUWMIG03.cif,15,1.230521297675926,1,0.24574328525340805,
SUWMIG,random,SUWMIG02.cif,SUWMIG03.cif,tests/data/csd_families/SUWMIG/SUWMIG02.cif,tests/data/csd_families/SUWMIG/SUWMIG03.cif,13,1.1445629304864315,1,0.0364121882447691,
TAJCUD,random,TAJCUD.cif,TAJCUD01.cif,tests/data/csd_families/TAJCUD/TAJCUD.cif,tests/data/csd_families/TAJCUD/TAJCUD01.cif,10,1.9312456411278478,1,0.6036469836594593,
TAJCUD,random,TAJCUD.cif,TAJCUD02.cif,tests/data/csd_families/TAJCUD/TAJCUD.cif,tests/data/csd_families/TAJCUD/TAJCUD02.cif,15,0.06659914071031187,1,0.006449571014308758,
TAJCUD,random,TAJCUD.cif,TAJCUD03.cif,tests/data/csd_families/TAJCUD/TAJCUD.cif,tests/data/csd_families/TAJCUD/TAJCUD03.cif,15,0.019712330031878528,1,0.004514229869199299,
TAJCUD,random,TAJCUD.cif,TAJCUD04.cif,tests/data/csd_families/TAJCUD/TAJCUD.cif,tests/data/csd_families/TAJCUD/TAJCUD04.cif,11,2.1565932090173976,1,0.607372558582262,
TAJCUD,random,TAJCUD01.cif,TAJCUD02.cif,tests/data/csd_families/TAJCUD/TAJCUD01.cif,tests/data/csd_families/TAJCUD/TAJCUD02.cif,10,1.938622668819068,1,0.6021647697537551,
TAJCUD,random,TAJCUD01.cif,TAJCUD03.cif,tests/data/csd_families/TAJCUD/TAJCUD01.cif,tests/data/csd_families/TAJCUD/TAJCUD03.cif,10,1.8341479334855006,1,0.6023439070890428,
TAJCUD,random,TAJCUD01.cif,TAJCUD04.cif,tests/data/csd_families/TAJCUD/TAJCUD01.cif,tests/data/csd_families/TAJCUD/TAJCUD04.cif,15,0.042874084624150634,1,0.013709845665737559,
TAJCUD,random,TAJCUD02.cif,TAJCUD03.cif,tests/data/csd_families/TAJCUD/TAJCUD02.cif,tests/data/csd_families/TAJCUD/TAJCUD03.cif,15,0.08364009456740655,1,0.008811410058762372,
TAJCUD,random,TAJCUD02.cif,TAJCUD04.cif,tests/data/csd_families/TAJCUD/TAJCUD02.cif,tests/data/csd_families/TAJCUD/TAJCUD04.cif,11,2.1657314179687943,1,0.6058563436580854,
TAJCUD,random,TAJCUD03.cif,TAJCUD04.cif,tests/data/csd_families/TAJCUD/TAJCUD03.cif,tests/data/csd_families/TAJCUD/TAJCUD04.cif,11,2.153554377078083,1,0.6060692289152667,
TAPYEP,random,TAPYEP.cif,TAPYEP02.cif,tests/data/csd_families/TAPYEP/TAPYEP.cif,tests/data/csd_families/TAPYEP/TAPYEP02.cif,15,0.026363875839156364,1,0.008967869109479179,
TAPYEP,random,TAPYEP.cif,TAPYEP03.cif,tests/data/csd_families/TAPYEP/TAPYEP.cif,tests/data/csd_families/TAPYEP/TAPYEP03.cif,15,0.0143516577346059,1,0.008188832636886073,
TAPYEP,random,TAPYEP.cif,TAPYEP04.cif,tests/data/csd_families/TAPYEP/TAPYEP.cif,tests/data/csd_families/TAPYEP/TAPYEP04.cif,15,0.009060384312645497,1,0.007254176411217134,
TAPYEP,random,TAPYEP.cif,TAPYEP05.cif,tests/data/csd_families/TAPYEP/TAPYEP.cif,tests/data/csd_families/TAPYEP/TAPYEP05.cif,15,0.028402088855538934,1,0.00909571188778979,
TAPYEP,random,TAPYEP02.cif,TAPYEP03.cif,tests/data/csd_families/TAPYEP/TAPYEP02.cif,tests/data/csd_families/TAPYEP/TAPYEP03.cif,15,0.034318784024783014,1,0.013173988283899624,
TAPYEP,random,TAPYEP02.cif,TAPYEP04.cif,tests/data/csd_families/TAPYEP/TAPYEP02.cif,tests/data/csd_families/TAPYEP/TAPYEP04.cif,15,0.026079208353662935,1,0.009842878133181984,
TAPYEP,random,TAPYEP02.cif,TAPYEP05.cif,tests/data/csd_families/TAPYEP/TAPYEP02.cif,tests/data/csd_families/TAPYEP/TAPYEP05.cif,15,0.002362313768866346,1,0.0019550301115374754,
TAPYEP,random,TAPYEP03.cif,TAPYEP04.cif,tests/data/csd_families/TAPYEP/TAPYEP03.cif,tests/data/csd_families/TAPYEP/TAPYEP04.cif,15,0.01208613133581417,1,0.004349413592464744,
TAPYEP,random,TAPYEP03.cif,TAPYEP05.cif,tests/data/csd_families/TAPYEP/TAPYEP03.cif,tests/data/csd_families/TAPYEP/TAPYEP05.cif,15,0.03617487865963352,1,0.012701969572436042,
TAPYEP,random,TAPYEP04.cif,TAPYEP05.cif,tests/data/csd_families/TAPYEP/TAPYEP04.cif,tests/data/csd_families/TAPYEP/TAPYEP05.cif,15,0.028571396511995747,1,0.009151182920889345,
TAVKUX,random,TAVKUX.cif,TAVKUX02.cif,tests/data/csd_families/TAVKUX/TAVKUX.cif,tests/data/csd_families/TAVKUX/TAVKUX02.cif,1,0.0053064311745496025,1,0.0053064311745496025,
TAVKUX,random,TAVKUX.cif,TAVKUX06.cif,tests/data/csd_families/TAVKUX/TAVKUX.cif,tests/data/csd_families/TAVKUX/TAVKUX06.cif,15,2.3047473989680394,1,0.036209368991664014,
TAVKUX,random,TAVKUX.cif,TAVKUX07.cif,tests/data/csd_families/TAVKUX/TAVKUX.cif,tests/data/csd_families/TAVKUX/TAVKUX07.cif,15,2.3045368986515777,1,0.02673475477672773,
TAVKUX,random,TAVKUX.cif,TAVKUX09.cif,tests/data/csd_families/TAVKUX/TAVKUX.cif,tests/data/csd_families/TAVKUX/TAVKUX09.cif,1,0.010420912871311078,1,0.010420912871311078,
TAVKUX,random,TAVKUX02.cif,TAVKUX06.cif,tests/data/csd_families/TAVKUX/TAVKUX02.cif,tests/data/csd_families/TAVKUX/TAVKUX06.cif,15,2.308821346582167,1,0.03573213439942931,
TAVKUX,random,TAVKUX02.cif,TAVKUX07.cif,tests/data/csd_families/TAVKUX/TAVKUX02.cif,tests/data/csd_families/TAVKUX/TAVKUX07.cif,15,2.305392029465397,1,0.029225084104990057,
TAVKUX,random,TAVKUX02.cif,TAVKUX09.cif,tests/data/csd_families/TAVKUX/TAVKUX02.cif,tests/data/csd_families/TAVKUX/TAVKUX09.cif,15,0.046916522076239746,1,0.04391763699978064,
TAVKUX,random,TAVKUX06.cif,TAVKUX07.cif,tests/data/csd_families/TAVKUX/TAVKUX06.cif,tests/data/csd_families/TAVKUX/TAVKUX07.cif,15,0.11225466713964394,1,0.02542277621722356,
TAVKUX,random,TAVKUX06.cif,TAVKUX09.cif,tests/data/csd_families/TAVKUX/TAVKUX06.cif,tests/data/csd_families/TAVKUX/TAVKUX09.cif,15,0.11791581689466743,1,0.03128243648664465,
TAVKUX,random,TAVKUX07.cif,TAVKUX09.cif,tests/data/csd_families/TAVKUX/TAVKUX07.cif,tests/data/csd_families/TAVKUX/TAVKUX09.cif,15,2.3053343440274094,1,0.02751494549228317,
TAZDNC,random,TAZDNC01.cif,TAZDNC02.cif,tests/data/csd_families/TAZDNC/TAZDNC01.cif,tests/data/csd_families/TAZDNC/TAZDNC02.cif,15,0.07422727859937063,1,0.010395612772837426,
TAZDNC,random,TAZDNC01.cif,TAZDNC04.cif,tests/data/csd_families/TAZDNC/TAZDNC01.cif,tests/data/csd_families/TAZDNC/TAZDNC04.cif,15,0.05279783399754647,1,0.009768221164424327,
TAZDNC,random,TAZDNC01.cif,TAZDNC06.cif,tests/data/csd_families/TAZDNC/TAZDNC01.cif,tests/data/csd_families/TAZDNC/TAZDNC06.cif,15,0.03411034303678942,1,0.012224774190011028,
TAZDNC,random,TAZDNC01.cif,TAZDNC08.cif,tests/data/csd_families/TAZDNC/TAZDNC01.cif,tests/data/csd_families/TAZDNC/TAZDNC08.cif,15,0.019149802858864393,1,0.011623111317368758,
TAZDNC,random,TAZDNC02.cif,TAZDNC04.cif,tests/data/csd_families/TAZDNC/TAZDNC02.cif,tests/data/csd_families/TAZDNC/TAZDNC04.cif,15,0.024276564098078615,1,0.004819182718017752,
TAZDNC,random,TAZDNC02.cif,TAZDNC06.cif,tests/data/csd_families/TAZDNC/TAZDNC02.cif,tests/data/csd_families/TAZDNC/TAZDNC06.cif,15,0.0470143076699696,1,0.010124153140720744,
TAZDNC,random,TAZDNC02.cif,TAZDNC08.cif,tests/data/csd_families/TAZDNC/TAZDNC02.cif,tests/data/csd_families/TAZDNC/TAZDNC08.cif,15,0.0653975342766181,1,0.011524063667777208,
TAZDNC,random,TAZDNC04.cif,TAZDNC06.cif,tests/data/csd_families/TAZDNC/TAZDNC04.cif,tests/data/csd_families/TAZDNC/TAZDNC06.cif,15,0.024059692274947874,1,0.00647454784377625,
TAZDNC,random,TAZDNC04.cif,TAZDNC08.cif,tests/data/csd_families/TAZDNC/TAZDNC04.cif,tests/data/csd_families/TAZDNC/TAZDNC08.cif,15,0.042641458592933786,1,0.008089886428897193,
TAZDNC,random,TAZDNC06.cif,TAZDNC08.cif,tests/data/csd_families/TAZDNC/TAZDNC06.cif,tests/data/csd_families/TAZDNC/TAZDNC08.cif,15,0.019649813145980296,1,0.00363894578862874,
TCBENQ,random,TCBENQ.cif,TCBENQ01.cif,tests/data/csd_families/TCBENQ/TCBENQ.cif,tests/data/csd_families/TCBENQ/TCBENQ01.cif,15,0.13127427809613318,1,0.05566928942982967,
TCBENQ,random,TCBENQ.cif,TCBENQ02.cif,tests/data/csd_families/TCBENQ/TCBENQ.cif,tests/data/csd_families/TCBENQ/TCBENQ02.cif,15,0.08585078216133596,1,0.023360690663348088,
TCBENQ,random,TCBENQ.cif,TCBENQ03.cif,tests/data/csd_families/TCBENQ/TCBENQ.cif,tests/data/csd_families/TCBENQ/TCBENQ03.cif,15,0.27427992612413643,1,0.023351364921218577,
TCBENQ,random,TCBENQ.cif,TCBENQ04.cif,tests/data/csd_families/TCBENQ/TCBENQ.cif,tests/data/csd_families/TCBENQ/TCBENQ04.cif,15,0.22041587741282703,1,0.023334373962084633,
TCBENQ,random,TCBENQ01.cif,TCBENQ02.cif,tests/data/csd_families/TCBENQ/TCBENQ01.cif,tests/data/csd_families/TCBENQ/TCBENQ02.cif,15,0.19076836108442985,1,0.04356924498741857,
TCBENQ,random,TCBENQ01.cif,TCBENQ03.cif,tests/data/csd_families/TCBENQ/TCBENQ01.cif,tests/data/csd_families/TCBENQ/TCBENQ03.cif,15,0.35314652769402965,1,0.043598158872411925,
TCBENQ,random,TCBENQ01.cif,TCBENQ04.cif,tests/data/csd_families/TCBENQ/TCBENQ01.cif,tests/data/csd_families/TCBENQ/TCBENQ04.cif,15,0.29604626967253855,1,0.04357619921592249,
TCBENQ,random,TCBENQ02.cif,TCBENQ03.cif,tests/data/csd_families/TCBENQ/TCBENQ02.cif,tests/data/csd_families/TCBENQ/TCBENQ03.cif,15,0.2451936903530804,1,8.974393957344372e-05,
TCBENQ,random,TCBENQ02.cif,TCBENQ04.cif,tests/data/csd_families/TCBENQ/TCBENQ02.cif,tests/data/csd_families/TCBENQ/TCBENQ04.cif,15,0.185654788243885,1,8.097722015078343e-05,
TCBENQ,random,TCBENQ03.cif,TCBENQ04.cif,tests/data/csd_families/TCBENQ/TCBENQ03.cif,tests/data/csd_families/TCBENQ/TCBENQ04.cif,15,0.08130246642548715,1,7.590565375373841e-05,
TCNICO,random,TCNICO.cif,TCNICO01.cif,tests/data/csd_families/TCNICO/TCNICO.cif,tests/data/csd_families/TCNICO/TCNICO01.cif,15,0.0562518691947758,1,0.05625186919477581,
TCNICO,random,TCNICO.cif,TCNICO02.cif,tests/data/csd_families/TCNICO/TCNICO.cif,tests/data/csd_families/TCNICO/TCNICO02.cif,15,0.18595582261861154,1,0.09638272846111716,
TCNICO,random,TCNICO01.cif,TCNICO02.cif,tests/data/csd_families/TCNICO/TCNICO01.cif,tests/data/csd_families/TCNICO/TCNICO02.cif,15,0.17724360405345585,1,0.07826466353152806,
TEJKUO,random,TEJKUO.cif,TEJKUO01.cif,tests/data/csd_families/TEJKUO/TEJKUO.cif,tests/data/csd_families/TEJKUO/TEJKUO01.cif,11,0.49715421228372875,1,0.009417511072140729,
TEJKUO,random,TEJKUO.cif,TEJKUO03.cif,tests/data/csd_families/TEJKUO/TEJKUO.cif,tests/data/csd_families/TEJKUO/TEJKUO03.cif,9,0.16451635442344884,1,0.014514113581877574,
TEJKUO,random,TEJKUO.cif,TEJKUO04.cif,tests/data/csd_families/TEJKUO/TEJKUO.cif,tests/data/csd_families/TEJKUO/TEJKUO04.cif,0,nan,0,nan,RuntimeError:MotifSearch Timeout
TEJKUO,random,TEJKUO.cif,TEJKUO05.cif,tests/data/csd_families/TEJKUO/TEJKUO.cif,tests/data/csd_families/TEJKUO/TEJKUO05.cif,10,1.621925998128265,1,0.013129291385192397,
TEJKUO,random,TEJKUO01.cif,TEJKUO03.cif,tests/data/csd_families/TEJKUO/TEJKUO01.cif,tests/data/csd_families/TEJKUO/TEJKUO03.cif,10,0.13578348890903028,1,0.02003510833881761,
TEJKUO,random,TEJKUO01.cif,TEJKUO04.cif,tests/data/csd_families/TEJKUO/TEJKUO01.cif,tests/data/csd_families/TEJKUO/TEJKUO04.cif,15,0.17358228296727962,1,0.04195250391261385,
TEJKUO,random,TEJKUO01.cif,TEJKUO05.cif,tests/data/csd_families/TEJKUO/TEJKUO01.cif,tests/data/csd_families/TEJKUO/TEJKUO05.cif,10,0.14074901202382453,1,0.01749716891925616,
TEJKUO,random,TEJKUO03.cif,TEJKUO04.cif,tests/data/csd_families/TEJKUO/TEJKUO03.cif,tests/data/csd_families/TEJKUO/TEJKUO04.cif,0,nan,0,nan,RuntimeError:MotifSearch Timeout
TEJKUO,random,TEJKUO03.cif,TEJKUO05.cif,tests/data/csd_families/TEJKUO/TEJKUO03.cif,tests/data/csd_families/TEJKUO/TEJKUO05.cif,15,0.07420258436301355,1,0.016838905159347047,
TEJKUO,random,TEJKUO04.cif,TEJKUO05.cif,tests/data/csd_families/TEJKUO/TEJKUO04.cif,tests/data/csd_families/TEJKUO/TEJKUO05.cif,0,nan,0,nan,RuntimeError:MotifSearch Timeout
TETBBZ,random,TETBBZ.cif,TETBBZ01.cif,tests/data/csd_families/TETBBZ/TETBBZ.cif,tests/data/csd_families/TETBBZ/TETBBZ01.cif,15,0.36634278474562454,1,0.053808131177667834,
TETBBZ,random,TETBBZ.cif,TETBBZ02.cif,tests/data/csd_families/TETBBZ/TETBBZ.cif,tests/data/csd_families/TETBBZ/TETBBZ02.cif,15,0.48323711230562,1,0.04424478450506566,
TETBBZ,random,TETBBZ.cif,TETBBZ03.cif,tests/data/csd_families/TETBBZ/TETBBZ.cif,tests/data/csd_families/TETBBZ/TETBBZ03.cif,15,0.3672767005888587,1,0.04498803187430765,
TETBBZ,random,TETBBZ.cif,TETBBZ04.cif,tests/data/csd_families/TETBBZ/TETBBZ.cif,tests/data/csd_families/TETBBZ/TETBBZ04.cif,15,0.4995094206421342,1,0.04621799111846928,
TETBBZ,random,TETBBZ01.cif,TETBBZ02.cif,tests/data/csd_families/TETBBZ/TETBBZ01.cif,tests/data/csd_families/TETBBZ/TETBBZ02.cif,15,0.1496641071096014,1,0.03270073274780517,
TETBBZ,random,TETBBZ01.cif,TETBBZ03.cif,tests/data/csd_families/TETBBZ/TETBBZ01.cif,tests/data/csd_families/TETBBZ/TETBBZ03.cif,15,0.03447975799125967,1,0.03163549717257777,
TETBBZ,random,TETBBZ01.cif,TETBBZ04.cif,tests/data/csd_families/TETBBZ/TETBBZ01.cif,tests/data/csd_families/TETBBZ/TETBBZ04.cif,15,0.16121638404399946,1,0.03501537126910295,
TETBBZ,random,TETBBZ02.cif,TETBBZ03.cif,tests/data/csd_families/TETBBZ/TETBBZ02.cif,tests/data/csd_families/TETBBZ/TETBBZ03.cif,15,0.14188932680553007,1,0.005755076294407205,
TETBBZ,random,TETBBZ02.cif,TETBBZ04.cif,tests/data/csd_families/TETBBZ/TETBBZ02.cif,tests/data/csd_families/TETBBZ/TETBBZ04.cif,15,0.027499353212954845,1,0.008192838990828118,
TETBBZ,random,TETBBZ03.cif,TETBBZ04.cif,tests/data/csd_families/TETBBZ/TETBBZ03.cif,tests/data/csd_families/TETBBZ/TETBBZ04.cif,15,0.15306309480575964,1,0.008611397714934667,
TETREP,random,TETREP.cif,TETREP01.cif,tests/data/csd_families/TETREP/TETREP.cif,tests/data/csd_families/TETREP/TETREP01.cif,15,0.008111730500729032,1,0.006207174835567622,
TETREP,random,TETREP.cif,TETREP02.cif,tests/data/csd_families/TETREP/TETREP.cif,tests/data/csd_families/TETREP/TETREP02.cif,15,0.020089907021196896,1,0.008779175417913005,
TETREP,random,TETREP01.cif,TETREP02.cif,tests/data/csd_families/TETREP/TETREP01.cif,tests/data/csd_families/TETREP/TETREP02.cif,15,0.02296279153344348,1,0.011565139481787617,
TEYDAC,random,TEYDAC.cif,TEYDAC05.cif,tests/data/csd_families/TEYDAC/TEYDAC.cif,tests/data/csd_families/TEYDAC/TEYDAC05.cif,5,2.268681708267315,1,0.4259238761485894,
TEYDAC,random,TEYDAC.cif,TEYDAC06.cif,tests/data/csd_families/TEYDAC/TEYDAC.cif,tests/data/csd_families/TEYDAC/TEYDAC06.cif,15,0.07399519805498599,1,0.045081832591959844,
TEYDAC,random,TEYDAC05.cif,TEYDAC06.cif,tests/data/csd_families/TEYDAC/TEYDAC05.cif,tests/data/csd_families/TEYDAC/TEYDAC06.cif,4,1.7300274002188158,1,0.3451426995842145,
THGUAN,random,THGUAN10.cif,THGUAN11.cif,tests/data/csd_families/THGUAN/THGUAN10.cif,tests/data/csd_families/THGUAN/THGUAN11.cif,15,0.056667349253133666,1,0.011217276043295851,
THGUAN,random,THGUAN10.cif,THGUAN12.cif,tests/data/csd_families/THGUAN/THGUAN10.cif,tests/data/csd_families/THGUAN/THGUAN12.cif,15,0.054026669915284285,1,0.009068767182902473,
THGUAN,random,THGUAN11.cif,THGUAN12.cif,tests/data/csd_families/THGUAN/THGUAN11.cif,tests/data/csd_families/THGUAN/THGUAN12.cif,15,0.022924059167188576,1,0.012264371275404591,
TILRAJ,random,TILRAJ.cif,TILRAJ01.cif,tests/data/csd_families/TILRAJ/TILRAJ.cif,tests/data/csd_families/TILRAJ/TILRAJ01.cif,0,nan,0,nan,
TILRAJ,random,TILRAJ.cif,TILRAJ02.cif,tests/data/csd_families/TILRAJ/TILRAJ.cif,tests/data/csd_families/TILRAJ/TILRAJ02.cif,0,nan,0,nan,
TILRAJ,random,TILRAJ01.cif,TILRAJ02.cif,tests/data/csd_families/TILRAJ/TILRAJ01.cif,tests/data/csd_families/TILRAJ/TILRAJ02.cif,0,nan,0,nan,RuntimeError:MotifSearch Timeout
TISPUI,random,TISPUI.cif,TISPUI01.cif,tests/data/csd_families/TISPUI/TISPUI.cif,tests/data/csd_families/TISPUI/TISPUI01.cif,15,0.01574699101241392,1,0.013796611155968806,
TISPUI,random,TISPUI.cif,TISPUI02.cif,tests/data/csd_families/TISPUI/TISPUI.cif,tests/data/csd_families/TISPUI/TISPUI02.cif,15,0.057056670978076374,1,0.03586512238059825,
TISPUI,random,TISPUI.cif,TISPUI03.cif,tests/data/csd_families/TISPUI/TISPUI.cif,tests/data/csd_families/TISPUI/TISPUI03.cif,15,0.07985647753117367,1,0.05540718329900484,
TISPUI,random,TISPUI.cif,TISPUI04.cif,tests/data/csd_families/TISPUI/TISPUI.cif,tests/data/csd_families/TISPUI/TISPUI04.cif,15,0.10147793759047236,1,0.0739318235690843,
TISPUI,random,TISPUI01.cif,TISPUI02.cif,tests/data/csd_families/TISPUI/TISPUI01.cif,tests/data/csd_families/TISPUI/TISPUI02.cif,15,0.04734402074643193,1,0.031465183460775044,
TISPUI,random,TISPUI01.cif,TISPUI03.cif,tests/data/csd_families/TISPUI/TISPUI01.cif,tests/data/csd_families/TISPUI/TISPUI03.cif,15,0.06958911029656457,1,0.04956957209143701,
TISPUI,random,TISPUI01.cif,TISPUI04.cif,tests/data/csd_families/TISPUI/TISPUI01.cif,tests/data/csd_families/TISPUI/TISPUI04.cif,15,0.0904248891778888,1,0.06748822939479698,
TISPUI,random,TISPUI02.cif,TISPUI03.cif,tests/data/csd_families/TISPUI/TISPUI02.cif,tests/data/csd_families/TISPUI/TISPUI03.cif,15,0.02606593768185314,1,0.021571841246417225,
TISPUI,random,TISPUI02.cif,TISPUI04.cif,tests/data/csd_families/TISPUI/TISPUI02.cif,tests/data/csd_families/TISPUI/TISPUI04.cif,15,0.04947138749487034,1,0.04078442754374175,
TISPUI,random,TISPUI03.cif,TISPUI04.cif,tests/data/csd_families/TISPUI/TISPUI03.cif,tests/data/csd_families/TISPUI/TISPUI04.cif,15,0.025790188013533694,1,0.020317080231242398,
TMAMOH,random,TMAMOH.cif,TMAMOH03.cif,tests/data/csd_families/TMAMOH/TMAMOH.cif,tests/data/csd_families/TMAMOH/TMAMOH03.cif,15,0.18727111859028994,1,0.0021705412215580755,
TMAMOH,random,TMAMOH.cif,TMAMOH04.cif,tests/data/csd_families/TMAMOH/TMAMOH.cif,tests/data/csd_families/TMAMOH/TMAMOH04.cif,11,2.234974308486688,1,0.0054749218026628466,
TMAMOH,random,TMAMOH03.cif,TMAMOH04.cif,tests/data/csd_families/TMAMOH/TMAMOH03.cif,tests/data/csd_families/TMAMOH/TMAMOH04.cif,4,7.794963679518402,1,0.04696297029118457,
TOJHIK,random,TOJHIK.cif,TOJHIK01.cif,tests/data/csd_families/TOJHIK/TOJHIK.cif,tests/data/csd_families/TOJHIK/TOJHIK01.cif,15,0.15813658172655953,1,0.03007013396618414,
TOJHIK,random,TOJHIK.cif,TOJHIK02.cif,tests/data/csd_families/TOJHIK/TOJHIK.cif,tests/data/csd_families/TOJHIK/TOJHIK02.cif,15,0.177348416122097,1,0.03736965346160041,
TOJHIK,random,TOJHIK.cif,TOJHIK03.cif,tests/data/csd_families/TOJHIK/TOJHIK.cif,tests/data/csd_families/TOJHIK/TOJHIK03.cif,15,0.17737813888985118,1,0.040413101752131406,
TOJHIK,random,TOJHIK.cif,TOJHIK04.cif,tests/data/csd_families/TOJHIK/TOJHIK.cif,tests/data/csd_families/TOJHIK/TOJHIK04.cif,15,0.04158746846693919,1,0.012841185937067083,
TOJHIK,random,TOJHIK01.cif,TOJHIK02.cif,tests/data/csd_families/TOJHIK/TOJHIK01.cif,tests/data/csd_families/TOJHIK/TOJHIK02.cif,15,0.028234405907497324,1,0.004476744267031586,
TOJHIK,random,TOJHIK01.cif,TOJHIK03.cif,tests/data/csd_families/TOJHIK/TOJHIK01.cif,tests/data/csd_families/TOJHIK/TOJHIK03.cif,15,0.02706810977680009,1,0.005451763764095686,
TOJHIK,random,TOJHIK01.cif,TOJHIK04.cif,tests/data/csd_families/TOJHIK/TOJHIK01.cif,tests/data/csd_families/TOJHIK/TOJHIK04.cif,15,0.14639421845505274,1,0.02331755841719544,
TOJHIK,random,TOJHIK02.cif,TOJHIK03.cif,tests/data/csd_families/TOJHIK/TOJHIK02.cif,tests/data/csd_families/TOJHIK/TOJHIK03.cif,15,0.014530996419265663,1,0.0045744092694272225,
TOJHIK,random,TOJHIK02.cif,TOJHIK04.cif,tests/data/csd_families/TOJHIK/TOJHIK02.cif,tests/data/csd_families/TOJHIK/TOJHIK04.cif,15,0.16946761852605816,1,0.032009279147049416,
TOJHIK,random,TOJHIK03.cif,TOJHIK04.cif,tests/data/csd_families/TOJHIK/TOJHIK03.cif,tests/data/csd_families/TOJHIK/TOJHIK04.cif,15,0.16568606991047594,1,0.03537637495942376,
TPHMET,random,TPHMET01.cif,TPHMET02.cif,tests/data/csd_families/TPHMET/TPHMET01.cif,tests/data/csd_families/TPHMET/TPHMET02.cif,15,0.16483765791825258,1,0.04347483503022143,
TPHMET,random,TPHMET01.cif,TPHMET10.cif,tests/data/csd_families/TPHMET/TPHMET01.cif,tests/data/csd_families/TPHMET/TPHMET10.cif,15,0.11380108917597827,1,0.02782139994743674,
TPHMET,random,TPHMET01.cif,TPHMET11.cif,tests/data/csd_families/TPHMET/TPHMET01.cif,tests/data/csd_families/TPHMET/TPHMET11.cif,15,0.01527694453013186,1,0.011291658078874946,
TPHMET,random,TPHMET01.cif,TPHMET12.cif,tests/data/csd_families/TPHMET/TPHMET01.cif,tests/data/csd_families/TPHMET/TPHMET12.cif,15,0.03861202921947348,1,0.014032595662308753,
TPHMET,random,TPHMET02.cif,TPHMET10.cif,tests/data/csd_families/TPHMET/TPHMET02.cif,tests/data/csd_families/TPHMET/TPHMET10.cif,15,0.12273180769297634,1,0.04001216297853962,
TPHMET,random,TPHMET02.cif,TPHMET11.cif,tests/data/csd_families/TPHMET/TPHMET02.cif,tests/data/csd_families/TPHMET/TPHMET11.cif,15,0.16373147575149555,1,0.0414827561232614,
TPHMET,random,TPHMET02.cif,TPHMET12.cif,tests/data/csd_families/TPHMET/TPHMET02.cif,tests/data/csd_families/TPHMET/TPHMET12.cif,15,0.14266622440523277,1,0.041230421138970935,
TPHMET,random,TPHMET10.cif,TPHMET11.cif,tests/data/csd_families/TPHMET/TPHMET10.cif,tests/data/csd_families/TPHMET/TPHMET11.cif,15,0.11234808077051613,1,0.02842308555935163,
TPHMET,random,TPHMET10.cif,TPHMET12.cif,tests/data/csd_families/TPHMET/TPHMET10.cif,tests/data/csd_families/TPHMET/TPHMET12.cif,15,0.07805406081556043,1,0.02298214998595117,
TPHMET,random,TPHMET11.cif,TPHMET12.cif,tests/data/csd_families/TPHMET/TPHMET11.cif,tests/data/csd_families/TPHMET/TPHMET12.cif,15,0.036973169047348424,1,0.01230152795600294,
TPSNCL,random,TPSNCL.cif,TPSNCL01.cif,tests/data/csd_families/TPSNCL/TPSNCL.cif,tests/data/csd_families/TPSNCL/TPSNCL01.cif,15,0.10320889014170632,1,0.07840885614469696,
TPSNCL,random,TPSNCL.cif,TPSNCL02.cif,tests/data/csd_families/TPSNCL/TPSNCL.cif,tests/data/csd_families/TPSNCL/TPSNCL02.cif,15,0.15337274663661027,1,0.07767842676855437,
TPSNCL,random,TPSNCL.cif,TPSNCL03.cif,tests/data/csd_families/TPSNCL/TPSNCL.cif,tests/data/csd_families/TPSNCL/TPSNCL03.cif,6,4.128252053409618,1,0.3905199666084731,
TPSNCL,random,TPSNCL01.cif,TPSNCL02.cif,tests/data/csd_families/TPSNCL/TPSNCL01.cif,tests/data/csd_families/TPSNCL/TPSNCL02.cif,15,0.13625876505823575,1,0.03288102995151184,
TPSNCL,random,TPSNCL01.cif,TPSNCL03.cif,tests/data/csd_families/TPSNCL/TPSNCL01.cif,tests/data/csd_families/TPSNCL/TPSNCL03.cif,6,3.3155138572505973,1,0.36175589235983985,
TPSNCL,random,TPSNCL02.cif,TPSNCL03.cif,tests/data/csd_families/TPSNCL/TPSNCL02.cif,tests/data/csd_families/TPSNCL/TPSNCL03.cif,6,3.5047927550152376,1,0.37155789786107873,
TRIPHE,random,TRIPHE.cif,TRIPHE11.cif,tests/data/csd_families/TRIPHE/TRIPHE.cif,tests/data/csd_families/TRIPHE/TRIPHE11.cif,15,0.02180886779992561,1,0.02074468550156018,
TRIPHE,random,TRIPHE.cif,TRIPHE12.cif,tests/data/csd_families/TRIPHE/TRIPHE.cif,tests/data/csd_families/TRIPHE/TRIPHE12.cif,15,0.08328241488224168,1,0.019224619960346405,
TRIPHE,random,TRIPHE.cif,TRIPHE13.cif,tests/data/csd_families/TRIPHE/TRIPHE.cif,tests/data/csd_families/TRIPHE/TRIPHE13.cif,15,0.08451663048087453,1,0.01721346249894743,
TRIPHE,random,TRIPHE.cif,TRIPHE15.cif,tests/data/csd_families/TRIPHE/TRIPHE.cif,tests/data/csd_families/TRIPHE/TRIPHE15.cif,15,0.08594432904482069,1,0.017691595303359033,
TRIPHE,random,TRIPHE11.cif,TRIPHE12.cif,tests/data/csd_families/TRIPHE/TRIPHE11.cif,tests/data/csd_families/TRIPHE/TRIPHE12.cif,15,0.08293917793400851,1,0.017693222838611668,
TRIPHE,random,TRIPHE11.cif,TRIPHE13.cif,tests/data/csd_families/TRIPHE/TRIPHE11.cif,tests/data/csd_families/TRIPHE/TRIPHE13.cif,15,0.08443422872609736,1,0.015559692917693933,
TRIPHE,random,TRIPHE11.cif,TRIPHE15.cif,tests/data/csd_families/TRIPHE/TRIPHE11.cif,tests/data/csd_families/TRIPHE/TRIPHE15.cif,15,0.08557977285352247,1,0.015256224087703335,
TRIPHE,random,TRIPHE12.cif,TRIPHE13.cif,tests/data/csd_families/TRIPHE/TRIPHE12.cif,tests/data/csd_families/TRIPHE/TRIPHE13.cif,15,0.012619056382329958,1,0.007947379094384093,
TRIPHE,random,TRIPHE12.cif,TRIPHE15.cif,tests/data/csd_families/TRIPHE/TRIPHE12.cif,tests/data/csd_families/TRIPHE/TRIPHE15.cif,15,0.020904839940128345,1,0.00891047832752874,
TRIPHE,random,TRIPHE13.cif,TRIPHE15.cif,tests/data/csd_families/TRIPHE/TRIPHE13.cif,tests/data/csd_families/TRIPHE/TRIPHE15.cif,15,0.022239255863071898,1,0.007301127451427697,
TUXFIC,random,TUXFIC.cif,TUXFIC01.cif,tests/data/csd_families/TUXFIC/TUXFIC.cif,tests/data/csd_families/TUXFIC/TUXFIC01.cif,15,0.105968782705571,1,0.04432164471632457,
TUXFIC,random,TUXFIC.cif,TUXFIC02.cif,tests/data/csd_families/TUXFIC/TUXFIC.cif,tests/data/csd_families/TUXFIC/TUXFIC02.cif,15,0.1095483508666365,1,0.03469986750481837,
TUXFIC,random,TUXFIC.cif,TUXFIC03.cif,tests/data/csd_families/TUXFIC/TUXFIC.cif,tests/data/csd_families/TUXFIC/TUXFIC03.cif,15,0.11303664801632528,1,0.035834774889906544,
TUXFIC,random,TUXFIC01.cif,TUXFIC02.cif,tests/data/csd_families/TUXFIC/TUXFIC01.cif,tests/data/csd_families/TUXFIC/TUXFIC02.cif,15,0.029678984858749834,1,0.022721081920958827,
TUXFIC,random,TUXFIC01.cif,TUXFIC03.cif,tests/data/csd_families/TUXFIC/TUXFIC01.cif,tests/data/csd_families/TUXFIC/TUXFIC03.cif,15,0.031141749347056814,1,0.021888744862917132,
TUXFIC,random,TUXFIC02.cif,TUXFIC03.cif,tests/data/csd_families/TUXFIC/TUXFIC02.cif,tests/data/csd_families/TUXFIC/TUXFIC03.cif,15,0.006709622837013898,1,0.004588812639699741,
VELBOD,random,VELBOD.cif,VELBOD01.cif,tests/data/csd_families/VELBOD/VELBOD.cif,tests/data/csd_families/VELBOD/VELBOD01.cif,15,6.639921647179689e-16,1,0.0,
VELBOD,random,VELBOD.cif,VELBOD10.cif,tests/data/csd_families/VELBOD/VELBOD.cif,tests/data/csd_families/VELBOD/VELBOD10.cif,15,6.639921647179689e-16,1,0.0,
VELBOD,random,VELBOD.cif,VELBOD11.cif,tests/data/csd_families/VELBOD/VELBOD.cif,tests/data/csd_families/VELBOD/VELBOD11.cif,15,0.10930442191182113,1,0.035361328154504844,
VELBOD,random,VELBOD01.cif,VELBOD10.cif,tests/data/csd_families/VELBOD/VELBOD01.cif,tests/data/csd_families/VELBOD/VELBOD10.cif,15,6.639921647179689e-16,1,0.0,
VELBOD,random,VELBOD01.cif,VELBOD11.cif,tests/data/csd_families/VELBOD/VELBOD01.cif,tests/data/csd_families/VELBOD/VELBOD11.cif,15,0.10930442191182113,1,0.035361328154504844,
VELBOD,random,VELBOD10.cif,VELBOD11.cif,tests/data/csd_families/VELBOD/VELBOD10.cif,tests/data/csd_families/VELBOD/VELBOD11.cif,15,0.10930442191182113,1,0.035361328154504844,
VELMEH,random,VELMEH.cif,VELMEH01.cif,tests/data/csd_families/VELMEH/VELMEH.cif,tests/data/csd_families/VELMEH/VELMEH01.cif,15,0.03580744034648567,1,0.017673294113558672,
VELMEH,random,VELMEH.cif,VELMEH02.cif,tests/data/csd_families/VELMEH/VELMEH.cif,tests/data/csd_families/VELMEH/VELMEH02.cif,5,4.23266377363531,1,0.21639953639594123,
VELMEH,random,VELMEH01.cif,VELMEH02.cif,tests/data/csd_families/VELMEH/VELMEH01.cif,tests/data/csd_families/VELMEH/VELMEH02.cif,5,4.239164286431659,1,0.22394291173289935,
VILGAC,random,VILGAC.cif,VILGAC01.cif,tests/data/csd_families/VILGAC/VILGAC.cif,tests/data/csd_families/VILGAC/VILGAC01.cif,15,0.20113077976778138,1,0.14727802903398435,
VILGAC,random,VILGAC.cif,VILGAC02.cif,tests/data/csd_families/VILGAC/VILGAC.cif,tests/data/csd_families/VILGAC/VILGAC02.cif,15,0.16383270418078422,1,0.09876159945468947,
VILGAC,random,VILGAC.cif,VILGAC03.cif,tests/data/csd_families/VILGAC/VILGAC.cif,tests/data/csd_families/VILGAC/VILGAC03.cif,15,0.25451367347290316,1,0.10874954522821105,
VILGAC,random,VILGAC.cif,VILGAC04.cif,tests/data/csd_families/VILGAC/VILGAC.cif,tests/data/csd_families/VILGAC/VILGAC04.cif,15,0.39844278745080564,1,0.12773425453462586,
VILGAC,random,VILGAC01.cif,VILGAC02.cif,tests/data/csd_families/VILGAC/VILGAC01.cif,tests/data/csd_families/VILGAC/VILGAC02.cif,15,0.14329322949081602,1,0.10599234326966064,
VILGAC,random,VILGAC01.cif,VILGAC03.cif,tests/data/csd_families/VILGAC/VILGAC01.cif,tests/data/csd_families/VILGAC/VILGAC03.cif,15,0.2690572980212499,1,0.14336304857897259,
VILGAC,random,VILGAC01.cif,VILGAC04.cif,tests/data/csd_families/VILGAC/VILGAC01.cif,tests/data/csd_families/VILGAC/VILGAC04.cif,15,0.42678987346072966,1,0.17372155460939975,
VILGAC,random,VILGAC02.cif,VILGAC03.cif,tests/data/csd_families/VILGAC/VILGAC02.cif,tests/data/csd_families/VILGAC/VILGAC03.cif,15,0.16554893220435274,1,0.08831202426879776,
VILGAC,random,VILGAC02.cif,VILGAC04.cif,tests/data/csd_families/VILGAC/VILGAC02.cif,tests/data/csd_families/VILGAC/VILGAC04.cif,15,0.32352346962024414,1,0.1215693238300099,
VILGAC,random,VILGAC03.cif,VILGAC04.cif,tests/data/csd_families/VILGAC/VILGAC03.cif,tests/data/csd_families/VILGAC/VILGAC04.cif,15,0.1861260106133746,1,0.08347494857202846,
VIPJUA,random,VIPJUA.cif,VIPJUA01.cif,tests/data/csd_families/VIPJUA/VIPJUA.cif,tests/data/csd_families/VIPJUA/VIPJUA01.cif,15,0.20607078840454768,1,0.06300696647017412,
VIPJUA,random,VIPJUA.cif,VIPJUA04.cif,tests/data/csd_families/VIPJUA/VIPJUA.cif,tests/data/csd_families/VIPJUA/VIPJUA04.cif,15,0.09775386286855754,1,0.040401934435766666,
VIPJUA,random,VIPJUA01.cif,VIPJUA04.cif,tests/data/csd_families/VIPJUA/VIPJUA01.cif,tests/data/csd_families/VIPJUA/VIPJUA04.cif,15,0.13643566617213523,1,0.04740498084149283,
VITDEL,random,VITDEL.cif,VITDEL01.cif,tests/data/csd_families/VITDEL/VITDEL.cif,tests/data/csd_families/VITDEL/VITDEL01.cif,4,3.6467581621155225,1,0.7357817234845028,
VITDEL,random,VITDEL.cif,VITDEL02.cif,tests/data/csd_families/VITDEL/VITDEL.cif,tests/data/csd_families/VITDEL/VITDEL02.cif,4,3.6343579886634894,1,1.2662372281367424,
VITDEL,random,VITDEL01.cif,VITDEL02.cif,tests/data/csd_families/VITDEL/VITDEL01.cif,tests/data/csd_families/VITDEL/VITDEL02.cif,4,1.470948163432685,1,1.135077841644481,
WABGUE,random,WABGUE.cif,WABGUE01.cif,tests/data/csd_families/WABGUE/WABGUE.cif,tests/data/csd_families/WABGUE/WABGUE01.cif,15,0.1677603094175515,1,0.06086831502777047,
WABGUE,random,WABGUE.cif,WABGUE02.cif,tests/data/csd_families/WABGUE/WABGUE.cif,tests/data/csd_families/WABGUE/WABGUE02.cif,15,0.15797514913247873,1,0.0475508769417481,
WABGUE,random,WABGUE.cif,WABGUE03.cif,tests/data/csd_families/WABGUE/WABGUE.cif,tests/data/csd_families/WABGUE/WABGUE03.cif,15,0.0319592175848236,1,0.020318227605398025,
WABGUE,random,WABGUE.cif,WABGUE04.cif,tests/data/csd_families/WABGUE/WABGUE.cif,tests/data/csd_families/WABGUE/WABGUE04.cif,15,0.04777116852065771,1,0.03523270145349719,
WABGUE,random,WABGUE01.cif,WABGUE02.cif,tests/data/csd_families/WABGUE/WABGUE01.cif,tests/data/csd_families/WABGUE/WABGUE02.cif,15,0.04926744313846524,1,0.035171247941783855,
WABGUE,random,WABGUE01.cif,WABGUE03.cif,tests/data/csd_families/WABGUE/WABGUE01.cif,tests/data/csd_families/WABGUE/WABGUE03.cif,15,0.15605885224231852,1,0.06233739523084882,
WABGUE,random,WABGUE01.cif,WABGUE04.cif,tests/data/csd_families/WABGUE/WABGUE01.cif,tests/data/csd_families/WABGUE/WABGUE04.cif,15,0.14775971305599994,1,0.06357972410348828,
WABGUE,random,WABGUE02.cif,WABGUE03.cif,tests/data/csd_families/WABGUE/WABGUE02.cif,tests/data/csd_families/WABGUE/WABGUE03.cif,15,0.1512322377216392,1,0.051022691781858365,
WABGUE,random,WABGUE02.cif,WABGUE04.cif,tests/data/csd_families/WABGUE/WABGUE02.cif,tests/data/csd_families/WABGUE/WABGUE04.cif,15,0.14735170559412505,1,0.05909231150196482,
WABGUE,random,WABGUE03.cif,WABGUE04.cif,tests/data/csd_families/WABGUE/WABGUE03.cif,tests/data/csd_families/WABGUE/WABGUE04.cif,15,0.02016567021585645,1,0.0177736543618969,
WAMJIH,random,WAMJIH.cif,WAMJIH01.cif,tests/data/csd_families/WAMJIH/WAMJIH.cif,tests/data/csd_families/WAMJIH/WAMJIH01.cif,5,2.185043848251956,1,0.11344279381514191,
WAMJIH,random,WAMJIH.cif,WAMJIH03.cif,tests/data/csd_families/WAMJIH/WAMJIH.cif,tests/data/csd_families/WAMJIH/WAMJIH03.cif,5,2.1870122749013623,1,0.11346378287140688,
WAMJIH,random,WAMJIH.cif,WAMJIH04.cif,tests/data/csd_families/WAMJIH/WAMJIH.cif,tests/data/csd_families/WAMJIH/WAMJIH04.cif,5,2.152524251164871,1,0.10417375433428064,
WAMJIH,random,WAMJIH01.cif,WAMJIH03.cif,tests/data/csd_families/WAMJIH/WAMJIH01.cif,tests/data/csd_families/WAMJIH/WAMJIH03.cif,15,0.01599029781197331,1,0.007184108501513908,
WAMJIH,random,WAMJIH01.cif,WAMJIH04.cif,tests/data/csd_families/WAMJIH/WAMJIH01.cif,tests/data/csd_families/WAMJIH/WAMJIH04.cif,15,0.10461555656448354,1,0.026146337849015988,
WAMJIH,random,WAMJIH03.cif,WAMJIH04.cif,tests/data/csd_families/WAMJIH/WAMJIH03.cif,tests/data/csd_families/WAMJIH/WAMJIH04.cif,15,0.11478308005906326,1,0.027756435880105984,
WATCID,random,WATCID.cif,WATCID10.cif,tests/data/csd_families/WATCID/WATCID.cif,tests/data/csd_families/WATCID/WATCID10.cif,15,0.0,1,0.0,
WATCID,random,WATCID.cif,WATCID11.cif,tests/data/csd_families/WATCID/WATCID.cif,tests/data/csd_families/WATCID/WATCID11.cif,15,0.028192066636505853,1,0.02819206663650562,
WATCID,random,WATCID10.cif,WATCID11.cif,tests/data/csd_families/WATCID/WATCID10.cif,tests/data/csd_families/WATCID/WATCID11.cif,15,0.028192066636505853,1,0.02819206663650562,
WEKHEA,random,WEKHEA.cif,WEKHEA01.cif,tests/data/csd_families/WEKHEA/WEKHEA.cif,tests/data/csd_families/WEKHEA/WEKHEA01.cif,0,nan,0,nan,
WEKHEA,random,WEKHEA.cif,WEKHEA02.cif,tests/data/csd_families/WEKHEA/WEKHEA.cif,tests/data/csd_families/WEKHEA/WEKHEA02.cif,15,0.012874315078549407,1,0.006165498745559114,
WEKHEA,random,WEKHEA01.cif,WEKHEA02.cif,tests/data/csd_families/WEKHEA/WEKHEA01.cif,tests/data/csd_families/WEKHEA/WEKHEA02.cif,0,nan,0,nan,
WEYYUV,random,WEYYUV.cif,WEYYUV01.cif,tests/data/csd_families/WEYYUV/WEYYUV.cif,tests/data/csd_families/WEYYUV/WEYYUV01.cif,15,0.12967481594315547,1,0.03620992609636828,
WEYYUV,random,WEYYUV.cif,WEYYUV02.cif,tests/data/csd_families/WEYYUV/WEYYUV.cif,tests/data/csd_families/WEYYUV/WEYYUV02.cif,15,0.13596054655635323,1,0.025182549299733733,
WEYYUV,random,WEYYUV01.cif,WEYYUV02.cif,tests/data/csd_families/WEYYUV/WEYYUV01.cif,tests/data/csd_families/WEYYUV/WEYYUV02.cif,15,0.043585898524006184,1,0.02108142443507233,
WIRMOZ,random,WIRMOZ.cif,WIRMOZ01.cif,tests/data/csd_families/WIRMOZ/WIRMOZ.cif,tests/data/csd_families/WIRMOZ/WIRMOZ01.cif,3,2.27106740264659,1,0.7596926808665625,
WIRMOZ,random,WIRMOZ.cif,WIRMOZ02.cif,tests/data/csd_families/WIRMOZ/WIRMOZ.cif,tests/data/csd_families/WIRMOZ/WIRMOZ02.cif,3,2.277877444833703,1,0.7652411324006437,
WIRMOZ,random,WIRMOZ.cif,WIRMOZ03.cif,tests/data/csd_families/WIRMOZ/WIRMOZ.cif,tests/data/csd_families/WIRMOZ/WIRMOZ03.cif,3,2.277615084744555,1,0.7640708886463475,
WIRMOZ,random,WIRMOZ.cif,WIRMOZ04.cif,tests/data/csd_families/WIRMOZ/WIRMOZ.cif,tests/data/csd_families/WIRMOZ/WIRMOZ04.cif,3,2.2775090673556857,1,0.763919994644443,
WIRMOZ,random,WIRMOZ01.cif,WIRMOZ02.cif,tests/data/csd_families/WIRMOZ/WIRMOZ01.cif,tests/data/csd_families/WIRMOZ/WIRMOZ02.cif,15,0.0440473385933253,1,0.012149848632342551,
WIRMOZ,random,WIRMOZ01.cif,WIRMOZ03.cif,tests/data/csd_families/WIRMOZ/WIRMOZ01.cif,tests/data/csd_families/WIRMOZ/WIRMOZ03.cif,15,0.05404235571549113,1,0.009113792941999814,
WIRMOZ,random,WIRMOZ01.cif,WIRMOZ04.cif,tests/data/csd_families/WIRMOZ/WIRMOZ01.cif,tests/data/csd_families/WIRMOZ/WIRMOZ04.cif,15,0.05401271422665687,1,0.008673297635067178,
WIRMOZ,random,WIRMOZ02.cif,WIRMOZ03.cif,tests/data/csd_families/WIRMOZ/WIRMOZ02.cif,tests/data/csd_families/WIRMOZ/WIRMOZ03.cif,15,0.01920776752772964,1,0.007545380818239603,
WIRMOZ,random,WIRMOZ02.cif,WIRMOZ04.cif,tests/data/csd_families/WIRMOZ/WIRMOZ02.cif,tests/data/csd_families/WIRMOZ/WIRMOZ04.cif,15,0.01935896316423317,1,0.007950767722904347,
WIRMOZ,random,WIRMOZ03.cif,WIRMOZ04.cif,tests/data/csd_families/WIRMOZ/WIRMOZ03.cif,tests/data/csd_families/WIRMOZ/WIRMOZ04.cif,15,0.00135510964989785,1,0.0012697302698522924,
WULMOJ,random,WULMOJ.cif,WULMOJ01.cif,tests/data/csd_families/WULMOJ/WULMOJ.cif,tests/data/csd_families/WULMOJ/WULMOJ01.cif,5,2.6880129942397333,1,0.07143039674821124,
WULMOJ,random,WULMOJ.cif,WULMOJ02.cif,tests/data/csd_families/WULMOJ/WULMOJ.cif,tests/data/csd_families/WULMOJ/WULMOJ02.cif,5,3.3979148399361856,1,0.0702635604530177,
WULMOJ,random,WULMOJ.cif,WULMOJ03.cif,tests/data/csd_families/WULMOJ/WULMOJ.cif,tests/data/csd_families/WULMOJ/WULMOJ03.cif,5,3.401858784250241,1,0.07063981376243622,
WULMOJ,random,WULMOJ.cif,WULMOJ04.cif,tests/data/csd_families/WULMOJ/WULMOJ.cif,tests/data/csd_families/WULMOJ/WULMOJ04.cif,5,3.394927281386335,1,0.06774331140803606,
WULMOJ,random,WULMOJ01.cif,WULMOJ02.cif,tests/data/csd_families/WULMOJ/WULMOJ01.cif,tests/data/csd_families/WULMOJ/WULMOJ02.cif,15,0.02876985625417623,1,0.012162251437739625,
WULMOJ,random,WULMOJ01.cif,WULMOJ03.cif,tests/data/csd_families/WULMOJ/WULMOJ01.cif,tests/data/csd_families/WULMOJ/WULMOJ03.cif,15,0.010054307562284422,1,0.00843231448968886,
WULMOJ,random,WULMOJ01.cif,WULMOJ04.cif,tests/data/csd_families/WULMOJ/WULMOJ01.cif,tests/data/csd_families/WULMOJ/WULMOJ04.cif,15,0.04809648694943108,1,0.012406954554052073,
WULMOJ,random,WULMOJ02.cif,WULMOJ03.cif,tests/data/csd_families/WULMOJ/WULMOJ02.cif,tests/data/csd_families/WULMOJ/WULMOJ03.cif,15,0.027794121195264237,1,0.008582137023958021,
WULMOJ,random,WULMOJ02.cif,WULMOJ04.cif,tests/data/csd_families/WULMOJ/WULMOJ02.cif,tests/data/csd_families/WULMOJ/WULMOJ04.cif,15,0.02261621448905423,1,0.008315515383575545,
WULMOJ,random,WULMOJ03.cif,WULMOJ04.cif,tests/data/csd_families/WULMOJ/WULMOJ03.cif,tests/data/csd_families/WULMOJ/WULMOJ04.cif,15,0.0477180623174719,1,0.009800287465928112,
WULNEA,random,WULNEA.cif,WULNEA01.cif,tests/data/csd_families/WULNEA/WULNEA.cif,tests/data/csd_families/WULNEA/WULNEA01.cif,15,0.06292291103687982,1,0.028223510013417285,
WULNEA,random,WULNEA.cif,WULNEA02.cif,tests/data/csd_families/WULNEA/WULNEA.cif,tests/data/csd_families/WULNEA/WULNEA02.cif,15,0.05737969199907217,1,0.02044859217303044,
WULNEA,random,WULNEA.cif,WULNEA03.cif,tests/data/csd_families/WULNEA/WULNEA.cif,tests/data/csd_families/WULNEA/WULNEA03.cif,15,0.08909724169805748,1,0.04831512311740983,
WULNEA,random,WULNEA.cif,WULNEA04.cif,tests/data/csd_families/WULNEA/WULNEA.cif,tests/data/csd_families/WULNEA/WULNEA04.cif,15,0.05429513549359826,1,0.019163454416199134,
WULNEA,random,WULNEA01.cif,WULNEA02.cif,tests/data/csd_families/WULNEA/WULNEA01.cif,tests/data/csd_families/WULNEA/WULNEA02.cif,15,0.0204625825821813,1,0.017665813755775486,
WULNEA,random,WULNEA01.cif,WULNEA03.cif,tests/data/csd_families/WULNEA/WULNEA01.cif,tests/data/csd_families/WULNEA/WULNEA03.cif,15,0.1054577172120134,1,0.057977830903337337,
WULNEA,random,WULNEA01.cif,WULNEA04.cif,tests/data/csd_families/WULNEA/WULNEA01.cif,tests/data/csd_families/WULNEA/WULNEA04.cif,15,0.02800393311486287,1,0.021288863987426628,
WULNEA,random,WULNEA02.cif,WULNEA03.cif,tests/data/csd_families/WULNEA/WULNEA02.cif,tests/data/csd_families/WULNEA/WULNEA03.cif,15,0.09267359778155188,1,0.04714544266664595,
WULNEA,random,WULNEA02.cif,WULNEA04.cif,tests/data/csd_families/WULNEA/WULNEA02.cif,tests/data/csd_families/WULNEA/WULNEA04.cif,15,0.011594696738387528,1,0.007519426847083033,
WULNEA,random,WULNEA03.cif,WULNEA04.cif,tests/data/csd_families/WULNEA/WULNEA03.cif,tests/data/csd_families/WULNEA/WULNEA04.cif,15,0.08357644304693213,1,0.04408643740198283,
XALCOE,random,XALCOE.cif,XALCOE01.cif,tests/data/csd_families/XALCOE/XALCOE.cif,tests/data/csd_families/XALCOE/XALCOE01.cif,15,0.02115684876376914,1,0.009724774190850846,
XALCOE,random,XALCOE.cif,XALCOE02.cif,tests/data/csd_families/XALCOE/XALCOE.cif,tests/data/csd_families/XALCOE/XALCOE02.cif,15,0.03566391113552205,1,0.011798322325929153,
XALCOE,random,XALCOE01.cif,XALCOE02.cif,tests/data/csd_families/XALCOE/XALCOE01.cif,tests/data/csd_families/XALCOE/XALCOE02.cif,15,0.02645367267946333,1,0.012512284843638434,
XEFDER,random,XEFDER.cif,XEFDER02.cif,tests/data/csd_families/XEFDER/XEFDER.cif,tests/data/csd_families/XEFDER/XEFDER02.cif,15,0.07646090997994416,1,0.019079266236462486,
XEFDER,random,XEFDER.cif,XEFDER03.cif,tests/data/csd_families/XEFDER/XEFDER.cif,tests/data/csd_families/XEFDER/XEFDER03.cif,15,0.07154149157782454,1,0.018484313594455223,
XEFDER,random,XEFDER.cif,XEFDER04.cif,tests/data/csd_families/XEFDER/XEFDER.cif,tests/data/csd_families/XEFDER/XEFDER04.cif,15,0.06724712424959475,1,0.01828414460860956,
XEFDER,random,XEFDER02.cif,XEFDER03.cif,tests/data/csd_families/XEFDER/XEFDER02.cif,tests/data/csd_families/XEFDER/XEFDER03.cif,15,0.00793576050191932,1,0.005279988532846177,
XEFDER,random,XEFDER02.cif,XEFDER04.cif,tests/data/csd_families/XEFDER/XEFDER02.cif,tests/data/csd_families/XEFDER/XEFDER04.cif,15,0.012315916114168228,1,0.006439219174449189,
XEFDER,random,XEFDER03.cif,XEFDER04.cif,tests/data/csd_families/XEFDER/XEFDER03.cif,tests/data/csd_families/XEFDER/XEFDER04.cif,15,0.006170674500070987,1,0.003949295031219101,
XEHRIM,random,XEHRIM.cif,XEHRIM01.cif,tests/data/csd_families/XEHRIM/XEHRIM.cif,tests/data/csd_families/XEHRIM/XEHRIM01.cif,7,0.05782809442134641,1,0.00884590178524609,
XEHRIM,random,XEHRIM.cif,XEHRIM02.cif,tests/data/csd_families/XEHRIM/XEHRIM.cif,tests/data/csd_families/XEHRIM/XEHRIM02.cif,9,0.10567394069255918,1,0.007165666618592703,
XEHRIM,random,XEHRIM.cif,XEHRIM03.cif,tests/data/csd_families/XEHRIM/XEHRIM.cif,tests/data/csd_families/XEHRIM/XEHRIM03.cif,15,0.08763835096577545,1,0.007652367982030604,
XEHRIM,random,XEHRIM01.cif,XEHRIM02.cif,tests/data/csd_families/XEHRIM/XEHRIM01.cif,tests/data/csd_families/XEHRIM/XEHRIM02.cif,13,0.09673028093618137,1,0.007112146573557779,
XEHRIM,random,XEHRIM01.cif,XEHRIM03.cif,tests/data/csd_families/XEHRIM/XEHRIM01.cif,tests/data/csd_families/XEHRIM/XEHRIM03.cif,15,0.08758747449015608,1,0.00945935047665818,
XEHRIM,random,XEHRIM02.cif,XEHRIM03.cif,tests/data/csd_families/XEHRIM/XEHRIM02.cif,tests/data/csd_families/XEHRIM/XEHRIM03.cif,15,0.06511627385856895,1,0.007410820452139897,
XEQHUA,random,XEQHUA.cif,XEQHUA01.cif,tests/data/csd_families/XEQHUA/XEQHUA.cif,tests/data/csd_families/XEQHUA/XEQHUA01.cif,15,0.042838375338513195,1,0.021847457330588706,
XEQHUA,random,XEQHUA.cif,XEQHUA02.cif,tests/data/csd_families/XEQHUA/XEQHUA.cif,tests/data/csd_families/XEQHUA/XEQHUA02.cif,15,0.03883411156503795,1,0.01963563075428878,
XEQHUA,random,XEQHUA.cif,XEQHUA03.cif,tests/data/csd_families/XEQHUA/XEQHUA.cif,tests/data/csd_families/XEQHUA/XEQHUA03.cif,15,0.045399986143236176,1,0.03143439552927803,
XEQHUA,random,XEQHUA.cif,XEQHUA04.cif,tests/data/csd_families/XEQHUA/XEQHUA.cif,tests/data/csd_families/XEQHUA/XEQHUA04.cif,0,nan,0,nan,RuntimeError:MotifSearch Timeout
XEQHUA,random,XEQHUA01.cif,XEQHUA02.cif,tests/data/csd_families/XEQHUA/XEQHUA01.cif,tests/data/csd_families/XEQHUA/XEQHUA02.cif,15,0.07450886933066546,1,0.014369943316387478,
XEQHUA,random,XEQHUA01.cif,XEQHUA03.cif,tests/data/csd_families/XEQHUA/XEQHUA01.cif,tests/data/csd_families/XEQHUA/XEQHUA03.cif,15,0.02653785524958743,1,0.017034218490356766,
XEQHUA,random,XEQHUA01.cif,XEQHUA04.cif,tests/data/csd_families/XEQHUA/XEQHUA01.cif,tests/data/csd_families/XEQHUA/XEQHUA04.cif,15,0.0280402594350739,1,0.012978383163036981,
XEQHUA,random,XEQHUA02.cif,XEQHUA03.cif,tests/data/csd_families/XEQHUA/XEQHUA02.cif,tests/data/csd_families/XEQHUA/XEQHUA03.cif,0,nan,0,nan,RuntimeError:MotifSearch Timeout
XEQHUA,random,XEQHUA02.cif,XEQHUA04.cif,tests/data/csd_families/XEQHUA/XEQHUA02.cif,tests/data/csd_families/XEQHUA/XEQHUA04.cif,0,nan,0,nan,RuntimeError:MotifSearch Timeout
XEQHUA,random,XEQHUA03.cif,XEQHUA04.cif,tests/data/csd_families/XEQHUA/XEQHUA03.cif,tests/data/csd_families/XEQHUA/XEQHUA04.cif,15,0.03061156209537169,1,0.013257636492524294,
XIHVUG,random,XIHVUG.cif,XIHVUG01.cif,tests/data/csd_families/XIHVUG/XIHVUG.cif,tests/data/csd_families/XIHVUG/XIHVUG01.cif,15,0.5590732247609023,1,0.056953104904252566,
XIHVUG,random,XIHVUG.cif,XIHVUG02.cif,tests/data/csd_families/XIHVUG/XIHVUG.cif,tests/data/csd_families/XIHVUG/XIHVUG02.cif,15,0.6301807093240083,1,0.06758524658688554,
XIHVUG,random,XIHVUG.cif,XIHVUG03.cif,tests/data/csd_families/XIHVUG/XIHVUG.cif,tests/data/csd_families/XIHVUG/XIHVUG03.cif,15,0.6951753231816379,1,0.07500480074178906,
XIHVUG,random,XIHVUG.cif,XIHVUG04.cif,tests/data/csd_families/XIHVUG/XIHVUG.cif,tests/data/csd_families/XIHVUG/XIHVUG04.cif,15,0.02838651009781238,1,0.022362284553235464,
XIHVUG,random,XIHVUG01.cif,XIHVUG02.cif,tests/data/csd_families/XIHVUG/XIHVUG01.cif,tests/data/csd_families/XIHVUG/XIHVUG02.cif,15,0.07161146245644837,1,0.012169002422839744,
XIHVUG,random,XIHVUG01.cif,XIHVUG03.cif,tests/data/csd_families/XIHVUG/XIHVUG01.cif,tests/data/csd_families/XIHVUG/XIHVUG03.cif,15,0.13650333922853194,1,0.019620996299853765,
XIHVUG,random,XIHVUG01.cif,XIHVUG04.cif,tests/data/csd_families/XIHVUG/XIHVUG01.cif,tests/data/csd_families/XIHVUG/XIHVUG04.cif,15,0.5691501644574709,1,0.06122402906605974,
XIHVUG,random,XIHVUG02.cif,XIHVUG03.cif,tests/data/csd_families/XIHVUG/XIHVUG02.cif,tests/data/csd_families/XIHVUG/XIHVUG03.cif,15,0.06527347893585976,1,0.009221585359296331,
XIHVUG,random,XIHVUG02.cif,XIHVUG04.cif,tests/data/csd_families/XIHVUG/XIHVUG02.cif,tests/data/csd_families/XIHVUG/XIHVUG04.cif,15,0.6402605102191192,1,0.07090311988926405,
XIHVUG,random,XIHVUG03.cif,XIHVUG04.cif,tests/data/csd_families/XIHVUG/XIHVUG03.cif,tests/data/csd_families/XIHVUG/XIHVUG04.cif,15,0.7053395577012529,1,0.07920224565233543,
XOVBOZ,random,XOVBOZ.cif,XOVBOZ01.cif,tests/data/csd_families/XOVBOZ/XOVBOZ.cif,tests/data/csd_families/XOVBOZ/XOVBOZ01.cif,15,0.036931301047055116,1,0.012684133178997428,
XOVBOZ,random,XOVBOZ.cif,XOVBOZ02.cif,tests/data/csd_families/XOVBOZ/XOVBOZ.cif,tests/data/csd_families/XOVBOZ/XOVBOZ02.cif,7,5.385434796088402,1,0.15402882159504525,
XOVBOZ,random,XOVBOZ01.cif,XOVBOZ02.cif,tests/data/csd_families/XOVBOZ/XOVBOZ01.cif,tests/data/csd_families/XOVBOZ/XOVBOZ02.cif,7,5.393165497448983,1,0.15252340327210712,
XUJDOX,random,XUJDOX.cif,XUJDOX01.cif,tests/data/csd_families/XUJDOX/XUJDOX.cif,tests/data/csd_families/XUJDOX/XUJDOX01.cif,15,0.12930141981441182,1,0.08618161529104339,
XUJDOX,random,XUJDOX.cif,XUJDOX02.cif,tests/data/csd_families/XUJDOX/XUJDOX.cif,tests/data/csd_families/XUJDOX/XUJDOX02.cif,15,0.2417689861833255,1,0.15800868182198302,
XUJDOX,random,XUJDOX01.cif,XUJDOX02.cif,tests/data/csd_families/XUJDOX/XUJDOX01.cif,tests/data/csd_families/XUJDOX/XUJDOX02.cif,15,0.12487920680485012,1,0.08000533934382466,
XYLTOL,random,XYLTOL.cif,XYLTOL01.cif,tests/data/csd_families/XYLTOL/XYLTOL.cif,tests/data/csd_families/XYLTOL/XYLTOL01.cif,15,0.035923437197541375,1,0.005773742406828571,
XYLTOL,random,XYLTOL.cif,XYLTOL02.cif,tests/data/csd_families/XYLTOL/XYLTOL.cif,tests/data/csd_families/XYLTOL/XYLTOL02.cif,15,0.03653535431725126,1,0.0055647740318466804,
XYLTOL,random,XYLTOL.cif,XYLTOL03.cif,tests/data/csd_families/XYLTOL/XYLTOL.cif,tests/data/csd_families/XYLTOL/XYLTOL03.cif,15,0.033462158591447966,1,0.005334629144059388,
XYLTOL,random,XYLTOL.cif,XYLTOL04.cif,tests/data/csd_families/XYLTOL/XYLTOL.cif,tests/data/csd_families/XYLTOL/XYLTOL04.cif,15,0.03350520312747452,1,0.0055870637202384,
XYLTOL,random,XYLTOL01.cif,XYLTOL02.cif,tests/data/csd_families/XYLTOL/XYLTOL01.cif,tests/data/csd_families/XYLTOL/XYLTOL02.cif,15,0.0047127626605831105,1,0.002215223498803976,
XYLTOL,random,XYLTOL01.cif,XYLTOL03.cif,tests/data/csd_families/XYLTOL/XYLTOL01.cif,tests/data/csd_families/XYLTOL/XYLTOL03.cif,15,0.005019894318992752,1,0.002298585619821613,
XYLTOL,random,XYLTOL01.cif,XYLTOL04.cif,tests/data/csd_families/XYLTOL/XYLTOL01.cif,tests/data/csd_families/XYLTOL/XYLTOL04.cif,15,0.0050459468090160945,1,0.0023518705296330083,
XYLTOL,random,XYLTOL02.cif,XYLTOL03.cif,tests/data/csd_families/XYLTOL/XYLTOL02.cif,tests/data/csd_families/XYLTOL/XYLTOL03.cif,15,0.0035155483512607625,1,0.0005427648470361619,
XYLTOL,random,XYLTOL02.cif,XYLTOL04.cif,tests/data/csd_families/XYLTOL/XYLTOL02.cif,tests/data/csd_families/XYLTOL/XYLTOL04.cif,15,0.003477085773106786,1,0.0007544967003905315,
XYLTOL,random,XYLTOL03.cif,XYLTOL04.cif,tests/data/csd_families/XYLTOL/XYLTOL03.cif,tests/data/csd_families/XYLTOL/XYLTOL04.cif,15,0.001019186180244054,1,0.000907683075053516,
YAFCOX,random,YAFCOX.cif,YAFCOX01.cif,tests/data/csd_families/YAFCOX/YAFCOX.cif,tests/data/csd_families/YAFCOX/YAFCOX01.cif,11,0.41838101740589445,1,0.247909387699126,
YAFCOX,random,YAFCOX.cif,YAFCOX02.cif,tests/data/csd_families/YAFCOX/YAFCOX.cif,tests/data/csd_families/YAFCOX/YAFCOX02.cif,15,0.04043295034382518,1,0.03109230746784511,
YAFCOX,random,YAFCOX01.cif,YAFCOX02.cif,tests/data/csd_families/YAFCOX/YAFCOX01.cif,tests/data/csd_families/YAFCOX/YAFCOX02.cif,11,0.41006208369280633,1,0.2465918182561558,
YAKNUU,random,YAKNUU.cif,YAKNUU01.cif,tests/data/csd_families/YAKNUU/YAKNUU.cif,tests/data/csd_families/YAKNUU/YAKNUU01.cif,4,1.6619138067033834,1,1.0256543305353047,
YAKNUU,random,YAKNUU.cif,YAKNUU02.cif,tests/data/csd_families/YAKNUU/YAKNUU.cif,tests/data/csd_families/YAKNUU/YAKNUU02.cif,15,0.12973120361054344,1,0.039070134861449224,
YAKNUU,random,YAKNUU.cif,YAKNUU03.cif,tests/data/csd_families/YAKNUU/YAKNUU.cif,tests/data/csd_families/YAKNUU/YAKNUU03.cif,5,3.5592331047046497,1,1.0368508140222858,
YAKNUU,random,YAKNUU01.cif,YAKNUU02.cif,tests/data/csd_families/YAKNUU/YAKNUU01.cif,tests/data/csd_families/YAKNUU/YAKNUU02.cif,4,1.6395349515866409,1,1.0228967641684659,
YAKNUU,random,YAKNUU01.cif,YAKNUU03.cif,tests/data/csd_families/YAKNUU/YAKNUU01.cif,tests/data/csd_families/YAKNUU/YAKNUU03.cif,15,0.14003291643444898,1,0.04674494288500954,
YAKNUU,random,YAKNUU02.cif,YAKNUU03.cif,tests/data/csd_families/YAKNUU/YAKNUU02.cif,tests/data/csd_families/YAKNUU/YAKNUU03.cif,6,2.5680434273242456,1,1.0334412565985698,
YAXYUV,random,YAXYUV.cif,YAXYUV01.cif,tests/data/csd_families/YAXYUV/YAXYUV.cif,tests/data/csd_families/YAXYUV/YAXYUV01.cif,15,0.02434524505685979,1,0.00940084182696752,
YAXYUV,random,YAXYUV.cif,YAXYUV02.cif,tests/data/csd_families/YAXYUV/YAXYUV.cif,tests/data/csd_families/YAXYUV/YAXYUV02.cif,15,0.02192799810381953,1,0.008972967695226527,
YAXYUV,random,YAXYUV.cif,YAXYUV03.cif,tests/data/csd_families/YAXYUV/YAXYUV.cif,tests/data/csd_families/YAXYUV/YAXYUV03.cif,15,0.03544843538067358,1,0.009025977780025037,
YAXYUV,random,YAXYUV01.cif,YAXYUV02.cif,tests/data/csd_families/YAXYUV/YAXYUV01.cif,tests/data/csd_families/YAXYUV/YAXYUV02.cif,15,0.01515716638436318,1,0.004552753608363883,
YAXYUV,random,YAXYUV01.cif,YAXYUV03.cif,tests/data/csd_families/YAXYUV/YAXYUV01.cif,tests/data/csd_families/YAXYUV/YAXYUV03.cif,15,0.03616006119747828,1,0.004870578345744477,
YAXYUV,random,YAXYUV02.cif,YAXYUV03.cif,tests/data/csd_families/YAXYUV/YAXYUV02.cif,tests/data/csd_families/YAXYUV/YAXYUV03.cif,15,0.03555443434961995,1,0.0031967769906854674,
YEFJOI,random,YEFJOI.cif,YEFJOI03.cif,tests/data/csd_families/YEFJOI/YEFJOI.cif,tests/data/csd_families/YEFJOI/YEFJOI03.cif,15,0.08909497167747163,1,0.017251893273423028,
YEFJOI,random,YEFJOI.cif,YEFJOI04.cif,tests/data/csd_families/YEFJOI/YEFJOI.cif,tests/data/csd_families/YEFJOI/YEFJOI04.cif,15,0.07277850254816053,1,0.010418672228604474,
YEFJOI,random,YEFJOI.cif,YEFJOI05.cif,tests/data/csd_families/YEFJOI/YEFJOI.cif,tests/data/csd_families/YEFJOI/YEFJOI05.cif,15,0.12301532918806203,1,0.014669640515626695,
YEFJOI,random,YEFJOI.cif,YEFJOI06.cif,tests/data/csd_families/YEFJOI/YEFJOI.cif,tests/data/csd_families/YEFJOI/YEFJOI06.cif,15,0.02155837749539268,1,0.00977277174002872,
YEFJOI,random,YEFJOI03.cif,YEFJOI04.cif,tests/data/csd_families/YEFJOI/YEFJOI03.cif,tests/data/csd_families/YEFJOI/YEFJOI04.cif,15,0.027410377701185113,1,0.014512811911538871,
YEFJOI,random,YEFJOI03.cif,YEFJOI05.cif,tests/data/csd_families/YEFJOI/YEFJOI03.cif,tests/data/csd_families/YEFJOI/YEFJOI05.cif,15,0.0484929455756664,1,0.015227013903706663,
YEFJOI,random,YEFJOI03.cif,YEFJOI06.cif,tests/data/csd_families/YEFJOI/YEFJOI03.cif,tests/data/csd_families/YEFJOI/YEFJOI06.cif,15,0.10343257438913363,1,0.01777146344400719,
YEFJOI,random,YEFJOI04.cif,YEFJOI05.cif,tests/data/csd_families/YEFJOI/YEFJOI04.cif,tests/data/csd_families/YEFJOI/YEFJOI05.cif,15,0.05201500074438696,1,0.009005455775964857,
YEFJOI,random,YEFJOI04.cif,YEFJOI06.cif,tests/data/csd_families/YEFJOI/YEFJOI04.cif,tests/data/csd_families/YEFJOI/YEFJOI06.cif,15,0.08885511303835872,1,0.01500611695029615,
YEFJOI,random,YEFJOI05.cif,YEFJOI06.cif,tests/data/csd_families/YEFJOI/YEFJOI05.cif,tests/data/csd_families/YEFJOI/YEFJOI06.cif,15,0.13864979819437148,1,0.016815935560745066,
YEXSAV,random,YEXSAV.cif,YEXSAV01.cif,tests/data/csd_families/YEXSAV/YEXSAV.cif,tests/data/csd_families/YEXSAV/YEXSAV01.cif,15,0.016340658646261788,1,0.011953195898427452,
YEXSAV,random,YEXSAV.cif,YEXSAV02.cif,tests/data/csd_families/YEXSAV/YEXSAV.cif,tests/data/csd_families/YEXSAV/YEXSAV02.cif,15,0.01676662338828564,1,0.013301685913658316,
YEXSAV,random,YEXSAV01.cif,YEXSAV02.cif,tests/data/csd_families/YEXSAV/YEXSAV01.cif,tests/data/csd_families/YEXSAV/YEXSAV02.cif,15,0.008829671254191821,1,0.007375635974838833,
YICDIZ,random,YICDIZ.cif,YICDIZ01.cif,tests/data/csd_families/YICDIZ/YICDIZ.cif,tests/data/csd_families/YICDIZ/YICDIZ01.cif,8,2.6381763588311227,1,0.04456215724321297,
YICDIZ,random,YICDIZ.cif,YICDIZ02.cif,tests/data/csd_families/YICDIZ/YICDIZ.cif,tests/data/csd_families/YICDIZ/YICDIZ02.cif,0,nan,0,nan,RuntimeError:MotifSearch Timeout
YICDIZ,random,YICDIZ.cif,YICDIZ03.cif,tests/data/csd_families/YICDIZ/YICDIZ.cif,tests/data/csd_families/YICDIZ/YICDIZ03.cif,0,nan,0,nan,RuntimeError:MotifSearch Timeout
YICDIZ,random,YICDIZ.cif,YICDIZ04.cif,tests/data/csd_families/YICDIZ/YICDIZ.cif,tests/data/csd_families/YICDIZ/YICDIZ04.cif,0,nan,0,nan,RuntimeError:MotifSearch Timeout
YICDIZ,random,YICDIZ01.cif,YICDIZ02.cif,tests/data/csd_families/YICDIZ/YICDIZ01.cif,tests/data/csd_families/YICDIZ/YICDIZ02.cif,0,nan,0,nan,RuntimeError:MotifSearch Timeout
YICDIZ,random,YICDIZ01.cif,YICDIZ03.cif,tests/data/csd_families/YICDIZ/YICDIZ01.cif,tests/data/csd_families/YICDIZ/YICDIZ03.cif,0,nan,0,nan,RuntimeError:MotifSearch Timeout
YICDIZ,random,YICDIZ01.cif,YICDIZ04.cif,tests/data/csd_families/YICDIZ/YICDIZ01.cif,tests/data/csd_families/YICDIZ/YICDIZ04.cif,0,nan,0,nan,RuntimeError:MotifSearch Timeout
YICDIZ,random,YICDIZ02.cif,YICDIZ03.cif,tests/data/csd_families/YICDIZ/YICDIZ02.cif,tests/data/csd_families/YICDIZ/YICDIZ03.cif,15,0.08076358731812082,1,0.005223515287060627,
YICDIZ,random,YICDIZ02.cif,YICDIZ04.cif,tests/data/csd_families/YICDIZ/YICDIZ02.cif,tests/data/csd_families/YICDIZ/YICDIZ04.cif,15,1.0810911334308662,1,0.005911873042638779,
YICDIZ,random,YICDIZ03.cif,YICDIZ04.cif,tests/data/csd_families/YICDIZ/YICDIZ03.cif,tests/data/csd_families/YICDIZ/YICDIZ04.cif,15,0.108805078303125,1,0.004616133907793278,
YIDDAU,random,YIDDAU.cif,YIDDAU01.cif,tests/data/csd_families/YIDDAU/YIDDAU.cif,tests/data/csd_families/YIDDAU/YIDDAU01.cif,15,0.21690282153116128,1,0.1658351021302396,
YIDDAU,random,YIDDAU.cif,YIDDAU06.cif,tests/data/csd_families/YIDDAU/YIDDAU.cif,tests/data/csd_families/YIDDAU/YIDDAU06.cif,13,0.1355329888147964,1,0.1265634623896022,
YIDDAU,random,YIDDAU.cif,YIDDAU07.cif,tests/data/csd_families/YIDDAU/YIDDAU.cif,tests/data/csd_families/YIDDAU/YIDDAU07.cif,0,nan,0,nan,
YIDDAU,random,YIDDAU.cif,YIDDAU08.cif,tests/data/csd_families/YIDDAU/YIDDAU.cif,tests/data/csd_families/YIDDAU/YIDDAU08.cif,15,0.19791175210868087,1,0.14735325433631907,
YIDDAU,random,YIDDAU01.cif,YIDDAU06.cif,tests/data/csd_families/YIDDAU/YIDDAU01.cif,tests/data/csd_families/YIDDAU/YIDDAU06.cif,13,0.22928654173622876,1,0.1790109330171005,
YIDDAU,random,YIDDAU01.cif,YIDDAU07.cif,tests/data/csd_families/YIDDAU/YIDDAU01.cif,tests/data/csd_families/YIDDAU/YIDDAU07.cif,0,nan,0,nan,
YIDDAU,random,YIDDAU01.cif,YIDDAU08.cif,tests/data/csd_families/YIDDAU/YIDDAU01.cif,tests/data/csd_families/YIDDAU/YIDDAU08.cif,15,0.0955479496687839,1,0.09118798146677744,
YIDDAU,random,YIDDAU06.cif,YIDDAU07.cif,tests/data/csd_families/YIDDAU/YIDDAU06.cif,tests/data/csd_families/YIDDAU/YIDDAU07.cif,0,nan,0,nan,
YIDDAU,random,YIDDAU06.cif,YIDDAU08.cif,tests/data/csd_families/YIDDAU/YIDDAU06.cif,tests/data/csd_families/YIDDAU/YIDDAU08.cif,13,0.2114330892270142,1,0.16395936987782278,
YIDDAU,random,YIDDAU07.cif,YIDDAU08.cif,tests/data/csd_families/YIDDAU/YIDDAU07.cif,tests/data/csd_families/YIDDAU/YIDDAU08.cif,0,nan,0,nan,
YODPIR,random,YODPIR.cif,YODPIR01.cif,tests/data/csd_families/YODPIR/YODPIR.cif,tests/data/csd_families/YODPIR/YODPIR01.cif,15,0.22959318210205068,1,0.09013980559829719,
YODPIR,random,YODPIR.cif,YODPIR02.cif,tests/data/csd_families/YODPIR/YODPIR.cif,tests/data/csd_families/YODPIR/YODPIR02.cif,15,0.13795001137877813,1,0.05738531596255587,
YODPIR,random,YODPIR01.cif,YODPIR02.cif,tests/data/csd_families/YODPIR/YODPIR01.cif,tests/data/csd_families/YODPIR/YODPIR02.cif,15,0.09700813672675253,1,0.03399508370232454,
YUFZOQ,random,YUFZOQ.cif,YUFZOQ01.cif,tests/data/csd_families/YUFZOQ/YUFZOQ.cif,tests/data/csd_families/YUFZOQ/YUFZOQ01.cif,15,0.5827049856721652,1,0.15041376092898928,
YUFZOQ,random,YUFZOQ.cif,YUFZOQ02.cif,tests/data/csd_families/YUFZOQ/YUFZOQ.cif,tests/data/csd_families/YUFZOQ/YUFZOQ02.cif,15,0.5671389991865212,1,0.15605865009025174,
YUFZOQ,random,YUFZOQ.cif,YUFZOQ03.cif,tests/data/csd_families/YUFZOQ/YUFZOQ.cif,tests/data/csd_families/YUFZOQ/YUFZOQ03.cif,15,0.5928313418351995,1,0.15410993143885696,
YUFZOQ,random,YUFZOQ.cif,YUFZOQ04.cif,tests/data/csd_families/YUFZOQ/YUFZOQ.cif,tests/data/csd_families/YUFZOQ/YUFZOQ04.cif,15,0.18709510309904148,1,0.07281750107521998,
YUFZOQ,random,YUFZOQ01.cif,YUFZOQ02.cif,tests/data/csd_families/YUFZOQ/YUFZOQ01.cif,tests/data/csd_families/YUFZOQ/YUFZOQ02.cif,15,0.033293371963455685,1,0.017741122742165612,
YUFZOQ,random,YUFZOQ01.cif,YUFZOQ03.cif,tests/data/csd_families/YUFZOQ/YUFZOQ01.cif,tests/data/csd_families/YUFZOQ/YUFZOQ03.cif,15,0.03493866518859243,1,0.018010589687384886,
YUFZOQ,random,YUFZOQ01.cif,YUFZOQ04.cif,tests/data/csd_families/YUFZOQ/YUFZOQ01.cif,tests/data/csd_families/YUFZOQ/YUFZOQ04.cif,15,0.4407111218991615,1,0.10634614669996696,
YUFZOQ,random,YUFZOQ02.cif,YUFZOQ03.cif,tests/data/csd_families/YUFZOQ/YUFZOQ02.cif,tests/data/csd_families/YUFZOQ/YUFZOQ03.cif,15,0.03520769127834866,1,0.018215289759084406,
YUFZOQ,random,YUFZOQ02.cif,YUFZOQ04.cif,tests/data/csd_families/YUFZOQ/YUFZOQ02.cif,tests/data/csd_families/YUFZOQ/YUFZOQ04.cif,15,0.42234288397010505,1,0.11169095076927715,
YUFZOQ,random,YUFZOQ03.cif,YUFZOQ04.cif,tests/data/csd_families/YUFZOQ/YUFZOQ03.cif,tests/data/csd_families/YUFZOQ/YUFZOQ04.cif,15,0.44697334363840086,1,0.10728629042338171,
YUXZIB,random,YUXZIB.cif,YUXZIB01.cif,tests/data/csd_families/YUXZIB/YUXZIB.cif,tests/data/csd_families/YUXZIB/YUXZIB01.cif,15,0.05772491735162978,1,0.01744655954203842,
YUXZIB,random,YUXZIB.cif,YUXZIB02.cif,tests/data/csd_families/YUXZIB/YUXZIB.cif,tests/data/csd_families/YUXZIB/YUXZIB02.cif,15,0.05843460520849461,1,0.013895833608874277,
YUXZIB,random,YUXZIB.cif,YUXZIB03.cif,tests/data/csd_families/YUXZIB/YUXZIB.cif,tests/data/csd_families/YUXZIB/YUXZIB03.cif,15,0.16474753254380442,1,0.027375655787964512,
YUXZIB,random,YUXZIB.cif,YUXZIB04.cif,tests/data/csd_families/YUXZIB/YUXZIB.cif,tests/data/csd_families/YUXZIB/YUXZIB04.cif,15,0.16398656485670016,1,0.0270494591044575,
YUXZIB,random,YUXZIB01.cif,YUXZIB02.cif,tests/data/csd_families/YUXZIB/YUXZIB01.cif,tests/data/csd_families/YUXZIB/YUXZIB02.cif,15,0.015749358936941172,1,0.017175218901983803,
YUXZIB,random,YUXZIB01.cif,YUXZIB03.cif,tests/data/csd_families/YUXZIB/YUXZIB01.cif,tests/data/csd_families/YUXZIB/YUXZIB03.cif,15,0.17672186098842196,1,0.03365159896050882,
YUXZIB,random,YUXZIB01.cif,YUXZIB04.cif,tests/data/csd_families/YUXZIB/YUXZIB01.cif,tests/data/csd_families/YUXZIB/YUXZIB04.cif,15,0.1758531107709745,1,0.03251511490909851,
YUXZIB,random,YUXZIB02.cif,YUXZIB03.cif,tests/data/csd_families/YUXZIB/YUXZIB02.cif,tests/data/csd_families/YUXZIB/YUXZIB03.cif,15,0.1766944317303396,1,0.028062855027155446,
YUXZIB,random,YUXZIB02.cif,YUXZIB04.cif,tests/data/csd_families/YUXZIB/YUXZIB02.cif,tests/data/csd_families/YUXZIB/YUXZIB04.cif,15,0.17601250341528943,1,0.028556663091472766,
YUXZIB,random,YUXZIB03.cif,YUXZIB04.cif,tests/data/csd_families/YUXZIB/YUXZIB03.cif,tests/data/csd_families/YUXZIB/YUXZIB04.cif,15,0.005025159795979767,1,0.005145840558334205,
ZAPFED,random,ZAPFED.cif,ZAPFED01.cif,tests/data/csd_families/ZAPFED/ZAPFED.cif,tests/data/csd_families/ZAPFED/ZAPFED01.cif,2,1.2952403143864348,1,0.45960903647285084,
ZAPFED,random,ZAPFED.cif,ZAPFED02.cif,tests/data/csd_families/ZAPFED/ZAPFED.cif,tests/data/csd_families/ZAPFED/ZAPFED02.cif,11,3.3113127641679667,1,0.13193010142830466,
ZAPFED,random,ZAPFED01.cif,ZAPFED02.cif,tests/data/csd_families/ZAPFED/ZAPFED01.cif,tests/data/csd_families/ZAPFED/ZAPFED02.cif,0,nan,0,nan,RuntimeError:MotifSearch Timeout
ZEGDIA,random,ZEGDIA.cif,ZEGDIA02.cif,tests/data/csd_families/ZEGDIA/ZEGDIA.cif,tests/data/csd_families/ZEGDIA/ZEGDIA02.cif,15,0.25969123609168393,1,0.06553125795961283,
ZEGDIA,random,ZEGDIA.cif,ZEGDIA09.cif,tests/data/csd_families/ZEGDIA/ZEGDIA.cif,tests/data/csd_families/ZEGDIA/ZEGDIA09.cif,15,0.5846614015152574,1,0.15220920788908526,
ZEGDIA,random,ZEGDIA.cif,ZEGDIA10.cif,tests/data/csd_families/ZEGDIA/ZEGDIA.cif,tests/data/csd_families/ZEGDIA/ZEGDIA10.cif,15,0.15117415206088677,1,0.013406999502963165,
ZEGDIA,random,ZEGDIA.cif,ZEGDIA11.cif,tests/data/csd_families/ZEGDIA/ZEGDIA.cif,tests/data/csd_families/ZEGDIA/ZEGDIA11.cif,15,0.08124894749039539,1,0.007434355701660803,
ZEGDIA,random,ZEGDIA02.cif,ZEGDIA09.cif,tests/data/csd_families/ZEGDIA/ZEGDIA02.cif,tests/data/csd_families/ZEGDIA/ZEGDIA09.cif,15,0.4026592813932062,1,0.1446414252884606,
ZEGDIA,random,ZEGDIA02.cif,ZEGDIA10.cif,tests/data/csd_families/ZEGDIA/ZEGDIA02.cif,tests/data/csd_families/ZEGDIA/ZEGDIA10.cif,15,0.20905417724552666,1,0.061857773766476255,
ZEGDIA,random,ZEGDIA02.cif,ZEGDIA11.cif,tests/data/csd_families/ZEGDIA/ZEGDIA02.cif,tests/data/csd_families/ZEGDIA/ZEGDIA11.cif,15,0.21470362647231997,1,0.06616021216358584,
ZEGDIA,random,ZEGDIA09.cif,ZEGDIA10.cif,tests/data/csd_families/ZEGDIA/ZEGDIA09.cif,tests/data/csd_families/ZEGDIA/ZEGDIA10.cif,15,0.5174631357878612,1,0.14840500225657646,
ZEGDIA,random,ZEGDIA09.cif,ZEGDIA11.cif,tests/data/csd_families/ZEGDIA/ZEGDIA09.cif,tests/data/csd_families/ZEGDIA/ZEGDIA11.cif,15,0.5390011531248065,1,0.15004270485720692,
ZEGDIA,random,ZEGDIA10.cif,ZEGDIA11.cif,tests/data/csd_families/ZEGDIA/ZEGDIA10.cif,tests/data/csd_families/ZEGDIA/ZEGDIA11.cif,15,0.07386427851080186,1,0.008683538047936125,
ZEYLEX,random,ZEYLEX.cif,ZEYLEX01.cif,tests/data/csd_families/ZEYLEX/ZEYLEX.cif,tests/data/csd_families/ZEYLEX/ZEYLEX01.cif,15,0.9001858177823979,1,0.04795847412026216,
ZEYLEX,random,ZEYLEX.cif,ZEYLEX04.cif,tests/data/csd_families/ZEYLEX/ZEYLEX.cif,tests/data/csd_families/ZEYLEX/ZEYLEX04.cif,15,0.9302549322406832,1,0.19137475889122696,
ZEYLEX,random,ZEYLEX01.cif,ZEYLEX04.cif,tests/data/csd_families/ZEYLEX/ZEYLEX01.cif,tests/data/csd_families/ZEYLEX/ZEYLEX04.cif,15,0.22701903770961623,1,0.19967926397411934,
ZEYRII,random,ZEYRII.cif,ZEYRII01.cif,tests/data/csd_families/ZEYRII/ZEYRII.cif,tests/data/csd_families/ZEYRII/ZEYRII01.cif,15,0.005817179483848371,1,0.0020194078684621346,
ZEYRII,random,ZEYRII.cif,ZEYRII02.cif,tests/data/csd_families/ZEYRII/ZEYRII.cif,tests/data/csd_families/ZEYRII/ZEYRII02.cif,15,0.012153563580384332,1,0.003456912907434166,
ZEYRII,random,ZEYRII.cif,ZEYRII03.cif,tests/data/csd_families/ZEYRII/ZEYRII.cif,tests/data/csd_families/ZEYRII/ZEYRII03.cif,15,0.016868444473906695,1,0.005016353348233385,
ZEYRII,random,ZEYRII.cif,ZEYRII04.cif,tests/data/csd_families/ZEYRII/ZEYRII.cif,tests/data/csd_families/ZEYRII/ZEYRII04.cif,15,0.026499652515863645,1,0.005447357033203074,
ZEYRII,random,ZEYRII01.cif,ZEYRII02.cif,tests/data/csd_families/ZEYRII/ZEYRII01.cif,tests/data/csd_families/ZEYRII/ZEYRII02.cif,15,0.0068910568103331795,1,0.002348944867312876,
ZEYRII,random,ZEYRII01.cif,ZEYRII03.cif,tests/data/csd_families/ZEYRII/ZEYRII01.cif,tests/data/csd_families/ZEYRII/ZEYRII03.cif,15,0.011464250633631101,1,0.0036903384961849096,
ZEYRII,random,ZEYRII01.cif,ZEYRII04.cif,tests/data/csd_families/ZEYRII/ZEYRII01.cif,tests/data/csd_families/ZEYRII/ZEYRII04.cif,15,0.021869561174453628,1,0.0047108078296864775,
ZEYRII,random,ZEYRII02.cif,ZEYRII03.cif,tests/data/csd_families/ZEYRII/ZEYRII02.cif,tests/data/csd_families/ZEYRII/ZEYRII03.cif,15,0.005285791842192412,1,0.0023383289581988815,
ZEYRII,random,ZEYRII02.cif,ZEYRII04.cif,tests/data/csd_families/ZEYRII/ZEYRII02.cif,tests/data/csd_families/ZEYRII/ZEYRII04.cif,15,0.015744696500819586,1,0.0038184397718313418,
ZEYRII,random,ZEYRII03.cif,ZEYRII04.cif,tests/data/csd_families/ZEYRII/ZEYRII03.cif,tests/data/csd_families/ZEYRII/ZEYRII04.cif,15,0.013298124979858519,1,0.0038054681918133397,
ZEYVAA,random,ZEYVAA.cif,ZEYVAA01.cif,tests/data/csd_families/ZEYVAA/ZEYVAA.cif,tests/data/csd_families/ZEYVAA/ZEYVAA01.cif,15,0.050847486379517824,1,0.04855650176578216,
ZEYVAA,random,ZEYVAA.cif,ZEYVAA02.cif,tests/data/csd_families/ZEYVAA/ZEYVAA.cif,tests/data/csd_families/ZEYVAA/ZEYVAA02.cif,15,0.05556489908402347,1,0.05218188128274916,
ZEYVAA,random,ZEYVAA.cif,ZEYVAA10.cif,tests/data/csd_families/ZEYVAA/ZEYVAA.cif,tests/data/csd_families/ZEYVAA/ZEYVAA10.cif,15,0.05084914231944886,1,0.04855670019972591,
ZEYVAA,random,ZEYVAA.cif,ZEYVAA11.cif,tests/data/csd_families/ZEYVAA/ZEYVAA.cif,tests/data/csd_families/ZEYVAA/ZEYVAA11.cif,15,0.05198244075731661,1,0.04967360154154965,
ZEYVAA,random,ZEYVAA01.cif,ZEYVAA02.cif,tests/data/csd_families/ZEYVAA/ZEYVAA01.cif,tests/data/csd_families/ZEYVAA/ZEYVAA02.cif,15,0.017647285448091774,1,0.013899419062187116,
ZEYVAA,random,ZEYVAA01.cif,ZEYVAA10.cif,tests/data/csd_families/ZEYVAA/ZEYVAA01.cif,tests/data/csd_families/ZEYVAA/ZEYVAA10.cif,15,0.0003625683867550363,1,0.0003500532204720141,
ZEYVAA,random,ZEYVAA01.cif,ZEYVAA11.cif,tests/data/csd_families/ZEYVAA/ZEYVAA01.cif,tests/data/csd_families/ZEYVAA/ZEYVAA11.cif,15,0.005482923953499362,1,0.005181993813708803,
ZEYVAA,random,ZEYVAA02.cif,ZEYVAA10.cif,tests/data/csd_families/ZEYVAA/ZEYVAA02.cif,tests/data/csd_families/ZEYVAA/ZEYVAA10.cif,15,0.01769066404614559,1,0.01393932275048174,
ZEYVAA,random,ZEYVAA02.cif,ZEYVAA11.cif,tests/data/csd_families/ZEYVAA/ZEYVAA02.cif,tests/data/csd_families/ZEYVAA/ZEYVAA11.cif,15,0.015694333893678608,1,0.012145185302972492,
ZEYVAA,random,ZEYVAA10.cif,ZEYVAA11.cif,tests/data/csd_families/ZEYVAA/ZEYVAA10.cif,tests/data/csd_families/ZEYVAA/ZEYVAA11.cif,15,0.005493508566309501,1,0.005213089874954719,
ZORSEG,random,ZORSEG.cif,ZORSEG01.cif,tests/data/csd_families/ZORSEG/ZORSEG.cif,tests/data/csd_families/ZORSEG/ZORSEG01.cif,15,0.07927749847814278,1,0.013965329328139806,
ZORSEG,random,ZORSEG.cif,ZORSEG02.cif,tests/data/csd_families/ZORSEG/ZORSEG.cif,tests/data/csd_families/ZORSEG/ZORSEG02.cif,11,1.723254007976187,1,0.020891717161268773,
ZORSEG,random,ZORSEG01.cif,ZORSEG02.cif,tests/data/csd_families/ZORSEG/ZORSEG01.cif,tests/data/csd_families/ZORSEG/ZORSEG02.cif,11,1.761368460130008,1,0.022223016502215167,
ZZZPPI,random,ZZZPPI01.cif,ZZZPPI02.cif,tests/data/csd_families/ZZZPPI/ZZZPPI01.cif,tests/data/csd_families/ZZZPPI/ZZZPPI02.cif,0,nan,0,nan,
ZZZPPI,random,ZZZPPI01.cif,ZZZPPI03.cif,tests/data/csd_families/ZZZPPI/ZZZPPI01.cif,tests/data/csd_families/ZZZPPI/ZZZPPI03.cif,0,nan,0,nan,
ZZZPPI,random,ZZZPPI01.cif,ZZZPPI04.cif,tests/data/csd_families/ZZZPPI/ZZZPPI01.cif,tests/data/csd_families/ZZZPPI/ZZZPPI04.cif,0,nan,0,nan,
ZZZPPI,random,ZZZPPI01.cif,ZZZPPI05.cif,tests/data/csd_families/ZZZPPI/ZZZPPI01.cif,tests/data/csd_families/ZZZPPI/ZZZPPI05.cif,0,nan,0,nan,
ZZZPPI,random,ZZZPPI02.cif,ZZZPPI03.cif,tests/data/csd_families/ZZZPPI/ZZZPPI02.cif,tests/data/csd_families/ZZZPPI/ZZZPPI03.cif,0,nan,0,nan,RuntimeError:MotifSearch Timeout
ZZZPPI,random,ZZZPPI02.cif,ZZZPPI04.cif,tests/data/csd_families/ZZZPPI/ZZZPPI02.cif,tests/data/csd_families/ZZZPPI/ZZZPPI04.cif,0,nan,0,nan,
ZZZPPI,random,ZZZPPI02.cif,ZZZPPI05.cif,tests/data/csd_families/ZZZPPI/ZZZPPI02.cif,tests/data/csd_families/ZZZPPI/ZZZPPI05.cif,0,nan,0,nan,RuntimeError:MotifSearch Timeout
ZZZPPI,random,ZZZPPI03.cif,ZZZPPI04.cif,tests/data/csd_families/ZZZPPI/ZZZPPI03.cif,tests/data/csd_families/ZZZPPI/ZZZPPI04.cif,0,nan,0,nan,
ZZZPPI,random,ZZZPPI03.cif,ZZZPPI05.cif,tests/data/csd_families/ZZZPPI/ZZZPPI03.cif,tests/data/csd_families/ZZZPPI/ZZZPPI05.cif,0,nan,0,nan,
ZZZPPI,random,ZZZPPI04.cif,ZZZPPI05.cif,tests/data/csd_families/ZZZPPI/ZZZPPI04.cif,tests/data/csd_families/ZZZPPI/ZZZPPI05.cif,0,nan,0,nan,
ZZZWNI,random,ZZZWNI01.cif,ZZZWNI02.cif,tests/data/csd_families/ZZZWNI/ZZZWNI01.cif,tests/data/csd_families/ZZZWNI/ZZZWNI02.cif,0,nan,0,nan,RuntimeError:MotifSearch Timeout
ZZZWNI,random,ZZZWNI01.cif,ZZZWNI03.cif,tests/data/csd_families/ZZZWNI/ZZZWNI01.cif,tests/data/csd_families/ZZZWNI/ZZZWNI03.cif,0,nan,0,nan,RuntimeError:MotifSearch Timeout
ZZZWNI,random,ZZZWNI01.cif,ZZZWNI04.cif,tests/data/csd_families/ZZZWNI/ZZZWNI01.cif,tests/data/csd_families/ZZZWNI/ZZZWNI04.cif,0,nan,0,nan,RuntimeError:MotifSearch Timeout
ZZZWNI,random,ZZZWNI02.cif,ZZZWNI03.cif,tests/data/csd_families/ZZZWNI/ZZZWNI02.cif,tests/data/csd_families/ZZZWNI/ZZZWNI03.cif,11,2.9738070946649193,1,0.015671447519310232,
ZZZWNI,random,ZZZWNI02.cif,ZZZWNI04.cif,tests/data/csd_families/ZZZWNI/ZZZWNI02.cif,tests/data/csd_families/ZZZWNI/ZZZWNI04.cif,0,nan,0,nan,RuntimeError:MotifSearch Timeout
ZZZWNI,random,ZZZWNI03.cif,ZZZWNI04.cif,tests/data/csd_families/ZZZWNI/ZZZWNI03.cif,tests/data/csd_families/ZZZWNI/ZZZWNI04.cif,0,nan,0,nan,RuntimeError:MotifSearch Timeout
