a,b,shell,t,nmatched,rmsd,error
tests/data/csd_families/ABEKUN/ABEKUN.cif,tests/data/csd_families/ABEKUN/ABEKUN02.cif,1,0.0020551858469843864,1,0.06266175208197362,
tests/data/csd_families/ABEKUN/ABEKUN02.cif,tests/data/csd_families/ABEKUN/ABEKUN04.cif,1,0.002132105641067028,1,0.06399776769494046,
tests/data/csd_families/ALOCOW/ALOCOW01.cif,tests/data/csd_families/ALOCOW/ALOCOW03.cif,1,0.0014000125229358673,1,0.015084294595680477,
tests/data/csd_families/ALOCOW/ALOCOW03.cif,tests/data/csd_families/ALOCOW/ALOCOW04.cif,1,0.0015379264950752258,1,0.06730179370370785,
tests/data/csd_families/AMBACO/AMBACO05.cif,tests/data/csd_families/AMBACO/AMBACO06.cif,1,0.0015174150466918945,1,0.032502840492303973,
tests/data/csd_families/AMBNAC/AMBNAC01.cif,tests/data/csd_families/AMBNAC/AMBNAC04.cif,1,0.0018772920593619347,1,0.06473491875830566,
tests/data/csd_families/AMBNAC/AMBNAC04.cif,tests/data/csd_families/AMBNAC/AMBNAC07.cif,1,0.0018094498664140701,1,0.07154296522527989,
tests/data/csd_families/AQACNI/AQACNI.cif,tests/data/csd_families/AQACNI/AQACNI01.cif,1,0.0017103981226682663,1,0.03879933562031322,
tests/data/csd_families/AQACNI/AQACNI01.cif,tests/data/csd_families/AQACNI/AQACNI02.cif,1,0.0023076003417372704,1,0.07058409132848194,
tests/data/csd_families/AVOWUD/AVOWUD.cif,tests/data/csd_families/AVOWUD/AVOWUD02.cif,1,0.0062890565022826195,1,0.1231405582947204,
tests/data/csd_families/AWENUO/AWENUO01.cif,tests/data/csd_families/AWENUO/AWENUO02.cif,1,0.005570094101130962,1,0.008184073090515847,
tests/data/csd_families/AWENUO/AWENUO02.cif,tests/data/csd_families/AWENUO/AWENUO03.cif,1,0.0058743590489029884,1,0.018756612516647928,
tests/data/csd_families/AWENUO/AWENUO02.cif,tests/data/csd_families/AWENUO/AWENUO04.cif,1,0.005602134391665459,1,0.010177520663800363,
tests/data/csd_families/BACKOK/BACKOK.cif,tests/data/csd_families/BACKOK/BACKOK03.cif,1,0.002443530596792698,1,0.0249941529800645,
tests/data/csd_families/BACKOK/BACKOK01.cif,tests/data/csd_families/BACKOK/BACKOK02.cif,1,0.003423708491027355,1,0.03104110609149082,
tests/data/csd_families/BAZGOY/BAZGOY.cif,tests/data/csd_families/BAZGOY/BAZGOY04.cif,1,0.0020559150725603104,1,0.022929406154500304,
tests/data/csd_families/BAZGOY/BAZGOY01.cif,tests/data/csd_families/BAZGOY/BAZGOY04.cif,1,0.00205814465880394,1,0.02315753236091055,
tests/data/csd_families/BBENAN/BBENAN.cif,tests/data/csd_families/BBENAN/BBENAN03.cif,1,0.003201703540980816,1,0.17173733715522704,
tests/data/csd_families/BBENAN/BBENAN01.cif,tests/data/csd_families/BBENAN/BBENAN03.cif,1,0.003393758088350296,1,0.012728581071041701,
tests/data/csd_families/BENZAC/BENZAC.cif,tests/data/csd_families/BENZAC/BENZAC01.cif,1,0.0012146607041358948,1,0.037857044193909804,
tests/data/csd_families/BENZAC/BENZAC07.cif,tests/data/csd_families/BENZAC/BENZAC08.cif,1,0.0012964121997356415,1,0.005547412741951605,
tests/data/csd_families/BOBVIY/BOBVIY04.cif,tests/data/csd_families/BOBVIY/BOBVIY05.cif,1,0.0017208494246006012,1,0.05106067216598388,
tests/data/csd_families/BUCACT/BUCACT.cif,tests/data/csd_families/BUCACT/BUCACT02.cif,1,0.0012487703934311867,1,0.05390658921520191,
tests/data/csd_families/BUCACT/BUCACT02.cif,tests/data/csd_families/BUCACT/BUCACT03.cif,1,0.0012459903955459595,1,0.007084816161083862,
tests/data/csd_families/BUCACT/BUCACT02.cif,tests/data/csd_families/BUCACT/BUCACT04.cif,1,0.00121971033513546,1,0.006868891933929454,
tests/data/csd_families/CAQHOV/CAQHOV02.cif,tests/data/csd_families/CAQHOV/CAQHOV03.cif,1,0.022679184563457966,1,0.07820082432894858,
tests/data/csd_families/CATDAE/CATDAE.cif,tests/data/csd_families/CATDAE/CATDAE01.cif,1,0.001805250532925129,1,0.12003953386296629,
tests/data/csd_families/CATDAE/CATDAE.cif,tests/data/csd_families/CATDAE/CATDAE02.cif,1,0.0018971515819430351,1,0.13151059303953952,
tests/data/csd_families/CEGHED/CEGHED02.cif,tests/data/csd_families/CEGHED/CEGHED03.cif,1,0.005852309055626392,1,0.009035078733684613,
tests/data/csd_families/CEWNEZ/CEWNEZ.cif,tests/data/csd_families/CEWNEZ/CEWNEZ01.cif,1,0.005308958701789379,1,0.1794366099634897,
tests/data/csd_families/CEWNEZ/CEWNEZ01.cif,tests/data/csd_families/CEWNEZ/CEWNEZ02.cif,1,0.005295359529554844,1,0.18928004938383752,
tests/data/csd_families/CIKLOZ/CIKLOZ.cif,tests/data/csd_families/CIKLOZ/CIKLOZ02.cif,1,0.002010163851082325,1,0.009938284615498873,
tests/data/csd_families/CITRAC/CITRAC11.cif,tests/data/csd_families/CITRAC/CITRAC12.cif,1,0.0014684433117508888,1,0.046377577787038035,
tests/data/csd_families/COGJAM/COGJAM01.cif,tests/data/csd_families/COGJAM/COGJAM02.cif,1,0.005578814074397087,1,0.031242057457105732,
tests/data/csd_families/CTMTNA/CTMTNA.cif,tests/data/csd_families/CTMTNA/CTMTNA04.cif,1,0.0024401023983955383,1,0.32337120665338503,
tests/data/csd_families/CTMTNA/CTMTNA02.cif,tests/data/csd_families/CTMTNA/CTMTNA04.cif,1,0.003426017239689827,1,0.12617423950418702,
tests/data/csd_families/CTMTNA/CTMTNA03.cif,tests/data/csd_families/CTMTNA/CTMTNA04.cif,1,0.002491743303835392,1,0.3280815102781799,
tests/data/csd_families/CUSALA/CUSALA.cif,tests/data/csd_families/CUSALA/CUSALA04.cif,1,0.001737678423523903,1,0.04514545367313005,
tests/data/csd_families/CUSALA/CUSALA01.cif,tests/data/csd_families/CUSALA/CUSALA05.cif,1,0.0017841700464487076,1,0.03732874244625622,
tests/data/csd_families/CYOCPD/CYOCPD.cif,tests/data/csd_families/CYOCPD/CYOCPD02.cif,1,0.0028734980151057243,1,0.05717179559068997,
tests/data/csd_families/CYOCPD/CYOCPD.cif,tests/data/csd_families/CYOCPD/CYOCPD03.cif,1,0.002773216925561428,1,0.06119960812162694,
tests/data/csd_families/DBEZPO/DBEZPO.cif,tests/data/csd_families/DBEZPO/DBEZPO01.cif,1,0.003309306688606739,1,0.026691348541581755,
tests/data/csd_families/DBPHEN/DBPHEN04.cif,tests/data/csd_families/DBPHEN/DBPHEN05.cif,1,0.005452292971313,1,0.05288098031897346,
tests/data/csd_families/DECVIQ/DECVIQ01.cif,tests/data/csd_families/DECVIQ/DECVIQ10.cif,1,0.008019494824111462,0,nan,
tests/data/csd_families/DECVIQ/DECVIQ01.cif,tests/data/csd_families/DECVIQ/DECVIQ11.cif,1,0.008344241417944431,1,0.0,
tests/data/csd_families/DERKOA/DERKOA10.cif,tests/data/csd_families/DERKOA/DERKOA11.cif,1,0.002179136499762535,0,nan,
tests/data/csd_families/DIBFAY/DIBFAY01.cif,tests/data/csd_families/DIBFAY/DIBFAY02.cif,1,0.002870038151741028,1,0.02021633224646779,
tests/data/csd_families/DIBFAY/DIBFAY02.cif,tests/data/csd_families/DIBFAY/DIBFAY03.cif,1,0.003212844952940941,1,0.02767001004848668,
tests/data/csd_families/DMSULO/DMSULO.cif,tests/data/csd_families/DMSULO/DMSULO05.cif,1,0.0012258607894182205,1,0.010360370538997543,
tests/data/csd_families/ECUTUR/ECUTUR.cif,tests/data/csd_families/ECUTUR/ECUTUR03.cif,1,0.0023386990651488304,1,0.025725694266291215,
tests/data/csd_families/ECUTUR/ECUTUR01.cif,tests/data/csd_families/ECUTUR/ECUTUR02.cif,1,0.002140166237950325,1,0.026662043733378896,
tests/data/csd_families/ESAXAA/ESAXAA01.cif,tests/data/csd_families/ESAXAA/ESAXAA03.cif,1,0.003022841177880764,1,0.012217660486134364,
tests/data/csd_families/EXIPUY/EXIPUY01.cif,tests/data/csd_families/EXIPUY/EXIPUY02.cif,1,0.001559666357934475,0,nan,
tests/data/csd_families/FINSOK/FINSOK01.cif,tests/data/csd_families/FINSOK/FINSOK12.cif,1,0.10094035882502794,1,3.1679437758373377,
tests/data/csd_families/FINSOK/FINSOK11.cif,tests/data/csd_families/FINSOK/FINSOK12.cif,1,0.08482907619327307,0,nan,
tests/data/csd_families/FIWFOH/FIWFOH03.cif,tests/data/csd_families/FIWFOH/FIWFOH04.cif,1,0.0013225022703409195,1,0.004282164777519221,
tests/data/csd_families/FOHCOU/FOHCOU01.cif,tests/data/csd_families/FOHCOU/FOHCOU02.cif,1,0.0032891761511564255,1,0.0034457203145969017,
tests/data/csd_families/FULPIM/FULPIM.cif,tests/data/csd_families/FULPIM/FULPIM02.cif,1,0.0021760668605566025,1,0.0076676679784836305,
tests/data/csd_families/FUTSES/FUTSES.cif,tests/data/csd_families/FUTSES/FUTSES01.cif,1,0.014635109342634678,1,0.027414598729951955,
tests/data/csd_families/GLYCIN/GLYCIN01.cif,tests/data/csd_families/GLYCIN/GLYCIN02.cif,1,0.001192060299217701,1,0.03556155324824683,
tests/data/csd_families/HAGWAP/HAGWAP01.cif,tests/data/csd_families/HAGWAP/HAGWAP03.cif,1,0.0015932973474264145,1,0.005137159918350716,
tests/data/csd_families/HAWGAO/HAWGAO.cif,tests/data/csd_families/HAWGAO/HAWGAO03.cif,1,0.007145010866224766,1,0.008560361142386298,
tests/data/csd_families/HEWRAD/HEWRAD.cif,tests/data/csd_families/HEWRAD/HEWRAD03.cif,1,0.0019269529730081558,1,0.003029148811822522,
tests/data/csd_families/HEZQIN/HEZQIN01.cif,tests/data/csd_families/HEZQIN/HEZQIN04.cif,1,0.0036810319870710373,1,1.4904064157169477,
tests/data/csd_families/HOGBUD/HOGBUD.cif,tests/data/csd_families/HOGBUD/HOGBUD04.cif,1,0.016398376785218716,1,1.4935928020216533,
tests/data/csd_families/IDODIQ/IDODIQ.cif,tests/data/csd_families/IDODIQ/IDODIQ01.cif,1,0.006081542931497097,1,0.04484967089354101,
tests/data/csd_families/IFUXEN/IFUXEN.cif,tests/data/csd_families/IFUXEN/IFUXEN03.cif,1,0.0019004317000508308,1,0.4924846002016183,
tests/data/csd_families/IFUXEN/IFUXEN02.cif,tests/data/csd_families/IFUXEN/IFUXEN03.cif,1,0.0019280435517430305,1,0.423446054504154,
tests/data/csd_families/ILUTIV/ILUTIV.cif,tests/data/csd_families/ILUTIV/ILUTIV01.cif,1,0.006052781827747822,1,0.5395029857605907,
tests/data/csd_families/IPTCNI/IPTCNI10.cif,tests/data/csd_families/IPTCNI/IPTCNI13.cif,1,0.005401351489126682,1,0.03736259120625045,
tests/data/csd_families/IYEBUJ/IYEBUJ.cif,tests/data/csd_families/IYEBUJ/IYEBUJ01.cif,1,0.004583618603646755,1,1.3364816290241452,
tests/data/csd_families/IYEBUJ/IYEBUJ01.cif,tests/data/csd_families/IYEBUJ/IYEBUJ03.cif,1,0.004973273724317551,1,1.3418147502992779,
tests/data/csd_families/IYEBUJ/IYEBUJ02.cif,tests/data/csd_families/IYEBUJ/IYEBUJ03.cif,1,0.004326743073761463,1,0.07650269864315402,
tests/data/csd_families/IZOJUF/IZOJUF01.cif,tests/data/csd_families/IZOJUF/IZOJUF03.cif,1,0.008747857995331287,1,2.11032832329622,
tests/data/csd_families/JEGMER/JEGMER03.cif,tests/data/csd_families/JEGMER/JEGMER04.cif,1,0.00437354389578104,1,0.013857919208303713,
tests/data/csd_families/JEXKUS/JEXKUS.cif,tests/data/csd_families/JEXKUS/JEXKUS03.cif,1,0.002498912625014782,1,0.015856412756088442,
tests/data/csd_families/JOFJEW/JOFJEW03.cif,tests/data/csd_families/JOFJEW/JOFJEW04.cif,1,0.001694757491350174,1,0.0035165995815458163,
tests/data/csd_families/KANZEE/KANZEE02.cif,tests/data/csd_families/KANZEE/KANZEE03.cif,1,0.007836983539164066,1,0.01782243563868362,
tests/data/csd_families/KANZEE/KANZEE02.cif,tests/data/csd_families/KANZEE/KANZEE04.cif,1,0.007375955581665039,1,0.07266214694293066,
tests/data/csd_families/KHMALA/KHMALA.cif,tests/data/csd_families/KHMALA/KHMALA12.cif,1,0.0010566581040620804,1,1.0053503570322992,
tests/data/csd_families/KIXKAD/KIXKAD.cif,tests/data/csd_families/KIXKAD/KIXKAD03.cif,1,0.0020916564390063286,1,0.003751136414767751,
tests/data/csd_families/LAGHOQ/LAGHOQ02.cif,tests/data/csd_families/LAGHOQ/LAGHOQ03.cif,1,0.001794169656932354,1,0.003798907978703174,
tests/data/csd_families/LALNIN/LALNIN.cif,tests/data/csd_families/LALNIN/LALNIN14.cif,1,0.0015359055250883102,1,0.004024317982303321,
tests/data/csd_families/LALNIN/LALNIN01.cif,tests/data/csd_families/LALNIN/LALNIN14.cif,1,0.0013248734176158905,1,0.0042178768809601865,
tests/data/csd_families/LSERIN/LSERIN11.cif,tests/data/csd_families/LSERIN/LSERIN12.cif,1,0.002086424268782139,1,0.01593277608722838,
tests/data/csd_families/MATRNO/MATRNO01.cif,tests/data/csd_families/MATRNO/MATRNO02.cif,1,0.005718116648495197,1,0.07263503165233486,
tests/data/csd_families/MEBXID/MEBXID03.cif,tests/data/csd_families/MEBXID/MEBXID04.cif,1,0.001901722513139248,1,0.012727117746018715,
tests/data/csd_families/MEUREA/MEUREA02.cif,tests/data/csd_families/MEUREA/MEUREA03.cif,1,0.0009277760982513428,1,0.039036578690833906,
tests/data/csd_families/MPECXP/MPECXP.cif,tests/data/csd_families/MPECXP/MPECXP01.cif,1,0.002301539294421673,1,0.017957541675422,
tests/data/csd_families/NCKLCN/NCKLCN01.cif,tests/data/csd_families/NCKLCN/NCKLCN04.cif,1,0.004237951710820198,0,nan,
tests/data/csd_families/NIRJAA/NIRJAA03.cif,tests/data/csd_families/NIRJAA/NIRJAA04.cif,1,0.0013292329385876656,1,0.018188462400665035,
tests/data/csd_families/NPOFNP/NPOFNP.cif,tests/data/csd_families/NPOFNP/NPOFNP02.cif,1,0.0016610082238912582,1,0.010892805539766449,
tests/data/csd_families/OFESAL/OFESAL.cif,tests/data/csd_families/OFESAL/OFESAL04.cif,1,0.004055437631905079,1,0.8797206683581084,
tests/data/csd_families/ONITAN/ONITAN.cif,tests/data/csd_families/ONITAN/ONITAN03.cif,1,0.0020900750532746315,1,0.03078648204358009,
tests/data/csd_families/ONITAN/ONITAN01.cif,tests/data/csd_families/ONITAN/ONITAN02.cif,1,0.0019727125763893127,1,0.01831778770484008,
tests/data/csd_families/ONITAN/ONITAN02.cif,tests/data/csd_families/ONITAN/ONITAN03.cif,1,0.002019544132053852,1,0.01848786250552621,
tests/data/csd_families/ONITAN/ONITAN02.cif,tests/data/csd_families/ONITAN/ONITAN04.cif,1,0.0020112842321395874,1,0.01897153279665341,
tests/data/csd_families/ONITAN/ONITAN03.cif,tests/data/csd_families/ONITAN/ONITAN04.cif,1,0.0020361747592687607,1,0.013917333609791123,
tests/data/csd_families/OPEVUD/OPEVUD01.cif,tests/data/csd_families/OPEVUD/OPEVUD02.cif,1,0.004709970206022263,1,0.02976407213394944,
tests/data/csd_families/OXALDH/OXALDH.cif,tests/data/csd_families/OXALDH/OXALDH01.cif,1,0.0009950073435902596,1,0.0004841537824291985,
tests/data/csd_families/OXALDH/OXALDH01.cif,tests/data/csd_families/OXALDH/OXALDH04.cif,1,0.0009938068687915802,1,0.0009120728835781963,
tests/data/csd_families/PDHTEZ/PDHTEZ.cif,tests/data/csd_families/PDHTEZ/PDHTEZ01.cif,1,0.002987670712172985,1,0.24372209099806721,
tests/data/csd_families/PDHTEZ/PDHTEZ01.cif,tests/data/csd_families/PDHTEZ/PDHTEZ02.cif,1,0.0029047783464193344,1,0.24320691939742708,
tests/data/csd_families/PDHTEZ/PDHTEZ01.cif,tests/data/csd_families/PDHTEZ/PDHTEZ04.cif,1,0.002989931032061577,1,0.24353781230286736,
tests/data/csd_families/PDHTEZ/PDHTEZ02.cif,tests/data/csd_families/PDHTEZ/PDHTEZ03.cif,1,0.0016773082315921783,1,0.007651172140224381,
tests/data/csd_families/PUWYUD/PUWYUD02.cif,tests/data/csd_families/PUWYUD/PUWYUD03.cif,1,0.0037351129576563835,1,0.012614464038841332,
tests/data/csd_families/QAHVIE/QAHVIE01.cif,tests/data/csd_families/QAHVIE/QAHVIE12.cif,1,0.0037795137614011765,1,0.30621999389347426,
tests/data/csd_families/QAHWUU/QAHWUU.cif,tests/data/csd_families/QAHWUU/QAHWUU01.cif,1,0.004634598270058632,1,0.025271854947369773,
tests/data/csd_families/QAHWUU/QAHWUU01.cif,tests/data/csd_families/QAHWUU/QAHWUU04.cif,1,0.005997992120683193,1,0.11603063653536845,
tests/data/csd_families/QAHWUU/QAHWUU02.cif,tests/data/csd_families/QAHWUU/QAHWUU04.cif,1,0.004571077413856983,1,0.5617985012137491,
tests/data/csd_families/QAHWUU/QAHWUU03.cif,tests/data/csd_families/QAHWUU/QAHWUU04.cif,1,0.004481656476855278,1,0.46117750423197107,
tests/data/csd_families/QAPNAZ/QAPNAZ01.cif,tests/data/csd_families/QAPNAZ/QAPNAZ03.cif,1,0.0058469390496611595,1,0.018077614038841443,
tests/data/csd_families/QODLAZ/QODLAZ.cif,tests/data/csd_families/QODLAZ/QODLAZ01.cif,1,0.0019158730283379555,1,0.008711850717284777,
tests/data/csd_families/ROLMUA/ROLMUA.cif,tests/data/csd_families/ROLMUA/ROLMUA03.cif,1,0.002582954242825508,1,0.2635044358254282,
tests/data/csd_families/RUVTOR/RUVTOR.cif,tests/data/csd_families/RUVTOR/RUVTOR02.cif,1,0.006429297849535942,1,0.008049973325591714,
tests/data/csd_families/SAQTOT/SAQTOT01.cif,tests/data/csd_families/SAQTOT/SAQTOT02.cif,1,0.0019265217706561089,1,0.013971340997498798,
tests/data/csd_families/SAQTOT/SAQTOT02.cif,tests/data/csd_families/SAQTOT/SAQTOT03.cif,1,0.0018677711486816406,1,0.008685296348639366,
tests/data/csd_families/SAQTOT/SAQTOT02.cif,tests/data/csd_families/SAQTOT/SAQTOT04.cif,1,0.0019230516627430916,1,0.016035903622872966,
tests/data/csd_families/SETNEO/SETNEO.cif,tests/data/csd_families/SETNEO/SETNEO01.cif,1,0.0026557547971606255,1,0.0027937902272115065,
tests/data/csd_families/SETNEO/SETNEO03.cif,tests/data/csd_families/SETNEO/SETNEO04.cif,1,0.0026161642745137215,1,0.0018390195808546152,
tests/data/csd_families/TAPYEP/TAPYEP.cif,tests/data/csd_families/TAPYEP/TAPYEP05.cif,1,0.0035091591998934746,1,0.00909571188778979,
tests/data/csd_families/TAVKUX/TAVKUX06.cif,tests/data/csd_families/TAVKUX/TAVKUX09.cif,1,0.004813722334802151,1,0.03128243648664465,
tests/data/csd_families/TAZDNC/TAZDNC04.cif,tests/data/csd_families/TAZDNC/TAZDNC06.cif,1,0.0021602464839816093,1,0.00647454784377625,
tests/data/csd_families/TCBENQ/TCBENQ02.cif,tests/data/csd_families/TCBENQ/TCBENQ03.cif,1,0.0013465536758303642,1,8.974393957344372e-05,
tests/data/csd_families/TETBBZ/TETBBZ01.cif,tests/data/csd_families/TETBBZ/TETBBZ04.cif,1,0.0011123092845082283,1,0.03501537126910295,
tests/data/csd_families/TEYDAC/TEYDAC.cif,tests/data/csd_families/TEYDAC/TEYDAC06.cif,1,0.004995794966816902,1,0.045081832591959844,
tests/data/csd_families/TILRAJ/TILRAJ.cif,tests/data/csd_families/TILRAJ/TILRAJ01.cif,1,0.004835751838982105,0,nan,
tests/data/csd_families/TISPUI/TISPUI02.cif,tests/data/csd_families/TISPUI/TISPUI04.cif,1,0.0032842447981238365,1,0.04078442754374175,
tests/data/csd_families/TMAMOH/TMAMOH.cif,tests/data/csd_families/TMAMOH/TMAMOH03.cif,1,0.001806960441172123,1,0.0021705412215580755,
tests/data/csd_families/TOJHIK/TOJHIK01.cif,tests/data/csd_families/TOJHIK/TOJHIK02.cif,1,0.003937046974897385,1,0.004476744267031586,
tests/data/csd_families/TPHMET/TPHMET01.cif,tests/data/csd_families/TPHMET/TPHMET11.cif,1,0.004891541786491871,1,0.011291658078874946,
tests/data/csd_families/TPHMET/TPHMET02.cif,tests/data/csd_families/TPHMET/TPHMET11.cif,1,0.0038436846807599068,1,0.0414827561232614,
tests/data/csd_families/TPSNCL/TPSNCL01.cif,tests/data/csd_families/TPSNCL/TPSNCL03.cif,1,0.006630421616137028,1,0.36175589235983985,
tests/data/csd_families/TRIPHE/TRIPHE.cif,tests/data/csd_families/TRIPHE/TRIPHE15.cif,1,0.004846871830523014,1,0.017691595303359033,
tests/data/csd_families/TRIPHE/TRIPHE12.cif,tests/data/csd_families/TRIPHE/TRIPHE13.cif,1,0.005080326460301876,1,0.007947379094384093,
tests/data/csd_families/TUXFIC/TUXFIC.cif,tests/data/csd_families/TUXFIC/TUXFIC01.cif,1,0.0019736234098672867,1,0.04432164471632457,
tests/data/csd_families/TUXFIC/TUXFIC02.cif,tests/data/csd_families/TUXFIC/TUXFIC03.cif,1,0.0022200271487236023,1,0.004588812639699741,
tests/data/csd_families/VELBOD/VELBOD10.cif,tests/data/csd_families/VELBOD/VELBOD11.cif,1,0.008150598034262657,1,0.035361328154504844,
tests/data/csd_families/VILGAC/VILGAC.cif,tests/data/csd_families/VILGAC/VILGAC03.cif,1,0.006147894077003002,1,0.10874954522821105,
tests/data/csd_families/VILGAC/VILGAC01.cif,tests/data/csd_families/VILGAC/VILGAC02.cif,1,0.005562484264373779,1,0.10599234326966064,
tests/data/csd_families/VIPJUA/VIPJUA.cif,tests/data/csd_families/VIPJUA/VIPJUA01.cif,1,0.0027390671893954277,1,0.06300696647017412,
tests/data/csd_families/VITDEL/VITDEL.cif,tests/data/csd_families/VITDEL/VITDEL01.cif,1,0.0015994971618056297,1,0.7357817234845028,
tests/data/csd_families/VITDEL/VITDEL.cif,tests/data/csd_families/VITDEL/VITDEL02.cif,1,0.0015219757333397865,1,1.2662372281367424,
tests/data/csd_families/WATCID/WATCID10.cif,tests/data/csd_families/WATCID/WATCID11.cif,1,0.003266105428338051,1,0.02819206663650562,
tests/data/csd_families/WULMOJ/WULMOJ.cif,tests/data/csd_families/WULMOJ/WULMOJ01.cif,1,0.003285525366663933,1,0.07143039674821124,
tests/data/csd_families/WULMOJ/WULMOJ.cif,tests/data/csd_families/WULMOJ/WULMOJ04.cif,1,0.003303986042737961,1,0.06774331140803606,
tests/data/csd_families/XEFDER/XEFDER.cif,tests/data/csd_families/XEFDER/XEFDER02.cif,1,0.006554200313985348,1,0.019079266236462486,
tests/data/csd_families/XIHVUG/XIHVUG01.cif,tests/data/csd_families/XIHVUG/XIHVUG02.cif,1,0.003201044164597988,1,0.012169002422839744,
tests/data/csd_families/XYLTOL/XYLTOL02.cif,tests/data/csd_families/XYLTOL/XYLTOL03.cif,1,0.0027349060401320457,1,0.0005427648470361619,
tests/data/csd_families/YAKNUU/YAKNUU.cif,tests/data/csd_families/YAKNUU/YAKNUU01.cif,1,0.008074006997048855,1,1.0256543305353047,
tests/data/csd_families/YAKNUU/YAKNUU01.cif,tests/data/csd_families/YAKNUU/YAKNUU02.cif,1,0.007869143038988113,1,1.0228967641684659,
tests/data/csd_families/YAXYUV/YAXYUV.cif,tests/data/csd_families/YAXYUV/YAXYUV02.cif,1,0.003351166844367981,1,0.008972967695226527,
tests/data/csd_families/YEXSAV/YEXSAV01.cif,tests/data/csd_families/YEXSAV/YEXSAV02.cif,1,0.0039038565009832382,1,0.007375635974838833,
tests/data/csd_families/YIDDAU/YIDDAU01.cif,tests/data/csd_families/YIDDAU/YIDDAU07.cif,1,0.014505984261631966,0,nan,
tests/data/csd_families/YUXZIB/YUXZIB01.cif,tests/data/csd_families/YUXZIB/YUXZIB03.cif,1,0.0069173770025372505,1,0.03365159896050882,
tests/data/csd_families/ZAPFED/ZAPFED.cif,tests/data/csd_families/ZAPFED/ZAPFED01.cif,1,0.007152371108531952,1,0.45960903647285084,
tests/data/csd_families/ZEYVAA/ZEYVAA02.cif,tests/data/csd_families/ZEYVAA/ZEYVAA10.cif,1,0.003330586478114128,1,0.01393932275048174,
tests/data/csd_families/ZZZPPI/ZZZPPI01.cif,tests/data/csd_families/ZZZPPI/ZZZPPI04.cif,1,0.002693474292755127,0,nan,
tests/data/csd_families/ZZZPPI/ZZZPPI02.cif,tests/data/csd_families/ZZZPPI/ZZZPPI04.cif,1,0.0038521047681570053,0,nan,
tests/data/csd_families/ZZZPPI/ZZZPPI04.cif,tests/data/csd_families/ZZZPPI/ZZZPPI05.cif,1,0.004086709581315517,0,nan,
tests/data/experimental/ROY/QAXMEH24.cif,tests/data/experimental/ROY/QAXMEH27.cif,1,0.001873491331934929,1,0.15741925598851672,
tests/data/experimental/ROY/QAXMEH24.cif,tests/data/experimental/ROY/QAXMEH28.cif,1,0.001803901046514511,1,0.7624562611918407,
tests/data/experimental/ROY/QAXMEH24.cif,tests/data/experimental/ROY/QAXMEH90_O22.cif,1,0.0018697120249271393,1,0.045868583361988936,
tests/data/experimental/ROY/QAXMEH24.cif,tests/data/experimental/ROY/ROY_PO13.cif,1,0.0017526904121041298,1,0.9725608927259188,
tests/data/experimental/ROY/QAXMEH24.cif,tests/data/experimental/ROY/ROY_R05.cif,1,0.0036674821749329567,1,0.18879170239229537,
tests/data/experimental/ROY/QAXMEH26.cif,tests/data/experimental/ROY/QAXMEH28.cif,1,0.001538475975394249,1,1.0184680692676906,
tests/data/experimental/ROY/QAXMEH26.cif,tests/data/experimental/ROY/QAXMEH90_O22.cif,1,0.0017699701711535454,1,0.35905672678609984,
tests/data/experimental/ROY/QAXMEH26.cif,tests/data/experimental/ROY/ROY_Y19.cif,1,0.0017776209861040115,1,0.4435207359065382,
tests/data/experimental/ROY/QAXMEH26.cif,tests/data/experimental/ROY/YT04.cif,1,0.001698879525065422,1,1.0294880142338692,
tests/data/experimental/ROY/QAXMEH27.cif,tests/data/experimental/ROY/ROY_PO13.cif,1,0.001758039928972721,1,1.0765889050780628,
tests/data/experimental/ROY/QAXMEH27.cif,tests/data/experimental/ROY/ROY_Y_ambient.cif,1,0.0017384206876158714,1,0.8229213648181629,
tests/data/experimental/ROY/QAXMEH27.cif,tests/data/experimental/ROY/Y04.cif,1,0.0020719151943922043,1,0.46043261483258147,
tests/data/experimental/ROY/QAXMEH28.cif,tests/data/experimental/ROY/QAXMEH90_O22.cif,1,0.0017809998244047165,1,0.7547727481449642,
tests/data/experimental/ROY/QAXMEH28.cif,tests/data/experimental/ROY/ROY_Y19.cif,1,0.001688297837972641,1,0.6653702060045038,
tests/data/experimental/ROY/QAXMEH29.cif,tests/data/experimental/ROY/ROY_R05.cif,1,0.003923996351659298,1,0.18394308509778162,
tests/data/experimental/ROY/QAXMEH29.cif,tests/data/experimental/ROY/ROY_Y_ambient.cif,1,0.002060225233435631,1,0.9405172369684665,
tests/data/experimental/ROY/QAXMEH29.cif,tests/data/experimental/ROY/YT04.cif,1,0.0019705528393387794,1,0.9468962378937892,
tests/data/experimental/ROY/QAXMEH90_O22.cif,tests/data/experimental/ROY/ROY_PO13.cif,1,0.001704169437289238,1,0.9631891066392483,
tests/data/experimental/ROY/QAXMEH90_O22.cif,tests/data/experimental/ROY/Y04.cif,1,0.0018390407785773277,1,0.3387682438739995,
tests/data/experimental/ROY/QAXMEH90_O22.cif,tests/data/experimental/ROY/mrp180010_fa.cif,1,0.002437940798699856,1,0.7143083100089122,
tests/data/experimental/ROY/ROY_R05.cif,tests/data/experimental/ROY/Y04.cif,1,0.004228931851685047,1,0.46975467224995154,
tests/data/experimental/ROY/ROY_Y19.cif,tests/data/experimental/ROY/mrp180010_fa.cif,1,0.0023072389885783195,1,0.8049932913962922,
tests/data/experimental/ROY/Y04.cif,tests/data/experimental/ROY/YT04.cif,1,0.0016692690551280975,1,0.4443285920410974,
tests/data/experimental/ROY/Y04.cif,tests/data/experimental/ROY/mrp180010_fa.cif,1,0.002221638336777687,1,1.034705420425384,
tests/data/experimental/Ritonavir/YIGPIO03.cif,tests/data/experimental/Ritonavir/YIGPIO04.cif,1,0.021253258921205997,1,3.537749552034184,
tests/data/experimental/Ritonavir/YIGPIO03.cif,tests/data/experimental/Ritonavir/YIGPIO06.cif,1,0.022699634544551373,1,3.4718295809277433,
tests/data/experimental/Ritonavir/YIGPIO05.cif,tests/data/experimental/Ritonavir/YIGPIO10.cif,1,0.012430180795490742,1,1.923217353287923,
tests/data/experimental/Ritonavir/YIGPIO06.cif,tests/data/experimental/Ritonavir/YIGPIO10.cif,1,0.020516738295555115,1,1.9171015499246125,
tests/data/experimental/Ritonavir/YIGPIO07.cif,tests/data/experimental/Ritonavir/YIGPIO10.cif,1,0.010206933133304119,1,2.9804768448645933,
tests/data/experimental/galunisertib/Galunisertib_FORM_I.cif,tests/data/experimental/galunisertib/Galunisertib_FORM_IV.cif,1,0.0042688315734267235,1,0.5564732846014586,
tests/data/experimental/galunisertib/Galunisertib_FORM_I.cif,tests/data/experimental/galunisertib/Galunisertib_FORM_IX.cif,1,0.0026549147441983223,1,1.0751166226744213,
tests/data/experimental/galunisertib/Galunisertib_FORM_II.cif,tests/data/experimental/galunisertib/Galunisertib_FORM_IX.cif,1,0.0023528607562184334,1,0.33352743213137104,
tests/data/experimental/galunisertib/Galunisertib_FORM_II.cif,tests/data/experimental/galunisertib/Galunisertib_FORM_V.cif,1,0.0023846207186579704,1,0.5001383937154087,
tests/data/experimental/galunisertib/Galunisertib_FORM_II.cif,tests/data/experimental/galunisertib/Galunisertib_FORM_X.cif,1,0.002683906815946102,1,1.5470964977525115,
tests/data/experimental/galunisertib/Galunisertib_FORM_II.cif,tests/data/experimental/galunisertib/Galunisertib_Form_VII.cif,1,0.00356461014598608,1,0.5752160722816989,
tests/data/experimental/galunisertib/Galunisertib_FORM_III.cif,tests/data/experimental/galunisertib/Galunisertib_FORM_VI.cif,1,0.0025680232793092728,1,1.5123669426629365,
tests/data/experimental/galunisertib/Galunisertib_FORM_III.cif,tests/data/experimental/galunisertib/Galunisertib_FORM_VIII.cif,1,0.002383871003985405,1,1.3609646388453491,
tests/data/experimental/galunisertib/Galunisertib_FORM_V.cif,tests/data/experimental/galunisertib/Galunisertib_FORM_VIII.cif,1,0.0025121821090579033,1,0.216840241074857,
tests/data/experimental/galunisertib/Galunisertib_FORM_VI.cif,tests/data/experimental/galunisertib/Galunisertib_FORM_VIII.cif,1,0.00263227429240942,1,0.7036985837214563,
tests/data/experimental/galunisertib/Galunisertib_FORM_VIII.cif,tests/data/experimental/galunisertib/Galunisertib_FORM_X.cif,1,0.0027510570362210274,1,1.3975890717456352,
tests/data/csd_families/ABEKUN/ABEKUN.cif,tests/data/csd_families/ABEKUN/ABEKUN02.cif,2,0.0028652092441916466,2,1.3225140097567216,
tests/data/csd_families/ABEKUN/ABEKUN02.cif,tests/data/csd_families/ABEKUN/ABEKUN04.cif,2,0.003047511912882328,2,1.32178971100967,
tests/data/csd_families/ALOCOW/ALOCOW01.cif,tests/data/csd_families/ALOCOW/ALOCOW03.cif,2,0.0025264518335461617,2,0.03895358513216707,
tests/data/csd_families/ALOCOW/ALOCOW03.cif,tests/data/csd_families/ALOCOW/ALOCOW04.cif,2,0.0025108130648732185,2,0.7401362461241283,
tests/data/csd_families/AMBACO/AMBACO05.cif,tests/data/csd_families/AMBACO/AMBACO06.cif,2,0.002349880523979664,2,0.038193449724397734,
tests/data/csd_families/AMBNAC/AMBNAC01.cif,tests/data/csd_families/AMBNAC/AMBNAC04.cif,2,0.0029286500066518784,2,1.118984696035207,
tests/data/csd_families/AMBNAC/AMBNAC04.cif,tests/data/csd_families/AMBNAC/AMBNAC07.cif,2,0.0029641203582286835,2,1.1281202869305829,
tests/data/csd_families/AQACNI/AQACNI.cif,tests/data/csd_families/AQACNI/AQACNI01.cif,2,0.0033599864691495895,2,0.03895669875108127,
tests/data/csd_families/AQACNI/AQACNI01.cif,tests/data/csd_families/AQACNI/AQACNI02.cif,2,0.0038025137037038803,2,0.08224704219933143,
tests/data/csd_families/AVOWUD/AVOWUD.cif,tests/data/csd_families/AVOWUD/AVOWUD02.cif,2,0.009152725338935852,2,0.1195170847782297,
tests/data/csd_families/AWENUO/AWENUO01.cif,tests/data/csd_families/AWENUO/AWENUO02.cif,2,0.016464337706565857,2,0.015168986943086962,
tests/data/csd_families/AWENUO/AWENUO02.cif,tests/data/csd_families/AWENUO/AWENUO03.cif,2,0.018197938799858093,2,0.03862523207296238,
tests/data/csd_families/AWENUO/AWENUO02.cif,tests/data/csd_families/AWENUO/AWENUO04.cif,2,0.018032144755125046,2,0.01607008477982723,
tests/data/csd_families/BACKOK/BACKOK.cif,tests/data/csd_families/BACKOK/BACKOK03.cif,2,0.0034341085702180862,2,0.03033053101349193,
tests/data/csd_families/BACKOK/BACKOK01.cif,tests/data/csd_families/BACKOK/BACKOK02.cif,2,0.0055092331022024155,2,0.03125622787320585,
tests/data/csd_families/BAZGOY/BAZGOY.cif,tests/data/csd_families/BAZGOY/BAZGOY04.cif,2,0.004994304850697517,2,0.23627019043481307,
tests/data/csd_families/BAZGOY/BAZGOY01.cif,tests/data/csd_families/BAZGOY/BAZGOY04.cif,2,0.004918643273413181,2,0.2135862436977682,
tests/data/csd_families/BBENAN/BBENAN.cif,tests/data/csd_families/BBENAN/BBENAN03.cif,2,0.006047042086720467,2,0.1760657632055936,
tests/data/csd_families/BBENAN/BBENAN01.cif,tests/data/csd_families/BBENAN/BBENAN03.cif,2,0.006432478316128254,2,0.06891187726616844,
tests/data/csd_families/BENZAC/BENZAC.cif,tests/data/csd_families/BENZAC/BENZAC01.cif,2,0.002032063901424408,2,0.04157210227986158,
tests/data/csd_families/BENZAC/BENZAC07.cif,tests/data/csd_families/BENZAC/BENZAC08.cif,2,0.002245018258690834,2,0.009103864019704751,
tests/data/csd_families/BOBVIY/BOBVIY04.cif,tests/data/csd_families/BOBVIY/BOBVIY05.cif,2,0.00653827004134655,2,0.21459288611682037,
tests/data/csd_families/BUCACT/BUCACT.cif,tests/data/csd_families/BUCACT/BUCACT02.cif,2,0.002119535580277443,2,0.08460215462933265,
tests/data/csd_families/BUCACT/BUCACT02.cif,tests/data/csd_families/BUCACT/BUCACT03.cif,2,0.0022937795147299767,2,0.012165128569122797,
tests/data/csd_families/BUCACT/BUCACT02.cif,tests/data/csd_families/BUCACT/BUCACT04.cif,2,0.0023263394832611084,2,0.012757936351235346,
tests/data/csd_families/CAQHOV/CAQHOV02.cif,tests/data/csd_families/CAQHOV/CAQHOV03.cif,2,0.026745452545583248,2,0.0805814402598666,
tests/data/csd_families/CATDAE/CATDAE.cif,tests/data/csd_families/CATDAE/CATDAE01.cif,2,0.002734125591814518,1,0.12003953386296629,
tests/data/csd_families/CATDAE/CATDAE.cif,tests/data/csd_families/CATDAE/CATDAE02.cif,2,0.00281714741140604,1,0.13151059303953952,
tests/data/csd_families/CEGHED/CEGHED02.cif,tests/data/csd_families/CEGHED/CEGHED03.cif,2,0.011646176688373089,2,0.020552187940539497,
tests/data/csd_families/CEWNEZ/CEWNEZ.cif,tests/data/csd_families/CEWNEZ/CEWNEZ01.cif,2,0.0074549466371536255,2,1.1348372996777776,
tests/data/csd_families/CEWNEZ/CEWNEZ01.cif,tests/data/csd_families/CEWNEZ/CEWNEZ02.cif,2,0.0077455611899495125,2,1.68354763109121,
tests/data/csd_families/CIKLOZ/CIKLOZ.cif,tests/data/csd_families/CIKLOZ/CIKLOZ02.cif,2,0.003148714080452919,2,0.01378466732465878,
tests/data/csd_families/CITRAC/CITRAC11.cif,tests/data/csd_families/CITRAC/CITRAC12.cif,2,0.002433640882372856,2,0.04904616787012374,
tests/data/csd_families/COGJAM/COGJAM01.cif,tests/data/csd_families/COGJAM/COGJAM02.cif,2,0.0070699602365493774,2,0.03415005373068858,
tests/data/csd_families/CTMTNA/CTMTNA.cif,tests/data/csd_families/CTMTNA/CTMTNA04.cif,2,0.006633461453020573,2,0.9211963726325241,
tests/data/csd_families/CTMTNA/CTMTNA02.cif,tests/data/csd_families/CTMTNA/CTMTNA04.cif,2,0.010456306859850883,2,0.5835365225722852,
tests/data/csd_families/CTMTNA/CTMTNA03.cif,tests/data/csd_families/CTMTNA/CTMTNA04.cif,2,0.006769615225493908,2,0.9314464656784758,
tests/data/csd_families/CUSALA/CUSALA.cif,tests/data/csd_families/CUSALA/CUSALA04.cif,2,0.0026794755831360817,1,0.04514545367313005,
tests/data/csd_families/CUSALA/CUSALA01.cif,tests/data/csd_families/CUSALA/CUSALA05.cif,2,0.002895928919315338,1,0.03732874244625622,
tests/data/csd_families/CYOCPD/CYOCPD.cif,tests/data/csd_families/CYOCPD/CYOCPD02.cif,2,0.004709170199930668,2,1.158263108790867,
tests/data/csd_families/CYOCPD/CYOCPD.cif,tests/data/csd_families/CYOCPD/CYOCPD03.cif,2,0.00444470439106226,2,1.1694975347810257,
tests/data/csd_families/DBEZPO/DBEZPO.cif,tests/data/csd_families/DBEZPO/DBEZPO01.cif,2,0.0061016930267214775,2,0.031644103327638985,
tests/data/csd_families/DBPHEN/DBPHEN04.cif,tests/data/csd_families/DBPHEN/DBPHEN05.cif,2,0.00947709009051323,2,0.18866061914438975,
tests/data/csd_families/DECVIQ/DECVIQ01.cif,tests/data/csd_families/DECVIQ/DECVIQ10.cif,2,0.009886727668344975,0,nan,
tests/data/csd_families/DECVIQ/DECVIQ01.cif,tests/data/csd_families/DECVIQ/DECVIQ11.cif,2,0.029818165116012096,2,0.0,
tests/data/csd_families/DERKOA/DERKOA10.cif,tests/data/csd_families/DERKOA/DERKOA11.cif,2,0.002777586691081524,0,nan,
tests/data/csd_families/DIBFAY/DIBFAY01.cif,tests/data/csd_families/DIBFAY/DIBFAY02.cif,2,0.004089478403329849,2,0.031503841523499124,
tests/data/csd_families/DIBFAY/DIBFAY02.cif,tests/data/csd_families/DIBFAY/DIBFAY03.cif,2,0.005285969004034996,2,0.036227671621981525,
tests/data/csd_families/DMSULO/DMSULO.cif,tests/data/csd_families/DMSULO/DMSULO05.cif,2,0.0034935688599944115,2,0.018411810108588066,
tests/data/csd_families/ECUTUR/ECUTUR.cif,tests/data/csd_families/ECUTUR/ECUTUR03.cif,2,0.003087371587753296,2,0.027953768765225123,
tests/data/csd_families/ECUTUR/ECUTUR01.cif,tests/data/csd_families/ECUTUR/ECUTUR02.cif,2,0.003202054649591446,2,0.2779957892040155,
tests/data/csd_families/ESAXAA/ESAXAA01.cif,tests/data/csd_families/ESAXAA/ESAXAA03.cif,2,0.007163231261074543,2,0.02024572298209011,
tests/data/csd_families/EXIPUY/EXIPUY01.cif,tests/data/csd_families/EXIPUY/EXIPUY02.cif,2,0.0021563563495874405,0,nan,
tests/data/csd_families/FINSOK/FINSOK01.cif,tests/data/csd_families/FINSOK/FINSOK12.cif,2,0.11937647964805365,1,3.7028570333876525,
tests/data/csd_families/FINSOK/FINSOK11.cif,tests/data/csd_families/FINSOK/FINSOK12.cif,2,0.0885480884462595,0,nan,
tests/data/csd_families/FIWFOH/FIWFOH03.cif,tests/data/csd_families/FIWFOH/FIWFOH04.cif,2,0.0020437855273485184,2,0.00517079384973127,
tests/data/csd_families/FOHCOU/FOHCOU01.cif,tests/data/csd_families/FOHCOU/FOHCOU02.cif,2,0.04251675959676504,2,0.0035222113807414947,
tests/data/csd_families/FULPIM/FULPIM.cif,tests/data/csd_families/FULPIM/FULPIM02.cif,2,0.0035015493631362915,2,0.008509619330865753,
tests/data/csd_families/FUTSES/FUTSES.cif,tests/data/csd_families/FUTSES/FUTSES01.cif,2,0.02478776965290308,2,0.027619668797219214,
tests/data/csd_families/GLYCIN/GLYCIN01.cif,tests/data/csd_families/GLYCIN/GLYCIN02.cif,2,0.0019718529656529427,2,0.05338717309009857,
tests/data/csd_families/HAGWAP/HAGWAP01.cif,tests/data/csd_families/HAGWAP/HAGWAP03.cif,2,0.0023039784282445908,2,0.010169773917831214,
tests/data/csd_families/HAWGAO/HAWGAO.cif,tests/data/csd_families/HAWGAO/HAWGAO03.cif,2,0.011824320070445538,2,0.010070073420236272,
tests/data/csd_families/HEWRAD/HEWRAD.cif,tests/data/csd_families/HEWRAD/HEWRAD03.cif,2,0.002807808108627796,2,0.0036082731718258395,
tests/data/csd_families/HEZQIN/HEZQIN01.cif,tests/data/csd_families/HEZQIN/HEZQIN04.cif,2,0.0061296941712498665,2,2.285461591631934,
tests/data/csd_families/HOGBUD/HOGBUD.cif,tests/data/csd_families/HOGBUD/HOGBUD04.cif,2,0.025791985914111137,1,1.4935928020216533,
tests/data/csd_families/IDODIQ/IDODIQ.cif,tests/data/csd_families/IDODIQ/IDODIQ01.cif,2,0.009033363312482834,2,0.04540538582168388,
tests/data/csd_families/IFUXEN/IFUXEN.cif,tests/data/csd_families/IFUXEN/IFUXEN03.cif,2,0.0027364278212189674,1,0.4924846002016183,
tests/data/csd_families/IFUXEN/IFUXEN02.cif,tests/data/csd_families/IFUXEN/IFUXEN03.cif,2,0.0028320681303739548,1,0.423446054504154,
tests/data/csd_families/ILUTIV/ILUTIV.cif,tests/data/csd_families/ILUTIV/ILUTIV01.cif,2,0.011075318790972233,2,2.309134347250051,
tests/data/csd_families/IPTCNI/IPTCNI10.cif,tests/data/csd_families/IPTCNI/IPTCNI13.cif,2,0.013304165564477444,2,0.4038657332528747,
tests/data/csd_families/IYEBUJ/IYEBUJ.cif,tests/data/csd_families/IYEBUJ/IYEBUJ01.cif,2,0.007842822931706905,1,1.3364816290241452,
tests/data/csd_families/IYEBUJ/IYEBUJ01.cif,tests/data/csd_families/IYEBUJ/IYEBUJ03.cif,2,0.007749340496957302,1,1.3418147502992779,
tests/data/csd_families/IYEBUJ/IYEBUJ02.cif,tests/data/csd_families/IYEBUJ/IYEBUJ03.cif,2,0.007504536770284176,2,0.08630403529076969,
tests/data/csd_families/IZOJUF/IZOJUF01.cif,tests/data/csd_families/IZOJUF/IZOJUF03.cif,2,0.009747244417667389,1,2.11032832329622,
tests/data/csd_families/JEGMER/JEGMER03.cif,tests/data/csd_families/JEGMER/JEGMER04.cif,2,0.008404051885008812,2,0.016245202731481327,
tests/data/csd_families/JEXKUS/JEXKUS.cif,tests/data/csd_families/JEXKUS/JEXKUS03.cif,2,0.003865565173327923,2,0.017077122364707795,
tests/data/csd_families/JOFJEW/JOFJEW03.cif,tests/data/csd_families/JOFJEW/JOFJEW04.cif,2,0.003389286808669567,2,0.004083251557268727,
tests/data/csd_families/KANZEE/KANZEE02.cif,tests/data/csd_families/KANZEE/KANZEE03.cif,2,0.017618129029870033,2,0.04409412615071394,
tests/data/csd_families/KANZEE/KANZEE02.cif,tests/data/csd_families/KANZEE/KANZEE04.cif,2,0.017961264587938786,2,0.09245047573979105,
tests/data/csd_families/KHMALA/KHMALA.cif,tests/data/csd_families/KHMALA/KHMALA12.cif,2,0.0017541702836751938,2,1.6545214932736356,
tests/data/csd_families/KIXKAD/KIXKAD.cif,tests/data/csd_families/KIXKAD/KIXKAD03.cif,2,0.00354009959846735,2,0.004183589724390122,
tests/data/csd_families/LAGHOQ/LAGHOQ02.cif,tests/data/csd_families/LAGHOQ/LAGHOQ03.cif,2,0.0032419245690107346,2,0.0060060237485635055,
tests/data/csd_families/LALNIN/LALNIN.cif,tests/data/csd_families/LALNIN/LALNIN14.cif,2,0.002680094912648201,2,0.006138080031579947,
tests/data/csd_families/LALNIN/LALNIN01.cif,tests/data/csd_families/LALNIN/LALNIN14.cif,2,0.0024267109110951424,2,0.006479841086890126,
tests/data/csd_families/LSERIN/LSERIN11.cif,tests/data/csd_families/LSERIN/LSERIN12.cif,2,0.0032399948686361313,2,0.03333496660602942,
tests/data/csd_families/MATRNO/MATRNO01.cif,tests/data/csd_families/MATRNO/MATRNO02.cif,2,0.006692903116345406,2,0.15323669093602624,
tests/data/csd_families/MEBXID/MEBXID03.cif,tests/data/csd_families/MEBXID/MEBXID04.cif,2,0.003176383674144745,2,0.019790166799840598,
tests/data/csd_families/MEUREA/MEUREA02.cif,tests/data/csd_families/MEUREA/MEUREA03.cif,2,0.0015172157436609268,2,0.13401352071163736,
tests/data/csd_families/MPECXP/MPECXP.cif,tests/data/csd_families/MPECXP/MPECXP01.cif,2,0.0035214703530073166,2,0.020000612812200606,
tests/data/csd_families/NCKLCN/NCKLCN01.cif,tests/data/csd_families/NCKLCN/NCKLCN04.cif,2,0.005385320633649826,0,nan,
tests/data/csd_families/NIRJAA/NIRJAA03.cif,tests/data/csd_families/NIRJAA/NIRJAA04.cif,2,0.0021882569417357445,2,0.027108544734116616,
tests/data/csd_families/NPOFNP/NPOFNP.cif,tests/data/csd_families/NPOFNP/NPOFNP02.cif,2,0.004106068983674049,2,0.12516837971033365,
tests/data/csd_families/OFESAL/OFESAL.cif,tests/data/csd_families/OFESAL/OFESAL04.cif,2,0.0068919965997338295,2,3.7834201334018935,
tests/data/csd_families/ONITAN/ONITAN.cif,tests/data/csd_families/ONITAN/ONITAN03.cif,2,0.0036129914224147797,2,0.12221445109502276,
tests/data/csd_families/ONITAN/ONITAN01.cif,tests/data/csd_families/ONITAN/ONITAN02.cif,2,0.0037062624469399452,2,0.029143937871583765,
tests/data/csd_families/ONITAN/ONITAN02.cif,tests/data/csd_families/ONITAN/ONITAN03.cif,2,0.0038765762001276016,2,0.12037968607624383,
tests/data/csd_families/ONITAN/ONITAN02.cif,tests/data/csd_families/ONITAN/ONITAN04.cif,2,0.003472159616649151,2,0.027444020560742088,
tests/data/csd_families/ONITAN/ONITAN03.cif,tests/data/csd_families/ONITAN/ONITAN04.cif,2,0.003544660285115242,2,0.11248963029518076,
tests/data/csd_families/OPEVUD/OPEVUD01.cif,tests/data/csd_families/OPEVUD/OPEVUD02.cif,2,0.00586748868227005,2,0.029612456580662413,
tests/data/csd_families/OXALDH/OXALDH.cif,tests/data/csd_families/OXALDH/OXALDH01.cif,2,0.003984186798334122,2,0.0004683676351301386,
tests/data/csd_families/OXALDH/OXALDH01.cif,tests/data/csd_families/OXALDH/OXALDH04.cif,2,0.003126133233308792,2,0.000960268374074748,
tests/data/csd_families/PDHTEZ/PDHTEZ.cif,tests/data/csd_families/PDHTEZ/PDHTEZ01.cif,2,0.006299826316535473,2,1.592660176562295,
tests/data/csd_families/PDHTEZ/PDHTEZ01.cif,tests/data/csd_families/PDHTEZ/PDHTEZ02.cif,2,0.005688847042620182,2,1.6007054156633833,
tests/data/csd_families/PDHTEZ/PDHTEZ01.cif,tests/data/csd_families/PDHTEZ/PDHTEZ04.cif,2,0.005711895413696766,2,1.6085893182106252,
tests/data/csd_families/PDHTEZ/PDHTEZ02.cif,tests/data/csd_families/PDHTEZ/PDHTEZ03.cif,2,0.0025912532582879066,2,0.011892282336269757,
tests/data/csd_families/PUWYUD/PUWYUD02.cif,tests/data/csd_families/PUWYUD/PUWYUD03.cif,2,0.0060067810118198395,2,0.016739699530948813,
tests/data/csd_families/QAHVIE/QAHVIE01.cif,tests/data/csd_families/QAHVIE/QAHVIE12.cif,2,0.006178013980388641,1,0.30621999389347426,
tests/data/csd_families/QAHWUU/QAHWUU.cif,tests/data/csd_families/QAHWUU/QAHWUU01.cif,2,0.008566195145249367,2,0.08164621325407519,
tests/data/csd_families/QAHWUU/QAHWUU01.cif,tests/data/csd_families/QAHWUU/QAHWUU04.cif,2,0.008621356450021267,1,0.11603063653536845,
tests/data/csd_families/QAHWUU/QAHWUU02.cif,tests/data/csd_families/QAHWUU/QAHWUU04.cif,2,0.006584051996469498,1,0.5617985012137491,
tests/data/csd_families/QAHWUU/QAHWUU03.cif,tests/data/csd_families/QAHWUU/QAHWUU04.cif,2,0.006112043745815754,1,0.46117750423197107,
tests/data/csd_families/QAPNAZ/QAPNAZ01.cif,tests/data/csd_families/QAPNAZ/QAPNAZ03.cif,2,0.010053830221295357,2,0.021548189879251757,
tests/data/csd_families/QODLAZ/QODLAZ.cif,tests/data/csd_families/QODLAZ/QODLAZ01.cif,2,0.0033162860199809074,2,0.01291533071142361,
tests/data/csd_families/ROLMUA/ROLMUA.cif,tests/data/csd_families/ROLMUA/ROLMUA03.cif,2,0.005926109850406647,2,0.6280720857778362,
tests/data/csd_families/RUVTOR/RUVTOR.cif,tests/data/csd_families/RUVTOR/RUVTOR02.cif,2,0.014177699573338032,2,0.01801548868324514,
tests/data/csd_families/SAQTOT/SAQTOT01.cif,tests/data/csd_families/SAQTOT/SAQTOT02.cif,2,0.002968309447169304,2,0.026798351030115842,
tests/data/csd_families/SAQTOT/SAQTOT02.cif,tests/data/csd_families/SAQTOT/SAQTOT03.cif,2,0.0028869882225990295,2,0.018943350540938094,
tests/data/csd_families/SAQTOT/SAQTOT02.cif,tests/data/csd_families/SAQTOT/SAQTOT04.cif,2,0.0029491400346159935,2,0.03080995894179584,
tests/data/csd_families/SETNEO/SETNEO.cif,tests/data/csd_families/SETNEO/SETNEO01.cif,2,0.004042398184537888,2,0.003272779591145001,
tests/data/csd_families/SETNEO/SETNEO03.cif,tests/data/csd_families/SETNEO/SETNEO04.cif,2,0.003837934695184231,2,0.00257134260861481,
tests/data/csd_families/TAPYEP/TAPYEP.cif,tests/data/csd_families/TAPYEP/TAPYEP05.cif,2,0.0052673183381557465,2,0.018587104785276934,
tests/data/csd_families/TAVKUX/TAVKUX06.cif,tests/data/csd_families/TAVKUX/TAVKUX09.cif,2,0.006352498196065426,2,0.06987124550059555,
tests/data/csd_families/TAZDNC/TAZDNC04.cif,tests/data/csd_families/TAZDNC/TAZDNC06.cif,2,0.003892885521054268,2,0.010097296328263951,
tests/data/csd_families/TCBENQ/TCBENQ02.cif,tests/data/csd_families/TCBENQ/TCBENQ03.cif,2,0.003435078077018261,2,0.06687377049911195,
tests/data/csd_families/TETBBZ/TETBBZ01.cif,tests/data/csd_families/TETBBZ/TETBBZ04.cif,2,0.002308368682861328,2,0.07976047033175131,
tests/data/csd_families/TEYDAC/TEYDAC.cif,tests/data/csd_families/TEYDAC/TEYDAC06.cif,2,0.007926564663648605,2,0.060379699043952885,
tests/data/csd_families/TILRAJ/TILRAJ.cif,tests/data/csd_families/TILRAJ/TILRAJ01.cif,2,0.006514430977404118,0,nan,
tests/data/csd_families/TISPUI/TISPUI02.cif,tests/data/csd_families/TISPUI/TISPUI04.cif,2,0.007403004914522171,2,0.053515170861716976,
tests/data/csd_families/TMAMOH/TMAMOH.cif,tests/data/csd_families/TMAMOH/TMAMOH03.cif,2,0.005331800319254398,2,0.05123914981491634,
tests/data/csd_families/TOJHIK/TOJHIK01.cif,tests/data/csd_families/TOJHIK/TOJHIK02.cif,2,0.010937634855508804,2,0.011266120102560916,
tests/data/csd_families/TPHMET/TPHMET01.cif,tests/data/csd_families/TPHMET/TPHMET11.cif,2,0.014187849126756191,2,0.013419719440630386,
tests/data/csd_families/TPHMET/TPHMET02.cif,tests/data/csd_families/TPHMET/TPHMET11.cif,2,0.0115047050639987,2,0.07487797415905845,
tests/data/csd_families/TPSNCL/TPSNCL01.cif,tests/data/csd_families/TPSNCL/TPSNCL03.cif,2,0.02207225374877453,2,0.8449427880333288,
tests/data/csd_families/TRIPHE/TRIPHE.cif,tests/data/csd_families/TRIPHE/TRIPHE15.cif,2,0.01593655999749899,2,0.04307872751858885,
tests/data/csd_families/TRIPHE/TRIPHE12.cif,tests/data/csd_families/TRIPHE/TRIPHE13.cif,2,0.01559891365468502,2,0.010975844750408904,
tests/data/csd_families/TUXFIC/TUXFIC.cif,tests/data/csd_families/TUXFIC/TUXFIC01.cif,2,0.00425450224429369,2,0.0517316262646415,
tests/data/csd_families/TUXFIC/TUXFIC02.cif,tests/data/csd_families/TUXFIC/TUXFIC03.cif,2,0.004392153583467007,2,0.0045986086419990005,
tests/data/csd_families/VELBOD/VELBOD10.cif,tests/data/csd_families/VELBOD/VELBOD11.cif,2,0.015682775527238846,2,0.0445595055471832,
tests/data/csd_families/VILGAC/VILGAC.cif,tests/data/csd_families/VILGAC/VILGAC03.cif,2,0.009899476543068886,2,0.15334878334446367,
tests/data/csd_families/VILGAC/VILGAC01.cif,tests/data/csd_families/VILGAC/VILGAC02.cif,2,0.009798945859074593,2,0.11911028262738882,
tests/data/csd_families/VIPJUA/VIPJUA.cif,tests/data/csd_families/VIPJUA/VIPJUA01.cif,2,0.004861633293330669,2,0.09524089016106772,
tests/data/csd_families/VITDEL/VITDEL.cif,tests/data/csd_families/VITDEL/VITDEL01.cif,2,0.002634025178849697,2,0.7452791857346869,
tests/data/csd_families/VITDEL/VITDEL.cif,tests/data/csd_families/VITDEL/VITDEL02.cif,2,0.00234788004308939,1,1.2662372281367424,
tests/data/csd_families/WATCID/WATCID10.cif,tests/data/csd_families/WATCID/WATCID11.cif,2,0.005049095489084721,2,0.028192066636505916,
tests/data/csd_families/WULMOJ/WULMOJ.cif,tests/data/csd_families/WULMOJ/WULMOJ01.cif,2,0.00561454426497221,2,1.5493477510482243,
tests/data/csd_families/WULMOJ/WULMOJ.cif,tests/data/csd_families/WULMOJ/WULMOJ04.cif,2,0.00547507219016552,2,1.547191430270204,
tests/data/csd_families/XEFDER/XEFDER.cif,tests/data/csd_families/XEFDER/XEFDER02.cif,2,0.009102784097194672,2,0.03113239345865722,
tests/data/csd_families/XIHVUG/XIHVUG01.cif,tests/data/csd_families/XIHVUG/XIHVUG02.cif,2,0.005316129885613918,2,0.04278998458990542,
tests/data/csd_families/XYLTOL/XYLTOL02.cif,tests/data/csd_families/XYLTOL/XYLTOL03.cif,2,0.004053888842463493,2,0.0015568917785089829,
tests/data/csd_families/YAKNUU/YAKNUU.cif,tests/data/csd_families/YAKNUU/YAKNUU01.cif,2,0.016349585726857185,2,1.9091750679122887,
tests/data/csd_families/YAKNUU/YAKNUU01.cif,tests/data/csd_families/YAKNUU/YAKNUU02.cif,2,0.015392609871923923,2,1.2007200548842143,
tests/data/csd_families/YAXYUV/YAXYUV.cif,tests/data/csd_families/YAXYUV/YAXYUV02.cif,2,0.006592961959540844,2,0.023249735761145994,
tests/data/csd_families/YEXSAV/YEXSAV01.cif,tests/data/csd_families/YEXSAV/YEXSAV02.cif,2,0.00497877411544323,2,0.007349843017078676,
tests/data/csd_families/YIDDAU/YIDDAU01.cif,tests/data/csd_families/YIDDAU/YIDDAU07.cif,2,0.01970968395471573,0,nan,
tests/data/csd_families/YUXZIB/YUXZIB01.cif,tests/data/csd_families/YUXZIB/YUXZIB03.cif,2,0.012148385867476463,2,0.05315035863970295,
tests/data/csd_families/ZAPFED/ZAPFED.cif,tests/data/csd_families/ZAPFED/ZAPFED01.cif,2,0.010126751847565174,1,0.45960903647285084,
tests/data/csd_families/ZEYVAA/ZEYVAA02.cif,tests/data/csd_families/ZEYVAA/ZEYVAA10.cif,2,0.0057649072259664536,2,0.014532964622244177,
tests/data/csd_families/ZZZPPI/ZZZPPI01.cif,tests/data/csd_families/ZZZPPI/ZZZPPI04.cif,2,0.0031867828220129013,0,nan,
tests/data/csd_families/ZZZPPI/ZZZPPI02.cif,tests/data/csd_families/ZZZPPI/ZZZPPI04.cif,2,0.004068199545145035,0,nan,
tests/data/csd_families/ZZZPPI/ZZZPPI04.cif,tests/data/csd_families/ZZZPPI/ZZZPPI05.cif,2,0.004619607701897621,0,nan,
tests/data/experimental/ROY/QAXMEH24.cif,tests/data/experimental/ROY/QAXMEH27.cif,2,0.002705325372517109,1,0.15741925598851672,
tests/data/experimental/ROY/QAXMEH24.cif,tests/data/experimental/ROY/QAXMEH28.cif,2,0.0026347944512963295,1,0.7624562611918407,
tests/data/experimental/ROY/QAXMEH24.cif,tests/data/experimental/ROY/QAXMEH90_O22.cif,2,0.002850308082997799,1,0.045868583361988936,
tests/data/experimental/ROY/QAXMEH24.cif,tests/data/experimental/ROY/ROY_PO13.cif,2,0.002916378900408745,2,1.372261400018947,
tests/data/experimental/ROY/QAXMEH24.cif,tests/data/experimental/ROY/ROY_R05.cif,2,0.006286215968430042,2,2.535946174865286,
tests/data/experimental/ROY/QAXMEH26.cif,tests/data/experimental/ROY/QAXMEH28.cif,2,0.002685224637389183,2,1.0568018063690252,
tests/data/experimental/ROY/QAXMEH26.cif,tests/data/experimental/ROY/QAXMEH90_O22.cif,2,0.0032286737114191055,2,2.775694415165777,
tests/data/experimental/ROY/QAXMEH26.cif,tests/data/experimental/ROY/ROY_Y19.cif,2,0.0029003797098994255,2,0.9755939617512872,
tests/data/experimental/ROY/QAXMEH26.cif,tests/data/experimental/ROY/YT04.cif,2,0.0024660611525177956,2,1.0967471714138672,
tests/data/experimental/ROY/QAXMEH27.cif,tests/data/experimental/ROY/ROY_PO13.cif,2,0.002819356508553028,1,1.0765889050780628,
tests/data/experimental/ROY/QAXMEH27.cif,tests/data/experimental/ROY/ROY_Y_ambient.cif,2,0.00264846533536911,2,1.525157978638957,
tests/data/experimental/ROY/QAXMEH27.cif,tests/data/experimental/ROY/Y04.cif,2,0.0032275551930069923,2,1.2048021319371314,
tests/data/experimental/ROY/QAXMEH28.cif,tests/data/experimental/ROY/QAXMEH90_O22.cif,2,0.002645464614033699,2,2.6721731614736477,
tests/data/experimental/ROY/QAXMEH28.cif,tests/data/experimental/ROY/ROY_Y19.cif,2,0.0026769349351525307,2,2.438913876804859,
tests/data/experimental/ROY/QAXMEH29.cif,tests/data/experimental/ROY/ROY_R05.cif,2,0.006439808756113052,2,1.4679900009180165,
tests/data/experimental/ROY/QAXMEH29.cif,tests/data/experimental/ROY/ROY_Y_ambient.cif,2,0.0027306564152240753,1,0.9405172369684665,
tests/data/experimental/ROY/QAXMEH29.cif,tests/data/experimental/ROY/YT04.cif,2,0.0028576692566275597,1,0.9468962378937892,
tests/data/experimental/ROY/QAXMEH90_O22.cif,tests/data/experimental/ROY/ROY_PO13.cif,2,0.0027431566268205643,2,2.6937230202765927,
tests/data/experimental/ROY/QAXMEH90_O22.cif,tests/data/experimental/ROY/Y04.cif,2,0.002751097083091736,2,2.767403774321664,
tests/data/experimental/ROY/QAXMEH90_O22.cif,tests/data/experimental/ROY/mrp180010_fa.cif,2,0.003704492002725601,1,0.7143083100089122,
tests/data/experimental/ROY/ROY_R05.cif,tests/data/experimental/ROY/Y04.cif,2,0.0065131401643157005,2,2.385038412195005,
tests/data/experimental/ROY/ROY_Y19.cif,tests/data/experimental/ROY/mrp180010_fa.cif,2,0.003957266919314861,2,0.8353090379642522,
tests/data/experimental/ROY/Y04.cif,tests/data/experimental/ROY/YT04.cif,2,0.002466171979904175,2,0.5472710045354466,
tests/data/experimental/ROY/Y04.cif,tests/data/experimental/ROY/mrp180010_fa.cif,2,0.0035725515335798264,2,1.8244679013120373,
tests/data/experimental/Ritonavir/YIGPIO03.cif,tests/data/experimental/Ritonavir/YIGPIO04.cif,2,0.03114357776939869,1,3.537749552034184,
tests/data/experimental/Ritonavir/YIGPIO03.cif,tests/data/experimental/Ritonavir/YIGPIO06.cif,2,0.030276873148977757,1,3.4718295809277433,
tests/data/experimental/Ritonavir/YIGPIO05.cif,tests/data/experimental/Ritonavir/YIGPIO10.cif,2,0.018079305067658424,1,1.923217353287923,
tests/data/experimental/Ritonavir/YIGPIO06.cif,tests/data/experimental/Ritonavir/YIGPIO10.cif,2,0.029724632389843464,1,1.9171015499246125,
tests/data/experimental/Ritonavir/YIGPIO07.cif,tests/data/experimental/Ritonavir/YIGPIO10.cif,2,0.015866647474467754,1,2.9804768448645933,
tests/data/experimental/galunisertib/Galunisertib_FORM_I.cif,tests/data/experimental/galunisertib/Galunisertib_FORM_IV.cif,2,0.006039462052285671,2,0.9870566542980442,
tests/data/experimental/galunisertib/Galunisertib_FORM_I.cif,tests/data/experimental/galunisertib/Galunisertib_FORM_IX.cif,2,0.003659871406853199,2,1.7528894344765826,
tests/data/experimental/galunisertib/Galunisertib_FORM_II.cif,tests/data/experimental/galunisertib/Galunisertib_FORM_IX.cif,2,0.0034747598692774773,2,0.35726457900638486,
tests/data/experimental/galunisertib/Galunisertib_FORM_II.cif,tests/data/experimental/galunisertib/Galunisertib_FORM_V.cif,2,0.003566359169781208,2,0.6293696657653546,
tests/data/experimental/galunisertib/Galunisertib_FORM_II.cif,tests/data/experimental/galunisertib/Galunisertib_FORM_X.cif,2,0.003603280521929264,1,1.5470964977525115,
tests/data/experimental/galunisertib/Galunisertib_FORM_II.cif,tests/data/experimental/galunisertib/Galunisertib_Form_VII.cif,2,0.00508312601596117,2,1.2715829839780608,
tests/data/experimental/galunisertib/Galunisertib_FORM_III.cif,tests/data/experimental/galunisertib/Galunisertib_FORM_VI.cif,2,0.003506879322230816,1,1.5123669426629365,
tests/data/experimental/galunisertib/Galunisertib_FORM_III.cif,tests/data/experimental/galunisertib/Galunisertib_FORM_VIII.cif,2,0.0034996699541807175,1,1.3609646388453491,
tests/data/experimental/galunisertib/Galunisertib_FORM_V.cif,tests/data/experimental/galunisertib/Galunisertib_FORM_VIII.cif,2,0.0037352824583649635,2,0.2566086231734214,
tests/data/experimental/galunisertib/Galunisertib_FORM_VI.cif,tests/data/experimental/galunisertib/Galunisertib_FORM_VIII.cif,2,0.0037383930757641792,2,0.7941446825898867,
tests/data/experimental/galunisertib/Galunisertib_FORM_VIII.cif,tests/data/experimental/galunisertib/Galunisertib_FORM_X.cif,2,0.003999108448624611,2,1.4837613232402262,
tests/data/csd_families/ABEKUN/ABEKUN.cif,tests/data/csd_families/ABEKUN/ABEKUN02.cif,3,0.0035712309181690216,2,1.3225140097567216,
tests/data/csd_families/ABEKUN/ABEKUN02.cif,tests/data/csd_families/ABEKUN/ABEKUN04.cif,3,0.0037465039640665054,2,1.32178971100967,
tests/data/csd_families/ALOCOW/ALOCOW01.cif,tests/data/csd_families/ALOCOW/ALOCOW03.cif,3,0.0033358270302414894,3,0.04028373222145683,
tests/data/csd_families/ALOCOW/ALOCOW03.cif,tests/data/csd_families/ALOCOW/ALOCOW04.cif,3,0.0034279776737093925,3,0.7233586072857816,
tests/data/csd_families/AMBACO/AMBACO05.cif,tests/data/csd_families/AMBACO/AMBACO06.cif,3,0.0030047502368688583,2,0.038193449724397734,
tests/data/csd_families/AMBNAC/AMBNAC01.cif,tests/data/csd_families/AMBNAC/AMBNAC04.cif,3,0.004288491792976856,3,1.7238769091308488,
tests/data/csd_families/AMBNAC/AMBNAC04.cif,tests/data/csd_families/AMBNAC/AMBNAC07.cif,3,0.004291743040084839,3,1.7412153645819195,
tests/data/csd_families/AQACNI/AQACNI.cif,tests/data/csd_families/AQACNI/AQACNI01.cif,3,0.012777887284755707,3,0.04615065512831516,
tests/data/csd_families/AQACNI/AQACNI01.cif,tests/data/csd_families/AQACNI/AQACNI02.cif,3,0.015507562085986137,3,0.10531412361620367,
tests/data/csd_families/AVOWUD/AVOWUD.cif,tests/data/csd_families/AVOWUD/AVOWUD02.cif,3,0.044286479242146015,3,0.13883821804517638,
tests/data/csd_families/AWENUO/AWENUO01.cif,tests/data/csd_families/AWENUO/AWENUO02.cif,3,0.06292120646685362,3,0.01649200076772796,
tests/data/csd_families/AWENUO/AWENUO02.cif,tests/data/csd_families/AWENUO/AWENUO03.cif,3,0.0997715387493372,3,0.03944554656113294,
tests/data/csd_families/AWENUO/AWENUO02.cif,tests/data/csd_families/AWENUO/AWENUO04.cif,3,0.10065686330199242,3,0.017173792335823647,
tests/data/csd_families/BACKOK/BACKOK.cif,tests/data/csd_families/BACKOK/BACKOK03.cif,3,0.00501355342566967,3,0.030354251138789125,
tests/data/csd_families/BACKOK/BACKOK01.cif,tests/data/csd_families/BACKOK/BACKOK02.cif,3,0.007633828558027744,3,0.03130980098776973,
tests/data/csd_families/BAZGOY/BAZGOY.cif,tests/data/csd_families/BAZGOY/BAZGOY04.cif,3,0.00953787099570036,3,0.25263974524359295,
tests/data/csd_families/BAZGOY/BAZGOY01.cif,tests/data/csd_families/BAZGOY/BAZGOY04.cif,3,0.01175409834831953,3,0.2261139364426476,
tests/data/csd_families/BBENAN/BBENAN.cif,tests/data/csd_families/BBENAN/BBENAN03.cif,3,0.009000232443213463,3,0.18305250514493077,
tests/data/csd_families/BBENAN/BBENAN01.cif,tests/data/csd_families/BBENAN/BBENAN03.cif,3,0.00975489616394043,3,0.09610950797928175,
tests/data/csd_families/BENZAC/BENZAC.cif,tests/data/csd_families/BENZAC/BENZAC01.cif,3,0.004282321780920029,3,0.04540478100452003,
tests/data/csd_families/BENZAC/BENZAC07.cif,tests/data/csd_families/BENZAC/BENZAC08.cif,3,0.010211932472884655,3,0.01355727949195423,
tests/data/csd_families/BOBVIY/BOBVIY04.cif,tests/data/csd_families/BOBVIY/BOBVIY05.cif,3,0.08583321236073971,3,0.20723604417436722,
tests/data/csd_families/BUCACT/BUCACT.cif,tests/data/csd_families/BUCACT/BUCACT02.cif,3,0.003638550639152527,3,0.11705462341951946,
tests/data/csd_families/BUCACT/BUCACT02.cif,tests/data/csd_families/BUCACT/BUCACT03.cif,3,0.004401485435664654,3,0.01280401305510461,
tests/data/csd_families/BUCACT/BUCACT02.cif,tests/data/csd_families/BUCACT/BUCACT04.cif,3,0.004678839817643166,3,0.013760566281535226,
tests/data/csd_families/CAQHOV/CAQHOV02.cif,tests/data/csd_families/CAQHOV/CAQHOV03.cif,3,0.030781490728259087,3,0.08888916175517396,
tests/data/csd_families/CATDAE/CATDAE.cif,tests/data/csd_families/CATDAE/CATDAE01.cif,3,0.0035622408613562584,1,0.12003953386296629,
tests/data/csd_families/CATDAE/CATDAE.cif,tests/data/csd_families/CATDAE/CATDAE02.cif,3,0.0036178026348352432,1,0.13151059303953952,
tests/data/csd_families/CEGHED/CEGHED02.cif,tests/data/csd_families/CEGHED/CEGHED03.cif,3,0.020015119574964046,3,0.025372891274371975,
tests/data/csd_families/CEWNEZ/CEWNEZ.cif,tests/data/csd_families/CEWNEZ/CEWNEZ01.cif,3,0.0136881023645401,2,1.0561524771811617,
tests/data/csd_families/CEWNEZ/CEWNEZ01.cif,tests/data/csd_families/CEWNEZ/CEWNEZ02.cif,3,0.014955022372305393,2,1.061273529319683,
tests/data/csd_families/CIKLOZ/CIKLOZ.cif,tests/data/csd_families/CIKLOZ/CIKLOZ02.cif,3,0.004103999584913254,3,0.02065067158028924,
tests/data/csd_families/CITRAC/CITRAC11.cif,tests/data/csd_families/CITRAC/CITRAC12.cif,3,0.004083589650690556,3,0.05388607244059687,
tests/data/csd_families/COGJAM/COGJAM01.cif,tests/data/csd_families/COGJAM/COGJAM02.cif,3,0.009165114723145962,3,0.03703082555259348,
tests/data/csd_families/CTMTNA/CTMTNA.cif,tests/data/csd_families/CTMTNA/CTMTNA04.cif,3,0.01320614293217659,3,1.6651743243750845,
tests/data/csd_families/CTMTNA/CTMTNA02.cif,tests/data/csd_families/CTMTNA/CTMTNA04.cif,3,0.0158283282071352,3,1.5877197133661856,
tests/data/csd_families/CTMTNA/CTMTNA03.cif,tests/data/csd_families/CTMTNA/CTMTNA04.cif,3,0.013224292546510696,3,1.7661985602217165,
tests/data/csd_families/CUSALA/CUSALA.cif,tests/data/csd_families/CUSALA/CUSALA04.cif,3,0.003663592040538788,1,0.04514545367313005,
tests/data/csd_families/CUSALA/CUSALA01.cif,tests/data/csd_families/CUSALA/CUSALA05.cif,3,0.0039050960913300514,1,0.03732874244625622,
tests/data/csd_families/CYOCPD/CYOCPD.cif,tests/data/csd_families/CYOCPD/CYOCPD02.cif,3,0.006895856000483036,3,1.1551026058559217,
tests/data/csd_families/CYOCPD/CYOCPD.cif,tests/data/csd_families/CYOCPD/CYOCPD03.cif,3,0.0066450731828808784,3,1.1658347717743909,
tests/data/csd_families/DBEZPO/DBEZPO.cif,tests/data/csd_families/DBEZPO/DBEZPO01.cif,3,0.008845540694892406,3,0.03484382131879825,
tests/data/csd_families/DBPHEN/DBPHEN04.cif,tests/data/csd_families/DBPHEN/DBPHEN05.cif,3,0.013912295922636986,3,0.22271049127688944,
tests/data/csd_families/DECVIQ/DECVIQ01.cif,tests/data/csd_families/DECVIQ/DECVIQ10.cif,3,0.011009957641363144,0,nan,
tests/data/csd_families/DECVIQ/DECVIQ01.cif,tests/data/csd_families/DECVIQ/DECVIQ11.cif,3,0.10157146863639355,2,0.6125430768950596,
tests/data/csd_families/DERKOA/DERKOA10.cif,tests/data/csd_families/DERKOA/DERKOA11.cif,3,0.003622051328420639,0,nan,
tests/data/csd_families/DIBFAY/DIBFAY01.cif,tests/data/csd_families/DIBFAY/DIBFAY02.cif,3,0.0064231278374791145,3,0.04391521691123071,
tests/data/csd_families/DIBFAY/DIBFAY02.cif,tests/data/csd_families/DIBFAY/DIBFAY03.cif,3,0.009005481377243996,3,0.04434192000582754,
tests/data/csd_families/DMSULO/DMSULO.cif,tests/data/csd_families/DMSULO/DMSULO05.cif,3,0.008623184636235237,3,0.05399849353615287,
tests/data/csd_families/ECUTUR/ECUTUR.cif,tests/data/csd_families/ECUTUR/ECUTUR03.cif,3,0.004360593855381012,3,0.02812959770900211,
tests/data/csd_families/ECUTUR/ECUTUR01.cif,tests/data/csd_families/ECUTUR/ECUTUR02.cif,3,0.004535116255283356,3,0.4717410933640722,
tests/data/csd_families/ESAXAA/ESAXAA01.cif,tests/data/csd_families/ESAXAA/ESAXAA03.cif,3,0.028714675456285477,3,0.028477075858208856,
tests/data/csd_families/EXIPUY/EXIPUY01.cif,tests/data/csd_families/EXIPUY/EXIPUY02.cif,3,0.0029571503400802612,0,nan,
tests/data/csd_families/FINSOK/FINSOK01.cif,tests/data/csd_families/FINSOK/FINSOK12.cif,3,163.67380520608276,0,nan,RuntimeError:MotifSearch Timeout
tests/data/csd_families/FINSOK/FINSOK11.cif,tests/data/csd_families/FINSOK/FINSOK12.cif,3,0.09533059317618608,0,nan,
tests/data/csd_families/FIWFOH/FIWFOH03.cif,tests/data/csd_families/FIWFOH/FIWFOH04.cif,3,0.002633684314787388,3,0.007623385522326508,
tests/data/csd_families/FOHCOU/FOHCOU01.cif,tests/data/csd_families/FOHCOU/FOHCOU02.cif,3,0.23943112138658762,3,0.0035150269477429497,
tests/data/csd_families/FULPIM/FULPIM.cif,tests/data/csd_families/FULPIM/FULPIM02.cif,3,0.004693899303674698,3,0.009504263450568902,
tests/data/csd_families/FUTSES/FUTSES.cif,tests/data/csd_families/FUTSES/FUTSES01.cif,3,0.037045085802674294,3,0.02862675099683083,
tests/data/csd_families/GLYCIN/GLYCIN01.cif,tests/data/csd_families/GLYCIN/GLYCIN02.cif,3,0.0028268881142139435,3,0.0569727755444366,
tests/data/csd_families/HAGWAP/HAGWAP01.cif,tests/data/csd_families/HAGWAP/HAGWAP03.cif,3,0.002946828491985798,3,0.046958060032541285,
tests/data/csd_families/HAWGAO/HAWGAO.cif,tests/data/csd_families/HAWGAO/HAWGAO03.cif,3,0.022011282853782177,3,0.011523536725755318,
tests/data/csd_families/HEWRAD/HEWRAD.cif,tests/data/csd_families/HEWRAD/HEWRAD03.cif,3,0.0039955368265509605,3,0.004087610248210036,
tests/data/csd_families/HEZQIN/HEZQIN01.cif,tests/data/csd_families/HEZQIN/HEZQIN04.cif,3,0.008573534898459911,3,2.4603479884919626,
tests/data/csd_families/HOGBUD/HOGBUD.cif,tests/data/csd_families/HOGBUD/HOGBUD04.cif,3,0.035964859649538994,1,1.4935928020216533,
tests/data/csd_families/IDODIQ/IDODIQ.cif,tests/data/csd_families/IDODIQ/IDODIQ01.cif,3,0.012392699718475342,3,0.046075598373587115,
tests/data/csd_families/IFUXEN/IFUXEN.cif,tests/data/csd_families/IFUXEN/IFUXEN03.cif,3,0.0034738294780254364,1,0.4924846002016183,
tests/data/csd_families/IFUXEN/IFUXEN02.cif,tests/data/csd_families/IFUXEN/IFUXEN03.cif,3,0.0035701794549822807,1,0.423446054504154,
tests/data/csd_families/ILUTIV/ILUTIV.cif,tests/data/csd_families/ILUTIV/ILUTIV01.cif,3,0.016168742440640926,3,3.0464841177038617,
tests/data/csd_families/IPTCNI/IPTCNI10.cif,tests/data/csd_families/IPTCNI/IPTCNI13.cif,3,0.03044565487653017,3,0.45837000233102676,
tests/data/csd_families/IYEBUJ/IYEBUJ.cif,tests/data/csd_families/IYEBUJ/IYEBUJ01.cif,3,0.014242761768400669,1,1.3364816290241452,
tests/data/csd_families/IYEBUJ/IYEBUJ01.cif,tests/data/csd_families/IYEBUJ/IYEBUJ03.cif,3,0.011371632106602192,1,1.3418147502992779,
tests/data/csd_families/IYEBUJ/IYEBUJ02.cif,tests/data/csd_families/IYEBUJ/IYEBUJ03.cif,3,0.010482077486813068,3,0.09058577100669765,
tests/data/csd_families/IZOJUF/IZOJUF01.cif,tests/data/csd_families/IZOJUF/IZOJUF03.cif,3,0.010656150989234447,2,2.174303248216062,
tests/data/csd_families/JEGMER/JEGMER03.cif,tests/data/csd_families/JEGMER/JEGMER04.cif,3,0.01220630668103695,3,0.017763938543055934,
tests/data/csd_families/JEXKUS/JEXKUS.cif,tests/data/csd_families/JEXKUS/JEXKUS03.cif,3,0.005273790098726749,3,0.01733633060005596,
tests/data/csd_families/JOFJEW/JOFJEW03.cif,tests/data/csd_families/JOFJEW/JOFJEW04.cif,3,0.009545432403683662,3,0.004290252010912261,
tests/data/csd_families/KANZEE/KANZEE02.cif,tests/data/csd_families/KANZEE/KANZEE03.cif,3,0.030748351477086544,3,0.08790963128401076,
tests/data/csd_families/KANZEE/KANZEE02.cif,tests/data/csd_families/KANZEE/KANZEE04.cif,3,0.030995803885161877,3,0.12774028696402218,
tests/data/csd_families/KHMALA/KHMALA.cif,tests/data/csd_families/KHMALA/KHMALA12.cif,3,0.00241698045283556,2,1.6545214932736356,
tests/data/csd_families/KIXKAD/KIXKAD.cif,tests/data/csd_families/KIXKAD/KIXKAD03.cif,3,0.0056256260722875595,3,0.004826237061533081,
tests/data/csd_families/LAGHOQ/LAGHOQ02.cif,tests/data/csd_families/LAGHOQ/LAGHOQ03.cif,3,0.004520906135439873,3,0.007485409226732279,
tests/data/csd_families/LALNIN/LALNIN.cif,tests/data/csd_families/LALNIN/LALNIN14.cif,3,0.0037630945444107056,3,0.010422064738041716,
tests/data/csd_families/LALNIN/LALNIN01.cif,tests/data/csd_families/LALNIN/LALNIN14.cif,3,0.0033536776900291443,3,0.010773671788419486,
tests/data/csd_families/LSERIN/LSERIN11.cif,tests/data/csd_families/LSERIN/LSERIN12.cif,3,0.004602048546075821,3,0.034233741226667135,
tests/data/csd_families/MATRNO/MATRNO01.cif,tests/data/csd_families/MATRNO/MATRNO02.cif,3,0.007628698833286762,3,0.3499057842911609,
tests/data/csd_families/MEBXID/MEBXID03.cif,tests/data/csd_families/MEBXID/MEBXID04.cif,3,0.0060316817834973335,3,0.02288592319161008,
tests/data/csd_families/MEUREA/MEUREA02.cif,tests/data/csd_families/MEUREA/MEUREA03.cif,3,0.0021508261561393738,3,0.2875151752525568,
tests/data/csd_families/MPECXP/MPECXP.cif,tests/data/csd_families/MPECXP/MPECXP01.cif,3,0.004881073720753193,3,0.021512896408010462,
tests/data/csd_families/NCKLCN/NCKLCN01.cif,tests/data/csd_families/NCKLCN/NCKLCN04.cif,3,0.006445109844207764,0,nan,
tests/data/csd_families/NIRJAA/NIRJAA03.cif,tests/data/csd_families/NIRJAA/NIRJAA04.cif,3,0.003175044432282448,3,0.04459627658215555,
tests/data/csd_families/NPOFNP/NPOFNP.cif,tests/data/csd_families/NPOFNP/NPOFNP02.cif,3,0.009442519396543503,3,0.1837131033328748,
tests/data/csd_families/OFESAL/OFESAL.cif,tests/data/csd_families/OFESAL/OFESAL04.cif,3,0.010388526134192944,2,1.574823130500965,
tests/data/csd_families/ONITAN/ONITAN.cif,tests/data/csd_families/ONITAN/ONITAN03.cif,3,0.005842419341206551,3,0.8509594592697154,
tests/data/csd_families/ONITAN/ONITAN01.cif,tests/data/csd_families/ONITAN/ONITAN02.cif,3,0.005157146602869034,3,0.04804890321406458,
tests/data/csd_families/ONITAN/ONITAN02.cif,tests/data/csd_families/ONITAN/ONITAN03.cif,3,0.005898900330066681,3,0.8521789852921726,
tests/data/csd_families/ONITAN/ONITAN02.cif,tests/data/csd_families/ONITAN/ONITAN04.cif,3,0.00519245769828558,3,0.042016988029468794,
tests/data/csd_families/ONITAN/ONITAN03.cif,tests/data/csd_families/ONITAN/ONITAN04.cif,3,0.005704997107386589,3,0.8460431024378966,
tests/data/csd_families/OPEVUD/OPEVUD01.cif,tests/data/csd_families/OPEVUD/OPEVUD02.cif,3,0.008518603630363941,3,0.032296835448948895,
tests/data/csd_families/OXALDH/OXALDH.cif,tests/data/csd_families/OXALDH/OXALDH01.cif,3,0.017965533770620823,3,0.00044541765550377483,
tests/data/csd_families/OXALDH/OXALDH01.cif,tests/data/csd_families/OXALDH/OXALDH04.cif,3,0.01768430881202221,3,0.0009686197769845055,
tests/data/csd_families/PDHTEZ/PDHTEZ.cif,tests/data/csd_families/PDHTEZ/PDHTEZ01.cif,3,0.013147513382136822,3,1.9135486809075746,
tests/data/csd_families/PDHTEZ/PDHTEZ01.cif,tests/data/csd_families/PDHTEZ/PDHTEZ02.cif,3,0.00996915902942419,2,1.6007054156633833,
tests/data/csd_families/PDHTEZ/PDHTEZ01.cif,tests/data/csd_families/PDHTEZ/PDHTEZ04.cif,3,0.010139081627130508,2,1.5805155394897434,
tests/data/csd_families/PDHTEZ/PDHTEZ02.cif,tests/data/csd_families/PDHTEZ/PDHTEZ03.cif,3,0.0037324829027056694,3,0.022513757007181525,
tests/data/csd_families/PUWYUD/PUWYUD02.cif,tests/data/csd_families/PUWYUD/PUWYUD03.cif,3,0.008463753387331963,3,0.02033205540716707,
tests/data/csd_families/QAHVIE/QAHVIE01.cif,tests/data/csd_families/QAHVIE/QAHVIE12.cif,3,0.008897250518202782,1,0.30621999389347426,
tests/data/csd_families/QAHWUU/QAHWUU.cif,tests/data/csd_families/QAHWUU/QAHWUU01.cif,3,0.012985859997570515,3,0.089216795854423,
tests/data/csd_families/QAHWUU/QAHWUU01.cif,tests/data/csd_families/QAHWUU/QAHWUU04.cif,3,0.011569315567612648,1,0.11603063653536845,
tests/data/csd_families/QAHWUU/QAHWUU02.cif,tests/data/csd_families/QAHWUU/QAHWUU04.cif,3,0.008335541002452374,1,0.5617985012137491,
tests/data/csd_families/QAHWUU/QAHWUU03.cif,tests/data/csd_families/QAHWUU/QAHWUU04.cif,3,0.01042118575423956,1,0.46117750423197107,
tests/data/csd_families/QAPNAZ/QAPNAZ01.cif,tests/data/csd_families/QAPNAZ/QAPNAZ03.cif,3,0.014498845674097538,3,0.02503738843537739,
tests/data/csd_families/QODLAZ/QODLAZ.cif,tests/data/csd_families/QODLAZ/QODLAZ01.cif,3,0.005155377089977264,3,0.016659063149922396,
tests/data/csd_families/ROLMUA/ROLMUA.cif,tests/data/csd_families/ROLMUA/ROLMUA03.cif,3,0.01157823670655489,3,1.7221644523368045,
tests/data/csd_families/RUVTOR/RUVTOR.cif,tests/data/csd_families/RUVTOR/RUVTOR02.cif,3,0.02306349016726017,3,0.025026430150608965,
tests/data/csd_families/SAQTOT/SAQTOT01.cif,tests/data/csd_families/SAQTOT/SAQTOT02.cif,3,0.0038507049903273582,3,0.044906271733774636,
tests/data/csd_families/SAQTOT/SAQTOT02.cif,tests/data/csd_families/SAQTOT/SAQTOT03.cif,3,0.0038882754743099213,3,0.03200777382111377,
tests/data/csd_families/SAQTOT/SAQTOT02.cif,tests/data/csd_families/SAQTOT/SAQTOT04.cif,3,0.0036494219675660133,3,0.05487614126592543,
tests/data/csd_families/SETNEO/SETNEO.cif,tests/data/csd_families/SETNEO/SETNEO01.cif,3,0.004926432855427265,3,0.003164086769836381,
tests/data/csd_families/SETNEO/SETNEO03.cif,tests/data/csd_families/SETNEO/SETNEO04.cif,3,0.0048997728154063225,3,0.0026396500297628453,
tests/data/csd_families/TAPYEP/TAPYEP.cif,tests/data/csd_families/TAPYEP/TAPYEP05.cif,3,0.00749924685806036,3,0.02780715341705828,
tests/data/csd_families/TAVKUX/TAVKUX06.cif,tests/data/csd_families/TAVKUX/TAVKUX09.cif,3,0.010527398437261581,3,0.08414455022724066,
tests/data/csd_families/TAZDNC/TAZDNC04.cif,tests/data/csd_families/TAZDNC/TAZDNC06.cif,3,0.007207982242107391,3,0.010848176562594758,
tests/data/csd_families/TCBENQ/TCBENQ02.cif,tests/data/csd_families/TCBENQ/TCBENQ03.cif,3,0.008596665225923061,3,0.07974633371689845,
tests/data/csd_families/TETBBZ/TETBBZ01.cif,tests/data/csd_families/TETBBZ/TETBBZ04.cif,3,0.004412525333464146,3,0.09629231056081888,
tests/data/csd_families/TEYDAC/TEYDAC.cif,tests/data/csd_families/TEYDAC/TEYDAC06.cif,3,0.012600842863321304,3,0.05705737378661653,
tests/data/csd_families/TILRAJ/TILRAJ.cif,tests/data/csd_families/TILRAJ/TILRAJ01.cif,3,0.008187059313058853,0,nan,
tests/data/csd_families/TISPUI/TISPUI02.cif,tests/data/csd_families/TISPUI/TISPUI04.cif,3,0.011737918481230736,3,0.055094335316278005,
tests/data/csd_families/TMAMOH/TMAMOH.cif,tests/data/csd_families/TMAMOH/TMAMOH03.cif,3,0.014783010818064213,3,0.0836804428548381,
tests/data/csd_families/TOJHIK/TOJHIK01.cif,tests/data/csd_families/TOJHIK/TOJHIK02.cif,3,0.02406567707657814,3,0.015541096162275178,
tests/data/csd_families/TPHMET/TPHMET01.cif,tests/data/csd_families/TPHMET/TPHMET11.cif,3,0.023424625396728516,3,0.013460669761205484,
tests/data/csd_families/TPHMET/TPHMET02.cif,tests/data/csd_families/TPHMET/TPHMET11.cif,3,0.017971904017031193,3,0.1088165245791552,
tests/data/csd_families/TPSNCL/TPSNCL01.cif,tests/data/csd_families/TPSNCL/TPSNCL03.cif,3,0.033799092285335064,3,3.779513090424144,
tests/data/csd_families/TRIPHE/TRIPHE.cif,tests/data/csd_families/TRIPHE/TRIPHE15.cif,3,0.03447730466723442,3,0.04275290440238949,
tests/data/csd_families/TRIPHE/TRIPHE12.cif,tests/data/csd_families/TRIPHE/TRIPHE13.cif,3,0.028485693037509918,3,0.011306175719995721,
tests/data/csd_families/TUXFIC/TUXFIC.cif,tests/data/csd_families/TUXFIC/TUXFIC01.cif,3,0.009651843458414078,3,0.05861299888905703,
tests/data/csd_families/TUXFIC/TUXFIC02.cif,tests/data/csd_families/TUXFIC/TUXFIC03.cif,3,0.0074181752279400826,3,0.0046148891040054055,
tests/data/csd_families/VELBOD/VELBOD10.cif,tests/data/csd_families/VELBOD/VELBOD11.cif,3,0.031449832022190094,3,0.05795581720614997,
tests/data/csd_families/VILGAC/VILGAC.cif,tests/data/csd_families/VILGAC/VILGAC03.cif,3,0.014476854354143143,3,0.17538048420040303,
tests/data/csd_families/VILGAC/VILGAC01.cif,tests/data/csd_families/VILGAC/VILGAC02.cif,3,0.014422284439206123,3,0.12499707951350922,
tests/data/csd_families/VIPJUA/VIPJUA.cif,tests/data/csd_families/VIPJUA/VIPJUA01.cif,3,0.006627972237765789,3,0.12597535076277744,
tests/data/csd_families/VITDEL/VITDEL.cif,tests/data/csd_families/VITDEL/VITDEL01.cif,3,0.0034909993410110474,2,0.7452791857346869,
tests/data/csd_families/VITDEL/VITDEL.cif,tests/data/csd_families/VITDEL/VITDEL02.cif,3,0.0029676100239157677,1,1.2662372281367424,
tests/data/csd_families/WATCID/WATCID10.cif,tests/data/csd_families/WATCID/WATCID11.cif,3,0.007035489194095135,3,0.028192066636505912,
tests/data/csd_families/WULMOJ/WULMOJ.cif,tests/data/csd_families/WULMOJ/WULMOJ01.cif,3,0.007634539157152176,2,1.5493477510482243,
tests/data/csd_families/WULMOJ/WULMOJ.cif,tests/data/csd_families/WULMOJ/WULMOJ04.cif,3,0.007397945038974285,2,1.547191430270204,
tests/data/csd_families/XEFDER/XEFDER.cif,tests/data/csd_families/XEFDER/XEFDER02.cif,3,0.010781792923808098,3,0.03636989484386051,
tests/data/csd_families/XIHVUG/XIHVUG01.cif,tests/data/csd_families/XIHVUG/XIHVUG02.cif,3,0.007990316487848759,3,0.04294158888332273,
tests/data/csd_families/XYLTOL/XYLTOL02.cif,tests/data/csd_families/XYLTOL/XYLTOL03.cif,3,0.005850030109286308,3,0.002703346731417953,
tests/data/csd_families/YAKNUU/YAKNUU.cif,tests/data/csd_families/YAKNUU/YAKNUU01.cif,3,0.0264431182295084,3,2.635067588462049,
tests/data/csd_families/YAKNUU/YAKNUU01.cif,tests/data/csd_families/YAKNUU/YAKNUU02.cif,3,0.02537234965711832,3,2.6921066909916496,
tests/data/csd_families/YAXYUV/YAXYUV.cif,tests/data/csd_families/YAXYUV/YAXYUV02.cif,3,0.013011849485337734,3,0.026506876778786825,
tests/data/csd_families/YEXSAV/YEXSAV01.cif,tests/data/csd_families/YEXSAV/YEXSAV02.cif,3,0.0061270929872989655,3,0.00755189790877512,
tests/data/csd_families/YIDDAU/YIDDAU01.cif,tests/data/csd_families/YIDDAU/YIDDAU07.cif,3,0.02622068300843239,0,nan,
tests/data/csd_families/YUXZIB/YUXZIB01.cif,tests/data/csd_families/YUXZIB/YUXZIB03.cif,3,0.04548054002225399,3,0.06773706302567076,
tests/data/csd_families/ZAPFED/ZAPFED.cif,tests/data/csd_families/ZAPFED/ZAPFED01.cif,3,0.015829297713935375,1,0.45960903647285084,
tests/data/csd_families/ZEYVAA/ZEYVAA02.cif,tests/data/csd_families/ZEYVAA/ZEYVAA10.cif,3,0.009147855453193188,3,0.014472215173406472,
tests/data/csd_families/ZZZPPI/ZZZPPI01.cif,tests/data/csd_families/ZZZPPI/ZZZPPI04.cif,3,0.0033866064622998238,0,nan,
tests/data/csd_families/ZZZPPI/ZZZPPI02.cif,tests/data/csd_families/ZZZPPI/ZZZPPI04.cif,3,0.004563977010548115,0,nan,
tests/data/csd_families/ZZZPPI/ZZZPPI04.cif,tests/data/csd_families/ZZZPPI/ZZZPPI05.cif,3,0.0047019291669130325,0,nan,
tests/data/experimental/ROY/QAXMEH24.cif,tests/data/experimental/ROY/QAXMEH27.cif,3,0.003949947655200958,2,1.4103483884224586,
tests/data/experimental/ROY/QAXMEH24.cif,tests/data/experimental/ROY/QAXMEH28.cif,3,0.003578511066734791,1,0.7624562611918407,
tests/data/experimental/ROY/QAXMEH24.cif,tests/data/experimental/ROY/QAXMEH90_O22.cif,3,0.0037816455587744713,1,0.045868583361988936,
tests/data/experimental/ROY/QAXMEH24.cif,tests/data/experimental/ROY/ROY_PO13.cif,3,0.0038251448422670364,2,1.0247040674242869,
tests/data/experimental/ROY/QAXMEH24.cif,tests/data/experimental/ROY/ROY_R05.cif,3,0.008926130831241608,2,2.535946174865286,
tests/data/experimental/ROY/QAXMEH26.cif,tests/data/experimental/ROY/QAXMEH28.cif,3,0.0035430602729320526,3,1.0862574767203994,
tests/data/experimental/ROY/QAXMEH26.cif,tests/data/experimental/ROY/QAXMEH90_O22.cif,3,0.0036448920145630836,3,3.194630253700417,
tests/data/experimental/ROY/QAXMEH26.cif,tests/data/experimental/ROY/ROY_Y19.cif,3,0.0039046062156558037,3,2.141044683975115,
tests/data/experimental/ROY/QAXMEH26.cif,tests/data/experimental/ROY/YT04.cif,3,0.0034329574555158615,3,1.131889118963203,
tests/data/experimental/ROY/QAXMEH27.cif,tests/data/experimental/ROY/ROY_PO13.cif,3,0.00358694139868021,1,1.0765889050780628,
tests/data/experimental/ROY/QAXMEH27.cif,tests/data/experimental/ROY/ROY_Y_ambient.cif,3,0.003853635862469673,3,1.630532293679434,
tests/data/experimental/ROY/QAXMEH27.cif,tests/data/experimental/ROY/Y04.cif,3,0.004063618369400501,3,1.5105042557911945,
tests/data/experimental/ROY/QAXMEH28.cif,tests/data/experimental/ROY/QAXMEH90_O22.cif,3,0.0036326805129647255,3,2.7165739122252153,
tests/data/experimental/ROY/QAXMEH28.cif,tests/data/experimental/ROY/ROY_Y19.cif,3,0.003651001490652561,3,2.1234227757616417,
tests/data/experimental/ROY/QAXMEH29.cif,tests/data/experimental/ROY/ROY_R05.cif,3,0.009262545965611935,2,1.4679900009180165,
tests/data/experimental/ROY/QAXMEH29.cif,tests/data/experimental/ROY/ROY_Y_ambient.cif,3,0.003959576599299908,1,0.9405172369684665,
tests/data/experimental/ROY/QAXMEH29.cif,tests/data/experimental/ROY/YT04.cif,3,0.00387689471244812,1,0.9468962378937892,
tests/data/experimental/ROY/QAXMEH90_O22.cif,tests/data/experimental/ROY/ROY_PO13.cif,3,0.003675682470202446,3,3.080597423671116,
tests/data/experimental/ROY/QAXMEH90_O22.cif,tests/data/experimental/ROY/Y04.cif,3,0.0036161215975880623,3,3.4022688532044376,
tests/data/experimental/ROY/QAXMEH90_O22.cif,tests/data/experimental/ROY/mrp180010_fa.cif,3,0.005047314800322056,1,0.7143083100089122,
tests/data/experimental/ROY/ROY_R05.cif,tests/data/experimental/ROY/Y04.cif,3,0.008791428059339523,2,2.385038412195005,
tests/data/experimental/ROY/ROY_Y19.cif,tests/data/experimental/ROY/mrp180010_fa.cif,3,0.005567624233663082,3,2.198134997271383,
tests/data/experimental/ROY/Y04.cif,tests/data/experimental/ROY/YT04.cif,3,0.003329525701701641,3,0.5598371871762551,
tests/data/experimental/ROY/Y04.cif,tests/data/experimental/ROY/mrp180010_fa.cif,3,0.004747431725263596,2,1.8244679013120373,
tests/data/experimental/Ritonavir/YIGPIO03.cif,tests/data/experimental/Ritonavir/YIGPIO04.cif,3,0.04211924318224192,1,3.537749552034184,
tests/data/experimental/Ritonavir/YIGPIO03.cif,tests/data/experimental/Ritonavir/YIGPIO06.cif,3,0.038592591881752014,1,3.4718295809277433,
tests/data/experimental/Ritonavir/YIGPIO05.cif,tests/data/experimental/Ritonavir/YIGPIO10.cif,3,0.025981049984693527,1,1.923217353287923,
tests/data/experimental/Ritonavir/YIGPIO06.cif,tests/data/experimental/Ritonavir/YIGPIO10.cif,3,0.03787111956626177,1,1.9171015499246125,
tests/data/experimental/Ritonavir/YIGPIO07.cif,tests/data/experimental/Ritonavir/YIGPIO10.cif,3,0.022363068535923958,1,2.9804768448645933,
tests/data/experimental/galunisertib/Galunisertib_FORM_I.cif,tests/data/experimental/galunisertib/Galunisertib_FORM_IV.cif,3,0.00796186551451683,2,0.9870566542980442,
tests/data/experimental/galunisertib/Galunisertib_FORM_I.cif,tests/data/experimental/galunisertib/Galunisertib_FORM_IX.cif,3,0.0050357067957520485,2,1.7528894344765826,
tests/data/experimental/galunisertib/Galunisertib_FORM_II.cif,tests/data/experimental/galunisertib/Galunisertib_FORM_IX.cif,3,0.004811672493815422,3,0.47705918845404,
tests/data/experimental/galunisertib/Galunisertib_FORM_II.cif,tests/data/experimental/galunisertib/Galunisertib_FORM_V.cif,3,0.004608727991580963,2,0.6293696657653546,
tests/data/experimental/galunisertib/Galunisertib_FORM_II.cif,tests/data/experimental/galunisertib/Galunisertib_FORM_X.cif,3,0.004729770123958588,1,1.5470964977525115,
tests/data/experimental/galunisertib/Galunisertib_FORM_II.cif,tests/data/experimental/galunisertib/Galunisertib_Form_VII.cif,3,0.007323582656681538,3,1.431531701317873,
tests/data/experimental/galunisertib/Galunisertib_FORM_III.cif,tests/data/experimental/galunisertib/Galunisertib_FORM_VI.cif,3,0.004526265896856785,1,1.5123669426629365,
tests/data/experimental/galunisertib/Galunisertib_FORM_III.cif,tests/data/experimental/galunisertib/Galunisertib_FORM_VIII.cif,3,0.004516966640949249,2,1.923395839106605,
tests/data/experimental/galunisertib/Galunisertib_FORM_V.cif,tests/data/experimental/galunisertib/Galunisertib_FORM_VIII.cif,3,0.004926623776555061,2,0.25660862317342137,
tests/data/experimental/galunisertib/Galunisertib_FORM_VI.cif,tests/data/experimental/galunisertib/Galunisertib_FORM_VIII.cif,3,0.005084846168756485,3,0.9057067006834789,
tests/data/experimental/galunisertib/Galunisertib_FORM_VIII.cif,tests/data/experimental/galunisertib/Galunisertib_FORM_X.cif,3,0.0050991857424378395,2,1.4837613232402262,
tests/data/csd_families/ABEKUN/ABEKUN.cif,tests/data/csd_families/ABEKUN/ABEKUN02.cif,5,0.005602383986115456,3,1.7016197524670273,
tests/data/csd_families/ABEKUN/ABEKUN02.cif,tests/data/csd_families/ABEKUN/ABEKUN04.cif,5,0.0059791021049022675,3,1.7001761118229322,
tests/data/csd_families/ALOCOW/ALOCOW01.cif,tests/data/csd_families/ALOCOW/ALOCOW03.cif,5,0.006503090262413025,5,0.0692417751496634,
tests/data/csd_families/ALOCOW/ALOCOW03.cif,tests/data/csd_families/ALOCOW/ALOCOW04.cif,5,0.006399337202310562,5,1.0349889635171399,
tests/data/csd_families/AMBACO/AMBACO05.cif,tests/data/csd_families/AMBACO/AMBACO06.cif,5,0.005049585364758968,2,0.038193449724397734,
tests/data/csd_families/AMBNAC/AMBNAC01.cif,tests/data/csd_families/AMBNAC/AMBNAC04.cif,5,0.00809145625680685,4,2.541827464732792,
tests/data/csd_families/AMBNAC/AMBNAC04.cif,tests/data/csd_families/AMBNAC/AMBNAC07.cif,5,0.008326870389282703,4,2.5616944271554263,
tests/data/csd_families/AQACNI/AQACNI.cif,tests/data/csd_families/AQACNI/AQACNI01.cif,5,0.011111187748610973,5,0.07897457086589961,
tests/data/csd_families/AQACNI/AQACNI01.cif,tests/data/csd_families/AQACNI/AQACNI02.cif,5,0.014504495076835155,5,0.11479021035728397,
tests/data/csd_families/AVOWUD/AVOWUD.cif,tests/data/csd_families/AVOWUD/AVOWUD02.cif,5,0.12107295822352171,5,0.1485335283456802,
tests/data/csd_families/AWENUO/AWENUO01.cif,tests/data/csd_families/AWENUO/AWENUO02.cif,5,0.13280290644615889,5,0.02231237550448745,
tests/data/csd_families/AWENUO/AWENUO02.cif,tests/data/csd_families/AWENUO/AWENUO03.cif,5,0.24256038386374712,5,0.058536904025304516,
tests/data/csd_families/AWENUO/AWENUO02.cif,tests/data/csd_families/AWENUO/AWENUO04.cif,5,0.22489342652261257,5,0.024573912264743317,
tests/data/csd_families/BACKOK/BACKOK.cif,tests/data/csd_families/BACKOK/BACKOK03.cif,5,0.008352261036634445,5,0.030153634708960427,
tests/data/csd_families/BACKOK/BACKOK01.cif,tests/data/csd_families/BACKOK/BACKOK02.cif,5,0.013568288646638393,5,0.03303892414635124,
tests/data/csd_families/BAZGOY/BAZGOY.cif,tests/data/csd_families/BAZGOY/BAZGOY04.cif,5,0.031129566952586174,5,0.4605691337574356,
tests/data/csd_families/BAZGOY/BAZGOY01.cif,tests/data/csd_families/BAZGOY/BAZGOY04.cif,5,0.020127280615270138,5,0.4127632779943282,
tests/data/csd_families/BBENAN/BBENAN.cif,tests/data/csd_families/BBENAN/BBENAN03.cif,5,0.021990622393786907,5,0.19213580700827687,
tests/data/csd_families/BBENAN/BBENAN01.cif,tests/data/csd_families/BBENAN/BBENAN03.cif,5,0.023610878735780716,5,0.1227191589440004,
tests/data/csd_families/BENZAC/BENZAC.cif,tests/data/csd_families/BENZAC/BENZAC01.cif,5,0.010641049593687057,5,0.05063000224610004,
tests/data/csd_families/BENZAC/BENZAC07.cif,tests/data/csd_families/BENZAC/BENZAC08.cif,5,0.01217090617865324,5,0.016682971107374725,
tests/data/csd_families/BOBVIY/BOBVIY04.cif,tests/data/csd_families/BOBVIY/BOBVIY05.cif,5,0.3099674154073,5,0.2761509057956267,
tests/data/csd_families/BUCACT/BUCACT.cif,tests/data/csd_families/BUCACT/BUCACT02.cif,5,0.011456984095275402,5,0.09995490627201042,
tests/data/csd_families/BUCACT/BUCACT02.cif,tests/data/csd_families/BUCACT/BUCACT03.cif,5,0.020542697049677372,5,0.041045544356359744,
tests/data/csd_families/BUCACT/BUCACT02.cif,tests/data/csd_families/BUCACT/BUCACT04.cif,5,0.01893748063594103,5,0.043277406223440375,
tests/data/csd_families/CAQHOV/CAQHOV02.cif,tests/data/csd_families/CAQHOV/CAQHOV03.cif,5,0.05101187340915203,5,0.12070038889337174,
tests/data/csd_families/CATDAE/CATDAE.cif,tests/data/csd_families/CATDAE/CATDAE01.cif,5,0.0062026940286159515,3,1.4954329728604205,
tests/data/csd_families/CATDAE/CATDAE.cif,tests/data/csd_families/CATDAE/CATDAE02.cif,5,0.005978140980005264,3,1.4782569585676177,
tests/data/csd_families/CEGHED/CEGHED02.cif,tests/data/csd_families/CEGHED/CEGHED03.cif,5,0.05449770204722881,5,0.02763500495788865,
tests/data/csd_families/CEWNEZ/CEWNEZ.cif,tests/data/csd_families/CEWNEZ/CEWNEZ01.cif,5,0.033132209442555904,3,2.0848887432598397,
tests/data/csd_families/CEWNEZ/CEWNEZ01.cif,tests/data/csd_families/CEWNEZ/CEWNEZ02.cif,5,0.02562065329402685,2,1.0612735293196824,
tests/data/csd_families/CIKLOZ/CIKLOZ.cif,tests/data/csd_families/CIKLOZ/CIKLOZ02.cif,5,0.0069961994886398315,5,0.03399607872556729,
tests/data/csd_families/CITRAC/CITRAC11.cif,tests/data/csd_families/CITRAC/CITRAC12.cif,5,0.012719283811748028,5,0.07713295965818584,
tests/data/csd_families/COGJAM/COGJAM01.cif,tests/data/csd_families/COGJAM/COGJAM02.cif,5,0.018106795847415924,5,0.05434431868331805,
tests/data/csd_families/CTMTNA/CTMTNA.cif,tests/data/csd_families/CTMTNA/CTMTNA04.cif,5,0.023031308315694332,4,2.562493162627338,
tests/data/csd_families/CTMTNA/CTMTNA02.cif,tests/data/csd_families/CTMTNA/CTMTNA04.cif,5,0.05054633505642414,4,2.0876147068737327,
tests/data/csd_families/CTMTNA/CTMTNA03.cif,tests/data/csd_families/CTMTNA/CTMTNA04.cif,5,0.02118837833404541,4,2.1785747255622314,
tests/data/csd_families/CUSALA/CUSALA.cif,tests/data/csd_families/CUSALA/CUSALA04.cif,5,0.0062944358214735985,1,0.04514545367313005,
tests/data/csd_families/CUSALA/CUSALA01.cif,tests/data/csd_families/CUSALA/CUSALA05.cif,5,0.006576620973646641,1,0.03732874244625622,
tests/data/csd_families/CYOCPD/CYOCPD.cif,tests/data/csd_families/CYOCPD/CYOCPD02.cif,5,0.015713445842266083,5,2.1066243764314967,
tests/data/csd_families/CYOCPD/CYOCPD.cif,tests/data/csd_families/CYOCPD/CYOCPD03.cif,5,0.015804247930645943,5,2.111940318936593,
tests/data/csd_families/DBEZPO/DBEZPO.cif,tests/data/csd_families/DBEZPO/DBEZPO01.cif,5,0.018223058432340622,5,0.04405865485147859,
tests/data/csd_families/DBPHEN/DBPHEN04.cif,tests/data/csd_families/DBPHEN/DBPHEN05.cif,5,0.0245188744738698,5,1.686161046263849,
tests/data/csd_families/DECVIQ/DECVIQ01.cif,tests/data/csd_families/DECVIQ/DECVIQ10.cif,5,0.01646166853606701,0,nan,
tests/data/csd_families/DECVIQ/DECVIQ01.cif,tests/data/csd_families/DECVIQ/DECVIQ11.cif,5,0.1118099121376872,1,1.319080875643759,
tests/data/csd_families/DERKOA/DERKOA10.cif,tests/data/csd_families/DERKOA/DERKOA11.cif,5,0.005292088724672794,0,nan,
tests/data/csd_families/DIBFAY/DIBFAY01.cif,tests/data/csd_families/DIBFAY/DIBFAY02.cif,5,0.010413446463644505,5,0.03981724400920601,
tests/data/csd_families/DIBFAY/DIBFAY02.cif,tests/data/csd_families/DIBFAY/DIBFAY03.cif,5,0.06647664494812489,5,0.05240056047901459,
tests/data/csd_families/DMSULO/DMSULO.cif,tests/data/csd_families/DMSULO/DMSULO05.cif,5,0.009722555056214333,5,0.07460127569280688,
tests/data/csd_families/ECUTUR/ECUTUR.cif,tests/data/csd_families/ECUTUR/ECUTUR03.cif,5,0.00786588340997696,5,0.03496922035517144,
tests/data/csd_families/ECUTUR/ECUTUR01.cif,tests/data/csd_families/ECUTUR/ECUTUR02.cif,5,0.007966015487909317,5,0.48133726477337935,
tests/data/csd_families/ESAXAA/ESAXAA01.cif,tests/data/csd_families/ESAXAA/ESAXAA03.cif,5,0.03967421129345894,5,0.036448840192203735,
tests/data/csd_families/EXIPUY/EXIPUY01.cif,tests/data/csd_families/EXIPUY/EXIPUY02.cif,5,0.0051865363493561745,0,nan,
tests/data/csd_families/FINSOK/FINSOK01.cif,tests/data/csd_families/FINSOK/FINSOK12.cif,5,21.900500996038318,1,7.6848078462423315,
tests/data/csd_families/FINSOK/FINSOK11.cif,tests/data/csd_families/FINSOK/FINSOK12.cif,5,0.10510275792330503,0,nan,
tests/data/csd_families/FIWFOH/FIWFOH03.cif,tests/data/csd_families/FIWFOH/FIWFOH04.cif,5,0.004690689034759998,5,0.011021810490738082,
tests/data/csd_families/FOHCOU/FOHCOU01.cif,tests/data/csd_families/FOHCOU/FOHCOU02.cif,5,0.23993543907999992,5,0.0035192309202988167,
tests/data/csd_families/FULPIM/FULPIM.cif,tests/data/csd_families/FULPIM/FULPIM02.cif,5,0.008650255389511585,5,0.009997749902459921,
tests/data/csd_families/FUTSES/FUTSES.cif,tests/data/csd_families/FUTSES/FUTSES01.cif,5,0.0653062341734767,5,0.02864619034482099,
tests/data/csd_families/GLYCIN/GLYCIN01.cif,tests/data/csd_families/GLYCIN/GLYCIN02.cif,5,0.0057532768696546555,5,1.4605199677202931,
tests/data/csd_families/HAGWAP/HAGWAP01.cif,tests/data/csd_families/HAGWAP/HAGWAP03.cif,5,0.004951832816004753,5,0.05949644141780669,
tests/data/csd_families/HAWGAO/HAWGAO.cif,tests/data/csd_families/HAWGAO/HAWGAO03.cif,5,0.029166503809392452,5,0.012782827206511105,
tests/data/csd_families/HEWRAD/HEWRAD.cif,tests/data/csd_families/HEWRAD/HEWRAD03.cif,5,0.007130211219191551,5,0.0059744665217849185,
tests/data/csd_families/HEZQIN/HEZQIN01.cif,tests/data/csd_families/HEZQIN/HEZQIN04.cif,5,0.013557999394834042,3,2.4603479884919626,
tests/data/csd_families/HOGBUD/HOGBUD.cif,tests/data/csd_families/HOGBUD/HOGBUD04.cif,5,0.05794303957372904,1,1.4935928020216533,
tests/data/csd_families/IDODIQ/IDODIQ.cif,tests/data/csd_families/IDODIQ/IDODIQ01.cif,5,0.0263977674767375,5,0.046637521306660844,
tests/data/csd_families/IFUXEN/IFUXEN.cif,tests/data/csd_families/IFUXEN/IFUXEN03.cif,5,0.00544213131070137,1,0.4924846002016183,
tests/data/csd_families/IFUXEN/IFUXEN02.cif,tests/data/csd_families/IFUXEN/IFUXEN03.cif,5,0.00571769755333662,2,1.2969008161536453,
tests/data/csd_families/ILUTIV/ILUTIV.cif,tests/data/csd_families/ILUTIV/ILUTIV01.cif,5,0.028182916343212128,3,3.0464841177038617,
tests/data/csd_families/IPTCNI/IPTCNI10.cif,tests/data/csd_families/IPTCNI/IPTCNI13.cif,5,0.043734400533139706,5,0.6756716087711013,
tests/data/csd_families/IYEBUJ/IYEBUJ.cif,tests/data/csd_families/IYEBUJ/IYEBUJ01.cif,5,0.020244792103767395,2,2.0685754699858303,
tests/data/csd_families/IYEBUJ/IYEBUJ01.cif,tests/data/csd_families/IYEBUJ/IYEBUJ03.cif,5,0.019725993275642395,2,2.0597698813432794,
tests/data/csd_families/IYEBUJ/IYEBUJ02.cif,tests/data/csd_families/IYEBUJ/IYEBUJ03.cif,5,0.01935200858861208,5,0.11878788840926856,
tests/data/csd_families/IZOJUF/IZOJUF01.cif,tests/data/csd_families/IZOJUF/IZOJUF03.cif,5,0.01404428668320179,2,2.174303248216062,
tests/data/csd_families/JEGMER/JEGMER03.cif,tests/data/csd_families/JEGMER/JEGMER04.cif,5,0.01974917482584715,5,0.018901161101595797,
tests/data/csd_families/JEXKUS/JEXKUS.cif,tests/data/csd_families/JEXKUS/JEXKUS03.cif,5,0.00918466504663229,5,0.021280517121578624,
tests/data/csd_families/JOFJEW/JOFJEW03.cif,tests/data/csd_families/JOFJEW/JOFJEW04.cif,5,0.02489330153912306,5,0.00411389160867686,
tests/data/csd_families/KANZEE/KANZEE02.cif,tests/data/csd_families/KANZEE/KANZEE03.cif,5,0.08082049712538719,5,0.1038944380081788,
tests/data/csd_families/KANZEE/KANZEE02.cif,tests/data/csd_families/KANZEE/KANZEE04.cif,5,0.08215112891048193,5,0.14257147697700842,
tests/data/csd_families/KHMALA/KHMALA.cif,tests/data/csd_families/KHMALA/KHMALA12.cif,5,0.0043552834540605545,3,1.8191752494828939,
tests/data/csd_families/KIXKAD/KIXKAD.cif,tests/data/csd_families/KIXKAD/KIXKAD03.cif,5,0.012626403011381626,5,0.005634168609789633,
tests/data/csd_families/LAGHOQ/LAGHOQ02.cif,tests/data/csd_families/LAGHOQ/LAGHOQ03.cif,5,0.007440716028213501,5,0.0070511870514118405,
tests/data/csd_families/LALNIN/LALNIN.cif,tests/data/csd_families/LALNIN/LALNIN14.cif,5,0.012452471069991589,5,0.009667116540980361,
tests/data/csd_families/LALNIN/LALNIN01.cif,tests/data/csd_families/LALNIN/LALNIN14.cif,5,0.012172604911029339,5,0.010193383731943955,
tests/data/csd_families/LSERIN/LSERIN11.cif,tests/data/csd_families/LSERIN/LSERIN12.cif,5,0.008686305955052376,5,0.05943401440595236,
tests/data/csd_families/MATRNO/MATRNO01.cif,tests/data/csd_families/MATRNO/MATRNO02.cif,5,0.01406213641166687,5,1.22193831815382,
tests/data/csd_families/MEBXID/MEBXID03.cif,tests/data/csd_families/MEBXID/MEBXID04.cif,5,0.010321764275431633,5,0.05518727374140502,
tests/data/csd_families/MEUREA/MEUREA02.cif,tests/data/csd_families/MEUREA/MEUREA03.cif,5,0.0037897545844316483,5,0.2520587967802534,
tests/data/csd_families/MPECXP/MPECXP.cif,tests/data/csd_families/MPECXP/MPECXP01.cif,5,0.008157188072800636,5,0.0227670534513365,
tests/data/csd_families/NCKLCN/NCKLCN01.cif,tests/data/csd_families/NCKLCN/NCKLCN04.cif,5,0.00895429216325283,0,nan,
tests/data/csd_families/NIRJAA/NIRJAA03.cif,tests/data/csd_families/NIRJAA/NIRJAA04.cif,5,0.0057212673127651215,5,0.054296908267030174,
tests/data/csd_families/NPOFNP/NPOFNP.cif,tests/data/csd_families/NPOFNP/NPOFNP02.cif,5,0.021204709075391293,5,0.21136582944828602,
tests/data/csd_families/OFESAL/OFESAL.cif,tests/data/csd_families/OFESAL/OFESAL04.cif,5,0.01990489661693573,2,1.574823130500965,
tests/data/csd_families/ONITAN/ONITAN.cif,tests/data/csd_families/ONITAN/ONITAN03.cif,5,0.012025193311274052,5,1.0698649277278511,
tests/data/csd_families/ONITAN/ONITAN01.cif,tests/data/csd_families/ONITAN/ONITAN02.cif,5,0.010315514169633389,5,0.06820599645935563,
tests/data/csd_families/ONITAN/ONITAN02.cif,tests/data/csd_families/ONITAN/ONITAN03.cif,5,0.013053610920906067,5,1.0528970657001662,
tests/data/csd_families/ONITAN/ONITAN02.cif,tests/data/csd_families/ONITAN/ONITAN04.cif,5,0.010360605083405972,5,0.05986167693390619,
tests/data/csd_families/ONITAN/ONITAN03.cif,tests/data/csd_families/ONITAN/ONITAN04.cif,5,0.012264486402273178,5,1.0403182488052605,
tests/data/csd_families/OPEVUD/OPEVUD01.cif,tests/data/csd_families/OPEVUD/OPEVUD02.cif,5,0.01568080484867096,5,0.04425261769344284,
tests/data/csd_families/OXALDH/OXALDH.cif,tests/data/csd_families/OXALDH/OXALDH01.cif,5,0.08353801444172859,5,0.18542971064681893,
tests/data/csd_families/OXALDH/OXALDH01.cif,tests/data/csd_families/OXALDH/OXALDH04.cif,5,0.08055253326892853,5,0.0009237105639241194,
tests/data/csd_families/PDHTEZ/PDHTEZ.cif,tests/data/csd_families/PDHTEZ/PDHTEZ01.cif,5,0.01972806267440319,4,3.3065063848227885,
tests/data/csd_families/PDHTEZ/PDHTEZ01.cif,tests/data/csd_families/PDHTEZ/PDHTEZ02.cif,5,0.020902483724057674,3,2.044538340299203,
tests/data/csd_families/PDHTEZ/PDHTEZ01.cif,tests/data/csd_families/PDHTEZ/PDHTEZ04.cif,5,0.020984044298529625,3,2.3164998616792776,
tests/data/csd_families/PDHTEZ/PDHTEZ02.cif,tests/data/csd_families/PDHTEZ/PDHTEZ03.cif,5,0.009360067546367645,5,0.02367393062616,
tests/data/csd_families/PUWYUD/PUWYUD02.cif,tests/data/csd_families/PUWYUD/PUWYUD03.cif,5,0.017041978426277637,5,0.02664589423109278,
tests/data/csd_families/QAHVIE/QAHVIE01.cif,tests/data/csd_families/QAHVIE/QAHVIE12.cif,5,0.015342839993536472,1,0.30621999389347426,
tests/data/csd_families/QAHWUU/QAHWUU.cif,tests/data/csd_families/QAHWUU/QAHWUU01.cif,5,0.02314130123704672,5,0.0920438041620099,
tests/data/csd_families/QAHWUU/QAHWUU01.cif,tests/data/csd_families/QAHWUU/QAHWUU04.cif,5,0.022062421776354313,2,1.5234852002792296,
tests/data/csd_families/QAHWUU/QAHWUU02.cif,tests/data/csd_families/QAHWUU/QAHWUU04.cif,5,0.013335175812244415,2,1.3064618853432421,
tests/data/csd_families/QAHWUU/QAHWUU03.cif,tests/data/csd_families/QAHWUU/QAHWUU04.cif,5,0.013596629723906517,2,2.011630614771884,
tests/data/csd_families/QAPNAZ/QAPNAZ01.cif,tests/data/csd_families/QAPNAZ/QAPNAZ03.cif,5,0.02467337716370821,5,0.03706486500644595,
tests/data/csd_families/QODLAZ/QODLAZ.cif,tests/data/csd_families/QODLAZ/QODLAZ01.cif,5,0.00940706767141819,5,0.019584603967499153,
tests/data/csd_families/ROLMUA/ROLMUA.cif,tests/data/csd_families/ROLMUA/ROLMUA03.cif,5,0.028382600285112858,3,1.4881621993168026,
tests/data/csd_families/RUVTOR/RUVTOR.cif,tests/data/csd_families/RUVTOR/RUVTOR02.cif,5,0.03683093190193176,5,0.024314789578723236,
tests/data/csd_families/SAQTOT/SAQTOT01.cif,tests/data/csd_families/SAQTOT/SAQTOT02.cif,5,0.006874256767332554,5,0.04325322072106086,
tests/data/csd_families/SAQTOT/SAQTOT02.cif,tests/data/csd_families/SAQTOT/SAQTOT03.cif,5,0.007245772518217564,5,0.02705921093442495,
tests/data/csd_families/SAQTOT/SAQTOT02.cif,tests/data/csd_families/SAQTOT/SAQTOT04.cif,5,0.0068445960059762,5,0.04774490074610202,
tests/data/csd_families/SETNEO/SETNEO.cif,tests/data/csd_families/SETNEO/SETNEO01.cif,5,0.008820840157568455,5,0.005562253398073938,
tests/data/csd_families/SETNEO/SETNEO03.cif,tests/data/csd_families/SETNEO/SETNEO04.cif,5,0.009956258349120617,5,0.005454198222414488,
tests/data/csd_families/TAPYEP/TAPYEP.cif,tests/data/csd_families/TAPYEP/TAPYEP05.cif,5,0.012930759228765965,5,0.023994071145981948,
tests/data/csd_families/TAVKUX/TAVKUX06.cif,tests/data/csd_families/TAVKUX/TAVKUX09.cif,5,0.049195051193237305,5,0.09497176935884344,
tests/data/csd_families/TAZDNC/TAZDNC04.cif,tests/data/csd_families/TAZDNC/TAZDNC06.cif,5,0.009805145673453808,5,0.017856542968494236,
tests/data/csd_families/TCBENQ/TCBENQ02.cif,tests/data/csd_families/TCBENQ/TCBENQ03.cif,5,0.012211296707391739,5,0.17395574840108702,
tests/data/csd_families/TETBBZ/TETBBZ01.cif,tests/data/csd_families/TETBBZ/TETBBZ04.cif,5,0.02055311668664217,5,0.12743505496192117,
tests/data/csd_families/TEYDAC/TEYDAC.cif,tests/data/csd_families/TEYDAC/TEYDAC06.cif,5,0.025891438126564026,5,0.05767372012738668,
tests/data/csd_families/TILRAJ/TILRAJ.cif,tests/data/csd_families/TILRAJ/TILRAJ01.cif,5,0.011870641261339188,0,nan,
tests/data/csd_families/TISPUI/TISPUI02.cif,tests/data/csd_families/TISPUI/TISPUI04.cif,5,0.022341669537127018,5,0.04927680979828377,
tests/data/csd_families/TMAMOH/TMAMOH.cif,tests/data/csd_families/TMAMOH/TMAMOH03.cif,5,0.05953811760991812,5,0.09209579934517903,
tests/data/csd_families/TOJHIK/TOJHIK01.cif,tests/data/csd_families/TOJHIK/TOJHIK02.cif,5,0.04250219836831093,5,0.02086972116306773,
tests/data/csd_families/TPHMET/TPHMET01.cif,tests/data/csd_families/TPHMET/TPHMET11.cif,5,0.031357601284980774,5,0.01393710606503998,
tests/data/csd_families/TPHMET/TPHMET02.cif,tests/data/csd_families/TPHMET/TPHMET11.cif,5,0.02747238427400589,5,0.12056698905096525,
tests/data/csd_families/TPSNCL/TPSNCL01.cif,tests/data/csd_families/TPSNCL/TPSNCL03.cif,5,0.07563617918640375,4,3.2606062474902466,
tests/data/csd_families/TRIPHE/TRIPHE.cif,tests/data/csd_families/TRIPHE/TRIPHE15.cif,5,0.11441812664270401,5,0.05935359441658503,
tests/data/csd_families/TRIPHE/TRIPHE12.cif,tests/data/csd_families/TRIPHE/TRIPHE13.cif,5,0.056051027961075306,5,0.011139702856743193,
tests/data/csd_families/TUXFIC/TUXFIC.cif,tests/data/csd_families/TUXFIC/TUXFIC01.cif,5,0.020028308033943176,5,0.05676279515482737,
tests/data/csd_families/TUXFIC/TUXFIC02.cif,tests/data/csd_families/TUXFIC/TUXFIC03.cif,5,0.011683568358421326,5,0.005440866537159509,
tests/data/csd_families/VELBOD/VELBOD10.cif,tests/data/csd_families/VELBOD/VELBOD11.cif,5,0.06665370799601078,5,0.0623608555498365,
tests/data/csd_families/VILGAC/VILGAC.cif,tests/data/csd_families/VILGAC/VILGAC03.cif,5,0.03207467310130596,5,0.1949814425599167,
tests/data/csd_families/VILGAC/VILGAC01.cif,tests/data/csd_families/VILGAC/VILGAC02.cif,5,0.023669639602303505,5,0.12498096465408742,
tests/data/csd_families/VIPJUA/VIPJUA.cif,tests/data/csd_families/VIPJUA/VIPJUA01.cif,5,0.011024916544556618,5,0.17773522219095178,
tests/data/csd_families/VITDEL/VITDEL.cif,tests/data/csd_families/VITDEL/VITDEL01.cif,5,0.005819158628582954,2,0.7452791857346869,
tests/data/csd_families/VITDEL/VITDEL.cif,tests/data/csd_families/VITDEL/VITDEL02.cif,5,0.0049919141456484795,2,1.7243555955716847,
tests/data/csd_families/WATCID/WATCID10.cif,tests/data/csd_families/WATCID/WATCID11.cif,5,0.012549933046102524,5,0.028192066636505964,
tests/data/csd_families/WULMOJ/WULMOJ.cif,tests/data/csd_families/WULMOJ/WULMOJ01.cif,5,0.012337428517639637,2,1.5493477510482243,
tests/data/csd_families/WULMOJ/WULMOJ.cif,tests/data/csd_families/WULMOJ/WULMOJ04.cif,5,0.012368968687951565,2,1.547191430270204,
tests/data/csd_families/XEFDER/XEFDER.cif,tests/data/csd_families/XEFDER/XEFDER02.cif,5,0.0172493914142251,5,0.03957174071326634,
tests/data/csd_families/XIHVUG/XIHVUG01.cif,tests/data/csd_families/XIHVUG/XIHVUG02.cif,5,0.020184632390737534,5,0.07319684654388185,
tests/data/csd_families/XYLTOL/XYLTOL02.cif,tests/data/csd_families/XYLTOL/XYLTOL03.cif,5,0.01034118514508009,5,0.0025789016925559477,
tests/data/csd_families/YAKNUU/YAKNUU.cif,tests/data/csd_families/YAKNUU/YAKNUU01.cif,5,0.044899510219693184,3,2.635067588462049,
tests/data/csd_families/YAKNUU/YAKNUU01.cif,tests/data/csd_families/YAKNUU/YAKNUU02.cif,5,0.043524147011339664,3,2.6921066909916496,
tests/data/csd_families/YAXYUV/YAXYUV.cif,tests/data/csd_families/YAXYUV/YAXYUV02.cif,5,0.03291679732501507,5,0.028669810236419933,
tests/data/csd_families/YEXSAV/YEXSAV01.cif,tests/data/csd_families/YEXSAV/YEXSAV02.cif,5,0.008005805313587189,5,0.007932695734403404,
tests/data/csd_families/YIDDAU/YIDDAU01.cif,tests/data/csd_families/YIDDAU/YIDDAU07.cif,5,0.04341287352144718,0,nan,
tests/data/csd_families/YUXZIB/YUXZIB01.cif,tests/data/csd_families/YUXZIB/YUXZIB03.cif,5,0.07595908548682928,5,0.12370923511531638,
tests/data/csd_families/ZAPFED/ZAPFED.cif,tests/data/csd_families/ZAPFED/ZAPFED01.cif,5,0.022586071863770485,1,0.45960903647285084,
tests/data/csd_families/ZEYVAA/ZEYVAA02.cif,tests/data/csd_families/ZEYVAA/ZEYVAA10.cif,5,0.012481732293963432,5,0.014501506256612617,
tests/data/csd_families/ZZZPPI/ZZZPPI01.cif,tests/data/csd_families/ZZZPPI/ZZZPPI04.cif,5,0.004222942516207695,0,nan,
tests/data/csd_families/ZZZPPI/ZZZPPI02.cif,tests/data/csd_families/ZZZPPI/ZZZPPI04.cif,5,0.004984314553439617,0,nan,
tests/data/csd_families/ZZZPPI/ZZZPPI04.cif,tests/data/csd_families/ZZZPPI/ZZZPPI05.cif,5,0.005577494390308857,0,nan,
tests/data/experimental/ROY/QAXMEH24.cif,tests/data/experimental/ROY/QAXMEH27.cif,5,0.006178404204547405,3,2.9975620492215493,
tests/data/experimental/ROY/QAXMEH24.cif,tests/data/experimental/ROY/QAXMEH28.cif,5,0.005910590291023254,1,0.7624562611918407,
tests/data/experimental/ROY/QAXMEH24.cif,tests/data/experimental/ROY/QAXMEH90_O22.cif,5,0.006211104802787304,1,0.045868583361988936,
tests/data/experimental/ROY/QAXMEH24.cif,tests/data/experimental/ROY/ROY_PO13.cif,5,0.006323067471385002,3,3.6411059941772628,
tests/data/experimental/ROY/QAXMEH24.cif,tests/data/experimental/ROY/ROY_R05.cif,5,0.017582167871296406,3,3.623899271978413,
tests/data/experimental/ROY/QAXMEH26.cif,tests/data/experimental/ROY/QAXMEH28.cif,5,0.006760383956134319,4,1.7045758572816743,
tests/data/experimental/ROY/QAXMEH26.cif,tests/data/experimental/ROY/QAXMEH90_O22.cif,5,0.005987951532006264,3,3.135795791109514,
tests/data/experimental/ROY/QAXMEH26.cif,tests/data/experimental/ROY/ROY_Y19.cif,5,0.006677973084151745,4,2.8956221322904345,
tests/data/experimental/ROY/QAXMEH26.cif,tests/data/experimental/ROY/YT04.cif,5,0.005714787170290947,4,2.642842786169418,
tests/data/experimental/ROY/QAXMEH27.cif,tests/data/experimental/ROY/ROY_PO13.cif,5,0.005624144338071346,1,1.0765889050780628,
tests/data/experimental/ROY/QAXMEH27.cif,tests/data/experimental/ROY/ROY_Y_ambient.cif,5,0.005860889330506325,3,1.630532293679434,
tests/data/experimental/ROY/QAXMEH27.cif,tests/data/experimental/ROY/Y04.cif,5,0.006437158212065697,3,1.3334347654160996,
tests/data/experimental/ROY/QAXMEH28.cif,tests/data/experimental/ROY/QAXMEH90_O22.cif,5,0.006115914322435856,3,2.7165739122252153,
tests/data/experimental/ROY/QAXMEH28.cif,tests/data/experimental/ROY/ROY_Y19.cif,5,0.006360077299177647,3,2.1234227757616417,
tests/data/experimental/ROY/QAXMEH29.cif,tests/data/experimental/ROY/ROY_R05.cif,5,0.015390429645776749,2,1.467990000918016,
tests/data/experimental/ROY/QAXMEH29.cif,tests/data/experimental/ROY/ROY_Y_ambient.cif,5,0.006099383346736431,3,2.7916060214880214,
tests/data/experimental/ROY/QAXMEH29.cif,tests/data/experimental/ROY/YT04.cif,5,0.006134633906185627,3,2.803189596202726,
tests/data/experimental/ROY/QAXMEH90_O22.cif,tests/data/experimental/ROY/ROY_PO13.cif,5,0.00627516582608223,3,3.080597423671116,
tests/data/experimental/ROY/QAXMEH90_O22.cif,tests/data/experimental/ROY/Y04.cif,5,0.005820409394800663,4,2.4876347593195516,
tests/data/experimental/ROY/QAXMEH90_O22.cif,tests/data/experimental/ROY/mrp180010_fa.cif,5,0.008489273488521576,2,2.0093046421257865,
tests/data/experimental/ROY/ROY_R05.cif,tests/data/experimental/ROY/Y04.cif,5,0.014381803572177887,2,2.385038412195005,
tests/data/experimental/ROY/ROY_Y19.cif,tests/data/experimental/ROY/mrp180010_fa.cif,5,0.009485259652137756,4,3.4401434464120384,
tests/data/experimental/ROY/Y04.cif,tests/data/experimental/ROY/YT04.cif,5,0.00554860383272171,4,1.6649114473194768,
tests/data/experimental/ROY/Y04.cif,tests/data/experimental/ROY/mrp180010_fa.cif,5,0.007861614227294922,3,2.8214814478103794,
tests/data/experimental/Ritonavir/YIGPIO03.cif,tests/data/experimental/Ritonavir/YIGPIO04.cif,5,0.06951089762151241,1,3.537749552034184,
tests/data/experimental/Ritonavir/YIGPIO03.cif,tests/data/experimental/Ritonavir/YIGPIO06.cif,5,0.0594375254586339,1,3.4718295809277433,
tests/data/experimental/Ritonavir/YIGPIO05.cif,tests/data/experimental/Ritonavir/YIGPIO10.cif,5,0.042300766333937645,1,1.923217353287923,
tests/data/experimental/Ritonavir/YIGPIO06.cif,tests/data/experimental/Ritonavir/YIGPIO10.cif,5,0.061427549459040165,1,1.9171015499246125,
tests/data/experimental/Ritonavir/YIGPIO07.cif,tests/data/experimental/Ritonavir/YIGPIO10.cif,5,0.03701616544276476,1,2.9804768448645933,
tests/data/experimental/galunisertib/Galunisertib_FORM_I.cif,tests/data/experimental/galunisertib/Galunisertib_FORM_IV.cif,5,0.013379107229411602,3,2.1917775083878954,
tests/data/experimental/galunisertib/Galunisertib_FORM_I.cif,tests/data/experimental/galunisertib/Galunisertib_FORM_IX.cif,5,0.00787140242755413,2,1.7528894344765826,
tests/data/experimental/galunisertib/Galunisertib_FORM_II.cif,tests/data/experimental/galunisertib/Galunisertib_FORM_IX.cif,5,0.007911823689937592,3,0.47705918845404,
tests/data/experimental/galunisertib/Galunisertib_FORM_II.cif,tests/data/experimental/galunisertib/Galunisertib_FORM_V.cif,5,0.007821232080459595,2,0.6293696657653546,
tests/data/experimental/galunisertib/Galunisertib_FORM_II.cif,tests/data/experimental/galunisertib/Galunisertib_FORM_X.cif,5,0.00796358473598957,1,1.5470964977525115,
tests/data/experimental/galunisertib/Galunisertib_FORM_II.cif,tests/data/experimental/galunisertib/Galunisertib_Form_VII.cif,5,0.012706336565315723,4,0.7666276717800247,
tests/data/experimental/galunisertib/Galunisertib_FORM_III.cif,tests/data/experimental/galunisertib/Galunisertib_FORM_VI.cif,5,0.0074249254539608955,1,1.5123669426629365,
tests/data/experimental/galunisertib/Galunisertib_FORM_III.cif,tests/data/experimental/galunisertib/Galunisertib_FORM_VIII.cif,5,0.007846683263778687,3,2.1172930324665877,
tests/data/experimental/galunisertib/Galunisertib_FORM_V.cif,tests/data/experimental/galunisertib/Galunisertib_FORM_VIII.cif,5,0.008601565845310688,3,0.512768036306952,
tests/data/experimental/galunisertib/Galunisertib_FORM_VI.cif,tests/data/experimental/galunisertib/Galunisertib_FORM_VIII.cif,5,0.008020506240427494,3,0.9057067006834789,
tests/data/experimental/galunisertib/Galunisertib_FORM_VIII.cif,tests/data/experimental/galunisertib/Galunisertib_FORM_X.cif,5,0.00858982466161251,2,1.4837613232402262,
tests/data/csd_families/ABEKUN/ABEKUN.cif,tests/data/csd_families/ABEKUN/ABEKUN02.cif,8,0.011718626134097576,5,2.4403937339161077,
tests/data/csd_families/ABEKUN/ABEKUN02.cif,tests/data/csd_families/ABEKUN/ABEKUN04.cif,8,0.012497011572122574,5,2.439076132900285,
tests/data/csd_families/ALOCOW/ALOCOW01.cif,tests/data/csd_families/ALOCOW/ALOCOW03.cif,8,0.011468533426523209,8,0.07348471548055657,
tests/data/csd_families/ALOCOW/ALOCOW03.cif,tests/data/csd_families/ALOCOW/ALOCOW04.cif,8,0.011075117625296116,8,1.3979889989891678,
tests/data/csd_families/AMBACO/AMBACO05.cif,tests/data/csd_families/AMBACO/AMBACO06.cif,8,0.008789259009063244,3,1.3076705360813057,
tests/data/csd_families/AMBNAC/AMBNAC01.cif,tests/data/csd_families/AMBNAC/AMBNAC04.cif,8,0.024562626145780087,5,2.0842385362914033,
tests/data/csd_families/AMBNAC/AMBNAC04.cif,tests/data/csd_families/AMBNAC/AMBNAC07.cif,8,0.02410606760531664,5,2.4282529207989514,
tests/data/csd_families/AQACNI/AQACNI.cif,tests/data/csd_families/AQACNI/AQACNI01.cif,8,0.016499128192663193,8,0.10374663635792664,
tests/data/csd_families/AQACNI/AQACNI01.cif,tests/data/csd_families/AQACNI/AQACNI02.cif,8,0.0241752490401268,8,0.13033937344232235,
tests/data/csd_families/AVOWUD/AVOWUD.cif,tests/data/csd_families/AVOWUD/AVOWUD02.cif,8,0.3161944532766938,8,0.17271124671992596,
tests/data/csd_families/AWENUO/AWENUO01.cif,tests/data/csd_families/AWENUO/AWENUO02.cif,8,0.12791857682168484,8,0.025095468818208014,
tests/data/csd_families/AWENUO/AWENUO02.cif,tests/data/csd_families/AWENUO/AWENUO03.cif,8,0.1520985858514905,8,0.07027411383320464,
tests/data/csd_families/AWENUO/AWENUO02.cif,tests/data/csd_families/AWENUO/AWENUO04.cif,8,0.10105118062347174,8,0.029191849915361005,
tests/data/csd_families/BACKOK/BACKOK.cif,tests/data/csd_families/BACKOK/BACKOK03.cif,8,0.014143080450594425,8,0.03723143553550649,
tests/data/csd_families/BACKOK/BACKOK01.cif,tests/data/csd_families/BACKOK/BACKOK02.cif,8,0.02303791046142578,8,0.033572798206358896,
tests/data/csd_families/BAZGOY/BAZGOY.cif,tests/data/csd_families/BAZGOY/BAZGOY04.cif,8,0.11306149419397116,8,0.4942826258948724,
tests/data/csd_families/BAZGOY/BAZGOY01.cif,tests/data/csd_families/BAZGOY/BAZGOY04.cif,8,0.04387367330491543,8,0.4334961667734642,
tests/data/csd_families/BBENAN/BBENAN.cif,tests/data/csd_families/BBENAN/BBENAN03.cif,8,0.03135500103235245,8,0.198267902603702,
tests/data/csd_families/BBENAN/BBENAN01.cif,tests/data/csd_families/BBENAN/BBENAN03.cif,8,0.039481448009610176,8,0.11320895277621716,
tests/data/csd_families/BENZAC/BENZAC.cif,tests/data/csd_families/BENZAC/BENZAC01.cif,8,0.021862169727683067,8,0.05622190723186413,
tests/data/csd_families/BENZAC/BENZAC07.cif,tests/data/csd_families/BENZAC/BENZAC08.cif,8,0.015465391799807549,8,0.016981845336766693,
tests/data/csd_families/BOBVIY/BOBVIY04.cif,tests/data/csd_families/BOBVIY/BOBVIY05.cif,8,0.39317461755126715,8,0.8789660332012493,
tests/data/csd_families/BUCACT/BUCACT.cif,tests/data/csd_families/BUCACT/BUCACT02.cif,8,0.014624697156250477,8,0.12283008090409026,
tests/data/csd_families/BUCACT/BUCACT02.cif,tests/data/csd_families/BUCACT/BUCACT03.cif,8,0.02363709080964327,8,0.04938080781777159,
tests/data/csd_families/BUCACT/BUCACT02.cif,tests/data/csd_families/BUCACT/BUCACT04.cif,8,0.0197848342359066,8,0.052463377131880456,
tests/data/csd_families/CAQHOV/CAQHOV02.cif,tests/data/csd_families/CAQHOV/CAQHOV03.cif,8,0.13395624794065952,8,0.12940297249988428,
tests/data/csd_families/CATDAE/CATDAE.cif,tests/data/csd_families/CATDAE/CATDAE01.cif,8,0.010685481131076813,3,1.4954329728604205,
tests/data/csd_families/CATDAE/CATDAE.cif,tests/data/csd_families/CATDAE/CATDAE02.cif,8,0.010525108315050602,3,1.4782569585676177,
tests/data/csd_families/CEGHED/CEGHED02.cif,tests/data/csd_families/CEGHED/CEGHED03.cif,8,0.0970019232481718,8,0.03699943457790593,
tests/data/csd_families/CEWNEZ/CEWNEZ.cif,tests/data/csd_families/CEWNEZ/CEWNEZ01.cif,8,0.108768530189991,3,2.0848887432598397,
tests/data/csd_families/CEWNEZ/CEWNEZ01.cif,tests/data/csd_families/CEWNEZ/CEWNEZ02.cif,8,0.04330407362431288,3,3.270249081651177,
tests/data/csd_families/CIKLOZ/CIKLOZ.cif,tests/data/csd_families/CIKLOZ/CIKLOZ02.cif,8,0.01137403305619955,8,0.03808683114940793,
tests/data/csd_families/CITRAC/CITRAC11.cif,tests/data/csd_families/CITRAC/CITRAC12.cif,8,0.014426655136048794,8,0.07903776377769112,
tests/data/csd_families/COGJAM/COGJAM01.cif,tests/data/csd_families/COGJAM/COGJAM02.cif,8,0.03246728889644146,8,0.05632598958032206,
tests/data/csd_families/CTMTNA/CTMTNA.cif,tests/data/csd_families/CTMTNA/CTMTNA04.cif,8,0.07762755360454321,5,1.9358129440790564,
tests/data/csd_families/CTMTNA/CTMTNA02.cif,tests/data/csd_families/CTMTNA/CTMTNA04.cif,8,0.20347756426781416,5,1.704810524086081,
tests/data/csd_families/CTMTNA/CTMTNA03.cif,tests/data/csd_families/CTMTNA/CTMTNA04.cif,8,0.10170975048094988,5,1.9608812360187893,
tests/data/csd_families/CUSALA/CUSALA.cif,tests/data/csd_families/CUSALA/CUSALA04.cif,8,0.012824776582419872,3,4.567713339353925,
tests/data/csd_families/CUSALA/CUSALA01.cif,tests/data/csd_families/CUSALA/CUSALA05.cif,8,0.011885660700500011,4,3.4354201180835897,
tests/data/csd_families/CYOCPD/CYOCPD.cif,tests/data/csd_families/CYOCPD/CYOCPD02.cif,8,0.044083496555686,5,2.1066243764314967,
tests/data/csd_families/CYOCPD/CYOCPD.cif,tests/data/csd_families/CYOCPD/CYOCPD03.cif,8,0.041465581394732,5,2.111940318936593,
tests/data/csd_families/DBEZPO/DBEZPO.cif,tests/data/csd_families/DBEZPO/DBEZPO01.cif,8,0.031816198490560055,8,0.047440466397243225,
tests/data/csd_families/DBPHEN/DBPHEN04.cif,tests/data/csd_families/DBPHEN/DBPHEN05.cif,8,0.04321624059230089,5,1.686161046263849,
tests/data/csd_families/DECVIQ/DECVIQ01.cif,tests/data/csd_families/DECVIQ/DECVIQ10.cif,8,0.024366033263504505,0,nan,
tests/data/csd_families/DECVIQ/DECVIQ01.cif,tests/data/csd_families/DECVIQ/DECVIQ11.cif,8,0.3558072717860341,1,12.26832427649639,
tests/data/csd_families/DERKOA/DERKOA10.cif,tests/data/csd_families/DERKOA/DERKOA11.cif,8,0.007931593805551529,0,nan,
tests/data/csd_families/DIBFAY/DIBFAY01.cif,tests/data/csd_families/DIBFAY/DIBFAY02.cif,8,0.016611791215837002,8,0.04035749308378149,
tests/data/csd_families/DIBFAY/DIBFAY02.cif,tests/data/csd_families/DIBFAY/DIBFAY03.cif,8,0.4537294218316674,8,0.06178671058367474,
tests/data/csd_families/DMSULO/DMSULO.cif,tests/data/csd_families/DMSULO/DMSULO05.cif,8,0.04053128603845835,8,0.08613750432994241,
tests/data/csd_families/ECUTUR/ECUTUR.cif,tests/data/csd_families/ECUTUR/ECUTUR03.cif,8,0.014238781295716763,8,0.042160621039680025,
tests/data/csd_families/ECUTUR/ECUTUR01.cif,tests/data/csd_families/ECUTUR/ECUTUR02.cif,8,0.013802054338157177,8,0.4968945943033064,
tests/data/csd_families/ESAXAA/ESAXAA01.cif,tests/data/csd_families/ESAXAA/ESAXAA03.cif,8,0.048052494414150715,8,0.04426065131049698,
tests/data/csd_families/EXIPUY/EXIPUY01.cif,tests/data/csd_families/EXIPUY/EXIPUY02.cif,8,0.00900169275701046,0,nan,
tests/data/csd_families/FINSOK/FINSOK01.cif,tests/data/csd_families/FINSOK/FINSOK12.cif,8,12.560631088912487,3,7.598333837902366,
tests/data/csd_families/FINSOK/FINSOK11.cif,tests/data/csd_families/FINSOK/FINSOK12.cif,8,0.12671955581754446,0,nan,
tests/data/csd_families/FIWFOH/FIWFOH03.cif,tests/data/csd_families/FIWFOH/FIWFOH04.cif,8,0.008182418532669544,8,0.011430255110471249,
tests/data/csd_families/FOHCOU/FOHCOU01.cif,tests/data/csd_families/FOHCOU/FOHCOU02.cif,8,0.49470225628465414,8,0.0035299935001692775,
tests/data/csd_families/FULPIM/FULPIM.cif,tests/data/csd_families/FULPIM/FULPIM02.cif,8,0.016891255974769592,8,0.010740608404682186,
tests/data/csd_families/FUTSES/FUTSES.cif,tests/data/csd_families/FUTSES/FUTSES01.cif,8,0.10363385453820229,8,0.02868363143520886,
tests/data/csd_families/GLYCIN/GLYCIN01.cif,tests/data/csd_families/GLYCIN/GLYCIN02.cif,8,0.013422667048871517,5,0.864681232248546,
tests/data/csd_families/HAGWAP/HAGWAP01.cif,tests/data/csd_families/HAGWAP/HAGWAP03.cif,8,0.007585007697343826,8,0.05839231972270588,
tests/data/csd_families/HAWGAO/HAWGAO.cif,tests/data/csd_families/HAWGAO/HAWGAO03.cif,8,0.052740393206477165,8,0.01395368044498277,
tests/data/csd_families/HEWRAD/HEWRAD.cif,tests/data/csd_families/HEWRAD/HEWRAD03.cif,8,0.012038013897836208,8,0.010692253612282997,
tests/data/csd_families/HEZQIN/HEZQIN01.cif,tests/data/csd_families/HEZQIN/HEZQIN04.cif,8,0.022216876037418842,3,2.4603479884919626,
tests/data/csd_families/HOGBUD/HOGBUD.cif,tests/data/csd_families/HOGBUD/HOGBUD04.cif,8,0.10603991523385048,2,1.5529236061260236,
tests/data/csd_families/IDODIQ/IDODIQ.cif,tests/data/csd_families/IDODIQ/IDODIQ01.cif,8,0.04542529955506325,8,0.0472195768879334,
tests/data/csd_families/IFUXEN/IFUXEN.cif,tests/data/csd_families/IFUXEN/IFUXEN03.cif,8,0.009577451273798943,3,1.7640147478394823,
tests/data/csd_families/IFUXEN/IFUXEN02.cif,tests/data/csd_families/IFUXEN/IFUXEN03.cif,8,0.010035430081188679,5,3.0055467614894242,
tests/data/csd_families/ILUTIV/ILUTIV.cif,tests/data/csd_families/ILUTIV/ILUTIV01.cif,8,0.07419298589229584,6,4.938814704948865,
tests/data/csd_families/IPTCNI/IPTCNI10.cif,tests/data/csd_families/IPTCNI/IPTCNI13.cif,8,0.17788208182901144,8,0.7535480059007127,
tests/data/csd_families/IYEBUJ/IYEBUJ.cif,tests/data/csd_families/IYEBUJ/IYEBUJ01.cif,8,0.03433886170387268,3,3.139469627358837,
tests/data/csd_families/IYEBUJ/IYEBUJ01.cif,tests/data/csd_families/IYEBUJ/IYEBUJ03.cif,8,0.03331197425723076,3,4.753464956288104,
tests/data/csd_families/IYEBUJ/IYEBUJ02.cif,tests/data/csd_families/IYEBUJ/IYEBUJ03.cif,8,0.029925275593996048,8,0.1506375114395305,
tests/data/csd_families/IZOJUF/IZOJUF01.cif,tests/data/csd_families/IZOJUF/IZOJUF03.cif,8,0.023720242083072662,2,2.174303248216062,
tests/data/csd_families/JEGMER/JEGMER03.cif,tests/data/csd_families/JEGMER/JEGMER04.cif,8,0.031534754671156406,8,0.019404907435741515,
tests/data/csd_families/JEXKUS/JEXKUS.cif,tests/data/csd_families/JEXKUS/JEXKUS03.cif,8,0.015498683787882328,8,0.03410349657316636,
tests/data/csd_families/JOFJEW/JOFJEW03.cif,tests/data/csd_families/JOFJEW/JOFJEW04.cif,8,0.028860747814178467,8,0.005280594636755149,
tests/data/csd_families/KANZEE/KANZEE02.cif,tests/data/csd_families/KANZEE/KANZEE03.cif,8,0.24948675371706486,8,0.12301632599831575,
tests/data/csd_families/KANZEE/KANZEE02.cif,tests/data/csd_families/KANZEE/KANZEE04.cif,8,0.25213748775422573,8,0.16025002251951287,
tests/data/csd_families/KHMALA/KHMALA.cif,tests/data/csd_families/KHMALA/KHMALA12.cif,8,0.00843365304172039,3,1.7515553581739305,
tests/data/csd_families/KIXKAD/KIXKAD.cif,tests/data/csd_families/KIXKAD/KIXKAD03.cif,8,0.018001395277678967,8,0.005646364003205391,
tests/data/csd_families/LAGHOQ/LAGHOQ02.cif,tests/data/csd_families/LAGHOQ/LAGHOQ03.cif,8,0.01314329169690609,8,0.007814752774335985,
tests/data/csd_families/LALNIN/LALNIN.cif,tests/data/csd_families/LALNIN/LALNIN14.cif,8,0.020678780041635036,8,0.009483911232656067,
tests/data/csd_families/LALNIN/LALNIN01.cif,tests/data/csd_families/LALNIN/LALNIN14.cif,8,0.019848915748298168,8,0.009731489440843018,
tests/data/csd_families/LSERIN/LSERIN11.cif,tests/data/csd_families/LSERIN/LSERIN12.cif,8,0.015493183396756649,8,0.07573354607464393,
tests/data/csd_families/MATRNO/MATRNO01.cif,tests/data/csd_families/MATRNO/MATRNO02.cif,8,0.024275940842926502,5,1.22193831815382,
tests/data/csd_families/MEBXID/MEBXID03.cif,tests/data/csd_families/MEBXID/MEBXID04.cif,8,0.012684234417974949,8,0.051467339725873563,
tests/data/csd_families/MEUREA/MEUREA02.cif,tests/data/csd_families/MEUREA/MEUREA03.cif,8,0.006123344413936138,8,0.468287766432245,
tests/data/csd_families/MPECXP/MPECXP.cif,tests/data/csd_families/MPECXP/MPECXP01.cif,8,0.013713901862502098,8,0.026207916149078823,
tests/data/csd_families/NCKLCN/NCKLCN01.cif,tests/data/csd_families/NCKLCN/NCKLCN04.cif,8,0.01362037006765604,0,nan,
tests/data/csd_families/NIRJAA/NIRJAA03.cif,tests/data/csd_families/NIRJAA/NIRJAA04.cif,8,0.01019851304590702,8,0.06825109635309647,
tests/data/csd_families/NPOFNP/NPOFNP.cif,tests/data/csd_families/NPOFNP/NPOFNP02.cif,8,0.0454432787373662,8,0.2215888796391142,
tests/data/csd_families/OFESAL/OFESAL.cif,tests/data/csd_families/OFESAL/OFESAL04.cif,8,0.037035636603832245,3,2.5112125478665477,
tests/data/csd_families/ONITAN/ONITAN.cif,tests/data/csd_families/ONITAN/ONITAN03.cif,8,0.03307848982512951,6,1.1816353989847383,
tests/data/csd_families/ONITAN/ONITAN01.cif,tests/data/csd_families/ONITAN/ONITAN02.cif,8,0.019147014245390892,8,0.07497523959654953,
tests/data/csd_families/ONITAN/ONITAN02.cif,tests/data/csd_families/ONITAN/ONITAN03.cif,8,0.03211222309619188,6,1.154111744849041,
tests/data/csd_families/ONITAN/ONITAN02.cif,tests/data/csd_families/ONITAN/ONITAN04.cif,8,0.019128553569316864,8,0.06395174350925294,
tests/data/csd_families/ONITAN/ONITAN03.cif,tests/data/csd_families/ONITAN/ONITAN04.cif,8,0.028949770145118237,6,1.267573939333958,
tests/data/csd_families/OPEVUD/OPEVUD01.cif,tests/data/csd_families/OPEVUD/OPEVUD02.cif,8,0.023842853493988514,8,0.04177958183166243,
tests/data/csd_families/OXALDH/OXALDH.cif,tests/data/csd_families/OXALDH/OXALDH01.cif,8,0.6748139159753919,8,1.101576500167264,
tests/data/csd_families/OXALDH/OXALDH01.cif,tests/data/csd_families/OXALDH/OXALDH04.cif,8,0.7010329281911254,8,1.1018201881885665,
tests/data/csd_families/PDHTEZ/PDHTEZ.cif,tests/data/csd_families/PDHTEZ/PDHTEZ01.cif,8,0.16606062185019255,5,2.3471672509449926,
tests/data/csd_families/PDHTEZ/PDHTEZ01.cif,tests/data/csd_families/PDHTEZ/PDHTEZ02.cif,8,0.14339765720069408,5,2.3549624164110625,
tests/data/csd_families/PDHTEZ/PDHTEZ01.cif,tests/data/csd_families/PDHTEZ/PDHTEZ04.cif,8,0.13193276338279247,5,2.3611572386409074,
tests/data/csd_families/PDHTEZ/PDHTEZ02.cif,tests/data/csd_families/PDHTEZ/PDHTEZ03.cif,8,0.013337994925677776,8,0.02241363815307161,
tests/data/csd_families/PUWYUD/PUWYUD02.cif,tests/data/csd_families/PUWYUD/PUWYUD03.cif,8,0.03284636605530977,8,0.032289652150593526,
tests/data/csd_families/QAHVIE/QAHVIE01.cif,tests/data/csd_families/QAHVIE/QAHVIE12.cif,8,0.025526651181280613,2,2.776710174651164,
tests/data/csd_families/QAHWUU/QAHWUU.cif,tests/data/csd_families/QAHWUU/QAHWUU01.cif,8,0.037771559320390224,8,0.08919560625505976,
tests/data/csd_families/QAHWUU/QAHWUU01.cif,tests/data/csd_families/QAHWUU/QAHWUU04.cif,8,0.04121894761919975,3,1.6372989266959324,
tests/data/csd_families/QAHWUU/QAHWUU02.cif,tests/data/csd_families/QAHWUU/QAHWUU04.cif,8,0.024194208905100822,3,1.0208681365119703,
tests/data/csd_families/QAHWUU/QAHWUU03.cif,tests/data/csd_families/QAHWUU/QAHWUU04.cif,8,0.022447850555181503,3,2.167678958210776,
tests/data/csd_families/QAPNAZ/QAPNAZ01.cif,tests/data/csd_families/QAPNAZ/QAPNAZ03.cif,8,0.05349332559853792,8,0.044302869716958806,
tests/data/csd_families/QODLAZ/QODLAZ.cif,tests/data/csd_families/QODLAZ/QODLAZ01.cif,8,0.012280037626624107,8,0.027304611889475174,
tests/data/csd_families/ROLMUA/ROLMUA.cif,tests/data/csd_families/ROLMUA/ROLMUA03.cif,8,0.10419496335089207,5,1.5380582953217068,
tests/data/csd_families/RUVTOR/RUVTOR.cif,tests/data/csd_families/RUVTOR/RUVTOR02.cif,8,0.052983107045292854,8,0.02322402457033876,
tests/data/csd_families/SAQTOT/SAQTOT01.cif,tests/data/csd_families/SAQTOT/SAQTOT02.cif,8,0.012966989539563656,8,0.049023999393770216,
tests/data/csd_families/SAQTOT/SAQTOT02.cif,tests/data/csd_families/SAQTOT/SAQTOT03.cif,8,0.01306656189262867,8,0.03295828830389928,
tests/data/csd_families/SAQTOT/SAQTOT02.cif,tests/data/csd_families/SAQTOT/SAQTOT04.cif,8,0.011944031342864037,8,0.05706698842577247,
tests/data/csd_families/SETNEO/SETNEO.cif,tests/data/csd_families/SETNEO/SETNEO01.cif,8,0.015517883002758026,8,0.007053990473923914,
tests/data/csd_families/SETNEO/SETNEO03.cif,tests/data/csd_families/SETNEO/SETNEO04.cif,8,0.015597243793308735,8,0.007523141279373091,
tests/data/csd_families/TAPYEP/TAPYEP.cif,tests/data/csd_families/TAPYEP/TAPYEP05.cif,8,0.022353018634021282,8,0.023722165820588725,
tests/data/csd_families/TAVKUX/TAVKUX06.cif,tests/data/csd_families/TAVKUX/TAVKUX09.cif,8,0.3293231362476945,8,0.10371050512582458,
tests/data/csd_families/TAZDNC/TAZDNC04.cif,tests/data/csd_families/TAZDNC/TAZDNC06.cif,8,0.013953065499663353,8,0.024132419285870014,
tests/data/csd_families/TCBENQ/TCBENQ02.cif,tests/data/csd_families/TCBENQ/TCBENQ03.cif,8,0.020258902572095394,8,0.22816882737646257,
tests/data/csd_families/TETBBZ/TETBBZ01.cif,tests/data/csd_families/TETBBZ/TETBBZ04.cif,8,0.024586977437138557,8,0.13272251430665918,
tests/data/csd_families/TEYDAC/TEYDAC.cif,tests/data/csd_families/TEYDAC/TEYDAC06.cif,8,0.05548835825175047,8,0.06787642228667734,
tests/data/csd_families/TILRAJ/TILRAJ.cif,tests/data/csd_families/TILRAJ/TILRAJ01.cif,8,0.01847664173692465,0,nan,
tests/data/csd_families/TISPUI/TISPUI02.cif,tests/data/csd_families/TISPUI/TISPUI04.cif,8,0.09677618835121393,8,0.04744585047457879,
tests/data/csd_families/TMAMOH/TMAMOH.cif,tests/data/csd_families/TMAMOH/TMAMOH03.cif,8,0.2749640252441168,8,0.09060233808512477,
tests/data/csd_families/TOJHIK/TOJHIK01.cif,tests/data/csd_families/TOJHIK/TOJHIK02.cif,8,0.11650725267827511,8,0.026415682939195245,
tests/data/csd_families/TPHMET/TPHMET01.cif,tests/data/csd_families/TPHMET/TPHMET11.cif,8,0.06033532228320837,8,0.014506457837004903,
tests/data/csd_families/TPHMET/TPHMET02.cif,tests/data/csd_families/TPHMET/TPHMET11.cif,8,0.04706061631441116,8,0.1551232780870493,
tests/data/csd_families/TPSNCL/TPSNCL01.cif,tests/data/csd_families/TPSNCL/TPSNCL03.cif,8,0.19622073229402304,5,4.357212926226889,
tests/data/csd_families/TRIPHE/TRIPHE.cif,tests/data/csd_families/TRIPHE/TRIPHE15.cif,8,0.572899510152638,8,0.08068780860094782,
tests/data/csd_families/TRIPHE/TRIPHE12.cif,tests/data/csd_families/TRIPHE/TRIPHE13.cif,8,0.3314931420609355,8,0.012283251277891438,
tests/data/csd_families/TUXFIC/TUXFIC.cif,tests/data/csd_families/TUXFIC/TUXFIC01.cif,8,0.01874643750488758,8,0.07777558076043951,
tests/data/csd_families/TUXFIC/TUXFIC02.cif,tests/data/csd_families/TUXFIC/TUXFIC03.cif,8,0.015954390168190002,8,0.005829365395964463,
tests/data/csd_families/VELBOD/VELBOD10.cif,tests/data/csd_families/VELBOD/VELBOD11.cif,8,0.7250685449689627,8,0.07454458155443561,
tests/data/csd_families/VILGAC/VILGAC.cif,tests/data/csd_families/VILGAC/VILGAC03.cif,8,0.193344384431839,8,0.22449263165493044,
tests/data/csd_families/VILGAC/VILGAC01.cif,tests/data/csd_families/VILGAC/VILGAC02.cif,8,0.04116328712552786,8,0.12716185740517455,
tests/data/csd_families/VIPJUA/VIPJUA.cif,tests/data/csd_families/VIPJUA/VIPJUA01.cif,8,0.018406751565635204,8,0.16802212759059426,
tests/data/csd_families/VITDEL/VITDEL.cif,tests/data/csd_families/VITDEL/VITDEL01.cif,8,0.009909948334097862,2,0.7452791857346869,
tests/data/csd_families/VITDEL/VITDEL.cif,tests/data/csd_families/VITDEL/VITDEL02.cif,8,0.00874805822968483,2,1.7243555955716847,
tests/data/csd_families/WATCID/WATCID10.cif,tests/data/csd_families/WATCID/WATCID11.cif,8,0.024088847450912,8,0.028192066636505943,
tests/data/csd_families/WULMOJ/WULMOJ.cif,tests/data/csd_families/WULMOJ/WULMOJ01.cif,8,0.02156017441302538,3,1.6650885631747327,
tests/data/csd_families/WULMOJ/WULMOJ.cif,tests/data/csd_families/WULMOJ/WULMOJ04.cif,8,0.021564655005931854,3,1.6631780202794992,
tests/data/csd_families/XEFDER/XEFDER.cif,tests/data/csd_families/XEFDER/XEFDER02.cif,8,0.031575954519212246,8,0.06481340704462775,
tests/data/csd_families/XIHVUG/XIHVUG01.cif,tests/data/csd_families/XIHVUG/XIHVUG02.cif,8,0.021184740588068962,8,0.06824013289853004,
tests/data/csd_families/XYLTOL/XYLTOL02.cif,tests/data/csd_families/XYLTOL/XYLTOL03.cif,8,0.017195050604641438,8,0.002763309585420218,
tests/data/csd_families/YAKNUU/YAKNUU.cif,tests/data/csd_families/YAKNUU/YAKNUU01.cif,8,0.06882686447352171,4,3.683073122257369,
tests/data/csd_families/YAKNUU/YAKNUU01.cif,tests/data/csd_families/YAKNUU/YAKNUU02.cif,8,0.07074174657464027,4,3.693310456066369,
tests/data/csd_families/YAXYUV/YAXYUV.cif,tests/data/csd_families/YAXYUV/YAXYUV02.cif,8,0.04559084214270115,8,0.02623796331469467,
tests/data/csd_families/YEXSAV/YEXSAV01.cif,tests/data/csd_families/YEXSAV/YEXSAV02.cif,8,0.014699919149279594,8,0.00826429026175216,
tests/data/csd_families/YIDDAU/YIDDAU01.cif,tests/data/csd_families/YIDDAU/YIDDAU07.cif,8,0.07071181666105986,0,nan,
tests/data/csd_families/YUXZIB/YUXZIB01.cif,tests/data/csd_families/YUXZIB/YUXZIB03.cif,8,0.09716324601322412,8,0.14251658164143438,
tests/data/csd_families/ZAPFED/ZAPFED.cif,tests/data/csd_families/ZAPFED/ZAPFED01.cif,8,0.05211261287331581,1,0.45960903647285084,
tests/data/csd_families/ZEYVAA/ZEYVAA02.cif,tests/data/csd_families/ZEYVAA/ZEYVAA10.cif,8,0.02038714475929737,8,0.016457135211676608,
tests/data/csd_families/ZZZPPI/ZZZPPI01.cif,tests/data/csd_families/ZZZPPI/ZZZPPI04.cif,8,0.006783515214920044,0,nan,
tests/data/csd_families/ZZZPPI/ZZZPPI02.cif,tests/data/csd_families/ZZZPPI/ZZZPPI04.cif,8,0.008215599693357944,0,nan,
tests/data/csd_families/ZZZPPI/ZZZPPI04.cif,tests/data/csd_families/ZZZPPI/ZZZPPI05.cif,8,0.008660267107188702,0,nan,
tests/data/experimental/ROY/QAXMEH24.cif,tests/data/experimental/ROY/QAXMEH27.cif,8,0.010172751732170582,3,2.9975620492215493,
tests/data/experimental/ROY/QAXMEH24.cif,tests/data/experimental/ROY/QAXMEH28.cif,8,0.0099199078977108,1,0.7624562611918407,
tests/data/experimental/ROY/QAXMEH24.cif,tests/data/experimental/ROY/QAXMEH90_O22.cif,8,0.010148031637072563,1,0.045868583361988936,
tests/data/experimental/ROY/QAXMEH24.cif,tests/data/experimental/ROY/ROY_PO13.cif,8,0.010598309338092804,3,3.141559730718487,
tests/data/experimental/ROY/QAXMEH24.cif,tests/data/experimental/ROY/ROY_R05.cif,8,0.028748536482453346,3,3.5250682566648184,
tests/data/experimental/ROY/QAXMEH26.cif,tests/data/experimental/ROY/QAXMEH28.cif,8,0.010888325050473213,4,1.7045758572816743,
tests/data/experimental/ROY/QAXMEH26.cif,tests/data/experimental/ROY/QAXMEH90_O22.cif,8,0.010022079572081566,3,2.62642200029604,
tests/data/experimental/ROY/QAXMEH26.cif,tests/data/experimental/ROY/ROY_Y19.cif,8,0.011299731209874153,4,2.2078215329644784,
tests/data/experimental/ROY/QAXMEH26.cif,tests/data/experimental/ROY/YT04.cif,8,0.009370928630232811,4,2.642842786169418,
tests/data/experimental/ROY/QAXMEH27.cif,tests/data/experimental/ROY/ROY_PO13.cif,8,0.00949077121913433,3,1.9047908784030618,
tests/data/experimental/ROY/QAXMEH27.cif,tests/data/experimental/ROY/ROY_Y_ambient.cif,8,0.009802435524761677,3,1.630532293679434,
tests/data/experimental/ROY/QAXMEH27.cif,tests/data/experimental/ROY/Y04.cif,8,0.009831827133893967,3,1.3334347654160992,
tests/data/experimental/ROY/QAXMEH28.cif,tests/data/experimental/ROY/QAXMEH90_O22.cif,8,0.00976062472909689,4,3.5866003354446936,
tests/data/experimental/ROY/QAXMEH28.cif,tests/data/experimental/ROY/ROY_Y19.cif,8,0.011326582171022892,4,2.2443191129589866,
tests/data/experimental/ROY/QAXMEH29.cif,tests/data/experimental/ROY/ROY_R05.cif,8,0.02581944689154625,2,1.467990000918016,
tests/data/experimental/ROY/QAXMEH29.cif,tests/data/experimental/ROY/ROY_Y_ambient.cif,8,0.01037590578198433,3,2.6141058750334043,
tests/data/experimental/ROY/QAXMEH29.cif,tests/data/experimental/ROY/YT04.cif,8,0.011035996489226818,4,2.7699550869453655,
tests/data/experimental/ROY/QAXMEH90_O22.cif,tests/data/experimental/ROY/ROY_PO13.cif,8,0.01039836648851633,3,3.0028453647153786,
tests/data/experimental/ROY/QAXMEH90_O22.cif,tests/data/experimental/ROY/Y04.cif,8,0.010684731416404247,5,2.568479240944609,
tests/data/experimental/ROY/QAXMEH90_O22.cif,tests/data/experimental/ROY/mrp180010_fa.cif,8,0.014771279878914356,2,2.0093046421257865,
tests/data/experimental/ROY/ROY_R05.cif,tests/data/experimental/ROY/Y04.cif,8,0.0236369501799345,3,1.1701598431442086,
tests/data/experimental/ROY/ROY_Y19.cif,tests/data/experimental/ROY/mrp180010_fa.cif,8,0.016107101924717426,4,3.4401434464120384,
tests/data/experimental/ROY/Y04.cif,tests/data/experimental/ROY/YT04.cif,8,0.009620832279324532,5,1.9860128016026815,
tests/data/experimental/ROY/Y04.cif,tests/data/experimental/ROY/mrp180010_fa.cif,8,0.013480328023433685,3,1.1987894880320271,
tests/data/experimental/Ritonavir/YIGPIO03.cif,tests/data/experimental/Ritonavir/YIGPIO04.cif,8,0.11454998888075352,1,3.537749552034184,
tests/data/experimental/Ritonavir/YIGPIO03.cif,tests/data/experimental/Ritonavir/YIGPIO06.cif,8,0.10198493767529726,1,3.4718295809277433,
tests/data/experimental/Ritonavir/YIGPIO05.cif,tests/data/experimental/Ritonavir/YIGPIO10.cif,8,0.07100999169051647,1,1.923217353287923,
tests/data/experimental/Ritonavir/YIGPIO06.cif,tests/data/experimental/Ritonavir/YIGPIO10.cif,8,0.09768452402204275,1,1.9171015499246125,
tests/data/experimental/Ritonavir/YIGPIO07.cif,tests/data/experimental/Ritonavir/YIGPIO10.cif,8,0.06348944455385208,1,2.9804768448645933,
tests/data/experimental/galunisertib/Galunisertib_FORM_I.cif,tests/data/experimental/galunisertib/Galunisertib_FORM_IV.cif,8,0.02281415555626154,4,2.1846419516780498,
tests/data/experimental/galunisertib/Galunisertib_FORM_I.cif,tests/data/experimental/galunisertib/Galunisertib_FORM_IX.cif,8,0.014399433508515358,4,5.191212006087139,
tests/data/experimental/galunisertib/Galunisertib_FORM_II.cif,tests/data/experimental/galunisertib/Galunisertib_FORM_IX.cif,8,0.01402759738266468,4,0.4959636908707653,
tests/data/experimental/galunisertib/Galunisertib_FORM_II.cif,tests/data/experimental/galunisertib/Galunisertib_FORM_V.cif,8,0.013881784863770008,2,0.6293696657653546,
tests/data/experimental/galunisertib/Galunisertib_FORM_II.cif,tests/data/experimental/galunisertib/Galunisertib_FORM_X.cif,8,0.01388398464769125,1,1.5470964977525115,
tests/data/experimental/galunisertib/Galunisertib_FORM_II.cif,tests/data/experimental/galunisertib/Galunisertib_Form_VII.cif,8,0.021908030845224857,5,0.7626329062237698,
tests/data/experimental/galunisertib/Galunisertib_FORM_III.cif,tests/data/experimental/galunisertib/Galunisertib_FORM_VI.cif,8,0.01208170410245657,2,3.0015167939559655,
tests/data/experimental/galunisertib/Galunisertib_FORM_III.cif,tests/data/experimental/galunisertib/Galunisertib_FORM_VIII.cif,8,0.014437293633818626,3,2.1172930324665877,
tests/data/experimental/galunisertib/Galunisertib_FORM_V.cif,tests/data/experimental/galunisertib/Galunisertib_FORM_VIII.cif,8,0.014875761233270168,5,0.566415365937028,
tests/data/experimental/galunisertib/Galunisertib_FORM_VI.cif,tests/data/experimental/galunisertib/Galunisertib_FORM_VIII.cif,8,0.014105268754065037,4,2.0819541695104227,
tests/data/experimental/galunisertib/Galunisertib_FORM_VIII.cif,tests/data/experimental/galunisertib/Galunisertib_FORM_X.cif,8,0.014217990450561047,2,1.4837613232402262,
tests/data/csd_families/ABEKUN/ABEKUN.cif,tests/data/csd_families/ABEKUN/ABEKUN02.cif,10,0.01910534407943487,5,1.497002216018628,
tests/data/csd_families/ABEKUN/ABEKUN02.cif,tests/data/csd_families/ABEKUN/ABEKUN04.cif,10,0.021034696139395237,5,1.495719411698886,
tests/data/csd_families/ALOCOW/ALOCOW01.cif,tests/data/csd_families/ALOCOW/ALOCOW03.cif,10,0.017179271206259727,10,0.07711642209923447,
tests/data/csd_families/ALOCOW/ALOCOW03.cif,tests/data/csd_families/ALOCOW/ALOCOW04.cif,10,0.018618356436491013,10,1.6342477816510936,
tests/data/csd_families/AMBACO/AMBACO05.cif,tests/data/csd_families/AMBACO/AMBACO06.cif,10,0.01758664846420288,4,0.878501214040788,
tests/data/csd_families/AMBNAC/AMBNAC01.cif,tests/data/csd_families/AMBNAC/AMBNAC04.cif,10,0.04970253072679043,6,2.798725717746122,
tests/data/csd_families/AMBNAC/AMBNAC04.cif,tests/data/csd_families/AMBNAC/AMBNAC07.cif,10,0.05975094065070152,6,3.753632261202487,
tests/data/csd_families/AQACNI/AQACNI.cif,tests/data/csd_families/AQACNI/AQACNI01.cif,10,0.021003685891628265,10,0.11919599532786217,
tests/data/csd_families/AQACNI/AQACNI01.cif,tests/data/csd_families/AQACNI/AQACNI02.cif,10,0.024141687899827957,10,0.14681450931595877,
tests/data/csd_families/AVOWUD/AVOWUD.cif,tests/data/csd_families/AVOWUD/AVOWUD02.cif,10,0.4630014067515731,10,0.17530535520457427,
tests/data/csd_families/AWENUO/AWENUO01.cif,tests/data/csd_families/AWENUO/AWENUO02.cif,10,0.27807809691876173,10,0.027683450817807424,
tests/data/csd_families/AWENUO/AWENUO02.cif,tests/data/csd_families/AWENUO/AWENUO03.cif,10,0.2509642578661442,10,0.07795604455582723,
tests/data/csd_families/AWENUO/AWENUO02.cif,tests/data/csd_families/AWENUO/AWENUO04.cif,10,0.19583426322788,10,0.03227054037674718,
tests/data/csd_families/BACKOK/BACKOK.cif,tests/data/csd_families/BACKOK/BACKOK03.cif,10,0.019499040208756924,10,0.03746018341367598,
tests/data/csd_families/BACKOK/BACKOK01.cif,tests/data/csd_families/BACKOK/BACKOK02.cif,10,0.03248069901019335,10,0.03412470780308055,
tests/data/csd_families/BAZGOY/BAZGOY.cif,tests/data/csd_families/BAZGOY/BAZGOY04.cif,10,0.2092990018427372,10,0.5193641534642834,
tests/data/csd_families/BAZGOY/BAZGOY01.cif,tests/data/csd_families/BAZGOY/BAZGOY04.cif,10,0.061801206320524216,10,0.44934673061824254,
tests/data/csd_families/BBENAN/BBENAN.cif,tests/data/csd_families/BBENAN/BBENAN03.cif,10,0.04390302300453186,10,0.1975372389163628,
tests/data/csd_families/BBENAN/BBENAN01.cif,tests/data/csd_families/BBENAN/BBENAN03.cif,10,0.05489564873278141,10,0.10815269072024335,
tests/data/csd_families/BENZAC/BENZAC.cif,tests/data/csd_families/BENZAC/BENZAC01.cif,10,0.0382715780287981,10,0.055132005989984,
tests/data/csd_families/BENZAC/BENZAC07.cif,tests/data/csd_families/BENZAC/BENZAC08.cif,10,0.01892965007573366,10,0.0170651500578695,
tests/data/csd_families/BOBVIY/BOBVIY04.cif,tests/data/csd_families/BOBVIY/BOBVIY05.cif,10,0.19881840609014034,10,0.8660911116803461,
tests/data/csd_families/BUCACT/BUCACT.cif,tests/data/csd_families/BUCACT/BUCACT02.cif,10,0.021870950236916542,10,0.14068058850759305,
tests/data/csd_families/BUCACT/BUCACT02.cif,tests/data/csd_families/BUCACT/BUCACT03.cif,10,0.02888707909733057,10,0.05703907357401428,
tests/data/csd_families/BUCACT/BUCACT02.cif,tests/data/csd_families/BUCACT/BUCACT04.cif,10,0.026158942840993404,10,0.06070921416246318,
tests/data/csd_families/CAQHOV/CAQHOV02.cif,tests/data/csd_families/CAQHOV/CAQHOV03.cif,10,0.20229271426796913,10,0.12761741269470336,
tests/data/csd_families/CATDAE/CATDAE.cif,tests/data/csd_families/CATDAE/CATDAE01.cif,10,0.013650450855493546,3,1.3468276720745391,
tests/data/csd_families/CATDAE/CATDAE.cif,tests/data/csd_families/CATDAE/CATDAE02.cif,10,0.013550789095461369,3,1.3341033558195234,
tests/data/csd_families/CEGHED/CEGHED02.cif,tests/data/csd_families/CEGHED/CEGHED03.cif,10,0.3039503348991275,10,0.04051261185143131,
tests/data/csd_families/CEWNEZ/CEWNEZ.cif,tests/data/csd_families/CEWNEZ/CEWNEZ01.cif,10,0.12181877065449953,3,2.0848887432598397,
tests/data/csd_families/CEWNEZ/CEWNEZ01.cif,tests/data/csd_families/CEWNEZ/CEWNEZ02.cif,10,0.06861973088234663,3,2.083788660773643,
tests/data/csd_families/CIKLOZ/CIKLOZ.cif,tests/data/csd_families/CIKLOZ/CIKLOZ02.cif,10,0.01593984942883253,10,0.044642558830487525,
tests/data/csd_families/CITRAC/CITRAC11.cif,tests/data/csd_families/CITRAC/CITRAC12.cif,10,0.020635848864912987,10,0.08292112668449701,
tests/data/csd_families/COGJAM/COGJAM01.cif,tests/data/csd_families/COGJAM/COGJAM02.cif,10,0.07083639036864042,10,0.057920230046190305,
tests/data/csd_families/CTMTNA/CTMTNA.cif,tests/data/csd_families/CTMTNA/CTMTNA04.cif,10,0.15115224849432707,5,1.9358129440790564,
tests/data/csd_families/CTMTNA/CTMTNA02.cif,tests/data/csd_families/CTMTNA/CTMTNA04.cif,10,0.33558537904173136,6,3.515115315131496,
tests/data/csd_families/CTMTNA/CTMTNA03.cif,tests/data/csd_families/CTMTNA/CTMTNA04.cif,10,0.13965554255992174,5,1.9608812360187893,
tests/data/csd_families/CUSALA/CUSALA.cif,tests/data/csd_families/CUSALA/CUSALA04.cif,10,0.018040506169199944,3,4.377226339454262,
tests/data/csd_families/CUSALA/CUSALA01.cif,tests/data/csd_families/CUSALA/CUSALA05.cif,10,0.017874852754175663,5,3.6243911632409964,
tests/data/csd_families/CYOCPD/CYOCPD.cif,tests/data/csd_families/CYOCPD/CYOCPD02.cif,10,0.08175984304398298,6,2.8940493371088225,
tests/data/csd_families/CYOCPD/CYOCPD.cif,tests/data/csd_families/CYOCPD/CYOCPD03.cif,10,0.07454354036599398,6,2.8767865951161156,
tests/data/csd_families/DBEZPO/DBEZPO.cif,tests/data/csd_families/DBEZPO/DBEZPO01.cif,10,0.04645451717078686,10,0.049850501730093984,
tests/data/csd_families/DBPHEN/DBPHEN04.cif,tests/data/csd_families/DBPHEN/DBPHEN05.cif,10,0.06269575096666813,6,1.6866390269497806,
tests/data/csd_families/DECVIQ/DECVIQ01.cif,tests/data/csd_families/DECVIQ/DECVIQ10.cif,10,0.030060619115829468,0,nan,
tests/data/csd_families/DECVIQ/DECVIQ01.cif,tests/data/csd_families/DECVIQ/DECVIQ11.cif,10,0.4983523329719901,1,13.423056225203807,
tests/data/csd_families/DERKOA/DERKOA10.cif,tests/data/csd_families/DERKOA/DERKOA11.cif,10,0.01015288196504116,0,nan,
tests/data/csd_families/DIBFAY/DIBFAY01.cif,tests/data/csd_families/DIBFAY/DIBFAY02.cif,10,0.023256992921233177,10,0.04266041696858947,
tests/data/csd_families/DIBFAY/DIBFAY02.cif,tests/data/csd_families/DIBFAY/DIBFAY03.cif,10,0.6361194755882025,10,0.06357981204954778,
tests/data/csd_families/DMSULO/DMSULO.cif,tests/data/csd_families/DMSULO/DMSULO05.cif,10,0.04874184541404247,10,0.09337723302665471,
tests/data/csd_families/ECUTUR/ECUTUR.cif,tests/data/csd_families/ECUTUR/ECUTUR03.cif,10,0.03743487410247326,10,0.0432221948663241,
tests/data/csd_families/ECUTUR/ECUTUR01.cif,tests/data/csd_families/ECUTUR/ECUTUR02.cif,10,0.0428669061511755,10,0.5013493614309783,
tests/data/csd_families/ESAXAA/ESAXAA01.cif,tests/data/csd_families/ESAXAA/ESAXAA03.cif,10,0.08420606516301632,10,0.04277863174887245,
tests/data/csd_families/EXIPUY/EXIPUY01.cif,tests/data/csd_families/EXIPUY/EXIPUY02.cif,10,0.011861640959978104,0,nan,
tests/data/csd_families/FINSOK/FINSOK01.cif,tests/data/csd_families/FINSOK/FINSOK12.cif,10,12.314541085623205,3,6.999368798208266,
tests/data/csd_families/FINSOK/FINSOK11.cif,tests/data/csd_families/FINSOK/FINSOK12.cif,10,0.14728024322539568,0,nan,
tests/data/csd_families/FIWFOH/FIWFOH03.cif,tests/data/csd_families/FIWFOH/FIWFOH04.cif,10,0.01071724109351635,10,0.012480000924304254,
tests/data/csd_families/FOHCOU/FOHCOU01.cif,tests/data/csd_families/FOHCOU/FOHCOU02.cif,10,0.5013839667662978,10,0.0035330249783979205,
tests/data/csd_families/FULPIM/FULPIM.cif,tests/data/csd_families/FULPIM/FULPIM02.cif,10,0.02282886579632759,10,0.011010586208957316,
tests/data/csd_families/FUTSES/FUTSES.cif,tests/data/csd_families/FUTSES/FUTSES01.cif,10,0.1313412133604288,10,0.028740357845176506,
tests/data/csd_families/GLYCIN/GLYCIN01.cif,tests/data/csd_families/GLYCIN/GLYCIN02.cif,10,0.024937632493674755,6,0.8305122112880383,
tests/data/csd_families/HAGWAP/HAGWAP01.cif,tests/data/csd_families/HAGWAP/HAGWAP03.cif,10,0.009579992853105068,10,0.056765820832933155,
tests/data/csd_families/HAWGAO/HAWGAO.cif,tests/data/csd_families/HAWGAO/HAWGAO03.cif,10,0.07362189516425133,10,0.014315094743081147,
tests/data/csd_families/HEWRAD/HEWRAD.cif,tests/data/csd_families/HEWRAD/HEWRAD03.cif,10,0.0167783135548234,10,0.011781886066162497,
tests/data/csd_families/HEZQIN/HEZQIN01.cif,tests/data/csd_families/HEZQIN/HEZQIN04.cif,10,0.03151361271739006,3,2.311514265345664,
tests/data/csd_families/HOGBUD/HOGBUD.cif,tests/data/csd_families/HOGBUD/HOGBUD04.cif,10,0.1512135388329625,2,1.5529236061260236,
tests/data/csd_families/IDODIQ/IDODIQ.cif,tests/data/csd_families/IDODIQ/IDODIQ01.cif,10,0.09420553501695395,10,0.04760974179464907,
tests/data/csd_families/IFUXEN/IFUXEN.cif,tests/data/csd_families/IFUXEN/IFUXEN03.cif,10,0.013024580664932728,3,1.7190551974992716,
tests/data/csd_families/IFUXEN/IFUXEN02.cif,tests/data/csd_families/IFUXEN/IFUXEN03.cif,10,0.01272379606962204,5,3.0055467614894242,
tests/data/csd_families/ILUTIV/ILUTIV.cif,tests/data/csd_families/ILUTIV/ILUTIV01.cif,10,0.11108984053134918,6,4.7793866453490725,
tests/data/csd_families/IPTCNI/IPTCNI10.cif,tests/data/csd_families/IPTCNI/IPTCNI13.cif,10,0.23459990974515676,10,0.7063811447102184,
tests/data/csd_families/IYEBUJ/IYEBUJ.cif,tests/data/csd_families/IYEBUJ/IYEBUJ01.cif,10,0.04534355830401182,3,1.5412943587606716,
tests/data/csd_families/IYEBUJ/IYEBUJ01.cif,tests/data/csd_families/IYEBUJ/IYEBUJ03.cif,10,0.04750868398696184,3,2.979676160657738,
tests/data/csd_families/IYEBUJ/IYEBUJ02.cif,tests/data/csd_families/IYEBUJ/IYEBUJ03.cif,10,0.03901417087763548,10,0.1621634371242182,
tests/data/csd_families/IZOJUF/IZOJUF01.cif,tests/data/csd_families/IZOJUF/IZOJUF03.cif,10,0.03141479194164276,2,2.174303248216062,
tests/data/csd_families/JEGMER/JEGMER03.cif,tests/data/csd_families/JEGMER/JEGMER04.cif,10,0.04174915701150894,10,0.01964434074813306,
tests/data/csd_families/JEXKUS/JEXKUS.cif,tests/data/csd_families/JEXKUS/JEXKUS03.cif,10,0.019871125929057598,10,0.037716699446855254,
tests/data/csd_families/JOFJEW/JOFJEW03.cif,tests/data/csd_families/JOFJEW/JOFJEW04.cif,10,0.04539836850017309,10,0.005485571005173844,
tests/data/csd_families/KANZEE/KANZEE02.cif,tests/data/csd_families/KANZEE/KANZEE03.cif,10,0.4999774321913719,10,0.11986098916902324,
tests/data/csd_families/KANZEE/KANZEE02.cif,tests/data/csd_families/KANZEE/KANZEE04.cif,10,0.4825817281380296,10,0.15462177902802757,
tests/data/csd_families/KHMALA/KHMALA.cif,tests/data/csd_families/KHMALA/KHMALA12.cif,10,0.01203124225139618,3,1.7153325112804914,
tests/data/csd_families/KIXKAD/KIXKAD.cif,tests/data/csd_families/KIXKAD/KIXKAD03.cif,10,0.022238905541598797,10,0.005653802504626566,
tests/data/csd_families/LAGHOQ/LAGHOQ02.cif,tests/data/csd_families/LAGHOQ/LAGHOQ03.cif,10,0.01805909536778927,10,0.007909219663240354,
tests/data/csd_families/LALNIN/LALNIN.cif,tests/data/csd_families/LALNIN/LALNIN14.cif,10,0.02960493043065071,10,0.011792032960563926,
tests/data/csd_families/LALNIN/LALNIN01.cif,tests/data/csd_families/LALNIN/LALNIN14.cif,10,0.02828098926693201,10,0.012140949667226453,
tests/data/csd_families/LSERIN/LSERIN11.cif,tests/data/csd_families/LSERIN/LSERIN12.cif,10,0.021161509677767754,10,0.08615441768607189,
tests/data/csd_families/MATRNO/MATRNO01.cif,tests/data/csd_families/MATRNO/MATRNO02.cif,10,0.03345710597932339,5,1.22193831815382,
tests/data/csd_families/MEBXID/MEBXID03.cif,tests/data/csd_families/MEBXID/MEBXID04.cif,10,0.0164591483771801,10,0.04893801278093366,
tests/data/csd_families/MEUREA/MEUREA02.cif,tests/data/csd_families/MEUREA/MEUREA03.cif,10,0.008883791044354439,10,0.635069764559836,
tests/data/csd_families/MPECXP/MPECXP.cif,tests/data/csd_families/MPECXP/MPECXP01.cif,10,0.017927514389157295,10,0.027779372578308745,
tests/data/csd_families/NCKLCN/NCKLCN01.cif,tests/data/csd_families/NCKLCN/NCKLCN04.cif,10,0.01660179067403078,0,nan,
tests/data/csd_families/NIRJAA/NIRJAA03.cif,tests/data/csd_families/NIRJAA/NIRJAA04.cif,10,0.020825043320655823,10,0.07354139673967498,
tests/data/csd_families/NPOFNP/NPOFNP.cif,tests/data/csd_families/NPOFNP/NPOFNP02.cif,10,0.04068370908498764,10,0.237931949188209,
tests/data/csd_families/OFESAL/OFESAL.cif,tests/data/csd_families/OFESAL/OFESAL04.cif,10,0.05641929525882006,5,5.722695105806833,
tests/data/csd_families/ONITAN/ONITAN.cif,tests/data/csd_families/ONITAN/ONITAN03.cif,10,0.045870465226471424,7,1.611844724842636,
tests/data/csd_families/ONITAN/ONITAN01.cif,tests/data/csd_families/ONITAN/ONITAN02.cif,10,0.032184124924242496,10,0.07937308728676487,
tests/data/csd_families/ONITAN/ONITAN02.cif,tests/data/csd_families/ONITAN/ONITAN03.cif,10,0.053873960860073566,7,1.5928142612427887,
tests/data/csd_families/ONITAN/ONITAN02.cif,tests/data/csd_families/ONITAN/ONITAN04.cif,10,0.03164346609264612,10,0.06905264721502923,
tests/data/csd_families/ONITAN/ONITAN03.cif,tests/data/csd_families/ONITAN/ONITAN04.cif,10,0.050490815192461014,7,1.5685555099846693,
tests/data/csd_families/OPEVUD/OPEVUD01.cif,tests/data/csd_families/OPEVUD/OPEVUD02.cif,10,0.02916801441460848,10,0.04105790519866034,
tests/data/csd_families/OXALDH/OXALDH.cif,tests/data/csd_families/OXALDH/OXALDH01.cif,10,4.237980586476624,10,0.0005533834140242374,
tests/data/csd_families/OXALDH/OXALDH01.cif,tests/data/csd_families/OXALDH/OXALDH04.cif,10,4.250947310589254,10,0.001010907199644372,
tests/data/csd_families/PDHTEZ/PDHTEZ.cif,tests/data/csd_families/PDHTEZ/PDHTEZ01.cif,10,0.5611283956095576,5,2.3471672509449926,
tests/data/csd_families/PDHTEZ/PDHTEZ01.cif,tests/data/csd_families/PDHTEZ/PDHTEZ02.cif,10,0.4369795238599181,5,2.3549624164110625,
tests/data/csd_families/PDHTEZ/PDHTEZ01.cif,tests/data/csd_families/PDHTEZ/PDHTEZ04.cif,10,0.4259691992774606,5,2.3611572386409057,
tests/data/csd_families/PDHTEZ/PDHTEZ02.cif,tests/data/csd_families/PDHTEZ/PDHTEZ03.cif,10,0.01952977105975151,10,0.02334514695996981,
tests/data/csd_families/PUWYUD/PUWYUD02.cif,tests/data/csd_families/PUWYUD/PUWYUD03.cif,10,0.051163025200366974,10,0.03478850992720145,
tests/data/csd_families/QAHVIE/QAHVIE01.cif,tests/data/csd_families/QAHVIE/QAHVIE12.cif,10,0.034321040846407413,3,4.241874339351681,
tests/data/csd_families/QAHWUU/QAHWUU.cif,tests/data/csd_families/QAHWUU/QAHWUU01.cif,10,0.05078035965561867,10,0.09068053878648155,
tests/data/csd_families/QAHWUU/QAHWUU01.cif,tests/data/csd_families/QAHWUU/QAHWUU04.cif,10,0.05386206042021513,4,3.3651051195998813,
tests/data/csd_families/QAHWUU/QAHWUU02.cif,tests/data/csd_families/QAHWUU/QAHWUU04.cif,10,0.03229464590549469,3,1.0208681365119703,
tests/data/csd_families/QAHWUU/QAHWUU03.cif,tests/data/csd_families/QAHWUU/QAHWUU04.cif,10,0.0288501288741827,3,2.167678958210776,
tests/data/csd_families/QAPNAZ/QAPNAZ01.cif,tests/data/csd_families/QAPNAZ/QAPNAZ03.cif,10,0.0615836912766099,10,0.04705965864083711,
tests/data/csd_families/QODLAZ/QODLAZ.cif,tests/data/csd_families/QODLAZ/QODLAZ01.cif,10,0.01620173454284668,10,0.027755573996626714,
tests/data/csd_families/ROLMUA/ROLMUA.cif,tests/data/csd_families/ROLMUA/ROLMUA03.cif,10,0.20414055418223143,6,2.039074931203854,
tests/data/csd_families/RUVTOR/RUVTOR.cif,tests/data/csd_families/RUVTOR/RUVTOR02.cif,10,0.08566084038466215,10,0.024664377716065992,
tests/data/csd_families/SAQTOT/SAQTOT01.cif,tests/data/csd_families/SAQTOT/SAQTOT02.cif,10,0.017246032133698463,10,0.049917871074677246,
tests/data/csd_families/SAQTOT/SAQTOT02.cif,tests/data/csd_families/SAQTOT/SAQTOT03.cif,10,0.02043855655938387,10,0.03431831335424257,
tests/data/csd_families/SAQTOT/SAQTOT02.cif,tests/data/csd_families/SAQTOT/SAQTOT04.cif,10,0.0165362898260355,10,0.06420748195061701,
tests/data/csd_families/SETNEO/SETNEO.cif,tests/data/csd_families/SETNEO/SETNEO01.cif,10,0.020100990310311317,10,0.007430179431366554,
tests/data/csd_families/SETNEO/SETNEO03.cif,tests/data/csd_families/SETNEO/SETNEO04.cif,10,0.019251465797424316,10,0.007959094879699676,
tests/data/csd_families/TAPYEP/TAPYEP.cif,tests/data/csd_families/TAPYEP/TAPYEP05.cif,10,0.03784941975027323,10,0.02439027206922349,
tests/data/csd_families/TAVKUX/TAVKUX06.cif,tests/data/csd_families/TAVKUX/TAVKUX09.cif,10,0.47133883740752935,10,0.10942881452461431,
tests/data/csd_families/TAZDNC/TAZDNC04.cif,tests/data/csd_families/TAZDNC/TAZDNC06.cif,10,0.019394547678530216,10,0.024227671672885778,
tests/data/csd_families/TCBENQ/TCBENQ02.cif,tests/data/csd_families/TCBENQ/TCBENQ03.cif,10,0.027915852144360542,10,0.23679856923503304,
tests/data/csd_families/TETBBZ/TETBBZ01.cif,tests/data/csd_families/TETBBZ/TETBBZ04.cif,10,0.028601543977856636,10,0.14296819292859314,
tests/data/csd_families/TEYDAC/TEYDAC.cif,tests/data/csd_families/TEYDAC/TEYDAC06.cif,10,0.15471896901726723,10,0.06958843110072951,
tests/data/csd_families/TILRAJ/TILRAJ.cif,tests/data/csd_families/TILRAJ/TILRAJ01.cif,10,0.02374246157705784,0,nan,
tests/data/csd_families/TISPUI/TISPUI02.cif,tests/data/csd_families/TISPUI/TISPUI04.cif,10,0.2065052753314376,10,0.04937206491589176,
tests/data/csd_families/TMAMOH/TMAMOH.cif,tests/data/csd_families/TMAMOH/TMAMOH03.cif,10,0.4954447951167822,10,0.13646972467117183,
tests/data/csd_families/TOJHIK/TOJHIK01.cif,tests/data/csd_families/TOJHIK/TOJHIK02.cif,10,0.22599688544869423,10,0.026744562108569937,
tests/data/csd_families/TPHMET/TPHMET01.cif,tests/data/csd_families/TPHMET/TPHMET11.cif,10,0.06465987395495176,10,0.014600250829493403,
tests/data/csd_families/TPHMET/TPHMET02.cif,tests/data/csd_families/TPHMET/TPHMET11.cif,10,0.06030443124473095,10,0.1617848561967391,
tests/data/csd_families/TPSNCL/TPSNCL01.cif,tests/data/csd_families/TPSNCL/TPSNCL03.cif,10,0.4326121211051941,5,3.2159870156361867,
tests/data/csd_families/TRIPHE/TRIPHE.cif,tests/data/csd_families/TRIPHE/TRIPHE15.cif,10,1.3881266145035625,10,0.09189267157613232,
tests/data/csd_families/TRIPHE/TRIPHE12.cif,tests/data/csd_families/TRIPHE/TRIPHE13.cif,10,0.831465732306242,10,0.01206675789111842,
tests/data/csd_families/TUXFIC/TUXFIC.cif,tests/data/csd_families/TUXFIC/TUXFIC01.cif,10,0.01934252865612507,10,0.09581994201264696,
tests/data/csd_families/TUXFIC/TUXFIC02.cif,tests/data/csd_families/TUXFIC/TUXFIC03.cif,10,0.025423080660402775,10,0.0059335998602116176,
tests/data/csd_families/VELBOD/VELBOD10.cif,tests/data/csd_families/VELBOD/VELBOD11.cif,10,0.8736929567530751,10,0.09211645938383523,
tests/data/csd_families/VILGAC/VILGAC.cif,tests/data/csd_families/VILGAC/VILGAC03.cif,10,0.8480198429897428,10,0.2304850953995304,
tests/data/csd_families/VILGAC/VILGAC01.cif,tests/data/csd_families/VILGAC/VILGAC02.cif,10,0.05173214431852102,10,0.1297708824048679,
tests/data/csd_families/VIPJUA/VIPJUA.cif,tests/data/csd_families/VIPJUA/VIPJUA01.cif,10,0.026515059173107147,10,0.16909354448582917,
tests/data/csd_families/VITDEL/VITDEL.cif,tests/data/csd_families/VITDEL/VITDEL01.cif,10,0.014045437797904015,3,1.9732742417445235,
tests/data/csd_families/VITDEL/VITDEL.cif,tests/data/csd_families/VITDEL/VITDEL02.cif,10,0.011372732929885387,3,2.743374530199209,
tests/data/csd_families/WATCID/WATCID10.cif,tests/data/csd_families/WATCID/WATCID11.cif,10,0.032379887998104095,10,0.028192066636505843,
tests/data/csd_families/WULMOJ/WULMOJ.cif,tests/data/csd_families/WULMOJ/WULMOJ01.cif,10,0.029923276975750923,4,2.31040901787476,
tests/data/csd_families/WULMOJ/WULMOJ.cif,tests/data/csd_families/WULMOJ/WULMOJ04.cif,10,0.029596940614283085,4,2.305986969361983,
tests/data/csd_families/XEFDER/XEFDER.cif,tests/data/csd_families/XEFDER/XEFDER02.cif,10,0.045660633593797684,10,0.06830985764940851,
tests/data/csd_families/XIHVUG/XIHVUG01.cif,tests/data/csd_families/XIHVUG/XIHVUG02.cif,10,0.02603740058839321,10,0.06981156252086054,
tests/data/csd_families/XYLTOL/XYLTOL02.cif,tests/data/csd_families/XYLTOL/XYLTOL03.cif,10,0.0248403400182724,10,0.0030862301895854018,
tests/data/csd_families/YAKNUU/YAKNUU.cif,tests/data/csd_families/YAKNUU/YAKNUU01.cif,10,0.09003388322889805,4,3.683073122257369,
tests/data/csd_families/YAKNUU/YAKNUU01.cif,tests/data/csd_families/YAKNUU/YAKNUU02.cif,10,0.09051688201725483,4,3.693310456066369,
tests/data/csd_families/YAXYUV/YAXYUV.cif,tests/data/csd_families/YAXYUV/YAXYUV02.cif,10,0.05203864071518183,10,0.02434631958633594,
tests/data/csd_families/YEXSAV/YEXSAV01.cif,tests/data/csd_families/YEXSAV/YEXSAV02.cif,10,0.01735029462724924,10,0.008318924030970459,
tests/data/csd_families/YIDDAU/YIDDAU01.cif,tests/data/csd_families/YIDDAU/YIDDAU07.cif,10,0.09408440254628658,0,nan,
tests/data/csd_families/YUXZIB/YUXZIB01.cif,tests/data/csd_families/YUXZIB/YUXZIB03.cif,10,0.1218795133754611,10,0.15879346628187707,
tests/data/csd_families/ZAPFED/ZAPFED.cif,tests/data/csd_families/ZAPFED/ZAPFED01.cif,10,0.3645951794460416,2,1.2952403143864348,
tests/data/csd_families/ZEYVAA/ZEYVAA02.cif,tests/data/csd_families/ZEYVAA/ZEYVAA10.cif,10,0.026817054487764835,10,0.016597784058904615,
tests/data/csd_families/ZZZPPI/ZZZPPI01.cif,tests/data/csd_families/ZZZPPI/ZZZPPI04.cif,10,0.007915294729173183,0,nan,
tests/data/csd_families/ZZZPPI/ZZZPPI02.cif,tests/data/csd_families/ZZZPPI/ZZZPPI04.cif,10,0.010572399012744427,0,nan,
tests/data/csd_families/ZZZPPI/ZZZPPI04.cif,tests/data/csd_families/ZZZPPI/ZZZPPI05.cif,10,0.010645460337400436,0,nan,
tests/data/experimental/ROY/QAXMEH24.cif,tests/data/experimental/ROY/QAXMEH27.cif,10,0.013097012415528297,5,4.60729443414811,
tests/data/experimental/ROY/QAXMEH24.cif,tests/data/experimental/ROY/QAXMEH28.cif,10,0.012724374420940876,3,2.270644032983222,
tests/data/experimental/ROY/QAXMEH24.cif,tests/data/experimental/ROY/QAXMEH90_O22.cif,10,0.012876478023827076,2,1.988674965816967,
tests/data/experimental/ROY/QAXMEH24.cif,tests/data/experimental/ROY/ROY_PO13.cif,10,0.013602630235254765,4,3.9561862396888428,
tests/data/experimental/ROY/QAXMEH24.cif,tests/data/experimental/ROY/ROY_R05.cif,10,0.03835213929414749,3,3.5250682566648184,
tests/data/experimental/ROY/QAXMEH26.cif,tests/data/experimental/ROY/QAXMEH28.cif,10,0.014710239134728909,4,1.7045758572816743,
tests/data/experimental/ROY/QAXMEH26.cif,tests/data/experimental/ROY/QAXMEH90_O22.cif,10,0.01358632929623127,3,0.6442308282561783,
tests/data/experimental/ROY/QAXMEH26.cif,tests/data/experimental/ROY/ROY_Y19.cif,10,0.015541862696409225,4,2.1431606562334973,
tests/data/experimental/ROY/QAXMEH26.cif,tests/data/experimental/ROY/YT04.cif,10,0.01306191086769104,4,2.040904094648835,
tests/data/experimental/ROY/QAXMEH27.cif,tests/data/experimental/ROY/ROY_PO13.cif,10,0.016653631813824177,3,1.6542695228275754,
tests/data/experimental/ROY/QAXMEH27.cif,tests/data/experimental/ROY/ROY_Y_ambient.cif,10,0.013887545093894005,3,1.630532293679434,
tests/data/experimental/ROY/QAXMEH27.cif,tests/data/experimental/ROY/Y04.cif,10,0.013375346548855305,3,1.3334347654160992,
tests/data/experimental/ROY/QAXMEH28.cif,tests/data/experimental/ROY/QAXMEH90_O22.cif,10,0.01350029930472374,4,3.5866003354446936,
tests/data/experimental/ROY/QAXMEH28.cif,tests/data/experimental/ROY/ROY_Y19.cif,10,0.018208547495305538,4,2.2443191129589866,
tests/data/experimental/ROY/QAXMEH29.cif,tests/data/experimental/ROY/ROY_R05.cif,10,0.03524125646799803,4,3.533232584690131,
tests/data/experimental/ROY/QAXMEH29.cif,tests/data/experimental/ROY/ROY_Y_ambient.cif,10,0.014947732910513878,3,2.4111008966811545,
tests/data/experimental/ROY/QAXMEH29.cif,tests/data/experimental/ROY/YT04.cif,10,0.01533346064388752,4,2.7699550869453655,
tests/data/experimental/ROY/QAXMEH90_O22.cif,tests/data/experimental/ROY/ROY_PO13.cif,10,0.01384702417999506,3,3.0028453647153786,
tests/data/experimental/ROY/QAXMEH90_O22.cif,tests/data/experimental/ROY/Y04.cif,10,0.013888564892113209,5,2.568479240944609,
tests/data/experimental/ROY/QAXMEH90_O22.cif,tests/data/experimental/ROY/mrp180010_fa.cif,10,0.019442769698798656,3,1.0415804408546128,
tests/data/experimental/ROY/ROY_R05.cif,tests/data/experimental/ROY/Y04.cif,10,0.032158815301954746,3,1.1701598431442086,
tests/data/experimental/ROY/ROY_Y19.cif,tests/data/experimental/ROY/mrp180010_fa.cif,10,0.02056103851646185,4,2.920907385314916,
tests/data/experimental/ROY/Y04.cif,tests/data/experimental/ROY/YT04.cif,10,0.012747845612466335,7,2.9894305789622133,
tests/data/experimental/ROY/Y04.cif,tests/data/experimental/ROY/mrp180010_fa.cif,10,0.018348990008234978,4,3.8361954836233436,
tests/data/experimental/Ritonavir/YIGPIO03.cif,tests/data/experimental/Ritonavir/YIGPIO04.cif,10,0.15801316406577826,1,3.537749552034184,
tests/data/experimental/Ritonavir/YIGPIO03.cif,tests/data/experimental/Ritonavir/YIGPIO06.cif,10,0.13669908232986927,1,3.4718295809277433,
tests/data/experimental/Ritonavir/YIGPIO05.cif,tests/data/experimental/Ritonavir/YIGPIO10.cif,10,0.09172348212450743,1,1.923217353287923,
tests/data/experimental/Ritonavir/YIGPIO06.cif,tests/data/experimental/Ritonavir/YIGPIO10.cif,10,0.13272808771580458,1,1.9171015499246125,
tests/data/experimental/Ritonavir/YIGPIO07.cif,tests/data/experimental/Ritonavir/YIGPIO10.cif,10,0.08165775239467621,1,2.9804768448645933,
tests/data/experimental/galunisertib/Galunisertib_FORM_I.cif,tests/data/experimental/galunisertib/Galunisertib_FORM_IV.cif,10,0.029450188390910625,5,3.1018967189931077,
tests/data/experimental/galunisertib/Galunisertib_FORM_I.cif,tests/data/experimental/galunisertib/Galunisertib_FORM_IX.cif,10,0.018640385940670967,4,5.191212006087139,
tests/data/experimental/galunisertib/Galunisertib_FORM_II.cif,tests/data/experimental/galunisertib/Galunisertib_FORM_IX.cif,10,0.019841905683279037,5,0.5438254178099665,
tests/data/experimental/galunisertib/Galunisertib_FORM_II.cif,tests/data/experimental/galunisertib/Galunisertib_FORM_V.cif,10,0.018195638433098793,2,0.6293696657653546,
tests/data/experimental/galunisertib/Galunisertib_FORM_II.cif,tests/data/experimental/galunisertib/Galunisertib_FORM_X.cif,10,0.01789810322225094,2,2.524114767202649,
tests/data/experimental/galunisertib/Galunisertib_FORM_II.cif,tests/data/experimental/galunisertib/Galunisertib_Form_VII.cif,10,0.030074268579483032,6,2.3634188521683073,
tests/data/experimental/galunisertib/Galunisertib_FORM_III.cif,tests/data/experimental/galunisertib/Galunisertib_FORM_VI.cif,10,0.016719133593142033,2,2.3002121369027946,
tests/data/experimental/galunisertib/Galunisertib_FORM_III.cif,tests/data/experimental/galunisertib/Galunisertib_FORM_VIII.cif,10,0.01808023639023304,3,2.1172930324665877,
tests/data/experimental/galunisertib/Galunisertib_FORM_V.cif,tests/data/experimental/galunisertib/Galunisertib_FORM_VIII.cif,10,0.020444276742637157,5,0.566415365937028,
tests/data/experimental/galunisertib/Galunisertib_FORM_VI.cif,tests/data/experimental/galunisertib/Galunisertib_FORM_VIII.cif,10,0.019211094826459885,4,2.0819541695104227,
tests/data/experimental/galunisertib/Galunisertib_FORM_VIII.cif,tests/data/experimental/galunisertib/Galunisertib_FORM_X.cif,10,0.019795695319771767,2,1.4837613232402262,
tests/data/csd_families/ABEKUN/ABEKUN.cif,tests/data/csd_families/ABEKUN/ABEKUN02.cif,15,0.0945634888485074,7,2.192239755268862,
tests/data/csd_families/ABEKUN/ABEKUN02.cif,tests/data/csd_families/ABEKUN/ABEKUN04.cif,15,0.09228342119604349,7,2.19450320339267,
tests/data/csd_families/ALOCOW/ALOCOW01.cif,tests/data/csd_families/ALOCOW/ALOCOW03.cif,15,0.05235728621482849,15,0.08380374048971251,
tests/data/csd_families/ALOCOW/ALOCOW03.cif,tests/data/csd_families/ALOCOW/ALOCOW04.cif,15,0.04753357358276844,15,1.8308037265081805,
tests/data/csd_families/AMBACO/AMBACO05.cif,tests/data/csd_families/AMBACO/AMBACO06.cif,15,0.4290484469383955,7,0.7868931020868543,
tests/data/csd_families/AMBNAC/AMBNAC01.cif,tests/data/csd_families/AMBNAC/AMBNAC04.cif,15,0.30886095482856035,7,2.266910725277505,
tests/data/csd_families/AMBNAC/AMBNAC04.cif,tests/data/csd_families/AMBNAC/AMBNAC07.cif,15,0.2664861986413598,7,2.3280863402979146,
tests/data/csd_families/AQACNI/AQACNI.cif,tests/data/csd_families/AQACNI/AQACNI01.cif,15,0.03503021318465471,15,0.13133103023785409,
tests/data/csd_families/AQACNI/AQACNI01.cif,tests/data/csd_families/AQACNI/AQACNI02.cif,15,0.033903212286531925,15,0.4686999894071441,
tests/data/csd_families/AVOWUD/AVOWUD.cif,tests/data/csd_families/AVOWUD/AVOWUD02.cif,15,2.663904372602701,15,0.19678285011923843,
tests/data/csd_families/AWENUO/AWENUO01.cif,tests/data/csd_families/AWENUO/AWENUO02.cif,15,3.613349317573011,15,0.031735989557890386,
tests/data/csd_families/AWENUO/AWENUO02.cif,tests/data/csd_families/AWENUO/AWENUO03.cif,15,1.1182389110326767,15,0.08440525328574151,
tests/data/csd_families/AWENUO/AWENUO02.cif,tests/data/csd_families/AWENUO/AWENUO04.cif,15,0.9562465092167258,15,0.035837843940414726,
tests/data/csd_families/BACKOK/BACKOK.cif,tests/data/csd_families/BACKOK/BACKOK03.cif,15,0.03503203298896551,15,0.038267530291831185,
tests/data/csd_families/BACKOK/BACKOK01.cif,tests/data/csd_families/BACKOK/BACKOK02.cif,15,0.05983223207294941,15,0.0339572682159954,
tests/data/csd_families/BAZGOY/BAZGOY.cif,tests/data/csd_families/BAZGOY/BAZGOY04.cif,15,1.1348649198189378,15,0.55968275405789,
tests/data/csd_families/BAZGOY/BAZGOY01.cif,tests/data/csd_families/BAZGOY/BAZGOY04.cif,15,0.34646930266171694,15,0.49498739082141147,
tests/data/csd_families/BBENAN/BBENAN.cif,tests/data/csd_families/BBENAN/BBENAN03.cif,15,0.08117529470473528,15,0.19539396240004936,
tests/data/csd_families/BBENAN/BBENAN01.cif,tests/data/csd_families/BBENAN/BBENAN03.cif,15,0.10300623252987862,15,0.09878519503659838,
tests/data/csd_families/BENZAC/BENZAC.cif,tests/data/csd_families/BENZAC/BENZAC01.cif,15,0.23141125589609146,15,0.056800597782205406,
tests/data/csd_families/BENZAC/BENZAC07.cif,tests/data/csd_families/BENZAC/BENZAC08.cif,15,0.02150943409651518,15,0.017357458588240494,
tests/data/csd_families/BOBVIY/BOBVIY04.cif,tests/data/csd_families/BOBVIY/BOBVIY05.cif,15,0.25630234740674496,15,0.83666475904361,
tests/data/csd_families/BUCACT/BUCACT.cif,tests/data/csd_families/BUCACT/BUCACT02.cif,15,0.03289999719709158,15,0.15624286400676052,
tests/data/csd_families/BUCACT/BUCACT02.cif,tests/data/csd_families/BUCACT/BUCACT03.cif,15,0.0721553098410368,15,0.05337277112685316,
tests/data/csd_families/BUCACT/BUCACT02.cif,tests/data/csd_families/BUCACT/BUCACT04.cif,15,0.07232928462326527,15,0.05715154553710194,
tests/data/csd_families/CAQHOV/CAQHOV02.cif,tests/data/csd_families/CAQHOV/CAQHOV03.cif,15,0.7622370272874832,15,0.14720145582941707,
tests/data/csd_families/CATDAE/CATDAE.cif,tests/data/csd_families/CATDAE/CATDAE01.cif,15,0.03403184562921524,4,2.19127487676799,
tests/data/csd_families/CATDAE/CATDAE.cif,tests/data/csd_families/CATDAE/CATDAE02.cif,15,0.03330162446945906,4,2.200873499991936,
tests/data/csd_families/CEGHED/CEGHED02.cif,tests/data/csd_families/CEGHED/CEGHED03.cif,15,0.7562625957652926,15,0.04229272103325859,
tests/data/csd_families/CEWNEZ/CEWNEZ.cif,tests/data/csd_families/CEWNEZ/CEWNEZ01.cif,15,0.17762664426118135,4,2.8339281781209578,
tests/data/csd_families/CEWNEZ/CEWNEZ01.cif,tests/data/csd_families/CEWNEZ/CEWNEZ02.cif,15,0.19118266366422176,4,2.832389478031902,
tests/data/csd_families/CIKLOZ/CIKLOZ.cif,tests/data/csd_families/CIKLOZ/CIKLOZ02.cif,15,0.029798484407365322,15,0.05143332943908088,
tests/data/csd_families/CITRAC/CITRAC11.cif,tests/data/csd_families/CITRAC/CITRAC12.cif,15,0.03840230964124203,15,0.0892005342691063,
tests/data/csd_families/COGJAM/COGJAM01.cif,tests/data/csd_families/COGJAM/COGJAM02.cif,15,0.38563705515116453,15,0.05614906618790184,
tests/data/csd_families/CTMTNA/CTMTNA.cif,tests/data/csd_families/CTMTNA/CTMTNA04.cif,15,1.4461334347724915,7,3.121630253479902,
tests/data/csd_families/CTMTNA/CTMTNA02.cif,tests/data/csd_families/CTMTNA/CTMTNA04.cif,15,3.8609634349122643,7,2.6632539748865174,
tests/data/csd_families/CTMTNA/CTMTNA03.cif,tests/data/csd_families/CTMTNA/CTMTNA04.cif,15,1.8892831560224295,7,3.141612491322774,
tests/data/csd_families/CUSALA/CUSALA.cif,tests/data/csd_families/CUSALA/CUSALA04.cif,15,0.04995625466108322,5,4.342809145800416,
tests/data/csd_families/CUSALA/CUSALA01.cif,tests/data/csd_families/CUSALA/CUSALA05.cif,15,0.0711842030286789,5,2.9332477591821897,
tests/data/csd_families/CYOCPD/CYOCPD.cif,tests/data/csd_families/CYOCPD/CYOCPD02.cif,15,0.7656298819929361,7,2.28283758294767,
tests/data/csd_families/CYOCPD/CYOCPD.cif,tests/data/csd_families/CYOCPD/CYOCPD03.cif,15,0.683848007582128,7,2.324369893111033,
tests/data/csd_families/DBEZPO/DBEZPO.cif,tests/data/csd_families/DBEZPO/DBEZPO01.cif,15,0.14220692589879036,15,0.06133361687068781,
tests/data/csd_families/DBPHEN/DBPHEN04.cif,tests/data/csd_families/DBPHEN/DBPHEN05.cif,15,0.7709422996267676,7,1.6828848947913637,
tests/data/csd_families/DECVIQ/DECVIQ01.cif,tests/data/csd_families/DECVIQ/DECVIQ10.cif,15,0.04645996540784836,0,nan,
tests/data/csd_families/DECVIQ/DECVIQ01.cif,tests/data/csd_families/DECVIQ/DECVIQ11.cif,15,0.8221809267997742,1,13.549188392665222,
tests/data/csd_families/DERKOA/DERKOA10.cif,tests/data/csd_families/DERKOA/DERKOA11.cif,15,0.015804427675902843,0,nan,
tests/data/csd_families/DIBFAY/DIBFAY01.cif,tests/data/csd_families/DIBFAY/DIBFAY02.cif,15,0.040697659365832806,15,0.051403156644819974,
tests/data/csd_families/DIBFAY/DIBFAY02.cif,tests/data/csd_families/DIBFAY/DIBFAY03.cif,15,1.0407455079257488,15,0.06692890853608444,
tests/data/csd_families/DMSULO/DMSULO.cif,tests/data/csd_families/DMSULO/DMSULO05.cif,15,0.06303121522068977,15,0.10103769998701238,
tests/data/csd_families/ECUTUR/ECUTUR.cif,tests/data/csd_families/ECUTUR/ECUTUR03.cif,15,0.34136942587792873,15,0.04496774287187356,
tests/data/csd_families/ECUTUR/ECUTUR01.cif,tests/data/csd_families/ECUTUR/ECUTUR02.cif,15,0.7286266889423132,15,0.5129083725679634,
tests/data/csd_families/ESAXAA/ESAXAA01.cif,tests/data/csd_families/ESAXAA/ESAXAA03.cif,15,1.8145168712362647,15,0.04021114299481389,
tests/data/csd_families/EXIPUY/EXIPUY01.cif,tests/data/csd_families/EXIPUY/EXIPUY02.cif,15,0.024474474601447582,0,nan,
tests/data/csd_families/FINSOK/FINSOK01.cif,tests/data/csd_families/FINSOK/FINSOK12.cif,15,22.848197336308658,5,8.40453397184899,
tests/data/csd_families/FINSOK/FINSOK11.cif,tests/data/csd_families/FINSOK/FINSOK12.cif,15,0.1976063633337617,0,nan,
tests/data/csd_families/FIWFOH/FIWFOH03.cif,tests/data/csd_families/FIWFOH/FIWFOH04.cif,15,0.018809057772159576,15,0.013590315505039387,
tests/data/csd_families/FOHCOU/FOHCOU01.cif,tests/data/csd_families/FOHCOU/FOHCOU02.cif,15,0.5504426341503859,15,0.003534212848811677,
tests/data/csd_families/FULPIM/FULPIM.cif,tests/data/csd_families/FULPIM/FULPIM02.cif,15,0.039709302596747875,15,0.012045361979109482,
tests/data/csd_families/FUTSES/FUTSES.cif,tests/data/csd_families/FUTSES/FUTSES01.cif,15,0.20911615900695324,15,0.029172687107160675,
tests/data/csd_families/GLYCIN/GLYCIN01.cif,tests/data/csd_families/GLYCIN/GLYCIN02.cif,15,0.16034127213060856,7,0.8431181468035177,
tests/data/csd_families/HAGWAP/HAGWAP01.cif,tests/data/csd_families/HAGWAP/HAGWAP03.cif,15,0.01961621269583702,15,0.06949762519443584,
tests/data/csd_families/HAWGAO/HAWGAO.cif,tests/data/csd_families/HAWGAO/HAWGAO03.cif,15,0.1357896365225315,15,0.01568528179406087,
tests/data/csd_families/HEWRAD/HEWRAD.cif,tests/data/csd_families/HEWRAD/HEWRAD03.cif,15,0.027873900718986988,15,0.01132492943401278,
tests/data/csd_families/HEZQIN/HEZQIN01.cif,tests/data/csd_families/HEZQIN/HEZQIN04.cif,15,0.1047420920804143,4,2.221273173635919,
tests/data/csd_families/HOGBUD/HOGBUD.cif,tests/data/csd_families/HOGBUD/HOGBUD04.cif,15,1.2756194975227118,3,1.5084321607403395,
tests/data/csd_families/IDODIQ/IDODIQ.cif,tests/data/csd_families/IDODIQ/IDODIQ01.cif,15,0.7679564924910665,15,0.04791694386673872,
tests/data/csd_families/IFUXEN/IFUXEN.cif,tests/data/csd_families/IFUXEN/IFUXEN03.cif,15,0.03618650231510401,5,3.1790749427543217,
tests/data/csd_families/IFUXEN/IFUXEN02.cif,tests/data/csd_families/IFUXEN/IFUXEN03.cif,15,0.02760478761047125,5,3.0055467614894242,
tests/data/csd_families/ILUTIV/ILUTIV.cif,tests/data/csd_families/ILUTIV/ILUTIV01.cif,15,1.1824177531525493,6,3.498752657021658,
tests/data/csd_families/IPTCNI/IPTCNI10.cif,tests/data/csd_families/IPTCNI/IPTCNI13.cif,15,1.3861273918300867,15,0.6533191751094758,
tests/data/csd_families/IYEBUJ/IYEBUJ.cif,tests/data/csd_families/IYEBUJ/IYEBUJ01.cif,15,0.07337840273976326,4,3.3001734539957432,
tests/data/csd_families/IYEBUJ/IYEBUJ01.cif,tests/data/csd_families/IYEBUJ/IYEBUJ03.cif,15,0.08142661675810814,3,1.6687860139817,
tests/data/csd_families/IYEBUJ/IYEBUJ02.cif,tests/data/csd_families/IYEBUJ/IYEBUJ03.cif,15,0.06890508625656366,15,0.16469663897198197,
tests/data/csd_families/IZOJUF/IZOJUF01.cif,tests/data/csd_families/IZOJUF/IZOJUF03.cif,15,0.05471603572368622,2,2.174303248216062,
tests/data/csd_families/JEGMER/JEGMER03.cif,tests/data/csd_families/JEGMER/JEGMER04.cif,15,0.06758782267570496,15,0.0203634782583012,
tests/data/csd_families/JEXKUS/JEXKUS.cif,tests/data/csd_families/JEXKUS/JEXKUS03.cif,15,0.04445226211100817,15,0.03901697656610154,
tests/data/csd_families/JOFJEW/JOFJEW03.cif,tests/data/csd_families/JOFJEW/JOFJEW04.cif,15,0.10684780776500702,15,0.006455378499893299,
tests/data/csd_families/KANZEE/KANZEE02.cif,tests/data/csd_families/KANZEE/KANZEE03.cif,15,3.4919216334819794,15,0.15186767517649322,
tests/data/csd_families/KANZEE/KANZEE02.cif,tests/data/csd_families/KANZEE/KANZEE04.cif,15,3.621640032157302,15,0.1908746582282927,
tests/data/csd_families/KHMALA/KHMALA.cif,tests/data/csd_families/KHMALA/KHMALA12.cif,15,0.0351198548451066,5,1.7851372078074592,
tests/data/csd_families/KIXKAD/KIXKAD.cif,tests/data/csd_families/KIXKAD/KIXKAD03.cif,15,0.04734782222658396,15,0.0055475014042988225,
tests/data/csd_families/LAGHOQ/LAGHOQ02.cif,tests/data/csd_families/LAGHOQ/LAGHOQ03.cif,15,0.029138012789189816,15,0.00885911032124295,
tests/data/csd_families/LALNIN/LALNIN.cif,tests/data/csd_families/LALNIN/LALNIN14.cif,15,0.06027841940522194,15,0.01591731942830099,
tests/data/csd_families/LALNIN/LALNIN01.cif,tests/data/csd_families/LALNIN/LALNIN14.cif,15,0.05798914097249508,15,0.01550884311882991,
tests/data/csd_families/LSERIN/LSERIN11.cif,tests/data/csd_families/LSERIN/LSERIN12.cif,15,0.03996423538774252,15,0.09510777242741877,
tests/data/csd_families/MATRNO/MATRNO01.cif,tests/data/csd_families/MATRNO/MATRNO02.cif,15,0.0827800901606679,7,2.247465123174723,
tests/data/csd_families/MEBXID/MEBXID03.cif,tests/data/csd_families/MEBXID/MEBXID04.cif,15,0.038054125383496284,15,0.04688243632535619,
tests/data/csd_families/MEUREA/MEUREA02.cif,tests/data/csd_families/MEUREA/MEUREA03.cif,15,0.014950582757592201,15,0.7461513215177566,
tests/data/csd_families/MPECXP/MPECXP.cif,tests/data/csd_families/MPECXP/MPECXP01.cif,15,0.034163898788392544,15,0.03008510765360335,
tests/data/csd_families/NCKLCN/NCKLCN01.cif,tests/data/csd_families/NCKLCN/NCKLCN04.cif,15,0.025869857519865036,0,nan,
tests/data/csd_families/NIRJAA/NIRJAA03.cif,tests/data/csd_families/NIRJAA/NIRJAA04.cif,15,0.03594402875751257,15,0.07883910175731246,
tests/data/csd_families/NPOFNP/NPOFNP.cif,tests/data/csd_families/NPOFNP/NPOFNP02.cif,15,0.18725491780787706,15,0.26139683248404755,
tests/data/csd_families/OFESAL/OFESAL.cif,tests/data/csd_families/OFESAL/OFESAL04.cif,15,0.14170717727392912,5,4.407842136747669,
tests/data/csd_families/ONITAN/ONITAN.cif,tests/data/csd_families/ONITAN/ONITAN03.cif,15,0.11564698535948992,7,1.4525888550713204,
tests/data/csd_families/ONITAN/ONITAN01.cif,tests/data/csd_families/ONITAN/ONITAN02.cif,15,0.08988138101994991,15,0.08272898056175002,
tests/data/csd_families/ONITAN/ONITAN02.cif,tests/data/csd_families/ONITAN/ONITAN03.cif,15,0.12971136439591646,7,1.4353825504486575,
tests/data/csd_families/ONITAN/ONITAN02.cif,tests/data/csd_families/ONITAN/ONITAN04.cif,15,0.08966042660176754,15,0.07295856521786637,
tests/data/csd_families/ONITAN/ONITAN03.cif,tests/data/csd_families/ONITAN/ONITAN04.cif,15,0.11171716917306185,7,1.4068980947023546,
tests/data/csd_families/OPEVUD/OPEVUD01.cif,tests/data/csd_families/OPEVUD/OPEVUD02.cif,15,0.03964954148977995,15,0.04087271271848042,
tests/data/csd_families/OXALDH/OXALDH.cif,tests/data/csd_families/OXALDH/OXALDH01.cif,15,7.630392191931605,15,0.0005618171826888938,
tests/data/csd_families/OXALDH/OXALDH01.cif,tests/data/csd_families/OXALDH/OXALDH04.cif,15,7.150835781358182,15,0.0010259121692982724,
tests/data/csd_families/PDHTEZ/PDHTEZ.cif,tests/data/csd_families/PDHTEZ/PDHTEZ01.cif,15,3.7900742702186108,6,2.352741913373058,
tests/data/csd_families/PDHTEZ/PDHTEZ01.cif,tests/data/csd_families/PDHTEZ/PDHTEZ02.cif,15,2.870222445577383,6,2.360346461275843,
tests/data/csd_families/PDHTEZ/PDHTEZ01.cif,tests/data/csd_families/PDHTEZ/PDHTEZ04.cif,15,3.3961199577897787,6,2.366936079359099,
tests/data/csd_families/PDHTEZ/PDHTEZ02.cif,tests/data/csd_families/PDHTEZ/PDHTEZ03.cif,15,0.03103797510266304,15,0.023176106291947576,
tests/data/csd_families/PUWYUD/PUWYUD02.cif,tests/data/csd_families/PUWYUD/PUWYUD03.cif,15,0.10453148931264877,15,0.036858256340740185,
tests/data/csd_families/QAHVIE/QAHVIE01.cif,tests/data/csd_families/QAHVIE/QAHVIE12.cif,15,0.0651766424998641,3,3.1497752415689457,
tests/data/csd_families/QAHWUU/QAHWUU.cif,tests/data/csd_families/QAHWUU/QAHWUU01.cif,15,0.11587324179708958,15,0.09474467543993528,
tests/data/csd_families/QAHWUU/QAHWUU01.cif,tests/data/csd_families/QAHWUU/QAHWUU04.cif,15,0.09458861965686083,5,3.915034729658943,
tests/data/csd_families/QAHWUU/QAHWUU02.cif,tests/data/csd_families/QAHWUU/QAHWUU04.cif,15,0.0583604471758008,4,1.777311850282828,
tests/data/csd_families/QAHWUU/QAHWUU03.cif,tests/data/csd_families/QAHWUU/QAHWUU04.cif,15,0.05489683896303177,4,2.8744595751029487,
tests/data/csd_families/QAPNAZ/QAPNAZ01.cif,tests/data/csd_families/QAPNAZ/QAPNAZ03.cif,15,0.09242026414722204,15,0.05618955187721581,
tests/data/csd_families/QODLAZ/QODLAZ.cif,tests/data/csd_families/QODLAZ/QODLAZ01.cif,15,0.028983579948544502,15,0.026060194767495885,
tests/data/csd_families/ROLMUA/ROLMUA.cif,tests/data/csd_families/ROLMUA/ROLMUA03.cif,15,5.014160236343741,7,2.754591863811177,
tests/data/csd_families/RUVTOR/RUVTOR.cif,tests/data/csd_families/RUVTOR/RUVTOR02.cif,15,0.22915413696318865,15,0.027224031692528697,
tests/data/csd_families/SAQTOT/SAQTOT01.cif,tests/data/csd_families/SAQTOT/SAQTOT02.cif,15,0.03341922629624605,15,0.05527245437890249,
tests/data/csd_families/SAQTOT/SAQTOT02.cif,tests/data/csd_families/SAQTOT/SAQTOT03.cif,15,0.034683006815612316,15,0.038620347517241194,
tests/data/csd_families/SAQTOT/SAQTOT02.cif,tests/data/csd_families/SAQTOT/SAQTOT04.cif,15,0.03497981186956167,15,0.06751745589945984,
tests/data/csd_families/SETNEO/SETNEO.cif,tests/data/csd_families/SETNEO/SETNEO01.cif,15,0.036893174052238464,15,0.008222061868004631,
tests/data/csd_families/SETNEO/SETNEO03.cif,tests/data/csd_families/SETNEO/SETNEO04.cif,15,0.03734416235238314,15,0.008807256256958563,
tests/data/csd_families/TAPYEP/TAPYEP.cif,tests/data/csd_families/TAPYEP/TAPYEP05.cif,15,0.13691733684390783,15,0.028402088855538934,
tests/data/csd_families/TAVKUX/TAVKUX06.cif,tests/data/csd_families/TAVKUX/TAVKUX09.cif,15,0.7804319644346833,15,2.303206579271995,
tests/data/csd_families/TAZDNC/TAZDNC04.cif,tests/data/csd_families/TAZDNC/TAZDNC06.cif,15,0.03696857579052448,15,0.024059692274947874,
tests/data/csd_families/TCBENQ/TCBENQ02.cif,tests/data/csd_families/TCBENQ/TCBENQ03.cif,15,0.08491831738501787,15,0.2451936903530804,
tests/data/csd_families/TETBBZ/TETBBZ01.cif,tests/data/csd_families/TETBBZ/TETBBZ04.cif,15,0.051525562070310116,15,0.16121638404399946,
tests/data/csd_families/TEYDAC/TEYDAC.cif,tests/data/csd_families/TEYDAC/TEYDAC06.cif,15,0.7473705653101206,15,0.07399519805498599,
tests/data/csd_families/TILRAJ/TILRAJ.cif,tests/data/csd_families/TILRAJ/TILRAJ01.cif,15,0.03818066604435444,0,nan,
tests/data/csd_families/TISPUI/TISPUI02.cif,tests/data/csd_families/TISPUI/TISPUI04.cif,15,0.23943561129271984,15,0.04947138749487034,
tests/data/csd_families/TMAMOH/TMAMOH.cif,tests/data/csd_families/TMAMOH/TMAMOH03.cif,15,0.9053085874766111,15,0.18727111859028994,
tests/data/csd_families/TOJHIK/TOJHIK01.cif,tests/data/csd_families/TOJHIK/TOJHIK02.cif,15,1.312102161347866,15,0.028234405907497324,
tests/data/csd_families/TPHMET/TPHMET01.cif,tests/data/csd_families/TPHMET/TPHMET11.cif,15,0.12483778223395348,15,0.01527694453013186,
tests/data/csd_families/TPHMET/TPHMET02.cif,tests/data/csd_families/TPHMET/TPHMET11.cif,15,0.12852914538234472,15,0.16373147575149555,
tests/data/csd_families/TPSNCL/TPSNCL01.cif,tests/data/csd_families/TPSNCL/TPSNCL03.cif,15,1.79685396887362,6,3.3155138572505973,
tests/data/csd_families/TRIPHE/TRIPHE.cif,tests/data/csd_families/TRIPHE/TRIPHE15.cif,15,3.8089627539739013,15,0.08594432904482069,
tests/data/csd_families/TRIPHE/TRIPHE12.cif,tests/data/csd_families/TRIPHE/TRIPHE13.cif,15,2.353827640414238,15,0.012619056382329958,
tests/data/csd_families/TUXFIC/TUXFIC.cif,tests/data/csd_families/TUXFIC/TUXFIC01.cif,15,0.08770672418177128,15,0.105968782705571,
tests/data/csd_families/TUXFIC/TUXFIC02.cif,tests/data/csd_families/TUXFIC/TUXFIC03.cif,15,0.12744862586259842,15,0.006709622837013898,
tests/data/csd_families/VELBOD/VELBOD10.cif,tests/data/csd_families/VELBOD/VELBOD11.cif,15,6.744029091671109,15,0.10930442191182113,
tests/data/csd_families/VILGAC/VILGAC.cif,tests/data/csd_families/VILGAC/VILGAC03.cif,15,1.2752714874222875,15,0.25451367347290316,
tests/data/csd_families/VILGAC/VILGAC01.cif,tests/data/csd_families/VILGAC/VILGAC02.cif,15,0.08580429200083017,15,0.14329322949081602,
tests/data/csd_families/VIPJUA/VIPJUA.cif,tests/data/csd_families/VIPJUA/VIPJUA01.cif,15,0.04660212900489569,15,0.20607078840454768,
tests/data/csd_families/VITDEL/VITDEL.cif,tests/data/csd_families/VITDEL/VITDEL01.cif,15,0.04533554706722498,4,3.6467581621155225,
tests/data/csd_families/VITDEL/VITDEL.cif,tests/data/csd_families/VITDEL/VITDEL02.cif,15,0.024064657278358936,4,3.6343579886634894,
tests/data/csd_families/WATCID/WATCID10.cif,tests/data/csd_families/WATCID/WATCID11.cif,15,0.08728322759270668,15,0.028192066636505853,
tests/data/csd_families/WULMOJ/WULMOJ.cif,tests/data/csd_families/WULMOJ/WULMOJ01.cif,15,0.06204291991889477,5,2.6880129942397333,
tests/data/csd_families/WULMOJ/WULMOJ.cif,tests/data/csd_families/WULMOJ/WULMOJ04.cif,15,0.06257245875895023,5,3.394927281386335,
tests/data/csd_families/XEFDER/XEFDER.cif,tests/data/csd_families/XEFDER/XEFDER02.cif,15,0.16079091001302004,15,0.07646090997994416,
tests/data/csd_families/XIHVUG/XIHVUG01.cif,tests/data/csd_families/XIHVUG/XIHVUG02.cif,15,0.04818120505660772,15,0.07161146245644837,
tests/data/csd_families/XYLTOL/XYLTOL02.cif,tests/data/csd_families/XYLTOL/XYLTOL03.cif,15,0.04453486390411854,15,0.0035155483512607625,
tests/data/csd_families/YAKNUU/YAKNUU.cif,tests/data/csd_families/YAKNUU/YAKNUU01.cif,15,0.1855168091133237,4,1.6619138067033834,
tests/data/csd_families/YAKNUU/YAKNUU01.cif,tests/data/csd_families/YAKNUU/YAKNUU02.cif,15,0.18579582311213017,4,1.6395349515866409,
tests/data/csd_families/YAXYUV/YAXYUV.cif,tests/data/csd_families/YAXYUV/YAXYUV02.cif,15,0.07015027664601803,15,0.02192799810381953,
tests/data/csd_families/YEXSAV/YEXSAV01.cif,tests/data/csd_families/YEXSAV/YEXSAV02.cif,15,0.03830061759799719,15,0.008829671254191821,
tests/data/csd_families/YIDDAU/YIDDAU01.cif,tests/data/csd_families/YIDDAU/YIDDAU07.cif,15,0.1522228056564927,0,nan,
tests/data/csd_families/YUXZIB/YUXZIB01.cif,tests/data/csd_families/YUXZIB/YUXZIB03.cif,15,0.16476105712354183,15,0.17672186098842196,
tests/data/csd_families/ZAPFED/ZAPFED.cif,tests/data/csd_families/ZAPFED/ZAPFED01.cif,15,5.803323755040765,2,1.2952403143864348,
tests/data/csd_families/ZEYVAA/ZEYVAA02.cif,tests/data/csd_families/ZEYVAA/ZEYVAA10.cif,15,0.07374792639166117,15,0.01769066404614559,
tests/data/csd_families/ZZZPPI/ZZZPPI01.cif,tests/data/csd_families/ZZZPPI/ZZZPPI04.cif,15,0.015121225267648697,0,nan,
tests/data/csd_families/ZZZPPI/ZZZPPI02.cif,tests/data/csd_families/ZZZPPI/ZZZPPI04.cif,15,0.01846294291317463,0,nan,
tests/data/csd_families/ZZZPPI/ZZZPPI04.cif,tests/data/csd_families/ZZZPPI/ZZZPPI05.cif,15,0.01868221629410982,0,nan,
tests/data/experimental/ROY/QAXMEH24.cif,tests/data/experimental/ROY/QAXMEH27.cif,15,0.02571649570018053,5,4.447778475239022,
tests/data/experimental/ROY/QAXMEH24.cif,tests/data/experimental/ROY/QAXMEH28.cif,15,0.021751717664301395,4,3.3400316233735543,
tests/data/experimental/ROY/QAXMEH24.cif,tests/data/experimental/ROY/QAXMEH90_O22.cif,15,0.02382116299122572,2,1.369807394474354,
tests/data/experimental/ROY/QAXMEH24.cif,tests/data/experimental/ROY/ROY_PO13.cif,15,0.026544668711721897,4,3.9561862396888428,
tests/data/experimental/ROY/QAXMEH24.cif,tests/data/experimental/ROY/ROY_R05.cif,15,0.08028921764343977,4,3.8809348535332084,
tests/data/experimental/ROY/QAXMEH26.cif,tests/data/experimental/ROY/QAXMEH28.cif,15,0.026862953789532185,6,2.077321325321646,
tests/data/experimental/ROY/QAXMEH26.cif,tests/data/experimental/ROY/QAXMEH90_O22.cif,15,0.023655029945075512,6,2.2369428063413177,
tests/data/experimental/ROY/QAXMEH26.cif,tests/data/experimental/ROY/ROY_Y19.cif,15,0.02964217122644186,5,2.973847379390627,
tests/data/experimental/ROY/QAXMEH26.cif,tests/data/experimental/ROY/YT04.cif,15,0.025460450910031796,6,3.6264383178796655,
tests/data/experimental/ROY/QAXMEH27.cif,tests/data/experimental/ROY/ROY_PO13.cif,15,0.023953374475240707,4,2.762307498350251,
tests/data/experimental/ROY/QAXMEH27.cif,tests/data/experimental/ROY/ROY_Y_ambient.cif,15,0.02366956975311041,3,1.630532293679434,
tests/data/experimental/ROY/QAXMEH27.cif,tests/data/experimental/ROY/Y04.cif,15,0.02446677442640066,4,1.5405221181304078,
tests/data/experimental/ROY/QAXMEH28.cif,tests/data/experimental/ROY/QAXMEH90_O22.cif,15,0.025694924406707287,5,4.342175296377647,
tests/data/experimental/ROY/QAXMEH28.cif,tests/data/experimental/ROY/ROY_Y19.cif,15,0.049805681221187115,5,2.5753424072225872,
tests/data/experimental/ROY/QAXMEH29.cif,tests/data/experimental/ROY/ROY_R05.cif,15,0.06548309791833162,5,3.5918833331810402,
tests/data/experimental/ROY/QAXMEH29.cif,tests/data/experimental/ROY/ROY_Y_ambient.cif,15,0.029575759544968605,3,1.947629789193273,
tests/data/experimental/ROY/QAXMEH29.cif,tests/data/experimental/ROY/YT04.cif,15,0.033462115563452244,5,2.3162988077567928,
tests/data/experimental/ROY/QAXMEH90_O22.cif,tests/data/experimental/ROY/ROY_PO13.cif,15,0.025660994462668896,3,3.0028453647153786,
tests/data/experimental/ROY/QAXMEH90_O22.cif,tests/data/experimental/ROY/Y04.cif,15,0.029654662124812603,6,2.43174789258354,
tests/data/experimental/ROY/QAXMEH90_O22.cif,tests/data/experimental/ROY/mrp180010_fa.cif,15,0.0369866956025362,3,1.0136335570098443,
tests/data/experimental/ROY/ROY_R05.cif,tests/data/experimental/ROY/Y04.cif,15,0.06184056680649519,5,3.3966593309567874,
tests/data/experimental/ROY/ROY_Y19.cif,tests/data/experimental/ROY/mrp180010_fa.cif,15,0.04103740397840738,5,2.8814076945851235,
tests/data/experimental/ROY/Y04.cif,tests/data/experimental/ROY/YT04.cif,15,0.024721607565879822,7,2.9894305789622133,
tests/data/experimental/ROY/Y04.cif,tests/data/experimental/ROY/mrp180010_fa.cif,15,0.038803757168352604,4,2.2657886508997995,
tests/data/experimental/Ritonavir/YIGPIO03.cif,tests/data/experimental/Ritonavir/YIGPIO04.cif,15,0.26309947948902845,1,3.537749552034184,
tests/data/experimental/Ritonavir/YIGPIO03.cif,tests/data/experimental/Ritonavir/YIGPIO06.cif,15,0.20482025481760502,1,3.4718295809277433,
tests/data/experimental/Ritonavir/YIGPIO05.cif,tests/data/experimental/Ritonavir/YIGPIO10.cif,15,0.16216754261404276,2,3.908933915699906,
tests/data/experimental/Ritonavir/YIGPIO06.cif,tests/data/experimental/Ritonavir/YIGPIO10.cif,15,0.2502857754006982,2,2.2760363204969463,
tests/data/experimental/Ritonavir/YIGPIO07.cif,tests/data/experimental/Ritonavir/YIGPIO10.cif,15,0.1358144572004676,1,2.9804768448645933,
tests/data/experimental/galunisertib/Galunisertib_FORM_I.cif,tests/data/experimental/galunisertib/Galunisertib_FORM_IV.cif,15,0.05581136420369148,5,2.2232428423588377,
tests/data/experimental/galunisertib/Galunisertib_FORM_I.cif,tests/data/experimental/galunisertib/Galunisertib_FORM_IX.cif,15,0.0343534704297781,4,3.7909580198182105,
tests/data/experimental/galunisertib/Galunisertib_FORM_II.cif,tests/data/experimental/galunisertib/Galunisertib_FORM_IX.cif,15,0.04854120034724474,7,1.1046416971343838,
tests/data/experimental/galunisertib/Galunisertib_FORM_II.cif,tests/data/experimental/galunisertib/Galunisertib_FORM_V.cif,15,0.03185280878096819,4,1.2695965871044126,
tests/data/experimental/galunisertib/Galunisertib_FORM_II.cif,tests/data/experimental/galunisertib/Galunisertib_FORM_X.cif,15,0.03236468695104122,3,3.1079440309063107,
tests/data/experimental/galunisertib/Galunisertib_FORM_II.cif,tests/data/experimental/galunisertib/Galunisertib_Form_VII.cif,15,0.06200670916587114,7,2.28001294102328,
tests/data/experimental/galunisertib/Galunisertib_FORM_III.cif,tests/data/experimental/galunisertib/Galunisertib_FORM_VI.cif,15,0.02966724056750536,3,4.039449201479362,
tests/data/experimental/galunisertib/Galunisertib_FORM_III.cif,tests/data/experimental/galunisertib/Galunisertib_FORM_VIII.cif,15,0.036210913211107254,5,2.8454717835008987,
tests/data/experimental/galunisertib/Galunisertib_FORM_V.cif,tests/data/experimental/galunisertib/Galunisertib_FORM_VIII.cif,15,0.036424766294658184,7,0.5437991994848278,
tests/data/experimental/galunisertib/Galunisertib_FORM_VI.cif,tests/data/experimental/galunisertib/Galunisertib_FORM_VIII.cif,15,0.03642508666962385,4,1.8983351991322361,
tests/data/experimental/galunisertib/Galunisertib_FORM_VIII.cif,tests/data/experimental/galunisertib/Galunisertib_FORM_X.cif,15,0.0328841470181942,2,1.4837613232402262,
tests/data/csd_families/ABEKUN/ABEKUN.cif,tests/data/csd_families/ABEKUN/ABEKUN02.cif,20,0.7512417389079928,9,2.582311179750703,
tests/data/csd_families/ABEKUN/ABEKUN02.cif,tests/data/csd_families/ABEKUN/ABEKUN04.cif,20,0.7286308519542217,9,2.5813122976091827,
tests/data/csd_families/ALOCOW/ALOCOW01.cif,tests/data/csd_families/ALOCOW/ALOCOW03.cif,20,0.1107525359839201,20,0.09210937585391,
tests/data/csd_families/ALOCOW/ALOCOW03.cif,tests/data/csd_families/ALOCOW/ALOCOW04.cif,20,0.07040462084114552,20,2.0858894688405143,
tests/data/csd_families/AMBACO/AMBACO05.cif,tests/data/csd_families/AMBACO/AMBACO06.cif,20,3.047148854471743,9,1.5361258053451439,
tests/data/csd_families/AMBNAC/AMBNAC01.cif,tests/data/csd_families/AMBNAC/AMBNAC04.cif,20,128.3461566241458,0,nan,RuntimeError:MotifSearch Timeout
tests/data/csd_families/AMBNAC/AMBNAC04.cif,tests/data/csd_families/AMBNAC/AMBNAC07.cif,20,120.1868395768106,0,nan,RuntimeError:MotifSearch Timeout
tests/data/csd_families/AQACNI/AQACNI.cif,tests/data/csd_families/AQACNI/AQACNI01.cif,20,0.06555933877825737,20,0.1444815663688396,
tests/data/csd_families/AQACNI/AQACNI01.cif,tests/data/csd_families/AQACNI/AQACNI02.cif,20,0.17480103019624949,20,0.5134358336381073,
tests/data/csd_families/AVOWUD/AVOWUD.cif,tests/data/csd_families/AVOWUD/AVOWUD02.cif,20,116.04494487214833,15,0.3156328657809884,
tests/data/csd_families/AWENUO/AWENUO01.cif,tests/data/csd_families/AWENUO/AWENUO02.cif,20,13.65649261046201,20,0.03451537913973209,
tests/data/csd_families/AWENUO/AWENUO02.cif,tests/data/csd_families/AWENUO/AWENUO03.cif,20,5.7460584519430995,20,0.09220133692520262,
tests/data/csd_families/AWENUO/AWENUO02.cif,tests/data/csd_families/AWENUO/AWENUO04.cif,20,4.460034105926752,20,0.03910931111746866,
tests/data/csd_families/BACKOK/BACKOK.cif,tests/data/csd_families/BACKOK/BACKOK03.cif,20,0.04940720647573471,20,0.040669450490184875,
tests/data/csd_families/BACKOK/BACKOK01.cif,tests/data/csd_families/BACKOK/BACKOK02.cif,20,0.08307811617851257,20,0.03469310108824096,
tests/data/csd_families/BAZGOY/BAZGOY.cif,tests/data/csd_families/BAZGOY/BAZGOY04.cif,20,13.19241692405194,20,0.6631996064161675,
tests/data/csd_families/BAZGOY/BAZGOY01.cif,tests/data/csd_families/BAZGOY/BAZGOY04.cif,20,2.4430101793259382,20,0.5863176324282386,
tests/data/csd_families/BBENAN/BBENAN.cif,tests/data/csd_families/BBENAN/BBENAN03.cif,20,0.12678538728505373,20,0.19982542366057657,
tests/data/csd_families/BBENAN/BBENAN01.cif,tests/data/csd_families/BBENAN/BBENAN03.cif,20,0.15525715798139572,20,0.1263664885873273,
tests/data/csd_families/BENZAC/BENZAC.cif,tests/data/csd_families/BENZAC/BENZAC01.cif,20,0.4820600003004074,20,0.05917858068799338,
tests/data/csd_families/BENZAC/BENZAC07.cif,tests/data/csd_families/BENZAC/BENZAC08.cif,20,0.03233726788312197,20,0.020883609016749547,
tests/data/csd_families/BOBVIY/BOBVIY04.cif,tests/data/csd_families/BOBVIY/BOBVIY05.cif,20,6.06352249532938,20,0.901753103247165,
tests/data/csd_families/BUCACT/BUCACT.cif,tests/data/csd_families/BUCACT/BUCACT02.cif,20,0.04739639163017273,20,0.1876356594523051,
tests/data/csd_families/BUCACT/BUCACT02.cif,tests/data/csd_families/BUCACT/BUCACT03.cif,20,0.09923484921455383,20,0.06909559611585768,
tests/data/csd_families/BUCACT/BUCACT02.cif,tests/data/csd_families/BUCACT/BUCACT04.cif,20,0.08839011751115322,20,0.07391273884453395,
tests/data/csd_families/CAQHOV/CAQHOV02.cif,tests/data/csd_families/CAQHOV/CAQHOV03.cif,20,1.972146226093173,20,0.17180617455842787,
tests/data/csd_families/CATDAE/CATDAE.cif,tests/data/csd_families/CATDAE/CATDAE01.cif,20,0.26567318104207516,5,2.088164745758312,
tests/data/csd_families/CATDAE/CATDAE.cif,tests/data/csd_families/CATDAE/CATDAE02.cif,20,0.16492833849042654,5,3.1202688384785637,
tests/data/csd_families/CEGHED/CEGHED02.cif,tests/data/csd_families/CEGHED/CEGHED03.cif,20,0.9828589893877506,20,0.048902558990548586,
tests/data/csd_families/CEWNEZ/CEWNEZ.cif,tests/data/csd_families/CEWNEZ/CEWNEZ01.cif,20,41.27298325765878,6,3.606796960512052,
tests/data/csd_families/CEWNEZ/CEWNEZ01.cif,tests/data/csd_families/CEWNEZ/CEWNEZ02.cif,20,3.847339174710214,5,2.419292886659799,
tests/data/csd_families/CIKLOZ/CIKLOZ.cif,tests/data/csd_families/CIKLOZ/CIKLOZ02.cif,20,0.04339882358908653,20,0.06279070158342974,
tests/data/csd_families/CITRAC/CITRAC11.cif,tests/data/csd_families/CITRAC/CITRAC12.cif,20,0.07534071616828442,20,0.09527817485753745,
tests/data/csd_families/COGJAM/COGJAM01.cif,tests/data/csd_families/COGJAM/COGJAM02.cif,20,4.70337918959558,20,0.1252184195935175,
tests/data/csd_families/CTMTNA/CTMTNA.cif,tests/data/csd_families/CTMTNA/CTMTNA04.cif,20,43.48484386596829,9,3.3984286675326,
tests/data/csd_families/CTMTNA/CTMTNA02.cif,tests/data/csd_families/CTMTNA/CTMTNA04.cif,20,95.6438759882003,10,3.3085140053658617,
tests/data/csd_families/CTMTNA/CTMTNA03.cif,tests/data/csd_families/CTMTNA/CTMTNA04.cif,20,63.12266425881535,9,3.8433878295594783,
tests/data/csd_families/CUSALA/CUSALA.cif,tests/data/csd_families/CUSALA/CUSALA04.cif,20,0.8810188919305801,5,2.7698462132658874,
tests/data/csd_families/CUSALA/CUSALA01.cif,tests/data/csd_families/CUSALA/CUSALA05.cif,20,1.036390627734363,6,6.4245142769712675,
tests/data/csd_families/CYOCPD/CYOCPD.cif,tests/data/csd_families/CYOCPD/CYOCPD02.cif,20,16.40488810930401,11,2.9148574578410593,
tests/data/csd_families/CYOCPD/CYOCPD.cif,tests/data/csd_families/CYOCPD/CYOCPD03.cif,20,30.279874083586037,11,2.9003083748297693,
tests/data/csd_families/DBEZPO/DBEZPO.cif,tests/data/csd_families/DBEZPO/DBEZPO01.cif,20,0.33126096799969673,20,0.05956887337233169,
tests/data/csd_families/DBPHEN/DBPHEN04.cif,tests/data/csd_families/DBPHEN/DBPHEN05.cif,20,53.02726923953742,10,3.174248887337204,
tests/data/csd_families/DECVIQ/DECVIQ01.cif,tests/data/csd_families/DECVIQ/DECVIQ10.cif,20,0.057497723028063774,0,nan,
tests/data/csd_families/DECVIQ/DECVIQ01.cif,tests/data/csd_families/DECVIQ/DECVIQ11.cif,20,1.0564975710585713,1,14.883887798125667,
tests/data/csd_families/DERKOA/DERKOA10.cif,tests/data/csd_families/DERKOA/DERKOA11.cif,20,0.02385570388287306,0,nan,
tests/data/csd_families/DIBFAY/DIBFAY01.cif,tests/data/csd_families/DIBFAY/DIBFAY02.cif,20,0.06456063315272331,20,0.05312826322324769,
tests/data/csd_families/DIBFAY/DIBFAY02.cif,tests/data/csd_families/DIBFAY/DIBFAY03.cif,20,1.552210321649909,20,0.07455541870100514,
tests/data/csd_families/DMSULO/DMSULO.cif,tests/data/csd_families/DMSULO/DMSULO05.cif,20,0.11073226388543844,20,0.12270720782430895,
tests/data/csd_families/ECUTUR/ECUTUR.cif,tests/data/csd_families/ECUTUR/ECUTUR03.cif,20,0.7932095574215055,20,0.05068491813520711,
tests/data/csd_families/ECUTUR/ECUTUR01.cif,tests/data/csd_families/ECUTUR/ECUTUR02.cif,20,2.7561924774199724,20,0.5708965660498242,
tests/data/csd_families/ESAXAA/ESAXAA01.cif,tests/data/csd_families/ESAXAA/ESAXAA03.cif,20,2.6533693680539727,20,0.6562991549904055,
tests/data/csd_families/EXIPUY/EXIPUY01.cif,tests/data/csd_families/EXIPUY/EXIPUY02.cif,20,0.03951837867498398,0,nan,
tests/data/csd_families/FINSOK/FINSOK01.cif,tests/data/csd_families/FINSOK/FINSOK12.cif,20,48.17553241364658,4,7.402423512262436,
tests/data/csd_families/FINSOK/FINSOK11.cif,tests/data/csd_families/FINSOK/FINSOK12.cif,20,0.25545824225991964,0,nan,
tests/data/csd_families/FIWFOH/FIWFOH03.cif,tests/data/csd_families/FIWFOH/FIWFOH04.cif,20,0.027392304502427578,20,0.014524959327967955,
tests/data/csd_families/FOHCOU/FOHCOU01.cif,tests/data/csd_families/FOHCOU/FOHCOU02.cif,20,0.8164715142920613,20,0.0035331903940576063,
tests/data/csd_families/FULPIM/FULPIM.cif,tests/data/csd_families/FULPIM/FULPIM02.cif,20,0.0704983239993453,20,0.012782776139422823,
tests/data/csd_families/FUTSES/FUTSES.cif,tests/data/csd_families/FUTSES/FUTSES01.cif,20,0.29236264899373055,20,0.029855678865427494,
tests/data/csd_families/GLYCIN/GLYCIN01.cif,tests/data/csd_families/GLYCIN/GLYCIN02.cif,20,1.5556487161666155,10,1.7696071179934225,
tests/data/csd_families/HAGWAP/HAGWAP01.cif,tests/data/csd_families/HAGWAP/HAGWAP03.cif,20,0.029074251651763916,20,0.07302784816119431,
tests/data/csd_families/HAWGAO/HAWGAO.cif,tests/data/csd_families/HAWGAO/HAWGAO03.cif,20,0.19302283693104982,20,0.01652171976301677,
tests/data/csd_families/HEWRAD/HEWRAD.cif,tests/data/csd_families/HEWRAD/HEWRAD03.cif,20,0.04271380323916674,20,0.013234037812294572,
tests/data/csd_families/HEZQIN/HEZQIN01.cif,tests/data/csd_families/HEZQIN/HEZQIN04.cif,20,70.17857146635652,7,3.8861452057242936,
tests/data/csd_families/HOGBUD/HOGBUD.cif,tests/data/csd_families/HOGBUD/HOGBUD04.cif,20,94.30575049389154,5,1.5086346239924604,
tests/data/csd_families/IDODIQ/IDODIQ.cif,tests/data/csd_families/IDODIQ/IDODIQ01.cif,20,6.132976724766195,20,0.049197656105451446,
tests/data/csd_families/IFUXEN/IFUXEN.cif,tests/data/csd_families/IFUXEN/IFUXEN03.cif,20,0.34951344784349203,7,4.173631731797736,
tests/data/csd_families/IFUXEN/IFUXEN02.cif,tests/data/csd_families/IFUXEN/IFUXEN03.cif,20,0.5377609981223941,6,4.170647146552012,
tests/data/csd_families/ILUTIV/ILUTIV.cif,tests/data/csd_families/ILUTIV/ILUTIV01.cif,20,19.404479742981493,9,3.6899132916544923,
tests/data/csd_families/IPTCNI/IPTCNI10.cif,tests/data/csd_families/IPTCNI/IPTCNI13.cif,20,25.516618319787085,20,0.724238531287011,
tests/data/csd_families/IYEBUJ/IYEBUJ.cif,tests/data/csd_families/IYEBUJ/IYEBUJ01.cif,20,0.5146755687892437,7,8.730734990931122,
tests/data/csd_families/IYEBUJ/IYEBUJ01.cif,tests/data/csd_families/IYEBUJ/IYEBUJ03.cif,20,0.20431100577116013,5,9.070430761319223,
tests/data/csd_families/IYEBUJ/IYEBUJ02.cif,tests/data/csd_families/IYEBUJ/IYEBUJ03.cif,20,0.09377852827310562,20,0.17650077600196507,
tests/data/csd_families/IZOJUF/IZOJUF01.cif,tests/data/csd_families/IZOJUF/IZOJUF03.cif,20,0.08353642281144857,4,6.831315172150622,
tests/data/csd_families/JEGMER/JEGMER03.cif,tests/data/csd_families/JEGMER/JEGMER04.cif,20,0.1011079903692007,20,0.021953057678951494,
tests/data/csd_families/JEXKUS/JEXKUS.cif,tests/data/csd_families/JEXKUS/JEXKUS03.cif,20,0.056404913775622845,20,0.03764284016856954,
tests/data/csd_families/JOFJEW/JOFJEW03.cif,tests/data/csd_families/JOFJEW/JOFJEW04.cif,20,0.12640590965747833,20,0.007250594285675473,
tests/data/csd_families/KANZEE/KANZEE02.cif,tests/data/csd_families/KANZEE/KANZEE03.cif,20,28.12955473549664,20,0.17488432761159514,
tests/data/csd_families/KANZEE/KANZEE02.cif,tests/data/csd_families/KANZEE/KANZEE04.cif,20,29.212676916271448,20,0.21567963139684745,
tests/data/csd_families/KHMALA/KHMALA.cif,tests/data/csd_families/KHMALA/KHMALA12.cif,20,0.18383346777409315,7,3.057167207666198,
tests/data/csd_families/KIXKAD/KIXKAD.cif,tests/data/csd_families/KIXKAD/KIXKAD03.cif,20,0.06480988766998053,20,0.005952221485510864,
tests/data/csd_families/LAGHOQ/LAGHOQ02.cif,tests/data/csd_families/LAGHOQ/LAGHOQ03.cif,20,0.04529385641217232,20,0.009209646406453803,
tests/data/csd_families/LALNIN/LALNIN.cif,tests/data/csd_families/LALNIN/LALNIN14.cif,20,0.3720160461962223,20,0.01572362076948307,
tests/data/csd_families/LALNIN/LALNIN01.cif,tests/data/csd_families/LALNIN/LALNIN14.cif,20,0.3524816073477268,20,0.015072247868184703,
tests/data/csd_families/LSERIN/LSERIN11.cif,tests/data/csd_families/LSERIN/LSERIN12.cif,20,0.06092651095241308,20,0.10022103945950502,
tests/data/csd_families/MATRNO/MATRNO01.cif,tests/data/csd_families/MATRNO/MATRNO02.cif,20,1.6464193239808083,9,1.170984829215483,
tests/data/csd_families/MEBXID/MEBXID03.cif,tests/data/csd_families/MEBXID/MEBXID04.cif,20,0.08297609444707632,20,0.050668167431358886,
tests/data/csd_families/MEUREA/MEUREA02.cif,tests/data/csd_families/MEUREA/MEUREA03.cif,20,0.021086816675961018,20,0.9244515603342652,
tests/data/csd_families/MPECXP/MPECXP.cif,tests/data/csd_families/MPECXP/MPECXP01.cif,20,0.05033357162028551,20,0.032330859736716594,
tests/data/csd_families/NCKLCN/NCKLCN01.cif,tests/data/csd_families/NCKLCN/NCKLCN04.cif,20,0.03742796368896961,0,nan,
tests/data/csd_families/NIRJAA/NIRJAA03.cif,tests/data/csd_families/NIRJAA/NIRJAA04.cif,20,0.06306437775492668,20,0.08813329953400631,
tests/data/csd_families/NPOFNP/NPOFNP.cif,tests/data/csd_families/NPOFNP/NPOFNP02.cif,20,9.197343969717622,20,0.2952992300879911,
tests/data/csd_families/OFESAL/OFESAL.cif,tests/data/csd_families/OFESAL/OFESAL04.cif,20,0.4467390663921833,7,5.520111375302017,
tests/data/csd_families/ONITAN/ONITAN.cif,tests/data/csd_families/ONITAN/ONITAN03.cif,20,0.8801501868292689,11,1.5450277073203875,
tests/data/csd_families/ONITAN/ONITAN01.cif,tests/data/csd_families/ONITAN/ONITAN02.cif,20,0.20307615865021944,20,0.10396670244266752,
tests/data/csd_families/ONITAN/ONITAN02.cif,tests/data/csd_families/ONITAN/ONITAN03.cif,20,1.0406696293503046,11,1.5240885406715525,
tests/data/csd_families/ONITAN/ONITAN02.cif,tests/data/csd_families/ONITAN/ONITAN04.cif,20,0.19432566035538912,20,0.09238494861020188,
tests/data/csd_families/ONITAN/ONITAN03.cif,tests/data/csd_families/ONITAN/ONITAN04.cif,20,0.5261085517704487,11,1.495178141524291,
tests/data/csd_families/OPEVUD/OPEVUD01.cif,tests/data/csd_families/OPEVUD/OPEVUD02.cif,20,0.05323622189462185,20,0.04303651767076809,
tests/data/csd_families/OXALDH/OXALDH.cif,tests/data/csd_families/OXALDH/OXALDH01.cif,20,12.286044731736183,20,0.0006490598912895535,
tests/data/csd_families/OXALDH/OXALDH01.cif,tests/data/csd_families/OXALDH/OXALDH04.cif,20,11.109141862019897,20,0.0010155666334268642,
tests/data/csd_families/PDHTEZ/PDHTEZ.cif,tests/data/csd_families/PDHTEZ/PDHTEZ01.cif,20,229.9815198360011,0,nan,RuntimeError:MotifSearch Timeout
tests/data/csd_families/PDHTEZ/PDHTEZ01.cif,tests/data/csd_families/PDHTEZ/PDHTEZ02.cif,20,165.47962128650397,0,nan,RuntimeError:MotifSearch Timeout
tests/data/csd_families/PDHTEZ/PDHTEZ01.cif,tests/data/csd_families/PDHTEZ/PDHTEZ04.cif,20,173.07705447357148,0,nan,RuntimeError:MotifSearch Timeout
tests/data/csd_families/PDHTEZ/PDHTEZ02.cif,tests/data/csd_families/PDHTEZ/PDHTEZ03.cif,20,0.04463450610637665,20,0.028888490500752644,
tests/data/csd_families/PUWYUD/PUWYUD02.cif,tests/data/csd_families/PUWYUD/PUWYUD03.cif,20,0.15804838575422764,20,0.03727161586013945,
tests/data/csd_families/QAHVIE/QAHVIE01.cif,tests/data/csd_families/QAHVIE/QAHVIE12.cif,20,0.9329598788172007,5,3.018999216686209,
tests/data/csd_families/QAHWUU/QAHWUU.cif,tests/data/csd_families/QAHWUU/QAHWUU01.cif,20,0.591570284217596,20,0.11175157046458647,
tests/data/csd_families/QAHWUU/QAHWUU01.cif,tests/data/csd_families/QAHWUU/QAHWUU04.cif,20,0.9289073646068573,7,5.434240066513982,
tests/data/csd_families/QAHWUU/QAHWUU02.cif,tests/data/csd_families/QAHWUU/QAHWUU04.cif,20,1.4084965717047453,7,3.013465288893195,
tests/data/csd_families/QAHWUU/QAHWUU03.cif,tests/data/csd_families/QAHWUU/QAHWUU04.cif,20,0.26184129156172276,7,4.7107584535874505,
tests/data/csd_families/QAPNAZ/QAPNAZ01.cif,tests/data/csd_families/QAPNAZ/QAPNAZ03.cif,20,0.13954356219619513,20,0.061191600272754686,
tests/data/csd_families/QODLAZ/QODLAZ.cif,tests/data/csd_families/QODLAZ/QODLAZ01.cif,20,0.04619988240301609,20,0.03163780546423519,
tests/data/csd_families/ROLMUA/ROLMUA.cif,tests/data/csd_families/ROLMUA/ROLMUA03.cif,20,135.4602702120319,8,4.997305396200868,
tests/data/csd_families/RUVTOR/RUVTOR.cif,tests/data/csd_families/RUVTOR/RUVTOR02.cif,20,2.903814287856221,20,0.029811715244264583,
tests/data/csd_families/SAQTOT/SAQTOT01.cif,tests/data/csd_families/SAQTOT/SAQTOT02.cif,20,0.04807314369827509,20,0.060556440483637494,
tests/data/csd_families/SAQTOT/SAQTOT02.cif,tests/data/csd_families/SAQTOT/SAQTOT03.cif,20,0.052356976084411144,20,0.042103577757786094,
tests/data/csd_families/SAQTOT/SAQTOT02.cif,tests/data/csd_families/SAQTOT/SAQTOT04.cif,20,0.05214741267263889,20,0.07382123755976418,
tests/data/csd_families/SETNEO/SETNEO.cif,tests/data/csd_families/SETNEO/SETNEO01.cif,20,0.06922479160130024,20,0.011028336814664976,
tests/data/csd_families/SETNEO/SETNEO03.cif,tests/data/csd_families/SETNEO/SETNEO04.cif,20,0.07294972520321608,20,0.011826940140772478,
tests/data/csd_families/TAPYEP/TAPYEP.cif,tests/data/csd_families/TAPYEP/TAPYEP05.cif,20,0.35201894771307707,20,0.02990330811595236,
tests/data/csd_families/TAVKUX/TAVKUX06.cif,tests/data/csd_families/TAVKUX/TAVKUX09.cif,20,1.2015443993732333,20,2.0043203321418344,
tests/data/csd_families/TAZDNC/TAZDNC04.cif,tests/data/csd_families/TAZDNC/TAZDNC06.cif,20,0.054878088645637035,20,0.029273471718648945,
tests/data/csd_families/TCBENQ/TCBENQ02.cif,tests/data/csd_families/TCBENQ/TCBENQ03.cif,20,0.9971092697232962,20,0.24516504239968248,
tests/data/csd_families/TETBBZ/TETBBZ01.cif,tests/data/csd_families/TETBBZ/TETBBZ04.cif,20,0.1848407592624426,20,0.17301631777685444,
tests/data/csd_families/TEYDAC/TEYDAC.cif,tests/data/csd_families/TEYDAC/TEYDAC06.cif,20,3.1452095471322536,20,0.07813226319435726,
tests/data/csd_families/TILRAJ/TILRAJ.cif,tests/data/csd_families/TILRAJ/TILRAJ01.cif,20,0.04834092780947685,0,nan,
tests/data/csd_families/TISPUI/TISPUI02.cif,tests/data/csd_families/TISPUI/TISPUI04.cif,20,6.706724627874792,20,0.051482734707856914,
tests/data/csd_families/TMAMOH/TMAMOH.cif,tests/data/csd_families/TMAMOH/TMAMOH03.cif,20,15.586169923655689,17,1.1897927224507419,
tests/data/csd_families/TOJHIK/TOJHIK01.cif,tests/data/csd_families/TOJHIK/TOJHIK02.cif,20,12.212359312921762,20,0.03004723212925569,
tests/data/csd_families/TPHMET/TPHMET01.cif,tests/data/csd_families/TPHMET/TPHMET11.cif,20,141.64110947120935,20,0.015539399398603753,
tests/data/csd_families/TPHMET/TPHMET02.cif,tests/data/csd_families/TPHMET/TPHMET11.cif,20,37.79536773543805,20,0.1682767188654286,
tests/data/csd_families/TPSNCL/TPSNCL01.cif,tests/data/csd_families/TPSNCL/TPSNCL03.cif,20,89.35385951399803,8,4.79684742639365,
tests/data/csd_families/TRIPHE/TRIPHE.cif,tests/data/csd_families/TRIPHE/TRIPHE15.cif,20,211.3248296463862,20,0.08413617027832038,
tests/data/csd_families/TRIPHE/TRIPHE12.cif,tests/data/csd_families/TRIPHE/TRIPHE13.cif,20,134.07373378705233,20,0.014359335236434874,
tests/data/csd_families/TUXFIC/TUXFIC.cif,tests/data/csd_families/TUXFIC/TUXFIC01.cif,20,0.18523861467838287,20,0.11082656361829428,
tests/data/csd_families/TUXFIC/TUXFIC02.cif,tests/data/csd_families/TUXFIC/TUXFIC03.cif,20,0.1937696412205696,20,0.006613170827780613,
tests/data/csd_families/VELBOD/VELBOD10.cif,tests/data/csd_families/VELBOD/VELBOD11.cif,20,88.59216857422143,20,0.10875721756010868,
tests/data/csd_families/VILGAC/VILGAC.cif,tests/data/csd_families/VILGAC/VILGAC03.cif,20,1.8831446999683976,20,0.2792037392314046,
tests/data/csd_families/VILGAC/VILGAC01.cif,tests/data/csd_families/VILGAC/VILGAC02.cif,20,0.12811266910284758,20,0.14520358450770524,
tests/data/csd_families/VIPJUA/VIPJUA.cif,tests/data/csd_families/VIPJUA/VIPJUA01.cif,20,0.0662218015640974,20,0.2501019227831325,
tests/data/csd_families/VITDEL/VITDEL.cif,tests/data/csd_families/VITDEL/VITDEL01.cif,20,0.2843987364321947,5,3.307974913459865,
tests/data/csd_families/VITDEL/VITDEL.cif,tests/data/csd_families/VITDEL/VITDEL02.cif,20,0.3630118379369378,6,3.8290351804917844,
tests/data/csd_families/WATCID/WATCID10.cif,tests/data/csd_families/WATCID/WATCID11.cif,20,0.12054153997451067,20,0.02819206663650587,
tests/data/csd_families/WULMOJ/WULMOJ.cif,tests/data/csd_families/WULMOJ/WULMOJ01.cif,20,2.220479325391352,7,4.436372707352511,
tests/data/csd_families/WULMOJ/WULMOJ.cif,tests/data/csd_families/WULMOJ/WULMOJ04.cif,20,2.5079217217862606,7,4.447118903414981,
tests/data/csd_families/XEFDER/XEFDER.cif,tests/data/csd_families/XEFDER/XEFDER02.cif,20,2.064677257090807,20,0.07707111921052953,
tests/data/csd_families/XIHVUG/XIHVUG01.cif,tests/data/csd_families/XIHVUG/XIHVUG02.cif,20,0.06942377518862486,20,0.08249460054915649,
tests/data/csd_families/XYLTOL/XYLTOL02.cif,tests/data/csd_families/XYLTOL/XYLTOL03.cif,20,0.06382186990231276,20,0.003922499477210014,
tests/data/csd_families/YAKNUU/YAKNUU.cif,tests/data/csd_families/YAKNUU/YAKNUU01.cif,20,13.724437868222594,7,2.1762811111805522,
tests/data/csd_families/YAKNUU/YAKNUU01.cif,tests/data/csd_families/YAKNUU/YAKNUU02.cif,20,12.890372107736766,7,2.192953050001407,
tests/data/csd_families/YAXYUV/YAXYUV.cif,tests/data/csd_families/YAXYUV/YAXYUV02.cif,20,0.0934013407677412,20,0.02101128109764339,
tests/data/csd_families/YEXSAV/YEXSAV01.cif,tests/data/csd_families/YEXSAV/YEXSAV02.cif,20,0.05630105268210173,20,0.009139636856641972,
tests/data/csd_families/YIDDAU/YIDDAU01.cif,tests/data/csd_families/YIDDAU/YIDDAU07.cif,20,0.20699654798954725,0,nan,
tests/data/csd_families/YUXZIB/YUXZIB01.cif,tests/data/csd_families/YUXZIB/YUXZIB03.cif,20,0.51957549713552,20,0.2452928881359541,
tests/data/csd_families/ZAPFED/ZAPFED.cif,tests/data/csd_families/ZAPFED/ZAPFED01.cif,20,8.548106743954122,2,1.2952403143864348,
tests/data/csd_families/ZEYVAA/ZEYVAA02.cif,tests/data/csd_families/ZEYVAA/ZEYVAA10.cif,20,0.12604147382080555,20,0.017876108885640476,
tests/data/csd_families/ZZZPPI/ZZZPPI01.cif,tests/data/csd_families/ZZZPPI/ZZZPPI04.cif,20,0.019452929496765137,0,nan,
tests/data/csd_families/ZZZPPI/ZZZPPI02.cif,tests/data/csd_families/ZZZPPI/ZZZPPI04.cif,20,0.024449123069643974,0,nan,
tests/data/csd_families/ZZZPPI/ZZZPPI04.cif,tests/data/csd_families/ZZZPPI/ZZZPPI05.cif,20,0.026255104690790176,0,nan,
tests/data/experimental/ROY/QAXMEH24.cif,tests/data/experimental/ROY/QAXMEH27.cif,20,0.05037860292941332,8,4.621120325751526,
tests/data/experimental/ROY/QAXMEH24.cif,tests/data/experimental/ROY/QAXMEH28.cif,20,0.03956810012459755,6,3.5792417852174623,
tests/data/experimental/ROY/QAXMEH24.cif,tests/data/experimental/ROY/QAXMEH90_O22.cif,20,0.0816141115501523,4,2.61433992180682,
tests/data/experimental/ROY/QAXMEH24.cif,tests/data/experimental/ROY/ROY_PO13.cif,20,0.045538799837231636,6,4.774931579623533,
tests/data/experimental/ROY/QAXMEH24.cif,tests/data/experimental/ROY/ROY_R05.cif,20,0.6581777753308415,6,4.476398057419199,
tests/data/experimental/ROY/QAXMEH26.cif,tests/data/experimental/ROY/QAXMEH28.cif,20,0.09248521365225315,8,2.3808907496569645,
tests/data/experimental/ROY/QAXMEH26.cif,tests/data/experimental/ROY/QAXMEH90_O22.cif,20,0.07379811815917492,6,2.2369428063413177,
tests/data/experimental/ROY/QAXMEH26.cif,tests/data/experimental/ROY/ROY_Y19.cif,20,0.054012103006243706,8,4.316969058087194,
tests/data/experimental/ROY/QAXMEH26.cif,tests/data/experimental/ROY/YT04.cif,20,0.0778373870998621,8,2.275563084085216,
tests/data/experimental/ROY/QAXMEH27.cif,tests/data/experimental/ROY/ROY_PO13.cif,20,0.10790590476244688,5,2.778676870981635,
tests/data/experimental/ROY/QAXMEH27.cif,tests/data/experimental/ROY/ROY_Y_ambient.cif,20,0.04338946379721165,6,3.1865781561799804,
tests/data/experimental/ROY/QAXMEH27.cif,tests/data/experimental/ROY/Y04.cif,20,0.046198352240026,8,2.276375515293527,
tests/data/experimental/ROY/QAXMEH28.cif,tests/data/experimental/ROY/QAXMEH90_O22.cif,20,0.10424827225506306,6,3.8791048736285516,
tests/data/experimental/ROY/QAXMEH28.cif,tests/data/experimental/ROY/ROY_Y19.cif,20,0.37697830982506275,7,3.1257792589149407,
tests/data/experimental/ROY/QAXMEH29.cif,tests/data/experimental/ROY/ROY_R05.cif,20,0.1425859434530139,5,3.36794234382079,
tests/data/experimental/ROY/QAXMEH29.cif,tests/data/experimental/ROY/ROY_Y_ambient.cif,20,0.20033084601163864,6,5.60026736035059,
tests/data/experimental/ROY/QAXMEH29.cif,tests/data/experimental/ROY/YT04.cif,20,0.049907914362847805,7,2.235856670850309,
tests/data/experimental/ROY/QAXMEH90_O22.cif,tests/data/experimental/ROY/ROY_PO13.cif,20,0.14728687051683664,5,2.524020643403395,
tests/data/experimental/ROY/QAXMEH90_O22.cif,tests/data/experimental/ROY/Y04.cif,20,0.1430073995143175,7,2.6616795489369607,
tests/data/experimental/ROY/QAXMEH90_O22.cif,tests/data/experimental/ROY/mrp180010_fa.cif,20,0.6392600955441594,5,2.827751652038518,
tests/data/experimental/ROY/ROY_R05.cif,tests/data/experimental/ROY/Y04.cif,20,0.10535853076726198,5,2.812662681265227,
tests/data/experimental/ROY/ROY_Y19.cif,tests/data/experimental/ROY/mrp180010_fa.cif,20,0.7829393539577723,6,2.4707156840794537,
tests/data/experimental/ROY/Y04.cif,tests/data/experimental/ROY/YT04.cif,20,0.08084872644394636,8,3.9446291033890866,
tests/data/experimental/ROY/Y04.cif,tests/data/experimental/ROY/mrp180010_fa.cif,20,0.08379518706351519,7,2.2828648406071643,
tests/data/experimental/Ritonavir/YIGPIO03.cif,tests/data/experimental/Ritonavir/YIGPIO04.cif,20,0.38133921194821596,2,4.006673143935007,
tests/data/experimental/Ritonavir/YIGPIO03.cif,tests/data/experimental/Ritonavir/YIGPIO06.cif,20,0.34497738070786,3,7.604026067056568,
tests/data/experimental/Ritonavir/YIGPIO05.cif,tests/data/experimental/Ritonavir/YIGPIO10.cif,20,0.74040387570858,4,6.847425753770209,
tests/data/experimental/Ritonavir/YIGPIO06.cif,tests/data/experimental/Ritonavir/YIGPIO10.cif,20,1.5246007116511464,4,6.7268042275692785,
tests/data/experimental/Ritonavir/YIGPIO07.cif,tests/data/experimental/Ritonavir/YIGPIO10.cif,20,0.1711371736600995,1,2.9804768448645933,
tests/data/experimental/galunisertib/Galunisertib_FORM_I.cif,tests/data/experimental/galunisertib/Galunisertib_FORM_IV.cif,20,0.1642571184784174,7,3.1467578499345215,
tests/data/experimental/galunisertib/Galunisertib_FORM_I.cif,tests/data/experimental/galunisertib/Galunisertib_FORM_IX.cif,20,0.050338211469352245,6,4.758132519067781,
tests/data/experimental/galunisertib/Galunisertib_FORM_II.cif,tests/data/experimental/galunisertib/Galunisertib_FORM_IX.cif,20,0.4531472558155656,9,3.406767794367381,
tests/data/experimental/galunisertib/Galunisertib_FORM_II.cif,tests/data/experimental/galunisertib/Galunisertib_FORM_V.cif,20,0.2091189669445157,6,3.6738037993152437,
tests/data/experimental/galunisertib/Galunisertib_FORM_II.cif,tests/data/experimental/galunisertib/Galunisertib_FORM_X.cif,20,0.11110181733965874,7,4.528924612072581,
tests/data/experimental/galunisertib/Galunisertib_FORM_II.cif,tests/data/experimental/galunisertib/Galunisertib_Form_VII.cif,20,0.2417548019438982,8,5.110500475329845,
tests/data/experimental/galunisertib/Galunisertib_FORM_III.cif,tests/data/experimental/galunisertib/Galunisertib_FORM_VI.cif,20,0.0379481315612793,3,4.039449201479362,
tests/data/experimental/galunisertib/Galunisertib_FORM_III.cif,tests/data/experimental/galunisertib/Galunisertib_FORM_VIII.cif,20,0.13733499124646187,6,2.731344873778499,
tests/data/experimental/galunisertib/Galunisertib_FORM_V.cif,tests/data/experimental/galunisertib/Galunisertib_FORM_VIII.cif,20,0.07167076226323843,10,0.5729279719746928,
tests/data/experimental/galunisertib/Galunisertib_FORM_VI.cif,tests/data/experimental/galunisertib/Galunisertib_FORM_VIII.cif,20,0.06527973338961601,5,3.0610143087880024,
tests/data/experimental/galunisertib/Galunisertib_FORM_VIII.cif,tests/data/experimental/galunisertib/Galunisertib_FORM_X.cif,20,0.047255429439246655,3,4.451709421985208,
tests/data/csd_families/ABEKUN/ABEKUN.cif,tests/data/csd_families/ABEKUN/ABEKUN02.cif,25,42.73070654831827,12,3.125815886108588,
tests/data/csd_families/ABEKUN/ABEKUN02.cif,tests/data/csd_families/ABEKUN/ABEKUN04.cif,25,53.702251363545656,12,3.149153774326726,
tests/data/csd_families/ALOCOW/ALOCOW01.cif,tests/data/csd_families/ALOCOW/ALOCOW03.cif,25,0.4014330431818962,25,0.1021169726058575,
tests/data/csd_families/ALOCOW/ALOCOW03.cif,tests/data/csd_families/ALOCOW/ALOCOW04.cif,25,0.29846722818911076,25,2.34799920148825,
tests/data/csd_families/AMBACO/AMBACO05.cif,tests/data/csd_families/AMBACO/AMBACO06.cif,25,25.639820684678853,13,0.9191402602147637,
tests/data/csd_families/AMBNAC/AMBNAC01.cif,tests/data/csd_families/AMBNAC/AMBNAC04.cif,25,177.2109687300399,12,3.999720459263769,
tests/data/csd_families/AMBNAC/AMBNAC04.cif,tests/data/csd_families/AMBNAC/AMBNAC07.cif,25,157.0238679703325,12,5.419384547493083,
tests/data/csd_families/AQACNI/AQACNI.cif,tests/data/csd_families/AQACNI/AQACNI01.cif,25,0.06970836594700813,25,0.14397258281563746,
tests/data/csd_families/AQACNI/AQACNI01.cif,tests/data/csd_families/AQACNI/AQACNI02.cif,25,0.4864426013082266,25,0.5898493405943463,
tests/data/csd_families/AVOWUD/AVOWUD.cif,tests/data/csd_families/AVOWUD/AVOWUD02.cif,25,120.1807831870392,0,nan,RuntimeError:MotifSearch Timeout
tests/data/csd_families/AWENUO/AWENUO01.cif,tests/data/csd_families/AWENUO/AWENUO02.cif,25,56.44776463601738,25,0.03895512769676883,
tests/data/csd_families/AWENUO/AWENUO02.cif,tests/data/csd_families/AWENUO/AWENUO03.cif,25,21.756748458370566,25,0.11032652134140584,
tests/data/csd_families/AWENUO/AWENUO02.cif,tests/data/csd_families/AWENUO/AWENUO04.cif,25,19.99120037071407,25,0.04543373713215005,
tests/data/csd_families/BACKOK/BACKOK.cif,tests/data/csd_families/BACKOK/BACKOK03.cif,25,0.05734330788254738,25,0.046266529783944424,
tests/data/csd_families/BACKOK/BACKOK01.cif,tests/data/csd_families/BACKOK/BACKOK02.cif,25,0.09642437472939491,25,0.035003155245504784,
tests/data/csd_families/BAZGOY/BAZGOY.cif,tests/data/csd_families/BAZGOY/BAZGOY04.cif,25,59.617144614458084,25,0.7208987291514799,
tests/data/csd_families/BAZGOY/BAZGOY01.cif,tests/data/csd_families/BAZGOY/BAZGOY04.cif,25,14.61332853231579,25,0.6295883227201242,
tests/data/csd_families/BBENAN/BBENAN.cif,tests/data/csd_families/BBENAN/BBENAN03.cif,25,0.3551873629912734,25,0.21636716332156886,
tests/data/csd_families/BBENAN/BBENAN01.cif,tests/data/csd_families/BBENAN/BBENAN03.cif,25,0.6152035742998123,25,0.13109909191402744,
tests/data/csd_families/BENZAC/BENZAC.cif,tests/data/csd_families/BENZAC/BENZAC01.cif,25,0.7174654938280582,25,0.06076278769708554,
tests/data/csd_families/BENZAC/BENZAC07.cif,tests/data/csd_families/BENZAC/BENZAC08.cif,25,0.036991482600569725,25,0.021960942811603705,
tests/data/csd_families/BOBVIY/BOBVIY04.cif,tests/data/csd_families/BOBVIY/BOBVIY05.cif,25,97.03156460542232,25,1.0336662803733037,
tests/data/csd_families/BUCACT/BUCACT.cif,tests/data/csd_families/BUCACT/BUCACT02.cif,25,0.06027054786682129,25,0.18950163904003808,
tests/data/csd_families/BUCACT/BUCACT02.cif,tests/data/csd_families/BUCACT/BUCACT03.cif,25,0.28175732493400574,25,0.07105207374458027,
tests/data/csd_families/BUCACT/BUCACT02.cif,tests/data/csd_families/BUCACT/BUCACT04.cif,25,0.09915183670818806,25,0.07633822966042526,
tests/data/csd_families/CAQHOV/CAQHOV02.cif,tests/data/csd_families/CAQHOV/CAQHOV03.cif,25,2.7967836130410433,25,0.16488072738252826,
tests/data/csd_families/CATDAE/CATDAE.cif,tests/data/csd_families/CATDAE/CATDAE01.cif,25,2.7836208287626505,9,2.7207839743734157,
tests/data/csd_families/CATDAE/CATDAE.cif,tests/data/csd_families/CATDAE/CATDAE02.cif,25,0.8534009763970971,9,2.7376627983954007,
tests/data/csd_families/CEGHED/CEGHED02.cif,tests/data/csd_families/CEGHED/CEGHED03.cif,25,3.265935245901346,25,0.054241979241759615,
tests/data/csd_families/CEWNEZ/CEWNEZ.cif,tests/data/csd_families/CEWNEZ/CEWNEZ01.cif,25,120.31222109310329,0,nan,RuntimeError:MotifSearch Timeout
tests/data/csd_families/CEWNEZ/CEWNEZ01.cif,tests/data/csd_families/CEWNEZ/CEWNEZ02.cif,25,120.26601782999933,0,nan,RuntimeError:MotifSearch Timeout
tests/data/csd_families/CIKLOZ/CIKLOZ.cif,tests/data/csd_families/CIKLOZ/CIKLOZ02.cif,25,0.05298580415546894,25,0.07240379078495351,
tests/data/csd_families/CITRAC/CITRAC11.cif,tests/data/csd_families/CITRAC/CITRAC12.cif,25,0.170999925583601,25,0.10295226995575503,
tests/data/csd_families/COGJAM/COGJAM01.cif,tests/data/csd_families/COGJAM/COGJAM02.cif,25,14.835967463441193,25,0.15265378353066514,
tests/data/csd_families/CTMTNA/CTMTNA.cif,tests/data/csd_families/CTMTNA/CTMTNA04.cif,25,120.12632863875479,0,nan,RuntimeError:MotifSearch Timeout
tests/data/csd_families/CTMTNA/CTMTNA02.cif,tests/data/csd_families/CTMTNA/CTMTNA04.cif,25,120.1228652112186,0,nan,RuntimeError:MotifSearch Timeout
tests/data/csd_families/CTMTNA/CTMTNA03.cif,tests/data/csd_families/CTMTNA/CTMTNA04.cif,25,120.19089370965958,0,nan,RuntimeError:MotifSearch Timeout
tests/data/csd_families/CUSALA/CUSALA.cif,tests/data/csd_families/CUSALA/CUSALA04.cif,25,174.9042606446892,0,nan,RuntimeError:MotifSearch Timeout
tests/data/csd_families/CUSALA/CUSALA01.cif,tests/data/csd_families/CUSALA/CUSALA05.cif,25,125.81245803833008,0,nan,RuntimeError:MotifSearch Timeout
tests/data/csd_families/CYOCPD/CYOCPD.cif,tests/data/csd_families/CYOCPD/CYOCPD02.cif,25,223.4730138881132,0,nan,RuntimeError:MotifSearch Timeout
tests/data/csd_families/CYOCPD/CYOCPD.cif,tests/data/csd_families/CYOCPD/CYOCPD03.cif,25,180.31837587058544,12,4.107623887410675,
tests/data/csd_families/DBEZPO/DBEZPO.cif,tests/data/csd_families/DBEZPO/DBEZPO01.cif,25,0.45649564918130636,25,0.06198067730307203,
tests/data/csd_families/DBPHEN/DBPHEN04.cif,tests/data/csd_families/DBPHEN/DBPHEN05.cif,25,184.51993896439672,11,4.467954948030472,
tests/data/csd_families/DECVIQ/DECVIQ01.cif,tests/data/csd_families/DECVIQ/DECVIQ10.cif,25,0.06399113312363625,0,nan,
tests/data/csd_families/DECVIQ/DECVIQ01.cif,tests/data/csd_families/DECVIQ/DECVIQ11.cif,25,1.0591451963409781,1,15.358553032426876,
tests/data/csd_families/DERKOA/DERKOA10.cif,tests/data/csd_families/DERKOA/DERKOA11.cif,25,0.03163402061909437,0,nan,
tests/data/csd_families/DIBFAY/DIBFAY01.cif,tests/data/csd_families/DIBFAY/DIBFAY02.cif,25,0.08008547313511372,25,0.05441927830967611,
tests/data/csd_families/DIBFAY/DIBFAY02.cif,tests/data/csd_families/DIBFAY/DIBFAY03.cif,25,1.7020579306408763,25,0.07879298007207633,
tests/data/csd_families/DMSULO/DMSULO.cif,tests/data/csd_families/DMSULO/DMSULO05.cif,25,0.9823160488158464,25,0.13106841889127638,
tests/data/csd_families/ECUTUR/ECUTUR.cif,tests/data/csd_families/ECUTUR/ECUTUR03.cif,25,12.550818960182369,25,0.05511126683005839,
tests/data/csd_families/ECUTUR/ECUTUR01.cif,tests/data/csd_families/ECUTUR/ECUTUR02.cif,25,9.042876465246081,25,0.6363940173052653,
tests/data/csd_families/ESAXAA/ESAXAA01.cif,tests/data/csd_families/ESAXAA/ESAXAA03.cif,25,12.283190416172147,25,0.6856564523399205,
tests/data/csd_families/EXIPUY/EXIPUY01.cif,tests/data/csd_families/EXIPUY/EXIPUY02.cif,25,0.05145649611949921,0,nan,
tests/data/csd_families/FINSOK/FINSOK01.cif,tests/data/csd_families/FINSOK/FINSOK12.cif,25,71.33300729002804,5,8.527119244373992,
tests/data/csd_families/FINSOK/FINSOK11.cif,tests/data/csd_families/FINSOK/FINSOK12.cif,25,0.28676566295325756,0,nan,
tests/data/csd_families/FIWFOH/FIWFOH03.cif,tests/data/csd_families/FIWFOH/FIWFOH04.cif,25,0.03222302347421646,25,0.015141278100625957,
tests/data/csd_families/FOHCOU/FOHCOU01.cif,tests/data/csd_families/FOHCOU/FOHCOU02.cif,25,0.9438983593136072,25,0.003533117676438809,
tests/data/csd_families/FULPIM/FULPIM.cif,tests/data/csd_families/FULPIM/FULPIM02.cif,25,0.10560263134539127,25,0.013940347164761075,
tests/data/csd_families/FUTSES/FUTSES.cif,tests/data/csd_families/FUTSES/FUTSES01.cif,25,0.3440398061648011,25,0.030401250781283192,
tests/data/csd_families/GLYCIN/GLYCIN01.cif,tests/data/csd_families/GLYCIN/GLYCIN02.cif,25,30.769651477225125,11,2.395058992463071,
tests/data/csd_families/HAGWAP/HAGWAP01.cif,tests/data/csd_families/HAGWAP/HAGWAP03.cif,25,0.03714896645396948,25,0.07744742824758111,
tests/data/csd_families/HAWGAO/HAWGAO.cif,tests/data/csd_families/HAWGAO/HAWGAO03.cif,25,0.2343245493248105,25,0.018256104416117573,
tests/data/csd_families/HEWRAD/HEWRAD.cif,tests/data/csd_families/HEWRAD/HEWRAD03.cif,25,0.051308794878423214,25,0.013702482052713287,
tests/data/csd_families/HEZQIN/HEZQIN01.cif,tests/data/csd_families/HEZQIN/HEZQIN04.cif,25,127.58502751868218,0,nan,RuntimeError:MotifSearch Timeout
tests/data/csd_families/HOGBUD/HOGBUD.cif,tests/data/csd_families/HOGBUD/HOGBUD04.cif,25,120.45391792617738,0,nan,RuntimeError:MotifSearch Timeout
tests/data/csd_families/IDODIQ/IDODIQ.cif,tests/data/csd_families/IDODIQ/IDODIQ01.cif,25,23.167942351661623,25,0.04959772720940793,
tests/data/csd_families/IFUXEN/IFUXEN.cif,tests/data/csd_families/IFUXEN/IFUXEN03.cif,25,7.75630138348788,9,5.782213712287623,
tests/data/csd_families/IFUXEN/IFUXEN02.cif,tests/data/csd_families/IFUXEN/IFUXEN03.cif,25,3.955108338035643,9,5.246975951046796,
tests/data/csd_families/ILUTIV/ILUTIV.cif,tests/data/csd_families/ILUTIV/ILUTIV01.cif,25,103.2319671716541,11,4.124194927479678,
tests/data/csd_families/IPTCNI/IPTCNI10.cif,tests/data/csd_families/IPTCNI/IPTCNI13.cif,25,95.02996990922838,25,0.7514107702674884,
tests/data/csd_families/IYEBUJ/IYEBUJ.cif,tests/data/csd_families/IYEBUJ/IYEBUJ01.cif,25,2.9976284252479672,7,4.5384704262045705,
tests/data/csd_families/IYEBUJ/IYEBUJ01.cif,tests/data/csd_families/IYEBUJ/IYEBUJ03.cif,25,1.5448676934465766,7,7.524811165269426,
tests/data/csd_families/IYEBUJ/IYEBUJ02.cif,tests/data/csd_families/IYEBUJ/IYEBUJ03.cif,25,0.11380658950656652,25,0.20552895550755415,
tests/data/csd_families/IZOJUF/IZOJUF01.cif,tests/data/csd_families/IZOJUF/IZOJUF03.cif,25,0.12634652107954025,5,6.749771981365498,
tests/data/csd_families/JEGMER/JEGMER03.cif,tests/data/csd_families/JEGMER/JEGMER04.cif,25,0.1183067038655281,25,0.023424057963778208,
tests/data/csd_families/JEXKUS/JEXKUS.cif,tests/data/csd_families/JEXKUS/JEXKUS03.cif,25,0.0683904318138957,25,0.040499661851600144,
tests/data/csd_families/JOFJEW/JOFJEW03.cif,tests/data/csd_families/JOFJEW/JOFJEW04.cif,25,0.1331997960805893,25,0.00856704625867043,
tests/data/csd_families/KANZEE/KANZEE02.cif,tests/data/csd_families/KANZEE/KANZEE03.cif,25,93.33017853181809,25,0.1914948456941377,
tests/data/csd_families/KANZEE/KANZEE02.cif,tests/data/csd_families/KANZEE/KANZEE04.cif,25,93.95490900054574,25,0.23479246196923564,
tests/data/csd_families/KHMALA/KHMALA.cif,tests/data/csd_families/KHMALA/KHMALA12.cif,25,5.835477750748396,8,2.7385410415269584,
tests/data/csd_families/KIXKAD/KIXKAD.cif,tests/data/csd_families/KIXKAD/KIXKAD03.cif,25,0.13018868956714869,25,0.005843144677443617,
tests/data/csd_families/LAGHOQ/LAGHOQ02.cif,tests/data/csd_families/LAGHOQ/LAGHOQ03.cif,25,0.05189782381057739,25,0.009518516018809953,
tests/data/csd_families/LALNIN/LALNIN.cif,tests/data/csd_families/LALNIN/LALNIN14.cif,25,2.428670252673328,25,0.017408073669367908,
tests/data/csd_families/LALNIN/LALNIN01.cif,tests/data/csd_families/LALNIN/LALNIN14.cif,25,2.4502836540341377,25,0.01693828153294291,
tests/data/csd_families/LSERIN/LSERIN11.cif,tests/data/csd_families/LSERIN/LSERIN12.cif,25,0.0733428355306387,25,0.10734919821166002,
tests/data/csd_families/MATRNO/MATRNO01.cif,tests/data/csd_families/MATRNO/MATRNO02.cif,25,13.940172107890248,12,3.437552802303745,
tests/data/csd_families/MEBXID/MEBXID03.cif,tests/data/csd_families/MEBXID/MEBXID04.cif,25,0.13304727245122194,25,0.05925818756517487,
tests/data/csd_families/MEUREA/MEUREA02.cif,tests/data/csd_families/MEUREA/MEUREA03.cif,25,0.02600323874503374,25,0.9193389084855815,
tests/data/csd_families/MPECXP/MPECXP.cif,tests/data/csd_families/MPECXP/MPECXP01.cif,25,0.06174857076257467,25,0.03341317711485293,
tests/data/csd_families/NCKLCN/NCKLCN01.cif,tests/data/csd_families/NCKLCN/NCKLCN04.cif,25,0.04003026429563761,0,nan,
tests/data/csd_families/NIRJAA/NIRJAA03.cif,tests/data/csd_families/NIRJAA/NIRJAA04.cif,25,0.17557623703032732,25,0.09710270428466453,
tests/data/csd_families/NPOFNP/NPOFNP.cif,tests/data/csd_families/NPOFNP/NPOFNP02.cif,25,9.78528179321438,25,0.33551712321958793,
tests/data/csd_families/OFESAL/OFESAL.cif,tests/data/csd_families/OFESAL/OFESAL04.cif,25,120.28195248357952,0,nan,RuntimeError:MotifSearch Timeout
tests/data/csd_families/ONITAN/ONITAN.cif,tests/data/csd_families/ONITAN/ONITAN03.cif,25,11.884830798022449,11,2.3740118318505514,
tests/data/csd_families/ONITAN/ONITAN01.cif,tests/data/csd_families/ONITAN/ONITAN02.cif,25,1.274490324780345,25,0.11172198679269041,
tests/data/csd_families/ONITAN/ONITAN02.cif,tests/data/csd_families/ONITAN/ONITAN03.cif,25,26.919618061743677,11,2.339034573425472,
tests/data/csd_families/ONITAN/ONITAN02.cif,tests/data/csd_families/ONITAN/ONITAN04.cif,25,1.2600883534178138,25,0.0990585383212076,
tests/data/csd_families/ONITAN/ONITAN03.cif,tests/data/csd_families/ONITAN/ONITAN04.cif,25,9.139362930320203,11,2.274480884287887,
tests/data/csd_families/OPEVUD/OPEVUD01.cif,tests/data/csd_families/OPEVUD/OPEVUD02.cif,25,0.062342909164726734,25,0.04119494906894043,
tests/data/csd_families/OXALDH/OXALDH.cif,tests/data/csd_families/OXALDH/OXALDH01.cif,25,53.51377686019987,21,0.7108630768983574,
tests/data/csd_families/OXALDH/OXALDH01.cif,tests/data/csd_families/OXALDH/OXALDH04.cif,25,53.84808438550681,21,0.7108102440085575,
tests/data/csd_families/PDHTEZ/PDHTEZ.cif,tests/data/csd_families/PDHTEZ/PDHTEZ01.cif,25,183.648271988146,11,5.612112815437859,
tests/data/csd_families/PDHTEZ/PDHTEZ01.cif,tests/data/csd_families/PDHTEZ/PDHTEZ02.cif,25,287.390308518894,10,3.8630862766623033,
tests/data/csd_families/PDHTEZ/PDHTEZ01.cif,tests/data/csd_families/PDHTEZ/PDHTEZ04.cif,25,204.89986542239785,0,nan,RuntimeError:MotifSearch Timeout
tests/data/csd_families/PDHTEZ/PDHTEZ02.cif,tests/data/csd_families/PDHTEZ/PDHTEZ03.cif,25,0.05307560693472624,25,0.031057278724640223,
tests/data/csd_families/PUWYUD/PUWYUD02.cif,tests/data/csd_families/PUWYUD/PUWYUD03.cif,25,0.1800021529197693,25,0.04170440601787299,
tests/data/csd_families/QAHVIE/QAHVIE01.cif,tests/data/csd_families/QAHVIE/QAHVIE12.cif,25,0.13525447994470596,5,3.018999216686209,
tests/data/csd_families/QAHWUU/QAHWUU.cif,tests/data/csd_families/QAHWUU/QAHWUU01.cif,25,2.808352374471724,25,0.11625715099493039,
tests/data/csd_families/QAHWUU/QAHWUU01.cif,tests/data/csd_families/QAHWUU/QAHWUU04.cif,25,120.6490681366995,9,7.324089994830616,
tests/data/csd_families/QAHWUU/QAHWUU02.cif,tests/data/csd_families/QAHWUU/QAHWUU04.cif,25,13.2924586199224,10,3.2076625149417355,
tests/data/csd_families/QAHWUU/QAHWUU03.cif,tests/data/csd_families/QAHWUU/QAHWUU04.cif,25,29.451583309099078,9,6.113219227979741,
tests/data/csd_families/QAPNAZ/QAPNAZ01.cif,tests/data/csd_families/QAPNAZ/QAPNAZ03.cif,25,0.18050434067845345,25,0.0648943852165351,
tests/data/csd_families/QODLAZ/QODLAZ.cif,tests/data/csd_families/QODLAZ/QODLAZ01.cif,25,0.05588973127305508,25,0.032923257450615175,
tests/data/csd_families/ROLMUA/ROLMUA.cif,tests/data/csd_families/ROLMUA/ROLMUA03.cif,25,145.79562778025866,10,5.932825188409997,
tests/data/csd_families/RUVTOR/RUVTOR.cif,tests/data/csd_families/RUVTOR/RUVTOR02.cif,25,3.1271276231855154,25,0.03274403306847208,
tests/data/csd_families/SAQTOT/SAQTOT01.cif,tests/data/csd_families/SAQTOT/SAQTOT02.cif,25,0.055822730995714664,25,0.06839684364038733,
tests/data/csd_families/SAQTOT/SAQTOT02.cif,tests/data/csd_families/SAQTOT/SAQTOT03.cif,25,0.06400900799781084,25,0.0496358601250969,
tests/data/csd_families/SAQTOT/SAQTOT02.cif,tests/data/csd_families/SAQTOT/SAQTOT04.cif,25,0.058842181228101254,25,0.08715127966290742,
tests/data/csd_families/SETNEO/SETNEO.cif,tests/data/csd_families/SETNEO/SETNEO01.cif,25,0.3990969341248274,25,0.011687872136992914,
tests/data/csd_families/SETNEO/SETNEO03.cif,tests/data/csd_families/SETNEO/SETNEO04.cif,25,0.37302443385124207,25,0.01257403261540145,
tests/data/csd_families/TAPYEP/TAPYEP.cif,tests/data/csd_families/TAPYEP/TAPYEP05.cif,25,0.9322249675169587,25,0.0312513739038007,
tests/data/csd_families/TAVKUX/TAVKUX06.cif,tests/data/csd_families/TAVKUX/TAVKUX09.cif,25,1.3296530591323972,25,1.7999385067946536,
tests/data/csd_families/TAZDNC/TAZDNC04.cif,tests/data/csd_families/TAZDNC/TAZDNC06.cif,25,0.07166478130966425,25,0.031947767814945766,
tests/data/csd_families/TCBENQ/TCBENQ02.cif,tests/data/csd_families/TCBENQ/TCBENQ03.cif,25,34.24585987906903,25,0.25377640622391323,
tests/data/csd_families/TETBBZ/TETBBZ01.cif,tests/data/csd_families/TETBBZ/TETBBZ04.cif,25,0.1935627032071352,25,0.17621214990231837,
tests/data/csd_families/TEYDAC/TEYDAC.cif,tests/data/csd_families/TEYDAC/TEYDAC06.cif,25,9.06938181258738,25,0.08438653779589428,
tests/data/csd_families/TILRAJ/TILRAJ.cif,tests/data/csd_families/TILRAJ/TILRAJ01.cif,25,0.06219208240509033,0,nan,
tests/data/csd_families/TISPUI/TISPUI02.cif,tests/data/csd_families/TISPUI/TISPUI04.cif,25,23.86600321996957,25,0.05192814515499152,
tests/data/csd_families/TMAMOH/TMAMOH.cif,tests/data/csd_families/TMAMOH/TMAMOH03.cif,25,16.22946171462536,13,3.198745050810525,
tests/data/csd_families/TOJHIK/TOJHIK01.cif,tests/data/csd_families/TOJHIK/TOJHIK02.cif,25,97.78466381691396,25,0.031090320270601306,
tests/data/csd_families/TPHMET/TPHMET01.cif,tests/data/csd_families/TPHMET/TPHMET11.cif,25,21.585956341587007,25,0.015776112858715507,
tests/data/csd_families/TPHMET/TPHMET02.cif,tests/data/csd_families/TPHMET/TPHMET11.cif,25,9.55605136230588,25,0.1817786036391696,
tests/data/csd_families/TPSNCL/TPSNCL01.cif,tests/data/csd_families/TPSNCL/TPSNCL03.cif,25,329.46529796067625,0,nan,RuntimeError:MotifSearch Timeout
tests/data/csd_families/TRIPHE/TRIPHE.cif,tests/data/csd_families/TRIPHE/TRIPHE15.cif,25,166.06102560460567,0,nan,RuntimeError:MotifSearch Timeout
tests/data/csd_families/TRIPHE/TRIPHE12.cif,tests/data/csd_families/TRIPHE/TRIPHE13.cif,25,120.28607686143368,0,nan,RuntimeError:MotifSearch Timeout
tests/data/csd_families/TUXFIC/TUXFIC.cif,tests/data/csd_families/TUXFIC/TUXFIC01.cif,25,0.5277137728407979,25,0.14428694101483933,
tests/data/csd_families/TUXFIC/TUXFIC02.cif,tests/data/csd_families/TUXFIC/TUXFIC03.cif,25,0.3405918572098017,25,0.0068126242727381235,
tests/data/csd_families/VELBOD/VELBOD10.cif,tests/data/csd_families/VELBOD/VELBOD11.cif,25,261.6749427532777,25,0.11676551620535011,
tests/data/csd_families/VILGAC/VILGAC.cif,tests/data/csd_families/VILGAC/VILGAC03.cif,25,2.090651882812381,25,0.29087437093972124,
tests/data/csd_families/VILGAC/VILGAC01.cif,tests/data/csd_families/VILGAC/VILGAC02.cif,25,0.1463014530017972,25,0.1584867761826123,
tests/data/csd_families/VIPJUA/VIPJUA.cif,tests/data/csd_families/VIPJUA/VIPJUA01.cif,25,0.07863428629934788,25,0.2918228467708258,
tests/data/csd_families/VITDEL/VITDEL.cif,tests/data/csd_families/VITDEL/VITDEL01.cif,25,7.547549040988088,7,3.894008711181771,
tests/data/csd_families/VITDEL/VITDEL.cif,tests/data/csd_families/VITDEL/VITDEL02.cif,25,0.5920745451003313,6,3.9443031206439905,
tests/data/csd_families/WATCID/WATCID10.cif,tests/data/csd_families/WATCID/WATCID11.cif,25,0.15958463679999113,25,0.02819206663650581,
tests/data/csd_families/WULMOJ/WULMOJ.cif,tests/data/csd_families/WULMOJ/WULMOJ01.cif,25,11.115896949544549,10,6.207857510650225,
tests/data/csd_families/WULMOJ/WULMOJ.cif,tests/data/csd_families/WULMOJ/WULMOJ04.cif,25,10.009369288571179,10,6.197925175553164,
tests/data/csd_families/XEFDER/XEFDER.cif,tests/data/csd_families/XEFDER/XEFDER02.cif,25,5.6647900845855474,25,0.08595070042042015,
tests/data/csd_families/XIHVUG/XIHVUG01.cif,tests/data/csd_families/XIHVUG/XIHVUG02.cif,25,0.08084858302026987,25,0.08625313332699429,
tests/data/csd_families/XYLTOL/XYLTOL02.cif,tests/data/csd_families/XYLTOL/XYLTOL03.cif,25,0.07639480847865343,25,0.004318975521132234,
tests/data/csd_families/YAKNUU/YAKNUU.cif,tests/data/csd_families/YAKNUU/YAKNUU01.cif,25,120.74950417410582,0,nan,RuntimeError:MotifSearch Timeout
tests/data/csd_families/YAKNUU/YAKNUU01.cif,tests/data/csd_families/YAKNUU/YAKNUU02.cif,25,73.24184848833829,10,2.2755685898523788,
tests/data/csd_families/YAXYUV/YAXYUV.cif,tests/data/csd_families/YAXYUV/YAXYUV02.cif,25,0.13810401037335396,25,0.021606002022422036,
tests/data/csd_families/YEXSAV/YEXSAV01.cif,tests/data/csd_families/YEXSAV/YEXSAV02.cif,25,0.0700930617749691,25,0.009310090118120635,
tests/data/csd_families/YIDDAU/YIDDAU01.cif,tests/data/csd_families/YIDDAU/YIDDAU07.cif,25,0.26692508440464735,0,nan,
tests/data/csd_families/YUXZIB/YUXZIB01.cif,tests/data/csd_families/YUXZIB/YUXZIB03.cif,25,0.7478150688111782,25,0.27642018282310954,
tests/data/csd_families/ZAPFED/ZAPFED.cif,tests/data/csd_families/ZAPFED/ZAPFED01.cif,25,9.525136936455965,2,1.2952403143864348,
tests/data/csd_families/ZEYVAA/ZEYVAA02.cif,tests/data/csd_families/ZEYVAA/ZEYVAA10.cif,25,3.697233942337334,25,0.01787933081399494,
tests/data/csd_families/ZZZPPI/ZZZPPI01.cif,tests/data/csd_families/ZZZPPI/ZZZPPI04.cif,25,0.029384351335465908,0,nan,
tests/data/csd_families/ZZZPPI/ZZZPPI02.cif,tests/data/csd_families/ZZZPPI/ZZZPPI04.cif,25,0.034291516058146954,0,nan,
tests/data/csd_families/ZZZPPI/ZZZPPI04.cif,tests/data/csd_families/ZZZPPI/ZZZPPI05.cif,25,0.03693554177880287,0,nan,
tests/data/experimental/ROY/QAXMEH24.cif,tests/data/experimental/ROY/QAXMEH27.cif,25,4.5051097413524985,9,3.6465257888699676,
tests/data/experimental/ROY/QAXMEH24.cif,tests/data/experimental/ROY/QAXMEH28.cif,25,1.621805863454938,7,3.508678255465842,
tests/data/experimental/ROY/QAXMEH24.cif,tests/data/experimental/ROY/QAXMEH90_O22.cif,25,0.8808923056349158,5,3.3977349687517386,
tests/data/experimental/ROY/QAXMEH24.cif,tests/data/experimental/ROY/ROY_PO13.cif,25,1.644772320985794,7,4.81429444000284,
tests/data/experimental/ROY/QAXMEH24.cif,tests/data/experimental/ROY/ROY_R05.cif,25,4.32388533372432,9,5.424286373880652,
tests/data/experimental/ROY/QAXMEH26.cif,tests/data/experimental/ROY/QAXMEH28.cif,25,0.8439288269728422,11,2.946924931323221,
tests/data/experimental/ROY/QAXMEH26.cif,tests/data/experimental/ROY/QAXMEH90_O22.cif,25,1.0577812632545829,9,6.258294084923366,
tests/data/experimental/ROY/QAXMEH26.cif,tests/data/experimental/ROY/ROY_Y19.cif,25,1.3957366896793246,10,3.927959662130925,
tests/data/experimental/ROY/QAXMEH26.cif,tests/data/experimental/ROY/YT04.cif,25,0.41767335683107376,9,2.809260255534746,
tests/data/experimental/ROY/QAXMEH27.cif,tests/data/experimental/ROY/ROY_PO13.cif,25,2.05507979542017,9,4.82317250563177,
tests/data/experimental/ROY/QAXMEH27.cif,tests/data/experimental/ROY/ROY_Y_ambient.cif,25,1.3488988419994712,9,3.8128575712445585,
tests/data/experimental/ROY/QAXMEH27.cif,tests/data/experimental/ROY/Y04.cif,25,0.4075724305585027,10,2.7764578942534053,
tests/data/experimental/ROY/QAXMEH28.cif,tests/data/experimental/ROY/QAXMEH90_O22.cif,25,0.61842146422714,8,4.442587828373352,
tests/data/experimental/ROY/QAXMEH28.cif,tests/data/experimental/ROY/ROY_Y19.cif,25,3.8591958163306117,10,4.958226677717707,
tests/data/experimental/ROY/QAXMEH29.cif,tests/data/experimental/ROY/ROY_R05.cif,25,1.1521164122968912,7,4.07270026842979,
tests/data/experimental/ROY/QAXMEH29.cif,tests/data/experimental/ROY/ROY_Y_ambient.cif,25,5.953034820966423,8,4.293156409987223,
tests/data/experimental/ROY/QAXMEH29.cif,tests/data/experimental/ROY/YT04.cif,25,0.1553558362647891,9,3.3228428351503876,
tests/data/experimental/ROY/QAXMEH90_O22.cif,tests/data/experimental/ROY/ROY_PO13.cif,25,0.21430382691323757,5,2.524020643403395,
tests/data/experimental/ROY/QAXMEH90_O22.cif,tests/data/experimental/ROY/Y04.cif,25,0.5929210251197219,10,4.573457015245036,
tests/data/experimental/ROY/QAXMEH90_O22.cif,tests/data/experimental/ROY/mrp180010_fa.cif,25,0.5933280559256673,5,5.9848173664862445,
tests/data/experimental/ROY/ROY_R05.cif,tests/data/experimental/ROY/Y04.cif,25,1.326390191912651,7,2.998445499786529,
tests/data/experimental/ROY/ROY_Y19.cif,tests/data/experimental/ROY/mrp180010_fa.cif,25,3.141104329377413,11,6.730253383425501,
tests/data/experimental/ROY/Y04.cif,tests/data/experimental/ROY/YT04.cif,25,0.23156814090907574,11,4.751993284574228,
tests/data/experimental/ROY/Y04.cif,tests/data/experimental/ROY/mrp180010_fa.cif,25,1.9540103254839778,9,7.083898232989721,
tests/data/experimental/Ritonavir/YIGPIO03.cif,tests/data/experimental/Ritonavir/YIGPIO04.cif,25,0.44128558598458767,2,4.006673143935007,
tests/data/experimental/Ritonavir/YIGPIO03.cif,tests/data/experimental/Ritonavir/YIGPIO06.cif,25,0.42911608051508665,2,3.978015086244325,
tests/data/experimental/Ritonavir/YIGPIO05.cif,tests/data/experimental/Ritonavir/YIGPIO10.cif,25,0.29757584631443024,3,3.8349684926908028,
tests/data/experimental/Ritonavir/YIGPIO06.cif,tests/data/experimental/Ritonavir/YIGPIO10.cif,25,0.4146562498062849,3,3.3776448867455917,
tests/data/experimental/Ritonavir/YIGPIO07.cif,tests/data/experimental/Ritonavir/YIGPIO10.cif,25,0.21884762030094862,1,2.9804768448645933,
tests/data/experimental/galunisertib/Galunisertib_FORM_I.cif,tests/data/experimental/galunisertib/Galunisertib_FORM_IV.cif,25,0.8496901569887996,9,3.680594683749635,
tests/data/experimental/galunisertib/Galunisertib_FORM_I.cif,tests/data/experimental/galunisertib/Galunisertib_FORM_IX.cif,25,0.31644935347139835,7,6.572037856193001,
tests/data/experimental/galunisertib/Galunisertib_FORM_II.cif,tests/data/experimental/galunisertib/Galunisertib_FORM_IX.cif,25,0.8518379498273134,11,5.145964445148847,
tests/data/experimental/galunisertib/Galunisertib_FORM_II.cif,tests/data/experimental/galunisertib/Galunisertib_FORM_V.cif,25,2.0921143386512995,7,2.5733865052700375,
tests/data/experimental/galunisertib/Galunisertib_FORM_II.cif,tests/data/experimental/galunisertib/Galunisertib_FORM_X.cif,25,0.0917590381577611,6,4.7835151711882595,
tests/data/experimental/galunisertib/Galunisertib_FORM_II.cif,tests/data/experimental/galunisertib/Galunisertib_Form_VII.cif,25,0.7552310572937131,10,3.5760109458971003,
tests/data/experimental/galunisertib/Galunisertib_FORM_III.cif,tests/data/experimental/galunisertib/Galunisertib_FORM_VI.cif,25,0.05058284755796194,3,4.039449201479362,
tests/data/experimental/galunisertib/Galunisertib_FORM_III.cif,tests/data/experimental/galunisertib/Galunisertib_FORM_VIII.cif,25,1.1726794419810176,9,3.442274980646616,
tests/data/experimental/galunisertib/Galunisertib_FORM_V.cif,tests/data/experimental/galunisertib/Galunisertib_FORM_VIII.cif,25,0.19349004700779915,12,0.5860173739152991,
tests/data/experimental/galunisertib/Galunisertib_FORM_VI.cif,tests/data/experimental/galunisertib/Galunisertib_FORM_VIII.cif,25,0.12978700548410416,8,3.0956286766083667,
tests/data/experimental/galunisertib/Galunisertib_FORM_VIII.cif,tests/data/experimental/galunisertib/Galunisertib_FORM_X.cif,25,0.13974032271653414,5,4.68789013294462,
tests/data/csd_families/ABEKUN/ABEKUN.cif,tests/data/csd_families/ABEKUN/ABEKUN02.cif,30,95.70708498544991,11,4.479880253396039,
tests/data/csd_families/ABEKUN/ABEKUN02.cif,tests/data/csd_families/ABEKUN/ABEKUN04.cif,30,72.49712271243334,14,5.402181242388099,
tests/data/csd_families/ALOCOW/ALOCOW01.cif,tests/data/csd_families/ALOCOW/ALOCOW03.cif,30,3.734404561109841,30,0.10378811995216931,
tests/data/csd_families/ALOCOW/ALOCOW03.cif,tests/data/csd_families/ALOCOW/ALOCOW04.cif,30,9.708585894666612,30,2.3258891211580957,
tests/data/csd_families/AMBACO/AMBACO05.cif,tests/data/csd_families/AMBACO/AMBACO06.cif,30,77.76796300429851,15,1.2114589339966162,
tests/data/csd_families/AMBNAC/AMBNAC01.cif,tests/data/csd_families/AMBNAC/AMBNAC04.cif,30,84.88441397249699,14,3.736963553842871,
tests/data/csd_families/AMBNAC/AMBNAC04.cif,tests/data/csd_families/AMBNAC/AMBNAC07.cif,30,99.76714126300067,14,4.03912966570404,
tests/data/csd_families/AQACNI/AQACNI.cif,tests/data/csd_families/AQACNI/AQACNI01.cif,30,0.08688423130661249,30,0.1449805174613937,
tests/data/csd_families/AQACNI/AQACNI01.cif,tests/data/csd_families/AQACNI/AQACNI02.cif,30,0.7351209558546543,30,0.5976584663663709,
tests/data/csd_families/AVOWUD/AVOWUD.cif,tests/data/csd_families/AVOWUD/AVOWUD02.cif,30,96.19924338907003,23,0.30589878432159223,
tests/data/csd_families/AWENUO/AWENUO01.cif,tests/data/csd_families/AWENUO/AWENUO02.cif,30,108.15204574912786,30,0.03936510305434027,
tests/data/csd_families/AWENUO/AWENUO02.cif,tests/data/csd_families/AWENUO/AWENUO03.cif,30,105.11966628022492,30,0.10818109613937074,
tests/data/csd_families/AWENUO/AWENUO02.cif,tests/data/csd_families/AWENUO/AWENUO04.cif,30,99.78092381544411,30,0.04560723073399797,
tests/data/csd_families/BACKOK/BACKOK.cif,tests/data/csd_families/BACKOK/BACKOK03.cif,30,0.08275199960917234,30,0.044890457173699605,
tests/data/csd_families/BACKOK/BACKOK01.cif,tests/data/csd_families/BACKOK/BACKOK02.cif,30,0.13396254740655422,30,0.035572453551197245,
tests/data/csd_families/BAZGOY/BAZGOY.cif,tests/data/csd_families/BAZGOY/BAZGOY04.cif,30,120.16991318389773,0,nan,RuntimeError:MotifSearch Timeout
tests/data/csd_families/BAZGOY/BAZGOY01.cif,tests/data/csd_families/BAZGOY/BAZGOY04.cif,30,78.57060992810875,30,0.6931893761978924,
tests/data/csd_families/BBENAN/BBENAN.cif,tests/data/csd_families/BBENAN/BBENAN03.cif,30,3.064144264906645,30,0.220927992398644,
tests/data/csd_families/BBENAN/BBENAN01.cif,tests/data/csd_families/BBENAN/BBENAN03.cif,30,6.063696276396513,30,0.14613797973549975,
tests/data/csd_families/BENZAC/BENZAC.cif,tests/data/csd_families/BENZAC/BENZAC01.cif,30,4.899894863367081,30,0.0611704873334727,
tests/data/csd_families/BENZAC/BENZAC07.cif,tests/data/csd_families/BENZAC/BENZAC08.cif,30,0.051537761464715004,30,0.023501533135532906,
tests/data/csd_families/BOBVIY/BOBVIY04.cif,tests/data/csd_families/BOBVIY/BOBVIY05.cif,30,177.1780648669228,24,2.7411499249374724,
tests/data/csd_families/BUCACT/BUCACT.cif,tests/data/csd_families/BUCACT/BUCACT02.cif,30,0.09696703217923641,30,0.18861850292994625,
tests/data/csd_families/BUCACT/BUCACT02.cif,tests/data/csd_families/BUCACT/BUCACT03.cif,30,0.44099592324346304,30,0.07283271103423508,
tests/data/csd_families/BUCACT/BUCACT02.cif,tests/data/csd_families/BUCACT/BUCACT04.cif,30,0.14063189085572958,30,0.07848829392628912,
tests/data/csd_families/CAQHOV/CAQHOV02.cif,tests/data/csd_families/CAQHOV/CAQHOV03.cif,30,5.851927558891475,30,0.17900570902540414,
tests/data/csd_families/CATDAE/CATDAE.cif,tests/data/csd_families/CATDAE/CATDAE01.cif,30,54.41576179023832,7,5.042426274635209,
tests/data/csd_families/CATDAE/CATDAE.cif,tests/data/csd_families/CATDAE/CATDAE02.cif,30,62.168199016712606,8,3.2995278192885182,
tests/data/csd_families/CEGHED/CEGHED02.cif,tests/data/csd_families/CEGHED/CEGHED03.cif,30,5.851750276982784,30,0.05859426561672611,
tests/data/csd_families/CEWNEZ/CEWNEZ.cif,tests/data/csd_families/CEWNEZ/CEWNEZ01.cif,30,240.92486795037985,0,nan,RuntimeError:MotifSearch Timeout
tests/data/csd_families/CEWNEZ/CEWNEZ01.cif,tests/data/csd_families/CEWNEZ/CEWNEZ02.cif,30,120.44786759000272,0,nan,RuntimeError:MotifSearch Timeout
tests/data/csd_families/CIKLOZ/CIKLOZ.cif,tests/data/csd_families/CIKLOZ/CIKLOZ02.cif,30,0.07800500094890594,30,0.08129797382568574,
tests/data/csd_families/CITRAC/CITRAC11.cif,tests/data/csd_families/CITRAC/CITRAC12.cif,30,1.6224581487476826,30,0.1060284624582051,
tests/data/csd_families/COGJAM/COGJAM01.cif,tests/data/csd_families/COGJAM/COGJAM02.cif,30,37.11223766207695,30,0.1851445729753413,
tests/data/csd_families/CTMTNA/CTMTNA.cif,tests/data/csd_families/CTMTNA/CTMTNA04.cif,30,229.14149617310613,12,5.459918023506176,
tests/data/csd_families/CTMTNA/CTMTNA02.cif,tests/data/csd_families/CTMTNA/CTMTNA04.cif,30,120.24993471149355,0,nan,RuntimeError:MotifSearch Timeout
tests/data/csd_families/CTMTNA/CTMTNA03.cif,tests/data/csd_families/CTMTNA/CTMTNA04.cif,30,227.92936321999878,12,4.321354530005191,
tests/data/csd_families/CUSALA/CUSALA.cif,tests/data/csd_families/CUSALA/CUSALA04.cif,30,120.19572364352643,0,nan,RuntimeError:MotifSearch Timeout
tests/data/csd_families/CUSALA/CUSALA01.cif,tests/data/csd_families/CUSALA/CUSALA05.cif,30,120.48030308354646,0,nan,RuntimeError:MotifSearch Timeout
tests/data/csd_families/CYOCPD/CYOCPD.cif,tests/data/csd_families/CYOCPD/CYOCPD02.cif,30,364.2449759859592,13,5.518495248765087,
tests/data/csd_families/CYOCPD/CYOCPD.cif,tests/data/csd_families/CYOCPD/CYOCPD03.cif,30,228.45619050506502,13,3.356477429713373,
tests/data/csd_families/DBEZPO/DBEZPO.cif,tests/data/csd_families/DBEZPO/DBEZPO01.cif,30,3.13079883903265,30,0.06658507713246133,
tests/data/csd_families/DBPHEN/DBPHEN04.cif,tests/data/csd_families/DBPHEN/DBPHEN05.cif,30,120.5620968202129,0,nan,RuntimeError:MotifSearch Timeout
tests/data/csd_families/DECVIQ/DECVIQ01.cif,tests/data/csd_families/DECVIQ/DECVIQ10.cif,30,0.07663111388683319,0,nan,
tests/data/csd_families/DECVIQ/DECVIQ01.cif,tests/data/csd_families/DECVIQ/DECVIQ11.cif,30,1.2006860207766294,1,16.382590969967996,
tests/data/csd_families/DERKOA/DERKOA10.cif,tests/data/csd_families/DERKOA/DERKOA11.cif,30,0.042008464224636555,0,nan,
tests/data/csd_families/DIBFAY/DIBFAY01.cif,tests/data/csd_families/DIBFAY/DIBFAY02.cif,30,0.11751811020076275,30,0.061513767650758444,
tests/data/csd_families/DIBFAY/DIBFAY02.cif,tests/data/csd_families/DIBFAY/DIBFAY03.cif,30,2.180025123991072,30,0.08001736617060239,
tests/data/csd_families/DMSULO/DMSULO.cif,tests/data/csd_families/DMSULO/DMSULO05.cif,30,20.16301249526441,30,0.1351201102096243,
tests/data/csd_families/ECUTUR/ECUTUR.cif,tests/data/csd_families/ECUTUR/ECUTUR03.cif,30,21.403062160126865,30,0.056672402545758414,
tests/data/csd_families/ECUTUR/ECUTUR01.cif,tests/data/csd_families/ECUTUR/ECUTUR02.cif,30,12.481513909995556,30,0.6658802571173654,
tests/data/csd_families/ESAXAA/ESAXAA01.cif,tests/data/csd_families/ESAXAA/ESAXAA03.cif,30,159.9838747959584,22,1.044092266656715,
tests/data/csd_families/EXIPUY/EXIPUY01.cif,tests/data/csd_families/EXIPUY/EXIPUY02.cif,30,0.06944113038480282,0,nan,
tests/data/csd_families/FINSOK/FINSOK01.cif,tests/data/csd_families/FINSOK/FINSOK12.cif,30,32.608186467550695,4,8.956566728821672,
tests/data/csd_families/FINSOK/FINSOK11.cif,tests/data/csd_families/FINSOK/FINSOK12.cif,30,0.3428081450983882,0,nan,
tests/data/csd_families/FIWFOH/FIWFOH03.cif,tests/data/csd_families/FIWFOH/FIWFOH04.cif,30,0.04548883996903896,30,0.0159383547985258,
tests/data/csd_families/FOHCOU/FOHCOU01.cif,tests/data/csd_families/FOHCOU/FOHCOU02.cif,30,21.979903534054756,30,0.0035324712050768276,
tests/data/csd_families/FULPIM/FULPIM.cif,tests/data/csd_families/FULPIM/FULPIM02.cif,30,0.211097814142704,30,0.01382359127969502,
tests/data/csd_families/FUTSES/FUTSES.cif,tests/data/csd_families/FUTSES/FUTSES01.cif,30,0.4680844945833087,30,0.03062076315525697,
tests/data/csd_families/GLYCIN/GLYCIN01.cif,tests/data/csd_families/GLYCIN/GLYCIN02.cif,30,97.83468751609325,14,2.6155482487831714,
tests/data/csd_families/HAGWAP/HAGWAP01.cif,tests/data/csd_families/HAGWAP/HAGWAP03.cif,30,0.05022229067981243,30,0.08917172147029262,
tests/data/csd_families/HAWGAO/HAWGAO.cif,tests/data/csd_families/HAWGAO/HAWGAO03.cif,30,0.34085992723703384,30,0.01889469921648743,
tests/data/csd_families/HEWRAD/HEWRAD.cif,tests/data/csd_families/HEWRAD/HEWRAD03.cif,30,0.06858056038618088,30,0.013958405405968247,
tests/data/csd_families/HEZQIN/HEZQIN01.cif,tests/data/csd_families/HEZQIN/HEZQIN04.cif,30,149.86932361591607,11,5.1608644340812715,
tests/data/csd_families/HOGBUD/HOGBUD.cif,tests/data/csd_families/HOGBUD/HOGBUD04.cif,30,120.31766351405531,0,nan,RuntimeError:MotifSearch Timeout
tests/data/csd_families/IDODIQ/IDODIQ.cif,tests/data/csd_families/IDODIQ/IDODIQ01.cif,30,115.0633495375514,30,0.0536851266080721,
tests/data/csd_families/IFUXEN/IFUXEN.cif,tests/data/csd_families/IFUXEN/IFUXEN03.cif,30,145.49820237234235,10,6.888793256182447,
tests/data/csd_families/IFUXEN/IFUXEN02.cif,tests/data/csd_families/IFUXEN/IFUXEN03.cif,30,143.82376071810722,0,nan,RuntimeError:MotifSearch Timeout
tests/data/csd_families/ILUTIV/ILUTIV.cif,tests/data/csd_families/ILUTIV/ILUTIV01.cif,30,205.78750977758318,0,nan,RuntimeError:MotifSearch Timeout
tests/data/csd_families/IPTCNI/IPTCNI10.cif,tests/data/csd_families/IPTCNI/IPTCNI13.cif,30,110.13600894343108,30,0.7837321697655247,
tests/data/csd_families/IYEBUJ/IYEBUJ.cif,tests/data/csd_families/IYEBUJ/IYEBUJ01.cif,30,0.16263628378510475,5,3.4406312462121273,
tests/data/csd_families/IYEBUJ/IYEBUJ01.cif,tests/data/csd_families/IYEBUJ/IYEBUJ03.cif,30,0.16147361509501934,3,1.6687860139817,
tests/data/csd_families/IYEBUJ/IYEBUJ02.cif,tests/data/csd_families/IYEBUJ/IYEBUJ03.cif,30,0.1472158832475543,30,0.21101526886055477,
tests/data/csd_families/IZOJUF/IZOJUF01.cif,tests/data/csd_families/IZOJUF/IZOJUF03.cif,30,0.19262991845607758,5,6.749771981365498,
tests/data/csd_families/JEGMER/JEGMER03.cif,tests/data/csd_families/JEGMER/JEGMER04.cif,30,0.17353603709489107,30,0.02489773065924696,
tests/data/csd_families/JEXKUS/JEXKUS.cif,tests/data/csd_families/JEXKUS/JEXKUS03.cif,30,0.10055772121995687,30,0.04195734784054114,
tests/data/csd_families/JOFJEW/JOFJEW03.cif,tests/data/csd_families/JOFJEW/JOFJEW04.cif,30,0.243393630720675,30,0.009628024054029596,
tests/data/csd_families/KANZEE/KANZEE02.cif,tests/data/csd_families/KANZEE/KANZEE03.cif,30,116.23922572191805,30,0.19263268208866435,
tests/data/csd_families/KANZEE/KANZEE02.cif,tests/data/csd_families/KANZEE/KANZEE04.cif,30,117.26836335565895,30,0.244717593588412,
tests/data/csd_families/KHMALA/KHMALA.cif,tests/data/csd_families/KHMALA/KHMALA12.cif,30,104.45877797249705,9,3.280027856435867,
tests/data/csd_families/KIXKAD/KIXKAD.cif,tests/data/csd_families/KIXKAD/KIXKAD03.cif,30,0.10571015998721123,30,0.006275097994221648,
tests/data/csd_families/LAGHOQ/LAGHOQ02.cif,tests/data/csd_families/LAGHOQ/LAGHOQ03.cif,30,0.06700675282627344,30,0.009662894686021174,
tests/data/csd_families/LALNIN/LALNIN.cif,tests/data/csd_families/LALNIN/LALNIN14.cif,30,2.8751594331115484,30,0.017734191729916745,
tests/data/csd_families/LALNIN/LALNIN01.cif,tests/data/csd_families/LALNIN/LALNIN14.cif,30,3.1332840621471405,30,0.017555094844174956,
tests/data/csd_families/LSERIN/LSERIN11.cif,tests/data/csd_families/LSERIN/LSERIN12.cif,30,0.096262626349926,30,0.13065954177236191,
tests/data/csd_families/MATRNO/MATRNO01.cif,tests/data/csd_families/MATRNO/MATRNO02.cif,30,240.0840899348259,14,5.484342820006863,
tests/data/csd_families/MEBXID/MEBXID03.cif,tests/data/csd_families/MEBXID/MEBXID04.cif,30,0.37272806745022535,30,0.062480726605727094,
tests/data/csd_families/MEUREA/MEUREA02.cif,tests/data/csd_families/MEUREA/MEUREA03.cif,30,0.03595676925033331,30,0.9665844030993684,
tests/data/csd_families/MPECXP/MPECXP.cif,tests/data/csd_families/MPECXP/MPECXP01.cif,30,0.0904368506744504,30,0.03674830730366404,
tests/data/csd_families/NCKLCN/NCKLCN01.cif,tests/data/csd_families/NCKLCN/NCKLCN04.cif,30,0.0488594239577651,0,nan,
tests/data/csd_families/NIRJAA/NIRJAA03.cif,tests/data/csd_families/NIRJAA/NIRJAA04.cif,30,0.436670052818954,30,0.10158836570815818,
tests/data/csd_families/NPOFNP/NPOFNP.cif,tests/data/csd_families/NPOFNP/NPOFNP02.cif,30,17.32512653619051,30,0.3485786580003931,
tests/data/csd_families/OFESAL/OFESAL.cif,tests/data/csd_families/OFESAL/OFESAL04.cif,30,120.50410547293723,0,nan,RuntimeError:MotifSearch Timeout
tests/data/csd_families/ONITAN/ONITAN.cif,tests/data/csd_families/ONITAN/ONITAN03.cif,30,27.351832658052444,15,1.6174416613599272,
tests/data/csd_families/ONITAN/ONITAN01.cif,tests/data/csd_families/ONITAN/ONITAN02.cif,30,5.053156862966716,30,0.11268646634651461,
tests/data/csd_families/ONITAN/ONITAN02.cif,tests/data/csd_families/ONITAN/ONITAN03.cif,30,80.60502041038126,15,1.5907404531752558,
tests/data/csd_families/ONITAN/ONITAN02.cif,tests/data/csd_families/ONITAN/ONITAN04.cif,30,5.116062813438475,30,0.10061651276790051,
tests/data/csd_families/ONITAN/ONITAN03.cif,tests/data/csd_families/ONITAN/ONITAN04.cif,30,37.38868851400912,15,1.557455481225883,
tests/data/csd_families/OPEVUD/OPEVUD01.cif,tests/data/csd_families/OPEVUD/OPEVUD02.cif,30,0.07610502745956182,30,0.041330103278099835,
tests/data/csd_families/OXALDH/OXALDH.cif,tests/data/csd_families/OXALDH/OXALDH01.cif,30,115.36567067820579,10,2.378729900577801,
tests/data/csd_families/OXALDH/OXALDH01.cif,tests/data/csd_families/OXALDH/OXALDH04.cif,30,108.41176574490964,11,2.9320278793891,
tests/data/csd_families/PDHTEZ/PDHTEZ.cif,tests/data/csd_families/PDHTEZ/PDHTEZ01.cif,30,176.61169631034136,0,nan,RuntimeError:MotifSearch Timeout
tests/data/csd_families/PDHTEZ/PDHTEZ01.cif,tests/data/csd_families/PDHTEZ/PDHTEZ02.cif,30,259.4238869706169,0,nan,RuntimeError:MotifSearch Timeout
tests/data/csd_families/PDHTEZ/PDHTEZ01.cif,tests/data/csd_families/PDHTEZ/PDHTEZ04.cif,30,283.80878920294344,0,nan,RuntimeError:MotifSearch Timeout
tests/data/csd_families/PDHTEZ/PDHTEZ02.cif,tests/data/csd_families/PDHTEZ/PDHTEZ03.cif,30,0.07311802916228771,30,0.03344789150620712,
tests/data/csd_families/PUWYUD/PUWYUD02.cif,tests/data/csd_families/PUWYUD/PUWYUD03.cif,30,0.2809591135010123,30,0.04245561656731044,
tests/data/csd_families/QAHVIE/QAHVIE01.cif,tests/data/csd_families/QAHVIE/QAHVIE12.cif,30,0.18630405236035585,5,3.018999216686209,
tests/data/csd_families/QAHWUU/QAHWUU.cif,tests/data/csd_families/QAHWUU/QAHWUU01.cif,30,14.12148469593376,30,0.1235380959043867,
tests/data/csd_families/QAHWUU/QAHWUU01.cif,tests/data/csd_families/QAHWUU/QAHWUU04.cif,30,366.9392368188128,12,10.287372555268137,
tests/data/csd_families/QAHWUU/QAHWUU02.cif,tests/data/csd_families/QAHWUU/QAHWUU04.cif,30,107.06876097992063,13,3.702106871517006,
tests/data/csd_families/QAHWUU/QAHWUU03.cif,tests/data/csd_families/QAHWUU/QAHWUU04.cif,30,45.52510618045926,11,7.624400901728625,
tests/data/csd_families/QAPNAZ/QAPNAZ01.cif,tests/data/csd_families/QAPNAZ/QAPNAZ03.cif,30,0.2309012021869421,30,0.06997553072765657,
tests/data/csd_families/QODLAZ/QODLAZ.cif,tests/data/csd_families/QODLAZ/QODLAZ01.cif,30,0.08325397875159979,30,0.034069203383102487,
tests/data/csd_families/ROLMUA/ROLMUA.cif,tests/data/csd_families/ROLMUA/ROLMUA03.cif,30,247.65455991588533,12,6.235246798096303,
tests/data/csd_families/RUVTOR/RUVTOR.cif,tests/data/csd_families/RUVTOR/RUVTOR02.cif,30,36.62946173641831,30,0.03412197915539378,
tests/data/csd_families/SAQTOT/SAQTOT01.cif,tests/data/csd_families/SAQTOT/SAQTOT02.cif,30,0.08085245732218027,30,0.0746451586118523,
tests/data/csd_families/SAQTOT/SAQTOT02.cif,tests/data/csd_families/SAQTOT/SAQTOT03.cif,30,0.0940514924004674,30,0.05504347470815606,
tests/data/csd_families/SAQTOT/SAQTOT02.cif,tests/data/csd_families/SAQTOT/SAQTOT04.cif,30,0.07632139977067709,30,0.09622495288793512,
tests/data/csd_families/SETNEO/SETNEO.cif,tests/data/csd_families/SETNEO/SETNEO01.cif,30,0.24692850094288588,30,0.013868082415828355,
tests/data/csd_families/SETNEO/SETNEO03.cif,tests/data/csd_families/SETNEO/SETNEO04.cif,30,0.20871821139007807,30,0.014759657143870421,
tests/data/csd_families/TAPYEP/TAPYEP.cif,tests/data/csd_families/TAPYEP/TAPYEP05.cif,30,3.4883875492960215,30,0.03335911373717527,
tests/data/csd_families/TAVKUX/TAVKUX06.cif,tests/data/csd_families/TAVKUX/TAVKUX09.cif,30,1.6053386274725199,30,1.6498180904312985,
tests/data/csd_families/TAZDNC/TAZDNC04.cif,tests/data/csd_families/TAZDNC/TAZDNC06.cif,30,0.25014489609748125,30,0.031190366385066226,
tests/data/csd_families/TCBENQ/TCBENQ02.cif,tests/data/csd_families/TCBENQ/TCBENQ03.cif,30,76.55636234767735,30,0.26416681274459874,
tests/data/csd_families/TETBBZ/TETBBZ01.cif,tests/data/csd_families/TETBBZ/TETBBZ04.cif,30,0.3970048790797591,30,0.18656254668138686,
tests/data/csd_families/TEYDAC/TEYDAC.cif,tests/data/csd_families/TEYDAC/TEYDAC06.cif,30,20.33353240787983,30,0.08682744492819854,
tests/data/csd_families/TILRAJ/TILRAJ.cif,tests/data/csd_families/TILRAJ/TILRAJ01.cif,30,0.07215997856110334,0,nan,
tests/data/csd_families/TISPUI/TISPUI02.cif,tests/data/csd_families/TISPUI/TISPUI04.cif,30,64.54956196248531,20,2.646656767636937,
tests/data/csd_families/TMAMOH/TMAMOH.cif,tests/data/csd_families/TMAMOH/TMAMOH03.cif,30,22.703384405001998,16,3.5840831955755874,
tests/data/csd_families/TOJHIK/TOJHIK01.cif,tests/data/csd_families/TOJHIK/TOJHIK02.cif,30,180.16616867948323,30,0.035439447343793326,
tests/data/csd_families/TPHMET/TPHMET01.cif,tests/data/csd_families/TPHMET/TPHMET11.cif,30,30.95625292044133,30,0.015981297176543018,
tests/data/csd_families/TPHMET/TPHMET02.cif,tests/data/csd_families/TPHMET/TPHMET11.cif,30,26.197348127141595,30,0.18955184689832325,
tests/data/csd_families/TPSNCL/TPSNCL01.cif,tests/data/csd_families/TPSNCL/TPSNCL03.cif,30,204.834333027713,0,nan,RuntimeError:MotifSearch Timeout
tests/data/csd_families/TRIPHE/TRIPHE.cif,tests/data/csd_families/TRIPHE/TRIPHE15.cif,30,552.0295905610546,0,nan,RuntimeError:MotifSearch Timeout
tests/data/csd_families/TRIPHE/TRIPHE12.cif,tests/data/csd_families/TRIPHE/TRIPHE13.cif,30,301.697756995447,0,nan,RuntimeError:MotifSearch Timeout
tests/data/csd_families/TUXFIC/TUXFIC.cif,tests/data/csd_families/TUXFIC/TUXFIC01.cif,30,2.4609957467764616,30,0.1462625987352156,
tests/data/csd_families/TUXFIC/TUXFIC02.cif,tests/data/csd_families/TUXFIC/TUXFIC03.cif,30,1.7920356877148151,30,0.007034238169928186,
tests/data/csd_families/VELBOD/VELBOD10.cif,tests/data/csd_families/VELBOD/VELBOD11.cif,30,303.97011833358556,30,0.12202910768812018,
tests/data/csd_families/VILGAC/VILGAC.cif,tests/data/csd_families/VILGAC/VILGAC03.cif,30,2.7612208584323525,30,0.30549160652827073,
tests/data/csd_families/VILGAC/VILGAC01.cif,tests/data/csd_families/VILGAC/VILGAC02.cif,30,0.2093868050724268,30,0.16905726533364251,
tests/data/csd_families/VIPJUA/VIPJUA.cif,tests/data/csd_families/VIPJUA/VIPJUA01.cif,30,0.11046144086867571,30,0.295592880300141,
tests/data/csd_families/VITDEL/VITDEL.cif,tests/data/csd_families/VITDEL/VITDEL01.cif,30,137.65684708673507,9,3.867786725106007,
tests/data/csd_families/VITDEL/VITDEL.cif,tests/data/csd_families/VITDEL/VITDEL02.cif,30,14.182955049909651,8,4.80282373255185,
tests/data/csd_families/WATCID/WATCID10.cif,tests/data/csd_families/WATCID/WATCID11.cif,30,0.19009211286902428,30,0.02819206663650579,
tests/data/csd_families/WULMOJ/WULMOJ.cif,tests/data/csd_families/WULMOJ/WULMOJ01.cif,30,132.94497769884765,12,5.152457658125893,
tests/data/csd_families/WULMOJ/WULMOJ.cif,tests/data/csd_families/WULMOJ/WULMOJ04.cif,30,192.639995300211,12,5.140697972834765,
tests/data/csd_families/XEFDER/XEFDER.cif,tests/data/csd_families/XEFDER/XEFDER02.cif,30,10.59251527953893,30,0.09110740032292704,
tests/data/csd_families/XIHVUG/XIHVUG01.cif,tests/data/csd_families/XIHVUG/XIHVUG02.cif,30,0.11464131996035576,30,0.09013567547883643,
tests/data/csd_families/XYLTOL/XYLTOL02.cif,tests/data/csd_families/XYLTOL/XYLTOL03.cif,30,0.10968061722815037,30,0.004380191541891366,
tests/data/csd_families/YAKNUU/YAKNUU.cif,tests/data/csd_families/YAKNUU/YAKNUU01.cif,30,120.37067267578095,0,nan,RuntimeError:MotifSearch Timeout
tests/data/csd_families/YAKNUU/YAKNUU01.cif,tests/data/csd_families/YAKNUU/YAKNUU02.cif,30,120.45788210164756,0,nan,RuntimeError:MotifSearch Timeout
tests/data/csd_families/YAXYUV/YAXYUV.cif,tests/data/csd_families/YAXYUV/YAXYUV02.cif,30,7.748663946986198,30,0.024323526981469997,
tests/data/csd_families/YEXSAV/YEXSAV01.cif,tests/data/csd_families/YEXSAV/YEXSAV02.cif,30,0.11830385215580463,30,0.009419819931054885,
tests/data/csd_families/YIDDAU/YIDDAU01.cif,tests/data/csd_families/YIDDAU/YIDDAU07.cif,30,0.3338923240080476,0,nan,
tests/data/csd_families/YUXZIB/YUXZIB01.cif,tests/data/csd_families/YUXZIB/YUXZIB03.cif,30,0.933200228959322,30,0.29228717283833555,
tests/data/csd_families/ZAPFED/ZAPFED.cif,tests/data/csd_families/ZAPFED/ZAPFED01.cif,30,10.8541823849082,2,1.2952403143864348,
tests/data/csd_families/ZEYVAA/ZEYVAA02.cif,tests/data/csd_families/ZEYVAA/ZEYVAA10.cif,30,14.706737802363932,30,0.017833813010795955,
tests/data/csd_families/ZZZPPI/ZZZPPI01.cif,tests/data/csd_families/ZZZPPI/ZZZPPI04.cif,30,0.035466174595057964,0,nan,
tests/data/csd_families/ZZZPPI/ZZZPPI02.cif,tests/data/csd_families/ZZZPPI/ZZZPPI04.cif,30,0.04591932240873575,0,nan,
tests/data/csd_families/ZZZPPI/ZZZPPI04.cif,tests/data/csd_families/ZZZPPI/ZZZPPI05.cif,30,0.044734714552760124,0,nan,
tests/data/experimental/ROY/QAXMEH24.cif,tests/data/experimental/ROY/QAXMEH27.cif,30,8.540249183773994,11,4.499870818159101,
tests/data/experimental/ROY/QAXMEH24.cif,tests/data/experimental/ROY/QAXMEH28.cif,30,5.604696359485388,10,4.066113788016645,
tests/data/experimental/ROY/QAXMEH24.cif,tests/data/experimental/ROY/QAXMEH90_O22.cif,30,1.3006544187664986,6,4.455862435836858,
tests/data/experimental/ROY/QAXMEH24.cif,tests/data/experimental/ROY/ROY_PO13.cif,30,2.52474067453295,9,8.524422286198416,
tests/data/experimental/ROY/QAXMEH24.cif,tests/data/experimental/ROY/ROY_R05.cif,30,13.102246964350343,7,9.909298766010256,
tests/data/experimental/ROY/QAXMEH26.cif,tests/data/experimental/ROY/QAXMEH28.cif,30,1.3363347807899117,13,2.625394373272797,
tests/data/experimental/ROY/QAXMEH26.cif,tests/data/experimental/ROY/QAXMEH90_O22.cif,30,7.993403150700033,10,5.146087892650309,
tests/data/experimental/ROY/QAXMEH26.cif,tests/data/experimental/ROY/ROY_Y19.cif,30,5.2546410681679845,13,4.42823367207727,
tests/data/experimental/ROY/QAXMEH26.cif,tests/data/experimental/ROY/YT04.cif,30,1.7850955910980701,12,3.600623029730341,
tests/data/experimental/ROY/QAXMEH27.cif,tests/data/experimental/ROY/ROY_PO13.cif,30,2.6549871442839503,8,3.230084038179674,
tests/data/experimental/ROY/QAXMEH27.cif,tests/data/experimental/ROY/ROY_Y_ambient.cif,30,2.1227613473311067,10,4.193326585086424,
tests/data/experimental/ROY/QAXMEH27.cif,tests/data/experimental/ROY/Y04.cif,30,8.132033782079816,12,2.906270053276579,
tests/data/experimental/ROY/QAXMEH28.cif,tests/data/experimental/ROY/QAXMEH90_O22.cif,30,15.990195974707603,10,5.909149198499616,
tests/data/experimental/ROY/QAXMEH28.cif,tests/data/experimental/ROY/ROY_Y19.cif,30,38.114114488475025,12,4.458853716082393,
tests/data/experimental/ROY/QAXMEH29.cif,tests/data/experimental/ROY/ROY_R05.cif,30,29.328447822481394,9,3.81700252122119,
tests/data/experimental/ROY/QAXMEH29.cif,tests/data/experimental/ROY/ROY_Y_ambient.cif,30,2.7382872849702835,10,6.4520679998787855,
tests/data/experimental/ROY/QAXMEH29.cif,tests/data/experimental/ROY/YT04.cif,30,22.553350346162915,10,3.8927270883779355,
tests/data/experimental/ROY/QAXMEH90_O22.cif,tests/data/experimental/ROY/ROY_PO13.cif,30,2.442880309186876,8,4.418646405575948,
tests/data/experimental/ROY/QAXMEH90_O22.cif,tests/data/experimental/ROY/Y04.cif,30,2.4590743333101273,11,4.460284367438593,
tests/data/experimental/ROY/QAXMEH90_O22.cif,tests/data/experimental/ROY/mrp180010_fa.cif,30,1.7965455213561654,7,5.5608091744706325,
tests/data/experimental/ROY/ROY_R05.cif,tests/data/experimental/ROY/Y04.cif,30,24.60495485458523,8,3.792745230427734,
tests/data/experimental/ROY/ROY_Y19.cif,tests/data/experimental/ROY/mrp180010_fa.cif,30,7.212179725989699,11,6.772623654121783,
tests/data/experimental/ROY/Y04.cif,tests/data/experimental/ROY/YT04.cif,30,2.077061090618372,12,4.3826523516762625,
tests/data/experimental/ROY/Y04.cif,tests/data/experimental/ROY/mrp180010_fa.cif,30,10.72287126723677,11,8.118871999747773,
tests/data/experimental/Ritonavir/YIGPIO03.cif,tests/data/experimental/Ritonavir/YIGPIO04.cif,30,0.5493822889402509,2,4.006673143935007,
tests/data/experimental/Ritonavir/YIGPIO03.cif,tests/data/experimental/Ritonavir/YIGPIO06.cif,30,0.5229573901742697,2,3.978015086244325,
tests/data/experimental/Ritonavir/YIGPIO05.cif,tests/data/experimental/Ritonavir/YIGPIO10.cif,30,0.32769898790866137,2,3.908933915699906,
tests/data/experimental/Ritonavir/YIGPIO06.cif,tests/data/experimental/Ritonavir/YIGPIO10.cif,30,0.44426843896508217,2,2.2760363204969463,
tests/data/experimental/Ritonavir/YIGPIO07.cif,tests/data/experimental/Ritonavir/YIGPIO10.cif,30,0.2736526746302843,1,2.9804768448645933,
tests/data/experimental/galunisertib/Galunisertib_FORM_I.cif,tests/data/experimental/galunisertib/Galunisertib_FORM_IV.cif,30,2.042867691256106,12,3.059999777086498,
tests/data/experimental/galunisertib/Galunisertib_FORM_I.cif,tests/data/experimental/galunisertib/Galunisertib_FORM_IX.cif,30,4.0604969235137105,10,5.211343016480295,
tests/data/experimental/galunisertib/Galunisertib_FORM_II.cif,tests/data/experimental/galunisertib/Galunisertib_FORM_IX.cif,30,8.074283812195063,12,1.9030022040989052,
tests/data/experimental/galunisertib/Galunisertib_FORM_II.cif,tests/data/experimental/galunisertib/Galunisertib_FORM_V.cif,30,0.07212001271545887,6,1.5706228718813156,
tests/data/experimental/galunisertib/Galunisertib_FORM_II.cif,tests/data/experimental/galunisertib/Galunisertib_FORM_X.cif,30,0.5319763794541359,9,5.8254898084392694,
tests/data/experimental/galunisertib/Galunisertib_FORM_II.cif,tests/data/experimental/galunisertib/Galunisertib_Form_VII.cif,30,4.985331633128226,12,4.287835651768603,
tests/data/experimental/galunisertib/Galunisertib_FORM_III.cif,tests/data/experimental/galunisertib/Galunisertib_FORM_VI.cif,30,0.06355542503297329,3,4.039449201479362,
tests/data/experimental/galunisertib/Galunisertib_FORM_III.cif,tests/data/experimental/galunisertib/Galunisertib_FORM_VIII.cif,30,6.780361147597432,13,4.57511841403464,
tests/data/experimental/galunisertib/Galunisertib_FORM_V.cif,tests/data/experimental/galunisertib/Galunisertib_FORM_VIII.cif,30,0.5274633830413222,15,0.5925965091405919,
tests/data/experimental/galunisertib/Galunisertib_FORM_VI.cif,tests/data/experimental/galunisertib/Galunisertib_FORM_VIII.cif,30,0.65947484690696,11,4.517676701765712,
tests/data/experimental/galunisertib/Galunisertib_FORM_VIII.cif,tests/data/experimental/galunisertib/Galunisertib_FORM_X.cif,30,4.119196616113186,7,4.204740834197834,
