a,b,shell,t,nmatched,rmsd,status,inverted
tests/data/csd_families/ZZZWNI/ZZZWNI02.cif,tests/data/csd_families/ZZZWNI/ZZZWNI03.cif,15,0.01788982655853033,15,0.1183372012527082,full,True
tests/data/csd_families/BULQII/BULQII.cif,tests/data/csd_families/BULQII/BULQII01.cif,15,0.0420624865218997,15,0.06619891209732472,full,True
tests/data/csd_families/BULQII/BULQII.cif,tests/data/csd_families/BULQII/BULQII02.cif,15,0.03963511157780886,15,0.03179499371063207,full,False
tests/data/csd_families/BULQII/BULQII01.cif,tests/data/csd_families/BULQII/BULQII02.cif,15,0.03988357353955507,15,0.07119062167039034,full,True
tests/data/csd_families/FAVKIA/FAVKIA02.cif,tests/data/csd_families/FAVKIA/FAVKIA03.cif,15,0.017331218346953392,15,0.0355681133637101,full,True
tests/data/csd_families/FAVKIA/FAVKIA02.cif,tests/data/csd_families/FAVKIA/FAVKIA04.cif,15,0.01520729623734951,15,0.040849307122055034,full,False
tests/data/csd_families/FAVKIA/FAVKIA03.cif,tests/data/csd_families/FAVKIA/FAVKIA04.cif,15,0.013891407288610935,15,0.01874851642526213,full,True
tests/data/csd_families/FAVKIA/FAVKIA01.cif,tests/data/csd_families/FAVKIA/FAVKIA02.cif,15,1.3280659914016724e-05,0,nan,failed,False
tests/data/csd_families/FAVKIA/FAVKIA01.cif,tests/data/csd_families/FAVKIA/FAVKIA03.cif,15,5.8105215430259705e-06,0,nan,failed,False
tests/data/csd_families/FAVKIA/FAVKIA01.cif,tests/data/csd_families/FAVKIA/FAVKIA04.cif,15,4.190020263195038e-06,0,nan,failed,False
tests/data/csd_families/ZZZWNI/ZZZWNI01.cif,tests/data/csd_families/ZZZWNI/ZZZWNI02.cif,15,0.05134894512593746,13,0.3450291533334051,partial,False
tests/data/csd_families/ZZZWNI/ZZZWNI01.cif,tests/data/csd_families/ZZZWNI/ZZZWNI03.cif,15,0.0607715155929327,13,0.43468540373965614,partial,False
tests/data/csd_families/ZZZWNI/ZZZWNI02.cif,tests/data/csd_families/ZZZWNI/ZZZWNI04.cif,15,0.05614022724330425,15,0.3448215524345057,full,True
tests/data/csd_families/ZZZWNI/ZZZWNI03.cif,tests/data/csd_families/ZZZWNI/ZZZWNI04.cif,15,0.06628461740911007,15,0.4069841471259432,full,True
tests/data/csd_families/FAVKIA/FAVKIA.cif,tests/data/csd_families/FAVKIA/FAVKIA02.cif,15,1.6009435057640076e-05,0,nan,failed,False
tests/data/csd_families/FAVKIA/FAVKIA.cif,tests/data/csd_families/FAVKIA/FAVKIA03.cif,15,6.769783794879913e-06,0,nan,failed,False
tests/data/csd_families/FAVKIA/FAVKIA.cif,tests/data/csd_families/FAVKIA/FAVKIA04.cif,15,4.770234227180481e-06,0,nan,failed,False
tests/data/csd_families/XALCOE/XALCOE.cif,tests/data/csd_families/XALCOE/XALCOE02.cif,15,0.011720685288310051,10,0.03913643117313082,partial,True
tests/data/csd_families/XALCOE/XALCOE01.cif,tests/data/csd_families/XALCOE/XALCOE02.cif,15,0.011703044176101685,10,0.028374553732319424,partial,True
tests/data/csd_families/FAVKIA/FAVKIA.cif,tests/data/csd_families/FAVKIA/FAVKIA01.cif,15,0.012230191379785538,1,0.7124002077880287,failed,True
tests/data/csd_families/XALCOE/XALCOE.cif,tests/data/csd_families/XALCOE/XALCOE01.cif,15,0.009604863822460175,15,0.022974149305675456,full,False
tests/data/csd_families/XUJDOX/XUJDOX.cif,tests/data/csd_families/XUJDOX/XUJDOX01.cif,15,0.00977567583322525,15,0.12207290355434862,full,True
tests/data/csd_families/XUJDOX/XUJDOX.cif,tests/data/csd_families/XUJDOX/XUJDOX02.cif,15,0.007567332126200199,15,0.23644960623509015,full,True
tests/data/csd_families/XUJDOX/XUJDOX01.cif,tests/data/csd_families/XUJDOX/XUJDOX02.cif,15,0.007580042816698551,15,0.11947001741315799,full,False
tests/data/csd_families/FIXMIJ/FIXMIJ.cif,tests/data/csd_families/FIXMIJ/FIXMIJ01.cif,15,0.08620625454932451,15,0.09130924601663044,full,False
tests/data/csd_families/FIXMIJ/FIXMIJ.cif,tests/data/csd_families/FIXMIJ/FIXMIJ02.cif,15,0.08524597994983196,15,0.04096259791418791,full,False
tests/data/csd_families/FIXMIJ/FIXMIJ01.cif,tests/data/csd_families/FIXMIJ/FIXMIJ02.cif,15,0.08317747991532087,15,0.06349650058426674,full,False
tests/data/csd_families/ROLMUA/ROLMUA01.cif,tests/data/csd_families/ROLMUA/ROLMUA02.cif,15,0.10611712094396353,15,0.13146438159545165,full,True
tests/data/csd_families/TPSNCL/TPSNCL.cif,tests/data/csd_families/TPSNCL/TPSNCL03.cif,15,0.025372328236699104,1,0.39051996660847316,failed,True
tests/data/csd_families/TPSNCL/TPSNCL01.cif,tests/data/csd_families/TPSNCL/TPSNCL03.cif,15,0.025930325500667095,2,0.7729525278051015,failed,True
tests/data/csd_families/TPSNCL/TPSNCL02.cif,tests/data/csd_families/TPSNCL/TPSNCL03.cif,15,0.026306532323360443,2,0.7811462032630825,failed,False
tests/data/csd_families/CAQHOV/CAQHOV.cif,tests/data/csd_families/CAQHOV/CAQHOV01.cif,15,0.011494862847030163,13,0.3522231222740714,partial,False
tests/data/csd_families/CAQHOV/CAQHOV01.cif,tests/data/csd_families/CAQHOV/CAQHOV04.cif,15,0.00992718804627657,7,0.2153010770531937,failed,True
tests/data/csd_families/CAQHOV/CAQHOV.cif,tests/data/csd_families/CAQHOV/CAQHOV04.cif,15,0.007936977781355381,5,0.3578293570040546,failed,True
tests/data/csd_families/CAQHOV/CAQHOV01.cif,tests/data/csd_families/CAQHOV/CAQHOV02.cif,15,0.0080817099660635,7,0.150933482772968,failed,False
tests/data/csd_families/CAQHOV/CAQHOV01.cif,tests/data/csd_families/CAQHOV/CAQHOV03.cif,15,0.009000464342534542,7,0.27952356303868947,failed,False
tests/data/csd_families/CAQHOV/CAQHOV.cif,tests/data/csd_families/CAQHOV/CAQHOV02.cif,15,0.007877886295318604,6,0.37954183220069587,failed,False
tests/data/csd_families/CAQHOV/CAQHOV.cif,tests/data/csd_families/CAQHOV/CAQHOV03.cif,15,0.008459925651550293,7,0.3912384236137015,failed,False
tests/data/csd_families/CAQHOV/CAQHOV02.cif,tests/data/csd_families/CAQHOV/CAQHOV04.cif,15,0.010421395301818848,14,0.10653663490585573,partial,True
tests/data/csd_families/CAQHOV/CAQHOV03.cif,tests/data/csd_families/CAQHOV/CAQHOV04.cif,15,0.010243511758744717,14,0.1214433464880732,partial,True
tests/data/csd_families/ROLMUA/ROLMUA01.cif,tests/data/csd_families/ROLMUA/ROLMUA03.cif,15,0.06215606536716223,1,0.620037169511164,failed,False
tests/data/csd_families/ROLMUA/ROLMUA02.cif,tests/data/csd_families/ROLMUA/ROLMUA03.cif,15,0.06452501192688942,8,0.5412214461344784,partial,False
tests/data/csd_families/CAQHOV/CAQHOV02.cif,tests/data/csd_families/CAQHOV/CAQHOV03.cif,15,0.00976270530372858,15,0.1478545372002744,full,False
tests/data/csd_families/KANZEE/KANZEE.cif,tests/data/csd_families/KANZEE/KANZEE03.cif,15,0.05059983395040035,12,0.4387128096451284,partial,True
tests/data/csd_families/KANZEE/KANZEE01.cif,tests/data/csd_families/KANZEE/KANZEE03.cif,15,0.05172633100301027,12,0.1232361938509647,partial,True
tests/data/csd_families/KANZEE/KANZEE02.cif,tests/data/csd_families/KANZEE/KANZEE03.cif,15,0.05143028683960438,12,0.12097698151395411,partial,False
tests/data/csd_families/KANZEE/KANZEE03.cif,tests/data/csd_families/KANZEE/KANZEE04.cif,15,1.2289732694625854e-05,0,nan,failed,False
tests/data/csd_families/FUTSES/FUTSES.cif,tests/data/csd_families/FUTSES/FUTSES01.cif,15,0.012132849544286728,15,0.02917268710716153,full,False
tests/data/csd_families/FUTSES/FUTSES.cif,tests/data/csd_families/FUTSES/FUTSES02.cif,15,0.010180562734603882,15,0.07572099161546526,full,False
tests/data/csd_families/FUTSES/FUTSES01.cif,tests/data/csd_families/FUTSES/FUTSES02.cif,15,0.010930432938039303,15,0.07945988855602867,full,False
tests/data/csd_families/KANZEE/KANZEE.cif,tests/data/csd_families/KANZEE/KANZEE01.cif,15,0.06260358262807131,15,0.415371054828169,full,True
tests/data/csd_families/KANZEE/KANZEE.cif,tests/data/csd_families/KANZEE/KANZEE02.cif,15,0.06195487268269062,15,0.40309010719066884,full,True
tests/data/csd_families/KANZEE/KANZEE.cif,tests/data/csd_families/KANZEE/KANZEE04.cif,15,0.06795532256364822,15,0.5376114155280655,full,False
tests/data/csd_families/KANZEE/KANZEE01.cif,tests/data/csd_families/KANZEE/KANZEE02.cif,15,0.06211595516651869,15,0.05310358036875213,full,False
tests/data/csd_families/KANZEE/KANZEE01.cif,tests/data/csd_families/KANZEE/KANZEE04.cif,15,0.06668762397021055,15,0.3889133876424352,full,False
tests/data/csd_families/KANZEE/KANZEE02.cif,tests/data/csd_families/KANZEE/KANZEE04.cif,15,0.06651125103235245,15,0.38612440361962114,full,True
tests/data/csd_families/SOSPUL/SOSPUL.cif,tests/data/csd_families/SOSPUL/SOSPUL01.cif,15,0.04259712528437376,15,0.059010071368382745,full,False
tests/data/csd_families/SOSPUL/SOSPUL.cif,tests/data/csd_families/SOSPUL/SOSPUL02.cif,15,0.038553664460778236,15,0.11141830523182021,full,False
tests/data/csd_families/SOSPUL/SOSPUL01.cif,tests/data/csd_families/SOSPUL/SOSPUL02.cif,15,0.04185664374381304,15,0.09568612328467864,full,False
tests/data/csd_families/TETREP/TETREP.cif,tests/data/csd_families/TETREP/TETREP01.cif,15,0.022602597251534462,15,0.00839615628049463,full,False
tests/data/csd_families/TETREP/TETREP.cif,tests/data/csd_families/TETREP/TETREP02.cif,15,0.020136330276727676,15,0.020415569415931718,full,True
tests/data/csd_families/TETREP/TETREP01.cif,tests/data/csd_families/TETREP/TETREP02.cif,15,0.020968672819435596,15,0.023406627262169872,full,True
tests/data/csd_families/TISPUI/TISPUI.cif,tests/data/csd_families/TISPUI/TISPUI01.cif,15,0.010732119902968407,15,0.016391232616387058,full,True
tests/data/csd_families/TISPUI/TISPUI.cif,tests/data/csd_families/TISPUI/TISPUI02.cif,15,0.01178247481584549,15,0.06089538521996172,full,True
tests/data/csd_families/TISPUI/TISPUI.cif,tests/data/csd_families/TISPUI/TISPUI03.cif,15,0.011958247981965542,15,0.0830206332757908,full,True
tests/data/csd_families/TISPUI/TISPUI.cif,tests/data/csd_families/TISPUI/TISPUI04.cif,15,0.011924957856535912,15,0.10411437038218735,full,True
tests/data/csd_families/TISPUI/TISPUI01.cif,tests/data/csd_families/TISPUI/TISPUI02.cif,15,0.012331963516771793,15,0.049433494783627324,full,True
tests/data/csd_families/TISPUI/TISPUI01.cif,tests/data/csd_families/TISPUI/TISPUI03.cif,15,0.011280578561127186,15,0.07165209537352323,full,True
tests/data/csd_families/TISPUI/TISPUI01.cif,tests/data/csd_families/TISPUI/TISPUI04.cif,15,0.011256267316639423,15,0.09254557114513728,full,False
tests/data/csd_families/TISPUI/TISPUI02.cif,tests/data/csd_families/TISPUI/TISPUI03.cif,15,0.013034343719482422,15,0.02722331205050842,full,False
tests/data/csd_families/TISPUI/TISPUI02.cif,tests/data/csd_families/TISPUI/TISPUI04.cif,15,0.012071319855749607,15,0.05028632716930503,full,True
tests/data/csd_families/TISPUI/TISPUI03.cif,tests/data/csd_families/TISPUI/TISPUI04.cif,15,0.013174517080187798,15,0.02535698035723844,full,True
tests/data/csd_families/ICAHIG/ICAHIG.cif,tests/data/csd_families/ICAHIG/ICAHIG03.cif,15,0.03718244377523661,9,0.06064775738301134,partial,True
tests/data/csd_families/DBPHEN/DBPHEN03.cif,tests/data/csd_families/DBPHEN/DBPHEN04.cif,15,0.03615358751267195,15,0.2707184666531479,full,False
tests/data/csd_families/XEQHUA/XEQHUA.cif,tests/data/csd_families/XEQHUA/XEQHUA01.cif,15,0.009024204686284065,15,0.03210277878412835,full,False
tests/data/csd_families/XEQHUA/XEQHUA.cif,tests/data/csd_families/XEQHUA/XEQHUA02.cif,15,0.007181216962635517,15,0.028566764439349506,full,False
tests/data/csd_families/XEQHUA/XEQHUA.cif,tests/data/csd_families/XEQHUA/XEQHUA03.cif,15,0.007383720017969608,15,0.03762754947959363,full,True
tests/data/csd_families/XEQHUA/XEQHUA.cif,tests/data/csd_families/XEQHUA/XEQHUA04.cif,15,0.007347829639911652,15,0.04052495063343409,full,False
tests/data/csd_families/XEQHUA/XEQHUA01.cif,tests/data/csd_families/XEQHUA/XEQHUA02.cif,15,0.007659994997084141,15,0.028615205338561614,full,False
tests/data/csd_families/XEQHUA/XEQHUA01.cif,tests/data/csd_families/XEQHUA/XEQHUA03.cif,15,0.0066053178161382675,15,0.019632172083133288,full,True
tests/data/csd_families/XEQHUA/XEQHUA01.cif,tests/data/csd_families/XEQHUA/XEQHUA04.cif,15,0.006591728888452053,15,0.020086259627816128,full,False
tests/data/csd_families/XEQHUA/XEQHUA02.cif,tests/data/csd_families/XEQHUA/XEQHUA03.cif,15,0.0075251031666994095,15,0.028940900824864883,full,True
tests/data/csd_families/XEQHUA/XEQHUA02.cif,tests/data/csd_families/XEQHUA/XEQHUA04.cif,15,0.006576206535100937,15,0.03056841789050609,full,False
tests/data/csd_families/XEQHUA/XEQHUA03.cif,tests/data/csd_families/XEQHUA/XEQHUA04.cif,15,0.007320160046219826,15,0.019612581570310438,full,True
tests/data/csd_families/ROLMUA/ROLMUA.cif,tests/data/csd_families/ROLMUA/ROLMUA01.cif,15,0.056114825420081615,2,0.77839492614261,failed,True
tests/data/csd_families/ROLMUA/ROLMUA.cif,tests/data/csd_families/ROLMUA/ROLMUA02.cif,15,0.054359099827706814,2,0.7928537213292763,failed,False
tests/data/csd_families/WABGUE/WABGUE01.cif,tests/data/csd_families/WABGUE/WABGUE03.cif,15,0.008951743133366108,15,0.16261245675567448,full,True
tests/data/csd_families/WABGUE/WABGUE01.cif,tests/data/csd_families/WABGUE/WABGUE04.cif,15,0.0071646664291620255,15,0.15323218728030497,full,True
tests/data/csd_families/WABGUE/WABGUE03.cif,tests/data/csd_families/WABGUE/WABGUE04.cif,15,0.007670043967664242,15,0.020506650994244768,full,False
tests/data/csd_families/YEXSAV/YEXSAV.cif,tests/data/csd_families/YEXSAV/YEXSAV01.cif,15,0.010154202580451965,15,0.014684084411050437,full,True
tests/data/csd_families/YEXSAV/YEXSAV.cif,tests/data/csd_families/YEXSAV/YEXSAV02.cif,15,0.007908848114311695,15,0.016116219047454784,full,False
tests/data/csd_families/YEXSAV/YEXSAV01.cif,tests/data/csd_families/YEXSAV/YEXSAV02.cif,15,0.008133181370794773,15,0.008363543408962235,full,True
tests/data/csd_families/DERKOA/DERKOA10.cif,tests/data/csd_families/DERKOA/DERKOA11.cif,15,0.01072538923472166,15,0.6227314013986764,full,True
tests/data/csd_families/DERKOA/DERKOA10.cif,tests/data/csd_families/DERKOA/DERKOA12.cif,15,0.01043692510575056,9,0.4203303623467604,partial,True
tests/data/csd_families/DERKOA/DERKOA11.cif,tests/data/csd_families/DERKOA/DERKOA12.cif,15,0.008420745842158794,7,0.5481790833189372,failed,False
tests/data/csd_families/IZOJUF/IZOJUF03.cif,tests/data/csd_families/IZOJUF/IZOJUF04.cif,15,0.013265887275338173,15,0.015308262959462388,full,False
tests/data/csd_families/WABGUE/WABGUE.cif,tests/data/csd_families/WABGUE/WABGUE01.cif,15,1.2049451470375061e-05,0,nan,failed,False
tests/data/csd_families/WABGUE/WABGUE.cif,tests/data/csd_families/WABGUE/WABGUE03.cif,15,5.459412932395935e-06,0,nan,failed,False
tests/data/csd_families/WABGUE/WABGUE.cif,tests/data/csd_families/WABGUE/WABGUE04.cif,15,3.929249942302704e-06,0,nan,failed,False
tests/data/csd_families/WABGUE/WABGUE01.cif,tests/data/csd_families/WABGUE/WABGUE02.cif,15,5.300156772136688e-06,0,nan,failed,False
tests/data/csd_families/WABGUE/WABGUE02.cif,tests/data/csd_families/WABGUE/WABGUE03.cif,15,4.1406601667404175e-06,0,nan,failed,False
tests/data/csd_families/WABGUE/WABGUE02.cif,tests/data/csd_families/WABGUE/WABGUE04.cif,15,3.0901283025741577e-06,0,nan,failed,False
tests/data/csd_families/QAHWUU/QAHWUU.cif,tests/data/csd_families/QAHWUU/QAHWUU04.cif,15,0.022124879993498325,1,0.11488777655221576,failed,True
tests/data/csd_families/QAHWUU/QAHWUU01.cif,tests/data/csd_families/QAHWUU/QAHWUU04.cif,15,0.020723928697407246,1,0.11603063653536805,failed,False
tests/data/csd_families/WABGUE/WABGUE.cif,tests/data/csd_families/WABGUE/WABGUE02.cif,15,0.0088187912479043,15,0.15831149765937,full,False
tests/data/csd_families/XEFDER/XEFDER.cif,tests/data/csd_families/XEFDER/XEFDER02.cif,15,0.012367465533316135,15,0.07341072853397164,full,True
tests/data/csd_families/XEFDER/XEFDER.cif,tests/data/csd_families/XEFDER/XEFDER03.cif,15,0.010668227449059486,15,0.06785904218402208,full,False
tests/data/csd_families/XEFDER/XEFDER.cif,tests/data/csd_families/XEFDER/XEFDER04.cif,15,0.010564368218183517,15,0.06378755815013014,full,True
tests/data/csd_families/XEFDER/XEFDER02.cif,tests/data/csd_families/XEFDER/XEFDER03.cif,15,0.010656168684363365,15,0.008202355270942275,full,True
tests/data/csd_families/XEFDER/XEFDER02.cif,tests/data/csd_families/XEFDER/XEFDER04.cif,15,0.00984126701951027,15,0.012218585140702115,full,True
tests/data/csd_families/XEFDER/XEFDER03.cif,tests/data/csd_families/XEFDER/XEFDER04.cif,15,0.010891071520745754,15,0.005734794751093958,full,False
tests/data/csd_families/ROLMUA/ROLMUA.cif,tests/data/csd_families/ROLMUA/ROLMUA03.cif,15,0.046785347163677216,1,0.5973987309131247,failed,True
tests/data/csd_families/MEXCIF/MEXCIF.cif,tests/data/csd_families/MEXCIF/MEXCIF01.cif,15,0.017869846895337105,15,0.018654656240870766,full,True
tests/data/csd_families/MEXCIF/MEXCIF.cif,tests/data/csd_families/MEXCIF/MEXCIF02.cif,15,0.015619881451129913,15,0.05610254765990843,full,False
tests/data/csd_families/MEXCIF/MEXCIF01.cif,tests/data/csd_families/MEXCIF/MEXCIF02.cif,15,0.016216931864619255,15,0.041887729892939304,full,True
tests/data/csd_families/ILUCAV/ILUCAV01.cif,tests/data/csd_families/ILUCAV/ILUCAV02.cif,15,0.008888661861419678,15,0.06344300100630045,full,False
tests/data/csd_families/ILUCAV/ILUCAV.cif,tests/data/csd_families/ILUCAV/ILUCAV01.cif,15,8.861534297466278e-06,0,nan,failed,False
tests/data/csd_families/ILUCAV/ILUCAV.cif,tests/data/csd_families/ILUCAV/ILUCAV02.cif,15,3.850087523460388e-06,0,nan,failed,False
tests/data/csd_families/ZORSEG/ZORSEG.cif,tests/data/csd_families/ZORSEG/ZORSEG01.cif,15,0.05976593028753996,15,0.07927749847814142,full,False
tests/data/csd_families/ZORSEG/ZORSEG.cif,tests/data/csd_families/ZORSEG/ZORSEG02.cif,15,0.057434785179793835,10,0.40884982067777526,partial,False
tests/data/csd_families/ZORSEG/ZORSEG01.cif,tests/data/csd_families/ZORSEG/ZORSEG02.cif,15,0.05967679899185896,10,0.42723110306210127,partial,False
tests/data/csd_families/YUXZIB/YUXZIB03.cif,tests/data/csd_families/YUXZIB/YUXZIB04.cif,15,0.016598718240857124,15,0.005073333269578412,full,False
tests/data/csd_families/DERKOA/DERKOA02.cif,tests/data/csd_families/DERKOA/DERKOA10.cif,15,0.010489585809409618,15,0.14721937856022824,full,True
tests/data/csd_families/DERKOA/DERKOA02.cif,tests/data/csd_families/DERKOA/DERKOA11.cif,15,0.009495741687715054,15,0.5587034838691448,full,False
tests/data/csd_families/DERKOA/DERKOA02.cif,tests/data/csd_families/DERKOA/DERKOA12.cif,15,0.007759234867990017,15,0.6450151232093236,full,False
tests/data/csd_families/TMAMOH/TMAMOH03.cif,tests/data/csd_families/TMAMOH/TMAMOH04.cif,15,1.3600103557109833e-05,0,nan,failed,False
tests/data/csd_families/ICAHIG/ICAHIG03.cif,tests/data/csd_families/ICAHIG/ICAHIG04.cif,15,0.038192540407180786,5,0.4165967336959127,failed,True
tests/data/csd_families/IZOJUF/IZOJUF01.cif,tests/data/csd_families/IZOJUF/IZOJUF03.cif,15,1.1090189218521118e-05,0,nan,failed,False
tests/data/csd_families/IZOJUF/IZOJUF01.cif,tests/data/csd_families/IZOJUF/IZOJUF04.cif,15,4.849396646022797e-06,0,nan,failed,False
tests/data/csd_families/OMIPOP/OMIPOP.cif,tests/data/csd_families/OMIPOP/OMIPOP04.cif,15,7.4803829193115234e-06,0,nan,failed,False
tests/data/csd_families/OMIPOP/OMIPOP01.cif,tests/data/csd_families/OMIPOP/OMIPOP04.cif,15,4.6798959374427795e-06,0,nan,failed,False
tests/data/csd_families/OMIPOP/OMIPOP03.cif,tests/data/csd_families/OMIPOP/OMIPOP04.cif,15,4.299916326999664e-06,0,nan,failed,False
tests/data/csd_families/IZOJUF/IZOJUF.cif,tests/data/csd_families/IZOJUF/IZOJUF03.cif,15,0.008979433216154575,0,nan,failed,False
tests/data/csd_families/IZOJUF/IZOJUF.cif,tests/data/csd_families/IZOJUF/IZOJUF04.cif,15,0.0067488206550478935,0,nan,failed,False
tests/data/csd_families/IZOJUF/IZOJUF02.cif,tests/data/csd_families/IZOJUF/IZOJUF03.cif,15,0.00915873609483242,0,nan,failed,False
tests/data/csd_families/IZOJUF/IZOJUF02.cif,tests/data/csd_families/IZOJUF/IZOJUF04.cif,15,0.007041474804282188,0,nan,failed,False
tests/data/csd_families/ICAHIG/ICAHIG01.cif,tests/data/csd_families/ICAHIG/ICAHIG03.cif,15,0.03736100718379021,2,0.3516478344900779,failed,True
tests/data/csd_families/ICAHIG/ICAHIG02.cif,tests/data/csd_families/ICAHIG/ICAHIG03.cif,15,0.036773147992789745,2,0.36740555529853725,failed,False
tests/data/csd_families/QAHWUU/QAHWUU02.cif,tests/data/csd_families/QAHWUU/QAHWUU04.cif,15,0.01058999728411436,1,0.5617985012137496,failed,False
tests/data/csd_families/QAHWUU/QAHWUU03.cif,tests/data/csd_families/QAHWUU/QAHWUU04.cif,15,0.008711048401892185,1,0.46117750423197146,failed,False
tests/data/csd_families/OMIPOP/OMIPOP.cif,tests/data/csd_families/OMIPOP/OMIPOP01.cif,15,0.011163986288011074,15,0.1184902575795208,full,True
tests/data/csd_families/OMIPOP/OMIPOP.cif,tests/data/csd_families/OMIPOP/OMIPOP03.cif,15,0.010142430663108826,15,0.1805558385056968,full,False
tests/data/csd_families/OMIPOP/OMIPOP01.cif,tests/data/csd_families/OMIPOP/OMIPOP03.cif,15,0.010689420625567436,15,0.06321762079898535,full,True
tests/data/csd_families/DIBFAY/DIBFAY03.cif,tests/data/csd_families/DIBFAY/DIBFAY04.cif,15,0.009239916689693928,15,0.05553632820153151,full,True
tests/data/csd_families/FEBHUP/FEBHUP.cif,tests/data/csd_families/FEBHUP/FEBHUP02.cif,15,0.014690659008920193,8,0.1077167894606637,partial,False
tests/data/csd_families/FEBHUP/FEBHUP02.cif,tests/data/csd_families/FEBHUP/FEBHUP04.cif,15,8.800067007541656e-06,0,nan,failed,False
tests/data/csd_families/FEBHUP/FEBHUP.cif,tests/data/csd_families/FEBHUP/FEBHUP04.cif,15,0.023862995207309723,15,0.14719968411489917,full,False
tests/data/experimental/galunisertib/Galunisertib_FORM_IV.cif,tests/data/experimental/galunisertib/Galunisertib_FORM_X.cif,15,0.012224102392792702,1,0.3632459868480862,failed,False
tests/data/csd_families/ICAHIG/ICAHIG.cif,tests/data/csd_families/ICAHIG/ICAHIG04.cif,15,0.03526973631232977,5,0.4351994816878809,failed,True
tests/data/csd_families/BILNAN/BILNAN01.cif,tests/data/csd_families/BILNAN/BILNAN02.cif,15,1.0649673640727997e-05,0,nan,failed,False
tests/data/csd_families/DIBFAY/DIBFAY.cif,tests/data/csd_families/DIBFAY/DIBFAY03.cif,15,6.919726729393005e-06,0,nan,failed,False
tests/data/csd_families/DIBFAY/DIBFAY.cif,tests/data/csd_families/DIBFAY/DIBFAY04.cif,15,3.509223461151123e-06,0,nan,failed,False
tests/data/csd_families/DIBFAY/DIBFAY01.cif,tests/data/csd_families/DIBFAY/DIBFAY03.cif,15,3.800727427005768e-06,0,nan,failed,False
tests/data/csd_families/DIBFAY/DIBFAY01.cif,tests/data/csd_families/DIBFAY/DIBFAY04.cif,15,2.520158886909485e-06,0,nan,failed,False
tests/data/csd_families/DIBFAY/DIBFAY02.cif,tests/data/csd_families/DIBFAY/DIBFAY03.cif,15,3.6098062992095947e-06,0,nan,failed,False
tests/data/csd_families/DIBFAY/DIBFAY02.cif,tests/data/csd_families/DIBFAY/DIBFAY04.cif,15,2.319924533367157e-06,0,nan,failed,False
tests/data/csd_families/ICAHIG/ICAHIG.cif,tests/data/csd_families/ICAHIG/ICAHIG01.cif,15,0.0315698916092515,2,0.3620393161270351,failed,False
tests/data/csd_families/ICAHIG/ICAHIG.cif,tests/data/csd_families/ICAHIG/ICAHIG02.cif,15,0.03250111360102892,2,0.37880882915378383,failed,True
tests/data/csd_families/LAZHID/LAZHID.cif,tests/data/csd_families/LAZHID/LAZHID01.cif,15,0.008355215191841125,3,0.8216126110210602,failed,True
tests/data/csd_families/LAZHID/LAZHID01.cif,tests/data/csd_families/LAZHID/LAZHID02.cif,15,0.0081399604678154,5,0.8372978811401952,failed,False
tests/data/csd_families/LAZHID/LAZHID01.cif,tests/data/csd_families/LAZHID/LAZHID03.cif,15,0.00726704765111208,5,0.8418007283359789,failed,False
tests/data/csd_families/TMAMOH/TMAMOH.cif,tests/data/csd_families/TMAMOH/TMAMOH03.cif,15,1.3660639524459839e-05,0,nan,failed,False
tests/data/csd_families/BILNAN/BILNAN.cif,tests/data/csd_families/BILNAN/BILNAN02.cif,15,7.050111889839172e-06,0,nan,failed,False
tests/data/csd_families/BILNAN/BILNAN.cif,tests/data/csd_families/BILNAN/BILNAN01.cif,15,3.2801181077957153e-06,0,nan,failed,False
tests/data/csd_families/DIBFAY/DIBFAY.cif,tests/data/csd_families/DIBFAY/DIBFAY01.cif,15,0.008555877022445202,15,0.014452955686289584,full,False
tests/data/csd_families/DIBFAY/DIBFAY.cif,tests/data/csd_families/DIBFAY/DIBFAY02.cif,15,0.006390905007719994,15,0.041249712122687125,full,False
tests/data/csd_families/DIBFAY/DIBFAY01.cif,tests/data/csd_families/DIBFAY/DIBFAY02.cif,15,0.007840856909751892,15,0.04685074306515721,full,False
tests/data/csd_families/BOLNIZ/BOLNIZ01.cif,tests/data/csd_families/BOLNIZ/BOLNIZ02.cif,15,0.05972313042730093,15,0.12935560804465698,full,False
tests/data/csd_families/CEDGAV/CEDGAV02.cif,tests/data/csd_families/CEDGAV/CEDGAV03.cif,15,0.13902493193745613,15,0.043110834195926366,full,False
tests/data/csd_families/NERMOM/NERMOM.cif,tests/data/csd_families/NERMOM/NERMOM01.cif,15,0.0068638622760772705,15,0.08252739390077313,full,False
tests/data/csd_families/NERMOM/NERMOM.cif,tests/data/csd_families/NERMOM/NERMOM02.cif,15,0.0056869350373744965,15,0.08252739390077196,full,False
tests/data/csd_families/NERMOM/NERMOM01.cif,tests/data/csd_families/NERMOM/NERMOM02.cif,15,0.005751306191086769,15,3.1393873818229767e-15,full,False
tests/data/csd_families/NAYQEK/NAYQEK.cif,tests/data/csd_families/NAYQEK/NAYQEK01.cif,15,0.023521579802036285,15,0.020837674409678677,full,True
tests/data/csd_families/NAYQEK/NAYQEK.cif,tests/data/csd_families/NAYQEK/NAYQEK02.cif,15,0.020230241119861603,15,0.06218166872394906,full,True
tests/data/csd_families/NAYQEK/NAYQEK01.cif,tests/data/csd_families/NAYQEK/NAYQEK02.cif,15,0.02250008564442396,15,0.07340759820917321,full,False
tests/data/csd_families/BOLMIZ/BOLMIZ.cif,tests/data/csd_families/BOLMIZ/BOLMIZ02.cif,15,0.011349428445100784,1,0.04165941798386737,failed,False
tests/data/csd_families/DBPHEN/DBPHEN02.cif,tests/data/csd_families/DBPHEN/DBPHEN03.cif,15,0.009926928207278252,1,0.03615637819722837,failed,False
tests/data/csd_families/DBPHEN/DBPHEN02.cif,tests/data/csd_families/DBPHEN/DBPHEN04.cif,15,0.012943022884428501,1,0.0355803897116822,failed,False
tests/data/csd_families/DBPHEN/DBPHEN03.cif,tests/data/csd_families/DBPHEN/DBPHEN05.cif,15,0.010498997755348682,5,0.4351341279948208,failed,False
tests/data/csd_families/DBPHEN/DBPHEN04.cif,tests/data/csd_families/DBPHEN/DBPHEN05.cif,15,0.017099544405937195,5,0.2652642137414957,failed,False
tests/data/csd_families/WULMOJ/WULMOJ01.cif,tests/data/csd_families/WULMOJ/WULMOJ02.cif,15,0.021638873033225536,15,0.027870467894912453,full,False
tests/data/csd_families/WULMOJ/WULMOJ01.cif,tests/data/csd_families/WULMOJ/WULMOJ03.cif,15,0.019732274115085602,15,0.00998019831229789,full,False
tests/data/csd_families/WULMOJ/WULMOJ01.cif,tests/data/csd_families/WULMOJ/WULMOJ04.cif,15,0.0198937663808465,15,0.046616273608312095,full,False
tests/data/csd_families/WULMOJ/WULMOJ02.cif,tests/data/csd_families/WULMOJ/WULMOJ03.cif,15,0.020446304231882095,15,0.027500876050397086,full,False
tests/data/csd_families/WULMOJ/WULMOJ02.cif,tests/data/csd_families/WULMOJ/WULMOJ04.cif,15,0.01906097400933504,15,0.022616214489056718,full,False
tests/data/csd_families/WULMOJ/WULMOJ03.cif,tests/data/csd_families/WULMOJ/WULMOJ04.cif,15,0.020531256683170795,15,0.04730119162177831,full,False
tests/data/csd_families/KAVJUP/KAVJUP.cif,tests/data/csd_families/KAVJUP/KAVJUP01.cif,15,0.009397920221090317,15,0.0890241941946506,full,False
tests/data/csd_families/KAVJUP/KAVJUP.cif,tests/data/csd_families/KAVJUP/KAVJUP02.cif,15,0.008241132833063602,15,0.09481925558550902,full,False
tests/data/csd_families/KAVJUP/KAVJUP.cif,tests/data/csd_families/KAVJUP/KAVJUP03.cif,15,0.00830556359142065,15,0.11248424400831074,full,False
tests/data/csd_families/KAVJUP/KAVJUP.cif,tests/data/csd_families/KAVJUP/KAVJUP04.cif,15,0.008182631805539131,15,0.08135642647042833,full,False
tests/data/csd_families/KAVJUP/KAVJUP01.cif,tests/data/csd_families/KAVJUP/KAVJUP02.cif,15,0.008430084213614464,15,0.0633647955715518,full,False
tests/data/csd_families/KAVJUP/KAVJUP01.cif,tests/data/csd_families/KAVJUP/KAVJUP03.cif,15,0.007752176374197006,15,0.08524650543381293,full,False
tests/data/csd_families/KAVJUP/KAVJUP01.cif,tests/data/csd_families/KAVJUP/KAVJUP04.cif,15,0.0077523356303572655,15,0.04959470683684712,full,False
tests/data/csd_families/KAVJUP/KAVJUP02.cif,tests/data/csd_families/KAVJUP/KAVJUP03.cif,15,0.008361514657735825,15,0.05098801658837004,full,False
tests/data/csd_families/KAVJUP/KAVJUP02.cif,tests/data/csd_families/KAVJUP/KAVJUP04.cif,15,0.007716464810073376,15,0.04096986015009119,full,False
tests/data/csd_families/KAVJUP/KAVJUP03.cif,tests/data/csd_families/KAVJUP/KAVJUP04.cif,15,0.00837402418255806,15,0.06468746536499391,full,False
tests/data/csd_families/RUVTOR/RUVTOR.cif,tests/data/csd_families/RUVTOR/RUVTOR01.cif,15,0.04795285314321518,15,0.013887669552400445,full,False
tests/data/csd_families/RUVTOR/RUVTOR.cif,tests/data/csd_families/RUVTOR/RUVTOR02.cif,15,0.04575199168175459,15,0.027224031692526466,full,False
tests/data/csd_families/RUVTOR/RUVTOR01.cif,tests/data/csd_families/RUVTOR/RUVTOR02.cif,15,0.04670967627316713,15,0.015689171710384947,full,False
tests/data/csd_families/XOVBOZ/XOVBOZ.cif,tests/data/csd_families/XOVBOZ/XOVBOZ01.cif,15,0.007236648350954056,15,0.042052048587163465,full,False
tests/data/csd_families/REBNOB/REBNOB.cif,tests/data/csd_families/REBNOB/REBNOB01.cif,15,0.013238347135484219,15,0.0798097031383836,full,True
tests/data/csd_families/REBNOB/REBNOB.cif,tests/data/csd_families/REBNOB/REBNOB02.cif,15,0.010602419264614582,15,0.14909181207733352,full,True
tests/data/csd_families/REBNOB/REBNOB01.cif,tests/data/csd_families/REBNOB/REBNOB02.cif,15,0.010976763442158699,15,0.07604751553336697,full,False
tests/data/csd_families/ACEMID/ACEMID01.cif,tests/data/csd_families/ACEMID/ACEMID02.cif,15,0.0038809487596154213,15,0.08588719427044351,full,False
tests/data/csd_families/ACEMID/ACEMID01.cif,tests/data/csd_families/ACEMID/ACEMID03.cif,15,0.0030368156731128693,15,0.12285316320484015,full,False
tests/data/csd_families/ACEMID/ACEMID01.cif,tests/data/csd_families/ACEMID/ACEMID05.cif,15,0.003025095909833908,15,0.12054162576917088,full,False
tests/data/csd_families/ACEMID/ACEMID02.cif,tests/data/csd_families/ACEMID/ACEMID03.cif,15,0.002662808634340763,15,0.038600730486971435,full,False
tests/data/csd_families/ACEMID/ACEMID02.cif,tests/data/csd_families/ACEMID/ACEMID05.cif,15,0.0023417146876454353,15,0.03630490499891641,full,False
tests/data/csd_families/ACEMID/ACEMID03.cif,tests/data/csd_families/ACEMID/ACEMID05.cif,15,0.0026412103325128555,15,0.011443760905701688,full,False
tests/data/csd_families/CIYGOJ/CIYGOJ.cif,tests/data/csd_families/CIYGOJ/CIYGOJ02.cif,15,1.0340474545955658e-05,0,nan,failed,False
tests/data/csd_families/CIYGOJ/CIYGOJ01.cif,tests/data/csd_families/CIYGOJ/CIYGOJ02.cif,15,5.189329385757446e-06,0,nan,failed,False
tests/data/csd_families/PUTTAZ/PUTTAZ.cif,tests/data/csd_families/PUTTAZ/PUTTAZ01.cif,15,0.005959738977253437,15,0.027298194354188014,full,False
tests/data/csd_families/TPSNCL/TPSNCL.cif,tests/data/csd_families/TPSNCL/TPSNCL01.cif,15,0.025755872949957848,15,0.11088803500376587,full,False
tests/data/csd_families/TPSNCL/TPSNCL.cif,tests/data/csd_families/TPSNCL/TPSNCL02.cif,15,0.0253461180254817,15,0.15230329933121659,full,True
tests/data/csd_families/TPSNCL/TPSNCL01.cif,tests/data/csd_families/TPSNCL/TPSNCL02.cif,15,0.02368488349020481,15,0.13939840710449705,full,True
tests/data/csd_families/IZOJUF/IZOJUF.cif,tests/data/csd_families/IZOJUF/IZOJUF01.cif,15,1.1390075087547302e-05,0,nan,failed,False
tests/data/csd_families/IZOJUF/IZOJUF01.cif,tests/data/csd_families/IZOJUF/IZOJUF02.cif,15,5.250796675682068e-06,0,nan,failed,False
tests/data/csd_families/IZOJUF/IZOJUF.cif,tests/data/csd_families/IZOJUF/IZOJUF02.cif,15,0.007845278829336166,15,0.11461199998499057,full,True
tests/data/csd_families/ZZZPPI/ZZZPPI02.cif,tests/data/csd_families/ZZZPPI/ZZZPPI03.cif,15,0.009788564406335354,15,0.07473054029406594,full,False
tests/data/csd_families/ZZZPPI/ZZZPPI02.cif,tests/data/csd_families/ZZZPPI/ZZZPPI04.cif,15,0.007405150681734085,15,0.08709714057602198,full,False
tests/data/csd_families/ZZZPPI/ZZZPPI02.cif,tests/data/csd_families/ZZZPPI/ZZZPPI05.cif,15,0.007574453018605709,15,0.08399920101384471,full,True
tests/data/csd_families/ZZZPPI/ZZZPPI03.cif,tests/data/csd_families/ZZZPPI/ZZZPPI04.cif,15,0.00833384320139885,15,0.027129601284208264,full,False
tests/data/csd_families/ZZZPPI/ZZZPPI03.cif,tests/data/csd_families/ZZZPPI/ZZZPPI05.cif,15,0.007499772123992443,15,0.04031873830049287,full,True
tests/data/csd_families/ZZZPPI/ZZZPPI04.cif,tests/data/csd_families/ZZZPPI/ZZZPPI05.cif,15,0.007501882500946522,15,0.04656885413588525,full,True
tests/data/csd_families/TMAMOH/TMAMOH.cif,tests/data/csd_families/TMAMOH/TMAMOH04.cif,15,1.3679265975952148e-05,0,nan,failed,False
tests/data/csd_families/CIYGOJ/CIYGOJ.cif,tests/data/csd_families/CIYGOJ/CIYGOJ01.cif,15,0.006286643445491791,15,0.023061308757012428,full,True
tests/data/csd_families/QAHWUU/QAHWUU.cif,tests/data/csd_families/QAHWUU/QAHWUU01.cif,15,0.019029593095183372,15,0.09624547757430715,full,True
tests/data/csd_families/TPHMET/TPHMET01.cif,tests/data/csd_families/TPHMET/TPHMET02.cif,15,0.02876659855246544,15,0.16483765791825442,full,False
tests/data/csd_families/TPHMET/TPHMET01.cif,tests/data/csd_families/TPHMET/TPHMET10.cif,15,0.025175444781780243,15,0.11380108917597855,full,False
tests/data/csd_families/TPHMET/TPHMET01.cif,tests/data/csd_families/TPHMET/TPHMET11.cif,15,0.0247101578861475,15,0.015276944530132132,full,False
tests/data/csd_families/TPHMET/TPHMET01.cif,tests/data/csd_families/TPHMET/TPHMET12.cif,15,0.025418358854949474,15,0.038612029219472814,full,False
tests/data/csd_families/TPHMET/TPHMET02.cif,tests/data/csd_families/TPHMET/TPHMET10.cif,15,0.028477913700044155,15,0.12273180769297634,full,False
tests/data/csd_families/TPHMET/TPHMET02.cif,tests/data/csd_families/TPHMET/TPHMET11.cif,15,0.02715297508984804,15,0.16373147575149594,full,False
tests/data/csd_families/TPHMET/TPHMET02.cif,tests/data/csd_families/TPHMET/TPHMET12.cif,15,0.027035263366997242,15,0.1426662244052344,full,False
tests/data/csd_families/TPHMET/TPHMET10.cif,tests/data/csd_families/TPHMET/TPHMET11.cif,15,0.026531806215643883,15,0.11234808077051694,full,False
tests/data/csd_families/TPHMET/TPHMET10.cif,tests/data/csd_families/TPHMET/TPHMET12.cif,15,0.02485945075750351,15,0.07805406081556164,full,False
tests/data/csd_families/TPHMET/TPHMET11.cif,tests/data/csd_families/TPHMET/TPHMET12.cif,15,0.026333621703088284,15,0.03697316904735005,full,False
tests/data/csd_families/CEDGAV/CEDGAV01.cif,tests/data/csd_families/CEDGAV/CEDGAV03.cif,15,0.08825025428086519,15,0.06173304094933628,full,False
tests/data/csd_families/ACEMID/ACEMID.cif,tests/data/csd_families/ACEMID/ACEMID01.cif,15,0.005140726454555988,2,0.36380104700638355,failed,True
tests/data/csd_families/ACEMID/ACEMID.cif,tests/data/csd_families/ACEMID/ACEMID02.cif,15,0.0033756401389837265,2,0.3722405392741332,failed,True
tests/data/csd_families/ACEMID/ACEMID.cif,tests/data/csd_families/ACEMID/ACEMID03.cif,15,0.0033230306580662727,1,0.015025635912688807,failed,True
tests/data/csd_families/ACEMID/ACEMID.cif,tests/data/csd_families/ACEMID/ACEMID05.cif,15,0.003326878882944584,1,0.016192548372613167,failed,True
tests/data/csd_families/CRBAMP/CRBAMP01.cif,tests/data/csd_families/CRBAMP/CRBAMP02.cif,15,0.01737978868186474,15,0.04469125924079984,full,False
tests/data/csd_families/CRBAMP/CRBAMP01.cif,tests/data/csd_families/CRBAMP/CRBAMP03.cif,15,0.016753249801695347,15,0.031890821173185736,full,False
tests/data/csd_families/CRBAMP/CRBAMP01.cif,tests/data/csd_families/CRBAMP/CRBAMP04.cif,15,0.016747680492699146,15,0.008674212496445831,full,True
tests/data/csd_families/CRBAMP/CRBAMP01.cif,tests/data/csd_families/CRBAMP/CRBAMP05.cif,15,0.016365094110369682,15,0.01853567450733035,full,True
tests/data/csd_families/CRBAMP/CRBAMP02.cif,tests/data/csd_families/CRBAMP/CRBAMP03.cif,15,0.017183194868266582,15,0.028902262192851295,full,False
tests/data/csd_families/CRBAMP/CRBAMP02.cif,tests/data/csd_families/CRBAMP/CRBAMP04.cif,15,0.015802744776010513,15,0.04001450578548942,full,True
tests/data/csd_families/CRBAMP/CRBAMP02.cif,tests/data/csd_families/CRBAMP/CRBAMP05.cif,15,0.015710273757576942,15,0.049365870619496405,full,True
tests/data/csd_families/CRBAMP/CRBAMP03.cif,tests/data/csd_families/CRBAMP/CRBAMP04.cif,15,0.016115750186145306,15,0.027793055994848798,full,True
tests/data/csd_families/CRBAMP/CRBAMP03.cif,tests/data/csd_families/CRBAMP/CRBAMP05.cif,15,0.01565130427479744,15,0.029730166891200442,full,True
tests/data/csd_families/CRBAMP/CRBAMP04.cif,tests/data/csd_families/CRBAMP/CRBAMP05.cif,15,0.01612628996372223,15,0.019318159218123337,full,False
tests/data/csd_families/QAYJEH/QAYJEH.cif,tests/data/csd_families/QAYJEH/QAYJEH01.cif,15,0.008332964032888412,15,0.016522173724534604,full,True
tests/data/csd_families/QAYJEH/QAYJEH.cif,tests/data/csd_families/QAYJEH/QAYJEH02.cif,15,0.0063937753438949585,15,0.03223292111113209,full,False
tests/data/csd_families/QAYJEH/QAYJEH.cif,tests/data/csd_families/QAYJEH/QAYJEH03.cif,15,0.006562788039445877,15,0.0210957383643923,full,False
tests/data/csd_families/QAYJEH/QAYJEH.cif,tests/data/csd_families/QAYJEH/QAYJEH04.cif,15,0.006556727923452854,15,0.031686487668045,full,True
tests/data/csd_families/QAYJEH/QAYJEH01.cif,tests/data/csd_families/QAYJEH/QAYJEH02.cif,15,0.0065066078677773476,15,0.02129807585935821,full,True
tests/data/csd_families/QAYJEH/QAYJEH01.cif,tests/data/csd_families/QAYJEH/QAYJEH03.cif,15,0.0055481428280472755,15,0.013593463592666787,full,True
tests/data/csd_families/QAYJEH/QAYJEH01.cif,tests/data/csd_families/QAYJEH/QAYJEH04.cif,15,0.005552113056182861,15,0.020383377469087745,full,False
tests/data/csd_families/QAYJEH/QAYJEH02.cif,tests/data/csd_families/QAYJEH/QAYJEH03.cif,15,0.006491627544164658,15,0.017727612430555244,full,False
tests/data/csd_families/QAYJEH/QAYJEH02.cif,tests/data/csd_families/QAYJEH/QAYJEH04.cif,15,0.005778314545750618,15,0.009619152780763526,full,True
tests/data/csd_families/QAYJEH/QAYJEH03.cif,tests/data/csd_families/QAYJEH/QAYJEH04.cif,15,0.00648131687194109,15,0.01699033652216406,full,False
tests/data/csd_families/WEKHEA/WEKHEA.cif,tests/data/csd_families/WEKHEA/WEKHEA02.cif,15,0.006668670102953911,15,0.012874315078551428,full,False
tests/data/csd_families/ZAPFED/ZAPFED01.cif,tests/data/csd_families/ZAPFED/ZAPFED02.cif,15,8.970499038696289e-06,0,nan,failed,False
tests/data/csd_families/COGJAM/COGJAM.cif,tests/data/csd_families/COGJAM/COGJAM01.cif,15,0.011422139592468739,15,0.16423284494255763,full,False
tests/data/csd_families/COGJAM/COGJAM.cif,tests/data/csd_families/COGJAM/COGJAM02.cif,15,0.011278007179498672,13,0.1075738292068633,partial,True
tests/data/csd_families/COGJAM/COGJAM01.cif,tests/data/csd_families/COGJAM/COGJAM02.cif,15,0.0109206922352314,15,0.08965125426664036,full,True
tests/data/csd_families/PAPTUX/PAPTUX.cif,tests/data/csd_families/PAPTUX/PAPTUX01.cif,15,0.007550272159278393,15,0.11973043133683624,full,True
tests/data/csd_families/PAPTUX/PAPTUX.cif,tests/data/csd_families/PAPTUX/PAPTUX02.cif,15,0.005556803196668625,15,0.12485137779392316,full,False
tests/data/csd_families/PAPTUX/PAPTUX.cif,tests/data/csd_families/PAPTUX/PAPTUX03.cif,15,0.005763635970652103,15,0.10214628586768679,full,False
tests/data/csd_families/PAPTUX/PAPTUX01.cif,tests/data/csd_families/PAPTUX/PAPTUX02.cif,15,0.005936059169471264,15,0.07042105296771424,full,True
tests/data/csd_families/PAPTUX/PAPTUX01.cif,tests/data/csd_families/PAPTUX/PAPTUX03.cif,15,0.004900443367660046,15,0.09656540482185148,full,True
tests/data/csd_families/PAPTUX/PAPTUX02.cif,tests/data/csd_families/PAPTUX/PAPTUX03.cif,15,0.005780436098575592,15,0.07371978847528768,full,False
tests/data/csd_families/PUWYUD/PUWYUD02.cif,tests/data/csd_families/PUWYUD/PUWYUD03.cif,15,0.013033164665102959,15,0.03533241579998741,full,False
tests/data/csd_families/PUWYUD/PUWYUD02.cif,tests/data/csd_families/PUWYUD/PUWYUD04.cif,15,0.011948428116738796,15,0.07569527564319038,full,False
tests/data/csd_families/PUWYUD/PUWYUD03.cif,tests/data/csd_families/PUWYUD/PUWYUD04.cif,15,0.012157631106674671,15,0.04266819713522733,full,False
tests/data/csd_families/ZAPFED/ZAPFED.cif,tests/data/csd_families/ZAPFED/ZAPFED02.cif,15,0.016218332573771477,8,0.31802770006273634,partial,False
tests/data/csd_families/YAKNUU/YAKNUU.cif,tests/data/csd_families/YAKNUU/YAKNUU02.cif,15,0.01516929641366005,15,0.12973120361054336,full,True
tests/data/csd_families/ZZZPPI/ZZZPPI01.cif,tests/data/csd_families/ZZZPPI/ZZZPPI02.cif,15,1.194048672914505e-05,0,nan,failed,False
tests/data/csd_families/ZZZPPI/ZZZPPI01.cif,tests/data/csd_families/ZZZPPI/ZZZPPI03.cif,15,5.490146577358246e-06,0,nan,failed,False
tests/data/csd_families/ZZZPPI/ZZZPPI01.cif,tests/data/csd_families/ZZZPPI/ZZZPPI04.cif,15,4.2906031012535095e-06,0,nan,failed,False
tests/data/csd_families/ZZZPPI/ZZZPPI01.cif,tests/data/csd_families/ZZZPPI/ZZZPPI05.cif,15,3.870576620101929e-06,0,nan,failed,False
tests/data/csd_families/KABNAG/KABNAG.cif,tests/data/csd_families/KABNAG/KABNAG02.cif,15,6.2193721532821655e-06,0,nan,failed,False
tests/data/csd_families/KABNAG/KABNAG01.cif,tests/data/csd_families/KABNAG/KABNAG02.cif,15,4.659406840801239e-06,0,nan,failed,False
tests/data/csd_families/YUXZIB/YUXZIB.cif,tests/data/csd_families/YUXZIB/YUXZIB03.cif,15,0.018399924039840698,15,0.22700675494476824,full,False
tests/data/csd_families/YUXZIB/YUXZIB.cif,tests/data/csd_families/YUXZIB/YUXZIB04.cif,15,0.01777395512908697,15,0.2268370185204558,full,False
tests/data/csd_families/YUXZIB/YUXZIB01.cif,tests/data/csd_families/YUXZIB/YUXZIB03.cif,15,0.019917387515306473,15,0.17672186098842232,full,False
tests/data/csd_families/YUXZIB/YUXZIB01.cif,tests/data/csd_families/YUXZIB/YUXZIB04.cif,15,0.019272026605904102,15,0.1758531107709752,full,False
tests/data/csd_families/YUXZIB/YUXZIB02.cif,tests/data/csd_families/YUXZIB/YUXZIB03.cif,15,0.02021707035601139,15,0.1766944317303392,full,False
tests/data/csd_families/YUXZIB/YUXZIB02.cif,tests/data/csd_families/YUXZIB/YUXZIB04.cif,15,0.019346647895872593,15,0.17601250341528882,full,False
tests/data/experimental/galunisertib/Galunisertib_FORM_I.cif,tests/data/experimental/galunisertib/Galunisertib_FORM_IV.cif,15,0.009499012492597103,1,0.5564732846014584,failed,False
tests/data/experimental/galunisertib/Galunisertib_FORM_I.cif,tests/data/experimental/galunisertib/Galunisertib_FORM_X.cif,15,0.004697149619460106,1,0.7529384941236484,failed,False
tests/data/experimental/galunisertib/Galunisertib_FORM_IV.cif,tests/data/experimental/galunisertib/Galunisertib_FORM_IX.cif,15,0.009572383016347885,3,0.7547690167140859,failed,False
tests/data/experimental/galunisertib/Galunisertib_FORM_IV.cif,tests/data/experimental/galunisertib/Galunisertib_FORM_V.cif,15,0.008852391503751278,1,0.6242148363819883,failed,True
tests/data/experimental/galunisertib/Galunisertib_FORM_IV.cif,tests/data/experimental/galunisertib/Galunisertib_FORM_VI.cif,15,0.010187032632529736,2,0.2112328279137146,failed,False
tests/data/experimental/galunisertib/Galunisertib_FORM_IV.cif,tests/data/experimental/galunisertib/Galunisertib_Form_VII.cif,15,0.017554101534187794,2,0.7295225499570974,failed,False
tests/data/experimental/galunisertib/Galunisertib_FORM_IX.cif,tests/data/experimental/galunisertib/Galunisertib_FORM_X.cif,15,0.00574064627289772,0,nan,failed,False
tests/data/experimental/galunisertib/Galunisertib_FORM_V.cif,tests/data/experimental/galunisertib/Galunisertib_FORM_X.cif,15,0.005885617807507515,0,nan,failed,False
tests/data/experimental/galunisertib/Galunisertib_FORM_VI.cif,tests/data/experimental/galunisertib/Galunisertib_FORM_X.cif,15,0.005940498784184456,0,nan,failed,False
tests/data/experimental/galunisertib/Galunisertib_FORM_X.cif,tests/data/experimental/galunisertib/Galunisertib_Form_VII.cif,15,0.010762140154838562,0,nan,failed,False
tests/data/csd_families/FESNEW/FESNEW03.cif,tests/data/csd_families/FESNEW/FESNEW04.cif,15,0.006139750592410564,15,0.029997698696071162,full,False
tests/data/csd_families/EXIPUY/EXIPUY.cif,tests/data/csd_families/EXIPUY/EXIPUY02.cif,15,0.010580318048596382,9,0.43425614799902107,partial,True
tests/data/csd_families/EXIPUY/EXIPUY01.cif,tests/data/csd_families/EXIPUY/EXIPUY02.cif,15,0.009868927299976349,9,0.4331676606243574,partial,True
tests/data/csd_families/TAVKUX/TAVKUX02.cif,tests/data/csd_families/TAVKUX/TAVKUX09.cif,15,0.019320808351039886,15,0.03655185525514733,full,False
tests/data/csd_families/JEGMER/JEGMER.cif,tests/data/csd_families/JEGMER/JEGMER01.cif,15,0.017989018000662327,15,0.002726471377094249,full,False
tests/data/csd_families/JEGMER/JEGMER.cif,tests/data/csd_families/JEGMER/JEGMER02.cif,15,0.01692634355276823,15,0.010763603045234573,full,True
tests/data/csd_families/JEGMER/JEGMER.cif,tests/data/csd_families/JEGMER/JEGMER03.cif,15,0.01690490171313286,15,0.014229665491087047,full,False
tests/data/csd_families/JEGMER/JEGMER.cif,tests/data/csd_families/JEGMER/JEGMER04.cif,15,0.016894872300326824,15,0.012209877958660405,full,True
tests/data/csd_families/JEGMER/JEGMER01.cif,tests/data/csd_families/JEGMER/JEGMER02.cif,15,0.017056153155863285,15,0.010093577490933571,full,True
tests/data/csd_families/JEGMER/JEGMER01.cif,tests/data/csd_families/JEGMER/JEGMER03.cif,15,0.016240431927144527,15,0.013087994132751581,full,False
tests/data/csd_families/JEGMER/JEGMER01.cif,tests/data/csd_families/JEGMER/JEGMER04.cif,15,0.016336753964424133,15,0.013019567209944858,full,True
tests/data/csd_families/JEGMER/JEGMER02.cif,tests/data/csd_families/JEGMER/JEGMER03.cif,15,0.017067144624888897,15,0.007275668137522607,full,True
tests/data/csd_families/JEGMER/JEGMER02.cif,tests/data/csd_families/JEGMER/JEGMER04.cif,15,0.016303633339703083,15,0.013827563307104293,full,False
tests/data/csd_families/JEGMER/JEGMER03.cif,tests/data/csd_families/JEGMER/JEGMER04.cif,15,0.017054544761776924,15,0.01786067615101537,full,True
tests/data/csd_families/CTMTNA/CTMTNA.cif,tests/data/csd_families/CTMTNA/CTMTNA01.cif,15,0.011211836710572243,12,0.7797290056322349,partial,False
tests/data/csd_families/CTMTNA/CTMTNA.cif,tests/data/csd_families/CTMTNA/CTMTNA02.cif,15,0.012142681516706944,11,0.7721526279745244,partial,False
tests/data/csd_families/CTMTNA/CTMTNA.cif,tests/data/csd_families/CTMTNA/CTMTNA03.cif,15,0.005985969677567482,15,0.08775018392101348,full,False
tests/data/csd_families/CTMTNA/CTMTNA.cif,tests/data/csd_families/CTMTNA/CTMTNA04.cif,15,0.008339393883943558,1,0.3233712066533851,failed,True
tests/data/csd_families/CTMTNA/CTMTNA01.cif,tests/data/csd_families/CTMTNA/CTMTNA02.cif,15,0.01901250332593918,15,0.14273697637682417,full,False
tests/data/csd_families/CTMTNA/CTMTNA01.cif,tests/data/csd_families/CTMTNA/CTMTNA03.cif,15,0.009274167940020561,10,0.754690158845057,partial,False
tests/data/csd_families/CTMTNA/CTMTNA01.cif,tests/data/csd_families/CTMTNA/CTMTNA04.cif,15,0.018054679036140442,1,0.1503223012712618,failed,False
tests/data/csd_families/CTMTNA/CTMTNA02.cif,tests/data/csd_families/CTMTNA/CTMTNA03.cif,15,0.012314554303884506,10,0.7386697800935321,partial,False
tests/data/csd_families/CTMTNA/CTMTNA02.cif,tests/data/csd_families/CTMTNA/CTMTNA04.cif,15,0.01735661830753088,2,0.5835365225722855,failed,True
tests/data/csd_families/CTMTNA/CTMTNA03.cif,tests/data/csd_families/CTMTNA/CTMTNA04.cif,15,0.008187752217054367,1,0.32808151027818006,failed,True
tests/data/csd_families/OPEVUD/OPEVUD.cif,tests/data/csd_families/OPEVUD/OPEVUD01.cif,15,0.010257082059979439,15,0.08867146504688952,full,False
tests/data/csd_families/OPEVUD/OPEVUD.cif,tests/data/csd_families/OPEVUD/OPEVUD02.cif,15,0.008862012065947056,15,0.12606332137630463,full,False
tests/data/csd_families/OPEVUD/OPEVUD.cif,tests/data/csd_families/OPEVUD/OPEVUD03.cif,15,0.008944503031671047,15,0.15547890856821134,full,False
tests/data/csd_families/OPEVUD/OPEVUD.cif,tests/data/csd_families/OPEVUD/OPEVUD04.cif,15,0.008904502727091312,15,0.18249366336268102,full,False
tests/data/csd_families/OPEVUD/OPEVUD01.cif,tests/data/csd_families/OPEVUD/OPEVUD02.cif,15,0.009079745039343834,15,0.03795789790666115,full,False
tests/data/csd_families/OPEVUD/OPEVUD01.cif,tests/data/csd_families/OPEVUD/OPEVUD03.cif,15,0.008086140267550945,15,0.06695489431958047,full,False
tests/data/csd_families/OPEVUD/OPEVUD01.cif,tests/data/csd_families/OPEVUD/OPEVUD04.cif,15,0.008093150332570076,15,0.09373092146734198,full,False
tests/data/csd_families/OPEVUD/OPEVUD02.cif,tests/data/csd_families/OPEVUD/OPEVUD03.cif,15,0.00885846372693777,15,0.029817749161659097,full,False
tests/data/csd_families/OPEVUD/OPEVUD02.cif,tests/data/csd_families/OPEVUD/OPEVUD04.cif,15,0.008116009645164013,15,0.05651980543317685,full,False
tests/data/csd_families/OPEVUD/OPEVUD03.cif,tests/data/csd_families/OPEVUD/OPEVUD04.cif,15,0.01011762022972107,15,0.030520331661880964,full,False
tests/data/csd_families/WIRMOZ/WIRMOZ.cif,tests/data/csd_families/WIRMOZ/WIRMOZ01.cif,15,0.005383740179240704,1,0.7596926808665625,failed,False
tests/data/csd_families/WIRMOZ/WIRMOZ.cif,tests/data/csd_families/WIRMOZ/WIRMOZ02.cif,15,0.004097891040146351,1,0.7652411324006438,failed,False
tests/data/csd_families/WIRMOZ/WIRMOZ.cif,tests/data/csd_families/WIRMOZ/WIRMOZ03.cif,15,0.004115961492061615,1,0.7640708886463479,failed,True
tests/data/csd_families/WIRMOZ/WIRMOZ.cif,tests/data/csd_families/WIRMOZ/WIRMOZ04.cif,15,0.004120620898902416,1,0.7639199946444426,failed,True
tests/data/csd_families/WIRMOZ/WIRMOZ01.cif,tests/data/csd_families/WIRMOZ/WIRMOZ02.cif,15,0.006202393211424351,15,0.044047338593327,full,False
tests/data/csd_families/WIRMOZ/WIRMOZ01.cif,tests/data/csd_families/WIRMOZ/WIRMOZ03.cif,15,0.005965949036180973,15,0.05404235571549129,full,True
tests/data/csd_families/WIRMOZ/WIRMOZ01.cif,tests/data/csd_families/WIRMOZ/WIRMOZ04.cif,15,0.00596251804381609,15,0.05401271422665757,full,True
tests/data/csd_families/WIRMOZ/WIRMOZ02.cif,tests/data/csd_families/WIRMOZ/WIRMOZ03.cif,15,0.006935634650290012,15,0.019207767527723626,full,True
tests/data/csd_families/WIRMOZ/WIRMOZ02.cif,tests/data/csd_families/WIRMOZ/WIRMOZ04.cif,15,0.006401955150067806,15,0.01935896316423082,full,True
tests/data/csd_families/WIRMOZ/WIRMOZ03.cif,tests/data/csd_families/WIRMOZ/WIRMOZ04.cif,15,0.006393644027411938,15,0.001355109649898621,full,False
tests/data/csd_families/YIDDAU/YIDDAU.cif,tests/data/csd_families/YIDDAU/YIDDAU01.cif,15,0.014730899594724178,15,0.21690282153116205,full,False
tests/data/csd_families/YIDDAU/YIDDAU.cif,tests/data/csd_families/YIDDAU/YIDDAU06.cif,15,0.012586538679897785,15,0.1389411666985394,full,False
tests/data/csd_families/YIDDAU/YIDDAU.cif,tests/data/csd_families/YIDDAU/YIDDAU07.cif,15,0.013813536614179611,15,0.2656493892491502,full,False
tests/data/csd_families/YIDDAU/YIDDAU.cif,tests/data/csd_families/YIDDAU/YIDDAU08.cif,15,0.013107645325362682,15,0.1979117521086813,full,False
tests/data/csd_families/YIDDAU/YIDDAU01.cif,tests/data/csd_families/YIDDAU/YIDDAU06.cif,15,0.014414574950933456,15,0.23276730909191756,full,False
tests/data/csd_families/YIDDAU/YIDDAU01.cif,tests/data/csd_families/YIDDAU/YIDDAU07.cif,15,0.012018519453704357,15,0.2658113578224182,full,False
tests/data/csd_families/YIDDAU/YIDDAU01.cif,tests/data/csd_families/YIDDAU/YIDDAU08.cif,15,0.01244085468351841,15,0.09554794966878376,full,False
tests/data/csd_families/YIDDAU/YIDDAU06.cif,tests/data/csd_families/YIDDAU/YIDDAU07.cif,15,0.01414440106600523,15,0.28999053971456756,full,False
tests/data/csd_families/YIDDAU/YIDDAU06.cif,tests/data/csd_families/YIDDAU/YIDDAU08.cif,15,0.012980712577700615,15,0.21542241616232696,full,False
tests/data/csd_families/YIDDAU/YIDDAU07.cif,tests/data/csd_families/YIDDAU/YIDDAU08.cif,15,0.01344677060842514,15,0.2424432187263388,full,False
tests/data/csd_families/COGJAM/COGJAM.cif,tests/data/csd_families/COGJAM/COGJAM03.cif,15,0.0113119687885046,13,0.1570090807362327,partial,False
tests/data/csd_families/COGJAM/COGJAM01.cif,tests/data/csd_families/COGJAM/COGJAM03.cif,15,0.01081572100520134,13,0.11594601544827282,partial,False
tests/data/csd_families/COGJAM/COGJAM02.cif,tests/data/csd_families/COGJAM/COGJAM03.cif,15,0.011505041271448135,13,0.0518487979251116,partial,True
tests/data/csd_families/FESNEW/FESNEW.cif,tests/data/csd_families/FESNEW/FESNEW03.cif,15,0.008876272477209568,7,0.09917398674440209,failed,True
tests/data/csd_families/FESNEW/FESNEW.cif,tests/data/csd_families/FESNEW/FESNEW04.cif,15,0.007531742565333843,7,0.09308949519268415,failed,True
tests/data/csd_families/FESNEW/FESNEW01.cif,tests/data/csd_families/FESNEW/FESNEW03.cif,15,0.008710029534995556,7,0.11662802919178082,failed,False
tests/data/csd_families/FESNEW/FESNEW01.cif,tests/data/csd_families/FESNEW/FESNEW04.cif,15,0.007418449968099594,7,0.10784263908459477,failed,False
tests/data/csd_families/YUFZOQ/YUFZOQ.cif,tests/data/csd_families/YUFZOQ/YUFZOQ01.cif,15,0.02730948757380247,15,0.5827049856721659,full,False
tests/data/csd_families/YUFZOQ/YUFZOQ.cif,tests/data/csd_families/YUFZOQ/YUFZOQ02.cif,15,0.014649988152086735,15,0.567138999186518,full,False
tests/data/csd_families/YUFZOQ/YUFZOQ.cif,tests/data/csd_families/YUFZOQ/YUFZOQ03.cif,15,0.01540393941104412,15,0.5928313418352003,full,False
tests/data/csd_families/YUFZOQ/YUFZOQ.cif,tests/data/csd_families/YUFZOQ/YUFZOQ04.cif,15,0.016092569567263126,15,0.18709510309904206,full,False
tests/data/csd_families/YUFZOQ/YUFZOQ01.cif,tests/data/csd_families/YUFZOQ/YUFZOQ02.cif,15,0.02432041335850954,15,0.033293371963458225,full,False
tests/data/csd_families/YUFZOQ/YUFZOQ01.cif,tests/data/csd_families/YUFZOQ/YUFZOQ03.cif,15,0.013828086666762829,15,0.034938665188591796,full,False
tests/data/csd_families/YUFZOQ/YUFZOQ01.cif,tests/data/csd_families/YUFZOQ/YUFZOQ04.cif,15,0.013903186656534672,15,0.4407111218991608,full,False
tests/data/csd_families/YUFZOQ/YUFZOQ02.cif,tests/data/csd_families/YUFZOQ/YUFZOQ03.cif,15,0.023726102896034718,15,0.03520769127835113,full,False
tests/data/csd_families/YUFZOQ/YUFZOQ02.cif,tests/data/csd_families/YUFZOQ/YUFZOQ04.cif,15,0.013872837647795677,15,0.42234288397010616,full,False
tests/data/csd_families/YUFZOQ/YUFZOQ03.cif,tests/data/csd_families/YUFZOQ/YUFZOQ04.cif,15,0.02375184465199709,15,0.4469733436384048,full,False
tests/data/csd_families/TAVKUX/TAVKUX.cif,tests/data/csd_families/TAVKUX/TAVKUX02.cif,15,0.02186464611440897,1,0.005306431174549038,failed,False
tests/data/csd_families/TAVKUX/TAVKUX.cif,tests/data/csd_families/TAVKUX/TAVKUX09.cif,15,0.021232296712696552,1,0.01042091287131078,failed,True
tests/data/csd_families/TAVKUX/TAVKUX02.cif,tests/data/csd_families/TAVKUX/TAVKUX06.cif,15,0.02129768766462803,1,0.03573213439942903,failed,False
tests/data/csd_families/TAVKUX/TAVKUX02.cif,tests/data/csd_families/TAVKUX/TAVKUX07.cif,15,0.02089416142553091,1,0.029225084104989987,failed,False
tests/data/csd_families/TAVKUX/TAVKUX06.cif,tests/data/csd_families/TAVKUX/TAVKUX09.cif,15,0.019990047439932823,1,0.03128243648664452,failed,False
tests/data/csd_families/TAVKUX/TAVKUX07.cif,tests/data/csd_families/TAVKUX/TAVKUX09.cif,15,0.007491542026400566,1,0.027514945492283248,failed,True
tests/data/csd_families/TILRAJ/TILRAJ.cif,tests/data/csd_families/TILRAJ/TILRAJ01.cif,15,0.005083835683763027,1,0.4947610208961664,failed,False
tests/data/csd_families/TILRAJ/TILRAJ01.cif,tests/data/csd_families/TILRAJ/TILRAJ02.cif,15,0.00487259216606617,1,0.5955932582266296,failed,False
tests/data/csd_families/BOLNIZ/BOLNIZ.cif,tests/data/csd_families/BOLNIZ/BOLNIZ01.cif,15,1.0619871318340302e-05,0,nan,failed,False
tests/data/csd_families/BOLNIZ/BOLNIZ.cif,tests/data/csd_families/BOLNIZ/BOLNIZ02.cif,15,4.70038503408432e-06,0,nan,failed,False
tests/data/csd_families/KABNAG/KABNAG.cif,tests/data/csd_families/KABNAG/KABNAG01.cif,15,0.0070417048409581184,15,0.05990253623674826,full,True
tests/data/csd_families/FESNEW/FESNEW.cif,tests/data/csd_families/FESNEW/FESNEW01.cif,15,0.015410270541906357,15,0.10746253401285408,full,False
tests/data/csd_families/FITPIH/FITPIH.cif,tests/data/csd_families/FITPIH/FITPIH01.cif,15,0.014000888913869858,15,0.028373385408194042,full,False
tests/data/csd_families/FITPIH/FITPIH.cif,tests/data/csd_families/FITPIH/FITPIH02.cif,15,0.012572136707603931,15,0.013262401183988274,full,False
tests/data/csd_families/FITPIH/FITPIH.cif,tests/data/csd_families/FITPIH/FITPIH03.cif,15,0.012709839269518852,15,0.0622129269405818,full,False
tests/data/csd_families/FITPIH/FITPIH01.cif,tests/data/csd_families/FITPIH/FITPIH02.cif,15,0.01328800618648529,15,0.031002614613467684,full,False
tests/data/csd_families/FITPIH/FITPIH01.cif,tests/data/csd_families/FITPIH/FITPIH03.cif,15,0.012121420353651047,15,0.07812356633066772,full,False
tests/data/csd_families/FITPIH/FITPIH02.cif,tests/data/csd_families/FITPIH/FITPIH03.cif,15,0.013325938954949379,15,0.06575871689678525,full,False
tests/data/csd_families/TAVKUX/TAVKUX.cif,tests/data/csd_families/TAVKUX/TAVKUX06.cif,15,0.017850936390459538,15,0.2748926079327019,full,True
tests/data/csd_families/TAVKUX/TAVKUX.cif,tests/data/csd_families/TAVKUX/TAVKUX07.cif,15,0.017810285091400146,15,0.24812543295619244,full,False
tests/data/csd_families/TAVKUX/TAVKUX06.cif,tests/data/csd_families/TAVKUX/TAVKUX07.cif,15,0.016619868576526642,15,0.11225466713964428,full,False
tests/data/csd_families/IDODIQ/IDODIQ.cif,tests/data/csd_families/IDODIQ/IDODIQ01.cif,15,1.200009137392044e-05,0,nan,failed,False
tests/data/csd_families/IDODIQ/IDODIQ.cif,tests/data/csd_families/IDODIQ/IDODIQ02.cif,15,5.110166966915131e-06,0,nan,failed,False
tests/data/csd_families/HUXXIL/HUXXIL.cif,tests/data/csd_families/HUXXIL/HUXXIL01.cif,15,0.0073893703520298,15,0.06806786831681394,full,False
tests/data/csd_families/HUXXIL/HUXXIL.cif,tests/data/csd_families/HUXXIL/HUXXIL02.cif,15,0.006938183680176735,15,0.33410458576521695,full,False
tests/data/csd_families/HUXXIL/HUXXIL.cif,tests/data/csd_families/HUXXIL/HUXXIL03.cif,15,0.006845992058515549,15,0.3502383032254349,full,False
tests/data/csd_families/HUXXIL/HUXXIL.cif,tests/data/csd_families/HUXXIL/HUXXIL04.cif,15,0.006307373754680157,15,0.054229070984869565,full,False
tests/data/csd_families/HUXXIL/HUXXIL01.cif,tests/data/csd_families/HUXXIL/HUXXIL02.cif,15,0.007178996689617634,15,0.3312749079514424,full,False
tests/data/csd_families/HUXXIL/HUXXIL01.cif,tests/data/csd_families/HUXXIL/HUXXIL03.cif,15,0.006345674395561218,15,0.34390615903454796,full,False
tests/data/csd_families/HUXXIL/HUXXIL01.cif,tests/data/csd_families/HUXXIL/HUXXIL04.cif,15,0.005858797580003738,15,0.060179532047402194,full,False
tests/data/csd_families/HUXXIL/HUXXIL02.cif,tests/data/csd_families/HUXXIL/HUXXIL03.cif,15,0.007204017601907253,15,0.04443977811413208,full,False
tests/data/csd_families/HUXXIL/HUXXIL02.cif,tests/data/csd_families/HUXXIL/HUXXIL04.cif,15,0.006204662844538689,15,0.3518053843990584,full,False
tests/data/csd_families/HUXXIL/HUXXIL03.cif,tests/data/csd_families/HUXXIL/HUXXIL04.cif,15,0.006885172799229622,15,0.36607835496175356,full,False
tests/data/csd_families/FLOXSB/FLOXSB.cif,tests/data/csd_families/FLOXSB/FLOXSB01.cif,15,0.010975214652717113,13,0.00832187049169889,partial,False
tests/data/csd_families/FLOXSB/FLOXSB01.cif,tests/data/csd_families/FLOXSB/FLOXSB02.cif,15,0.010012838989496231,13,0.010031647912431533,partial,False
tests/data/csd_families/BIJDON/BIJDON03.cif,tests/data/csd_families/BIJDON/BIJDON05.cif,15,0.05082809738814831,10,0.3355702179278383,partial,True
tests/data/csd_families/BIJDON/BIJDON04.cif,tests/data/csd_families/BIJDON/BIJDON05.cif,15,0.028126808814704418,15,0.1967825239346107,full,False
tests/data/csd_families/BIJDON/BIJDON05.cif,tests/data/csd_families/BIJDON/BIJDON06.cif,15,0.05320997256785631,10,0.38909706848353126,partial,True
tests/data/csd_families/BIJDON/BIJDON05.cif,tests/data/csd_families/BIJDON/BIJDON07.cif,15,0.049541267566382885,10,0.3365996220798467,partial,True
tests/data/csd_families/CEDGAV/CEDGAV.cif,tests/data/csd_families/CEDGAV/CEDGAV03.cif,15,0.04693544935435057,11,0.19617640052430035,partial,True
tests/data/csd_families/IDODIQ/IDODIQ01.cif,tests/data/csd_families/IDODIQ/IDODIQ02.cif,15,0.015289917588233948,15,0.058340704923830915,full,False
tests/data/experimental/TT-TzTz-TT/pere52.cif,tests/data/experimental/TT-TzTz-TT/pere53.cif,15,0.02950908988714218,3,0.7340243283163947,failed,False
tests/data/csd_families/FINSOK/FINSOK11.cif,tests/data/csd_families/FINSOK/FINSOK12.cif,15,1.0520219802856445e-05,0,nan,failed,False
tests/data/csd_families/FLOXSB/FLOXSB.cif,tests/data/csd_families/FLOXSB/FLOXSB02.cif,15,0.007997499778866768,15,0.01298262750608018,full,True
tests/data/csd_families/ICAHIG/ICAHIG01.cif,tests/data/csd_families/ICAHIG/ICAHIG04.cif,15,0.03603524714708328,2,0.2962987320753251,failed,True
tests/data/csd_families/ICAHIG/ICAHIG02.cif,tests/data/csd_families/ICAHIG/ICAHIG04.cif,15,0.036118779331445694,2,0.28732848922019766,failed,False
tests/data/csd_families/ZZZWNI/ZZZWNI01.cif,tests/data/csd_families/ZZZWNI/ZZZWNI04.cif,15,0.053727149963378906,15,0.12698833361840556,full,False
tests/data/experimental/Ritonavir/YIGPIO01.cif,tests/data/experimental/Ritonavir/YIGPIO03.cif,15,0.048544893972575665,15,0.20122343859398473,full,False
tests/data/experimental/Ritonavir/YIGPIO01.cif,tests/data/experimental/Ritonavir/YIGPIO04.cif,15,0.02793507557362318,0,nan,failed,False
tests/data/experimental/Ritonavir/YIGPIO01.cif,tests/data/experimental/Ritonavir/YIGPIO05.cif,15,0.026550735346972942,0,nan,failed,False
tests/data/experimental/Ritonavir/YIGPIO01.cif,tests/data/experimental/Ritonavir/YIGPIO06.cif,15,0.09632231667637825,0,nan,failed,False
tests/data/experimental/Ritonavir/YIGPIO03.cif,tests/data/experimental/Ritonavir/YIGPIO04.cif,15,0.008178232237696648,0,nan,failed,False
tests/data/experimental/Ritonavir/YIGPIO03.cif,tests/data/experimental/Ritonavir/YIGPIO05.cif,15,0.006044430658221245,0,nan,failed,False
tests/data/experimental/Ritonavir/YIGPIO03.cif,tests/data/experimental/Ritonavir/YIGPIO06.cif,15,0.023666792549192905,0,nan,failed,False
tests/data/experimental/Ritonavir/YIGPIO04.cif,tests/data/experimental/Ritonavir/YIGPIO05.cif,15,0.013872077688574791,15,0.23280215937065385,full,False
tests/data/experimental/Ritonavir/YIGPIO04.cif,tests/data/experimental/Ritonavir/YIGPIO06.cif,15,0.03369635157287121,8,0.41812151063812775,partial,False
tests/data/experimental/Ritonavir/YIGPIO05.cif,tests/data/experimental/Ritonavir/YIGPIO06.cif,15,0.04030222073197365,9,0.6297630297448028,partial,False
tests/data/csd_families/BOLMIZ/BOLMIZ.cif,tests/data/csd_families/BOLMIZ/BOLMIZ01.cif,15,0.01028275303542614,1,0.06355521936952775,failed,False
tests/data/csd_families/BOLMIZ/BOLMIZ01.cif,tests/data/csd_families/BOLMIZ/BOLMIZ02.cif,15,0.0054934220388531685,2,0.10793835893193225,failed,False
tests/data/csd_families/ICAHIG/ICAHIG01.cif,tests/data/csd_families/ICAHIG/ICAHIG02.cif,15,0.0351712042465806,15,0.16224626666386552,full,False
tests/data/csd_families/WULMOJ/WULMOJ.cif,tests/data/csd_families/WULMOJ/WULMOJ01.cif,15,0.010217752307653427,2,0.20452097388947865,failed,False
tests/data/csd_families/WULMOJ/WULMOJ.cif,tests/data/csd_families/WULMOJ/WULMOJ02.cif,15,0.009187896735966206,2,0.20705542979135372,failed,False
tests/data/csd_families/WULMOJ/WULMOJ.cif,tests/data/csd_families/WULMOJ/WULMOJ03.cif,15,0.009179635904729366,2,0.2050530512823523,failed,False
tests/data/csd_families/WULMOJ/WULMOJ.cif,tests/data/csd_families/WULMOJ/WULMOJ04.cif,15,0.0092239985242486,2,0.2084589941883698,failed,False
tests/data/experimental/NOFJEX/NOFJEX.cif,tests/data/experimental/NOFJEX/NOFJEX01.cif,15,0.008438995108008385,0,nan,failed,False
tests/data/csd_families/ADMANN/ADMANN.cif,tests/data/csd_families/ADMANN/ADMANN01.cif,15,0.022798809222877026,15,0.01621413485979227,full,False
tests/data/csd_families/ADMANN/ADMANN.cif,tests/data/csd_families/ADMANN/ADMANN02.cif,15,0.02155917137861252,15,0.02150210119784615,full,False
tests/data/csd_families/ADMANN/ADMANN.cif,tests/data/csd_families/ADMANN/ADMANN03.cif,15,0.021585332229733467,15,0.03035055856196631,full,False
tests/data/csd_families/ADMANN/ADMANN.cif,tests/data/csd_families/ADMANN/ADMANN04.cif,15,0.021579870954155922,15,0.0413166531973499,full,False
tests/data/csd_families/ADMANN/ADMANN01.cif,tests/data/csd_families/ADMANN/ADMANN02.cif,15,0.022201471030712128,15,0.016014596966963685,full,False
tests/data/csd_families/ADMANN/ADMANN01.cif,tests/data/csd_families/ADMANN/ADMANN03.cif,15,0.02093817200511694,15,0.025045006806391042,full,False
tests/data/csd_families/ADMANN/ADMANN01.cif,tests/data/csd_families/ADMANN/ADMANN04.cif,15,0.020941151306033134,15,0.035358056702159614,full,False
tests/data/csd_families/ADMANN/ADMANN02.cif,tests/data/csd_families/ADMANN/ADMANN03.cif,15,0.022069789469242096,15,0.016570663476455916,full,False
tests/data/csd_families/ADMANN/ADMANN02.cif,tests/data/csd_families/ADMANN/ADMANN04.cif,15,0.020787839777767658,15,0.025631941452889002,full,False
tests/data/csd_families/ADMANN/ADMANN03.cif,tests/data/csd_families/ADMANN/ADMANN04.cif,15,0.022084889002144337,15,0.016028609767391597,full,False
tests/data/csd_families/FINSOK/FINSOK01.cif,tests/data/csd_families/FINSOK/FINSOK11.cif,15,9.570270776748657e-06,0,nan,failed,False
tests/data/csd_families/LAZHID/LAZHID.cif,tests/data/csd_families/LAZHID/LAZHID02.cif,15,0.009272067807614803,15,0.22435798934987258,full,True
tests/data/csd_families/LAZHID/LAZHID.cif,tests/data/csd_families/LAZHID/LAZHID03.cif,15,0.00921211764216423,15,0.18325696676214068,full,True
tests/data/csd_families/LAZHID/LAZHID02.cif,tests/data/csd_families/LAZHID/LAZHID03.cif,15,0.010329454205930233,15,0.04664001845595584,full,False
tests/data/csd_families/XOVBOZ/XOVBOZ.cif,tests/data/csd_families/XOVBOZ/XOVBOZ02.cif,15,0.011352128349244595,2,0.6069664396488444,failed,True
tests/data/csd_families/XOVBOZ/XOVBOZ01.cif,tests/data/csd_families/XOVBOZ/XOVBOZ02.cif,15,0.011240808293223381,2,0.5901697273448326,failed,True
tests/data/csd_families/FINSOK/FINSOK01.cif,tests/data/csd_families/FINSOK/FINSOK12.cif,15,8.249655365943909e-06,0,nan,failed,False
tests/data/csd_families/FINSOK/FINSOK10.cif,tests/data/csd_families/FINSOK/FINSOK11.cif,15,4.990026354789734e-06,0,nan,failed,False
tests/data/csd_families/AVOWUD/AVOWUD.cif,tests/data/csd_families/AVOWUD/AVOWUD07.cif,15,7.010996341705322e-06,0,nan,failed,False
tests/data/csd_families/AVOWUD/AVOWUD02.cif,tests/data/csd_families/AVOWUD/AVOWUD07.cif,15,4.5103952288627625e-06,0,nan,failed,False
tests/data/csd_families/AVOWUD/AVOWUD03.cif,tests/data/csd_families/AVOWUD/AVOWUD07.cif,15,3.959983587265015e-06,0,nan,failed,False
tests/data/csd_families/AVOWUD/AVOWUD07.cif,tests/data/csd_families/AVOWUD/AVOWUD08.cif,15,4.390254616737366e-06,0,nan,failed,False
tests/data/csd_families/AFEMEE/AFEMEE.cif,tests/data/csd_families/AFEMEE/AFEMEE02.cif,15,0.007113626226782799,15,0.012895524406713509,full,False
tests/data/csd_families/AFEMEE/AFEMEE.cif,tests/data/csd_families/AFEMEE/AFEMEE03.cif,15,0.005585893057286739,15,0.006904658718387092,full,True
tests/data/csd_families/AFEMEE/AFEMEE.cif,tests/data/csd_families/AFEMEE/AFEMEE04.cif,15,0.0057293446734547615,15,0.00750778793140811,full,True
tests/data/csd_families/AFEMEE/AFEMEE02.cif,tests/data/csd_families/AFEMEE/AFEMEE03.cif,15,0.0057931868359446526,15,0.007650516777566341,full,True
tests/data/csd_families/AFEMEE/AFEMEE02.cif,tests/data/csd_families/AFEMEE/AFEMEE04.cif,15,0.005014475435018539,15,0.012518517688058601,full,True
tests/data/csd_families/AFEMEE/AFEMEE03.cif,tests/data/csd_families/AFEMEE/AFEMEE04.cif,15,0.0055882735177874565,15,0.006825457699625121,full,False
tests/data/csd_families/AVOWUD/AVOWUD.cif,tests/data/csd_families/AVOWUD/AVOWUD02.cif,15,0.008982473984360695,15,0.20580260903132105,full,False
tests/data/csd_families/AVOWUD/AVOWUD.cif,tests/data/csd_families/AVOWUD/AVOWUD03.cif,15,0.008560026995837688,9,0.6177671010421681,partial,True
tests/data/csd_families/AVOWUD/AVOWUD.cif,tests/data/csd_families/AVOWUD/AVOWUD08.cif,15,0.008077041245996952,15,0.20609802939319088,full,False
tests/data/csd_families/AVOWUD/AVOWUD02.cif,tests/data/csd_families/AVOWUD/AVOWUD03.cif,15,0.008893931284546852,10,0.6194488039523529,partial,True
tests/data/csd_families/AVOWUD/AVOWUD02.cif,tests/data/csd_families/AVOWUD/AVOWUD08.cif,15,0.007710875011980534,15,0.058485968022830334,full,False
tests/data/csd_families/AVOWUD/AVOWUD03.cif,tests/data/csd_families/AVOWUD/AVOWUD08.cif,15,0.008018669672310352,12,0.6514636582125339,partial,True
tests/data/csd_families/FINSOK/FINSOK10.cif,tests/data/csd_families/FINSOK/FINSOK12.cif,15,9.139999747276306e-06,0,nan,failed,False
tests/data/csd_families/PUTTAZ/PUTTAZ.cif,tests/data/csd_families/PUTTAZ/PUTTAZ02.cif,15,0.004118300974369049,2,0.2676401276725579,failed,False
tests/data/csd_families/PUTTAZ/PUTTAZ.cif,tests/data/csd_families/PUTTAZ/PUTTAZ03.cif,15,0.003973009996116161,2,0.26207930153244174,failed,False
tests/data/csd_families/PUTTAZ/PUTTAZ.cif,tests/data/csd_families/PUTTAZ/PUTTAZ04.cif,15,0.004049959592521191,2,0.2698949855554915,failed,True
tests/data/csd_families/PUTTAZ/PUTTAZ01.cif,tests/data/csd_families/PUTTAZ/PUTTAZ02.cif,15,0.004276733845472336,2,0.2677603354622561,failed,False
tests/data/csd_families/PUTTAZ/PUTTAZ01.cif,tests/data/csd_families/PUTTAZ/PUTTAZ03.cif,15,0.0037093255668878555,2,0.26240951531187956,failed,False
tests/data/csd_families/PUTTAZ/PUTTAZ01.cif,tests/data/csd_families/PUTTAZ/PUTTAZ04.cif,15,0.00368446484208107,2,0.2698264513622642,failed,True
tests/data/csd_families/TOJHIK/TOJHIK.cif,tests/data/csd_families/TOJHIK/TOJHIK01.cif,15,0.052662044763565063,15,0.15513130582639606,full,False
tests/data/csd_families/TOJHIK/TOJHIK.cif,tests/data/csd_families/TOJHIK/TOJHIK02.cif,15,0.049915953539311886,15,0.17734841612209748,full,False
tests/data/csd_families/TOJHIK/TOJHIK.cif,tests/data/csd_families/TOJHIK/TOJHIK03.cif,15,0.04983343183994293,15,0.1746689147268903,full,False
tests/data/csd_families/TOJHIK/TOJHIK.cif,tests/data/csd_families/TOJHIK/TOJHIK04.cif,15,0.049650209955871105,15,0.04153597741708831,full,True
tests/data/csd_families/TOJHIK/TOJHIK01.cif,tests/data/csd_families/TOJHIK/TOJHIK02.cif,15,0.05092712864279747,15,0.028234405907498376,full,False
tests/data/csd_families/TOJHIK/TOJHIK01.cif,tests/data/csd_families/TOJHIK/TOJHIK03.cif,15,0.04912130255252123,15,0.02706810977679978,full,True
tests/data/csd_families/TOJHIK/TOJHIK01.cif,tests/data/csd_families/TOJHIK/TOJHIK04.cif,15,0.049301124177873135,15,0.14639421845505265,full,False
tests/data/csd_families/TOJHIK/TOJHIK02.cif,tests/data/csd_families/TOJHIK/TOJHIK03.cif,15,0.050752757117152214,15,0.014530996419266199,full,True
tests/data/csd_families/TOJHIK/TOJHIK02.cif,tests/data/csd_families/TOJHIK/TOJHIK04.cif,15,0.04941350594162941,15,0.1694676185260584,full,True
tests/data/csd_families/TOJHIK/TOJHIK03.cif,tests/data/csd_families/TOJHIK/TOJHIK04.cif,15,0.050572783686220646,15,0.16568606991047627,full,False
tests/data/csd_families/ABEKUN/ABEKUN01.cif,tests/data/csd_families/ABEKUN/ABEKUN02.cif,15,0.010272393003106117,15,0.04044594710535572,full,True
tests/data/csd_families/CYOCPD/CYOCPD02.cif,tests/data/csd_families/CYOCPD/CYOCPD03.cif,15,0.0056988950818777084,15,0.04964085065993902,full,False
tests/data/csd_families/CYOCPD/CYOCPD02.cif,tests/data/csd_families/CYOCPD/CYOCPD05.cif,15,0.005000163801014423,15,0.08171023516975767,full,False
tests/data/csd_families/CYOCPD/CYOCPD03.cif,tests/data/csd_families/CYOCPD/CYOCPD05.cif,15,0.00485755130648613,15,0.049024196971295286,full,False
tests/data/csd_families/HUSTOE/HUSTOE.cif,tests/data/csd_families/HUSTOE/HUSTOE01.cif,15,0.01104633416980505,15,0.0758087065662566,full,False
tests/data/csd_families/HUSTOE/HUSTOE.cif,tests/data/csd_families/HUSTOE/HUSTOE02.cif,15,0.010202933102846146,15,0.34556191059925456,full,False
tests/data/csd_families/HUSTOE/HUSTOE.cif,tests/data/csd_families/HUSTOE/HUSTOE03.cif,15,0.009130504913628101,15,0.09072365477646747,full,False
tests/data/csd_families/HUSTOE/HUSTOE.cif,tests/data/csd_families/HUSTOE/HUSTOE04.cif,15,0.010306653566658497,14,0.6178636379187802,partial,False
tests/data/csd_families/HUSTOE/HUSTOE01.cif,tests/data/csd_families/HUSTOE/HUSTOE02.cif,15,0.009657684713602066,15,0.40591086137027954,full,True
tests/data/csd_families/HUSTOE/HUSTOE01.cif,tests/data/csd_families/HUSTOE/HUSTOE03.cif,15,0.008681039325892925,15,0.14845397968275678,full,True
tests/data/csd_families/HUSTOE/HUSTOE01.cif,tests/data/csd_families/HUSTOE/HUSTOE04.cif,15,0.009801936335861683,14,0.675282062189177,partial,False
tests/data/csd_families/HUSTOE/HUSTOE02.cif,tests/data/csd_families/HUSTOE/HUSTOE03.cif,15,0.009370238520205021,15,0.2866569107070589,full,False
tests/data/csd_families/HUSTOE/HUSTOE02.cif,tests/data/csd_families/HUSTOE/HUSTOE04.cif,15,0.0084616057574749,15,0.3177400025663611,full,False
tests/data/csd_families/HUSTOE/HUSTOE03.cif,tests/data/csd_families/HUSTOE/HUSTOE04.cif,15,0.010040130466222763,15,0.5800296849804125,full,True
tests/data/csd_families/ILUTIV/ILUTIV.cif,tests/data/csd_families/ILUTIV/ILUTIV01.cif,15,0.01159767247736454,3,0.5821983065894484,failed,True
tests/data/csd_families/ILUTIV/ILUTIV.cif,tests/data/csd_families/ILUTIV/ILUTIV02.cif,15,0.009873437695205212,3,0.5848394873542155,failed,True
tests/data/csd_families/ILUTIV/ILUTIV01.cif,tests/data/csd_families/ILUTIV/ILUTIV02.cif,15,0.015329518355429173,15,0.10685588127889757,full,False
tests/data/csd_families/KUZYAI/KUZYAI.cif,tests/data/csd_families/KUZYAI/KUZYAI01.cif,15,0.007155236788094044,15,0.00661640710347037,full,False
tests/data/csd_families/KUZYAI/KUZYAI.cif,tests/data/csd_families/KUZYAI/KUZYAI02.cif,15,0.005361240357160568,15,0.14588410667672053,full,True
tests/data/csd_families/KUZYAI/KUZYAI01.cif,tests/data/csd_families/KUZYAI/KUZYAI02.cif,15,0.005830977112054825,15,0.148766464394259,full,True
tests/data/experimental/galunisertib/Galunisertib_FORM_II.cif,tests/data/experimental/galunisertib/Galunisertib_FORM_IV.cif,15,0.009990318678319454,2,0.29391004901545026,failed,True
tests/data/experimental/galunisertib/Galunisertib_FORM_II.cif,tests/data/experimental/galunisertib/Galunisertib_FORM_X.cif,15,0.004801230505108833,0,nan,failed,False
tests/data/experimental/galunisertib/Galunisertib_FORM_III.cif,tests/data/experimental/galunisertib/Galunisertib_FORM_IV.cif,15,0.009732626378536224,2,0.5620242322301208,failed,False
tests/data/experimental/galunisertib/Galunisertib_FORM_III.cif,tests/data/experimental/galunisertib/Galunisertib_FORM_X.cif,15,0.004227093420922756,1,0.4902169090913948,failed,False
tests/data/experimental/galunisertib/Galunisertib_FORM_IV.cif,tests/data/experimental/galunisertib/Galunisertib_FORM_VIII.cif,15,0.010038969106972218,2,0.8042997823185148,failed,True
tests/data/experimental/galunisertib/Galunisertib_FORM_VIII.cif,tests/data/experimental/galunisertib/Galunisertib_FORM_X.cif,15,0.006374175660312176,0,nan,failed,False
tests/data/csd_families/QAHWUU/QAHWUU.cif,tests/data/csd_families/QAHWUU/QAHWUU02.cif,15,0.0069350432604551315,1,0.5737897855172762,failed,True
tests/data/csd_families/QAHWUU/QAHWUU.cif,tests/data/csd_families/QAHWUU/QAHWUU03.cif,15,0.006705319508910179,1,0.5747446332669137,failed,True
tests/data/csd_families/QAHWUU/QAHWUU01.cif,tests/data/csd_families/QAHWUU/QAHWUU02.cif,15,0.006845662370324135,1,0.5653706480831311,failed,False
tests/data/csd_families/QAHWUU/QAHWUU01.cif,tests/data/csd_families/QAHWUU/QAHWUU03.cif,15,0.0068107908591628075,1,0.5654005086144269,failed,False
tests/data/csd_families/OMAWIM/OMAWIM.cif,tests/data/csd_families/OMAWIM/OMAWIM01.cif,15,0.015628833323717117,15,0.005570269475637215,full,False
tests/data/csd_families/OMAWIM/OMAWIM.cif,tests/data/csd_families/OMAWIM/OMAWIM02.cif,15,0.014000479131937027,15,0.0036737376835939153,full,True
tests/data/csd_families/OMAWIM/OMAWIM.cif,tests/data/csd_families/OMAWIM/OMAWIM03.cif,15,0.014105429872870445,15,0.009034491481634122,full,False
tests/data/csd_families/OMAWIM/OMAWIM.cif,tests/data/csd_families/OMAWIM/OMAWIM04.cif,15,0.014058029279112816,15,0.005138611631271371,full,True
tests/data/csd_families/OMAWIM/OMAWIM01.cif,tests/data/csd_families/OMAWIM/OMAWIM02.cif,15,0.014547937549650669,15,0.005266150586528943,full,False
tests/data/csd_families/OMAWIM/OMAWIM01.cif,tests/data/csd_families/OMAWIM/OMAWIM03.cif,15,0.0135197713971138,15,0.00708948094973566,full,False
tests/data/csd_families/OMAWIM/OMAWIM01.cif,tests/data/csd_families/OMAWIM/OMAWIM04.cif,15,0.013579601421952248,15,0.002929185578947783,full,True
tests/data/csd_families/OMAWIM/OMAWIM02.cif,tests/data/csd_families/OMAWIM/OMAWIM03.cif,15,0.01451115682721138,15,0.010614328141258622,full,False
tests/data/csd_families/OMAWIM/OMAWIM02.cif,tests/data/csd_families/OMAWIM/OMAWIM04.cif,15,0.013537012040615082,15,0.00566764729851602,full,True
tests/data/csd_families/OMAWIM/OMAWIM03.cif,tests/data/csd_families/OMAWIM/OMAWIM04.cif,15,0.014455645345151424,15,0.006282507650424592,full,True
tests/data/csd_families/QQQBUJ/QQQBUJ02.cif,tests/data/csd_families/QQQBUJ/QQQBUJ03.cif,15,0.009324748069047928,15,0.10384947434125597,full,True
tests/data/csd_families/QQQCIG/QQQCIG01.cif,tests/data/csd_families/QQQCIG/QQQCIG04.cif,15,0.017025995068252087,15,0.09581734419431512,full,True
tests/data/csd_families/QQQCIG/QQQCIG01.cif,tests/data/csd_families/QQQCIG/QQQCIG05.cif,15,0.01405021920800209,15,0.0839473365729618,full,False
tests/data/csd_families/QQQCIG/QQQCIG01.cif,tests/data/csd_families/QQQCIG/QQQCIG06.cif,15,0.014185820706188679,15,0.0819279782717522,full,True
tests/data/csd_families/QQQCIG/QQQCIG01.cif,tests/data/csd_families/QQQCIG/QQQCIG07.cif,15,0.014106160961091518,15,0.05723912212194387,full,True
tests/data/csd_families/QQQCIG/QQQCIG04.cif,tests/data/csd_families/QQQCIG/QQQCIG05.cif,15,0.014436784200370312,15,0.013821566342199871,full,False
tests/data/csd_families/QQQCIG/QQQCIG04.cif,tests/data/csd_families/QQQCIG/QQQCIG06.cif,15,0.013334209099411964,15,0.020642256857768316,full,True
tests/data/csd_families/QQQCIG/QQQCIG04.cif,tests/data/csd_families/QQQCIG/QQQCIG07.cif,15,0.01346683967858553,15,0.03947892390179168,full,False
tests/data/csd_families/QQQCIG/QQQCIG05.cif,tests/data/csd_families/QQQCIG/QQQCIG06.cif,15,0.014379113912582397,15,0.009430487919323176,full,False
tests/data/csd_families/QQQCIG/QQQCIG05.cif,tests/data/csd_families/QQQCIG/QQQCIG07.cif,15,0.013377809897065163,15,0.02738013595478666,full,False
tests/data/csd_families/QQQCIG/QQQCIG06.cif,tests/data/csd_families/QQQCIG/QQQCIG07.cif,15,0.014286941848695278,15,0.02763598890285697,full,True
tests/data/csd_families/JIXCUR/JIXCUR01.cif,tests/data/csd_families/JIXCUR/JIXCUR02.cif,15,0.01212587021291256,15,0.07761047623822236,full,False
tests/data/csd_families/JIXCUR/JIXCUR01.cif,tests/data/csd_families/JIXCUR/JIXCUR03.cif,15,0.010695579461753368,15,0.20115199760245556,full,False
tests/data/csd_families/JIXCUR/JIXCUR02.cif,tests/data/csd_families/JIXCUR/JIXCUR03.cif,15,0.011210496537387371,15,0.12453572176135608,full,False
tests/data/csd_families/FINSOK/FINSOK01.cif,tests/data/csd_families/FINSOK/FINSOK10.cif,15,8.810311555862427e-06,0,nan,failed,False
tests/data/csd_families/WEKHEA/WEKHEA.cif,tests/data/csd_families/WEKHEA/WEKHEA01.cif,15,0.0037404363974928856,1,0.4531203713640813,failed,True
tests/data/csd_families/WEKHEA/WEKHEA01.cif,tests/data/csd_families/WEKHEA/WEKHEA02.cif,15,0.0038391873240470886,1,0.45218690324524446,failed,True
tests/data/experimental/ROY/QAXMEH24.cif,tests/data/experimental/ROY/QAXMEH29.cif,15,0.004730919376015663,1,0.24528650144195727,failed,True
tests/data/experimental/ROY/QAXMEH27.cif,tests/data/experimental/ROY/QAXMEH29.cif,15,0.00342665147036314,1,0.2128791455771699,failed,True
tests/data/experimental/ROY/QAXMEH29.cif,tests/data/experimental/ROY/QAXMEH90_O22.cif,15,0.0034008901566267014,2,0.41643395735221045,failed,False
tests/data/experimental/ROY/QAXMEH29.cif,tests/data/experimental/ROY/ROY_PO13.cif,15,0.0027726320549845695,0,nan,failed,False
tests/data/experimental/ROY/QAXMEH29.cif,tests/data/experimental/ROY/ROY_R05.cif,15,0.005117966793477535,1,0.1839430850977817,failed,False
tests/data/experimental/ROY/QAXMEH29.cif,tests/data/experimental/ROY/ROY_Y19.cif,15,0.003370099700987339,1,0.3525747453082095,failed,True
tests/data/experimental/ROY/QAXMEH29.cif,tests/data/experimental/ROY/ROY_Y_ambient.cif,15,0.0023895157501101494,1,0.940517236968466,failed,False
tests/data/experimental/ROY/QAXMEH29.cif,tests/data/experimental/ROY/YT04.cif,15,0.0023306654766201973,1,0.9468962378937893,failed,True
tests/data/experimental/ROY/QAXMEH29.cif,tests/data/experimental/ROY/mrp180010_fa.cif,15,0.004456276074051857,1,0.4797162961454576,failed,False
tests/data/csd_families/ALEUCU/ALEUCU.cif,tests/data/csd_families/ALEUCU/ALEUCU01.cif,15,0.007160487584769726,15,0.0189346457010761,full,False
tests/data/csd_families/ALEUCU/ALEUCU.cif,tests/data/csd_families/ALEUCU/ALEUCU02.cif,15,0.005842937156558037,15,0.05872518074175457,full,False
tests/data/csd_families/ALEUCU/ALEUCU.cif,tests/data/csd_families/ALEUCU/ALEUCU03.cif,15,0.0054731210693717,11,0.134381577108277,partial,False
tests/data/csd_families/ALEUCU/ALEUCU01.cif,tests/data/csd_families/ALEUCU/ALEUCU02.cif,15,0.00612123217433691,15,0.06562477106127988,full,False
tests/data/csd_families/ALEUCU/ALEUCU01.cif,tests/data/csd_families/ALEUCU/ALEUCU03.cif,15,0.0048585012555122375,11,0.12899302528771125,partial,False
tests/data/csd_families/ALEUCU/ALEUCU02.cif,tests/data/csd_families/ALEUCU/ALEUCU03.cif,15,0.005320369265973568,11,0.1285251881336037,partial,False
tests/data/csd_families/AMBACO/AMBACO01.cif,tests/data/csd_families/AMBACO/AMBACO03.cif,15,0.0060913898050785065,1,0.05957315057754513,failed,False
tests/data/csd_families/AMBACO/AMBACO01.cif,tests/data/csd_families/AMBACO/AMBACO05.cif,15,0.004943974316120148,1,0.054295848766461464,failed,False
tests/data/csd_families/AMBACO/AMBACO01.cif,tests/data/csd_families/AMBACO/AMBACO07.cif,15,0.012376214377582073,15,0.04300162444151677,full,False
tests/data/csd_families/AMBACO/AMBACO03.cif,tests/data/csd_families/AMBACO/AMBACO05.cif,15,0.004016188904643059,15,0.019051733415768282,full,False
tests/data/csd_families/AMBACO/AMBACO03.cif,tests/data/csd_families/AMBACO/AMBACO07.cif,15,0.004304204136133194,1,0.0557534195769467,failed,True
tests/data/csd_families/AMBACO/AMBACO05.cif,tests/data/csd_families/AMBACO/AMBACO07.cif,15,0.00474145170301199,1,0.04844701635330846,failed,True
tests/data/csd_families/AMBNAC/AMBNAC01.cif,tests/data/csd_families/AMBNAC/AMBNAC06.cif,15,0.01969221420586109,15,0.017248600978930023,full,True
tests/data/csd_families/AMBNAC/AMBNAC01.cif,tests/data/csd_families/AMBNAC/AMBNAC07.cif,15,0.017834524624049664,15,0.0944079634719474,full,True
tests/data/csd_families/AMBNAC/AMBNAC06.cif,tests/data/csd_families/AMBNAC/AMBNAC07.cif,15,0.01833241432905197,15,0.08514476701866558,full,False
tests/data/csd_families/ERONEG/ERONEG.cif,tests/data/csd_families/ERONEG/ERONEG02.cif,15,9.910203516483307e-06,0,nan,failed,False
tests/data/csd_families/ERONEG/ERONEG01.cif,tests/data/csd_families/ERONEG/ERONEG02.cif,15,4.639849066734314e-06,0,nan,failed,False
tests/data/csd_families/JINDIX/JINDIX.cif,tests/data/csd_families/JINDIX/JINDIX01.cif,15,0.012208092026412487,15,0.034956746086317755,full,False
tests/data/csd_families/JINDIX/JINDIX.cif,tests/data/csd_families/JINDIX/JINDIX02.cif,15,0.010917622596025467,15,0.10878494368364812,full,False
tests/data/csd_families/JINDIX/JINDIX01.cif,tests/data/csd_families/JINDIX/JINDIX02.cif,15,0.011353499256074429,15,0.0830668327799675,full,False
tests/data/csd_families/MATRNO/MATRNO01.cif,tests/data/csd_families/MATRNO/MATRNO03.cif,15,0.009370709769427776,15,0.054444063660863504,full,False
tests/data/csd_families/ONITAN/ONITAN.cif,tests/data/csd_families/ONITAN/ONITAN01.cif,15,0.016623896546661854,15,0.11651194109519541,full,False
tests/data/csd_families/ONITAN/ONITAN.cif,tests/data/csd_families/ONITAN/ONITAN02.cif,15,0.015266567468643188,15,0.06456746654549012,full,False
tests/data/csd_families/ONITAN/ONITAN.cif,tests/data/csd_families/ONITAN/ONITAN03.cif,15,0.014005758799612522,2,0.12221445109502313,failed,True
tests/data/csd_families/ONITAN/ONITAN.cif,tests/data/csd_families/ONITAN/ONITAN04.cif,15,0.015181406401097775,15,0.10551351195799388,full,False
tests/data/csd_families/ONITAN/ONITAN01.cif,tests/data/csd_families/ONITAN/ONITAN02.cif,15,0.015538970939815044,15,0.08272898056175099,full,True
tests/data/csd_families/ONITAN/ONITAN01.cif,tests/data/csd_families/ONITAN/ONITAN03.cif,15,0.012959623709321022,2,0.11233519280899662,failed,False
tests/data/csd_families/ONITAN/ONITAN01.cif,tests/data/csd_families/ONITAN/ONITAN04.cif,15,0.01453530602157116,15,0.014162716602544262,full,False
tests/data/csd_families/ONITAN/ONITAN02.cif,tests/data/csd_families/ONITAN/ONITAN03.cif,15,0.013723675161600113,2,0.1203796860762442,failed,True
tests/data/csd_families/ONITAN/ONITAN02.cif,tests/data/csd_families/ONITAN/ONITAN04.cif,15,0.014798159711062908,15,0.07295856521786555,full,True
tests/data/csd_families/ONITAN/ONITAN03.cif,tests/data/csd_families/ONITAN/ONITAN04.cif,15,0.014203921891748905,2,0.11248963029518078,failed,False
tests/data/csd_families/ROKWIX/ROKWIX.cif,tests/data/csd_families/ROKWIX/ROKWIX01.cif,15,0.009434981271624565,15,0.21251525425975779,full,True
tests/data/csd_families/ROKWIX/ROKWIX.cif,tests/data/csd_families/ROKWIX/ROKWIX02.cif,15,0.0075055621564388275,15,0.14119054204787057,full,False
tests/data/csd_families/ROKWIX/ROKWIX.cif,tests/data/csd_families/ROKWIX/ROKWIX03.cif,15,0.007721634581685066,15,0.12359053624825132,full,False
tests/data/csd_families/ROKWIX/ROKWIX01.cif,tests/data/csd_families/ROKWIX/ROKWIX02.cif,15,0.008147521875798702,15,0.20808142048856096,full,True
tests/data/csd_families/ROKWIX/ROKWIX01.cif,tests/data/csd_families/ROKWIX/ROKWIX03.cif,15,0.007037455216050148,15,0.2882881387281312,full,True
tests/data/csd_families/ROKWIX/ROKWIX02.cif,tests/data/csd_families/ROKWIX/ROKWIX03.cif,15,0.008106870576739311,15,0.17048561587171035,full,False
tests/data/csd_families/CEWTAD/CEWTAD.cif,tests/data/csd_families/CEWTAD/CEWTAD01.cif,15,0.01832388248294592,15,0.004493350373335838,full,True
tests/data/csd_families/CEWTAD/CEWTAD.cif,tests/data/csd_families/CEWTAD/CEWTAD02.cif,15,0.01363449264317751,15,0.025413246988584836,full,False
tests/data/csd_families/CEWTAD/CEWTAD.cif,tests/data/csd_families/CEWTAD/CEWTAD03.cif,15,0.013648132793605328,15,0.006295098995635962,full,False
tests/data/csd_families/CEWTAD/CEWTAD.cif,tests/data/csd_families/CEWTAD/CEWTAD04.cif,15,0.019410040229558945,9,0.2258352504756854,partial,False
tests/data/csd_families/CEWTAD/CEWTAD01.cif,tests/data/csd_families/CEWTAD/CEWTAD02.cif,15,0.016290932893753052,15,0.022336548108809414,full,True
tests/data/csd_families/CEWTAD/CEWTAD01.cif,tests/data/csd_families/CEWTAD/CEWTAD03.cif,15,0.012846500612795353,15,0.004096705313650207,full,True
tests/data/csd_families/CEWTAD/CEWTAD01.cif,tests/data/csd_families/CEWTAD/CEWTAD04.cif,15,0.018583987839519978,9,0.223170527437364,partial,True
tests/data/csd_families/CEWTAD/CEWTAD02.cif,tests/data/csd_families/CEWTAD/CEWTAD03.cif,15,0.01632403302937746,15,0.0199226086156617,full,False
tests/data/csd_families/CEWTAD/CEWTAD02.cif,tests/data/csd_families/CEWTAD/CEWTAD04.cif,15,0.01855800673365593,9,0.20543451325704631,partial,False
tests/data/csd_families/CEWTAD/CEWTAD03.cif,tests/data/csd_families/CEWTAD/CEWTAD04.cif,15,0.02211700938642025,9,0.22162249611391718,partial,False
tests/data/csd_families/ESAXAA/ESAXAA.cif,tests/data/csd_families/ESAXAA/ESAXAA01.cif,15,0.0315229594707489,15,0.06671216420188937,full,False
tests/data/csd_families/ESAXAA/ESAXAA.cif,tests/data/csd_families/ESAXAA/ESAXAA02.cif,15,0.0300696874037385,15,0.07587793963954796,full,False
tests/data/csd_families/ESAXAA/ESAXAA.cif,tests/data/csd_families/ESAXAA/ESAXAA03.cif,15,0.030352341942489147,15,0.0985464640878148,full,True
tests/data/csd_families/ESAXAA/ESAXAA.cif,tests/data/csd_families/ESAXAA/ESAXAA04.cif,15,0.03137836791574955,15,0.06476967682916403,full,True
tests/data/csd_families/ESAXAA/ESAXAA01.cif,tests/data/csd_families/ESAXAA/ESAXAA02.cif,15,0.03079722821712494,15,0.009804984051282497,full,True
tests/data/csd_families/ESAXAA/ESAXAA01.cif,tests/data/csd_families/ESAXAA/ESAXAA03.cif,15,0.029706262983381748,15,0.0402111429948136,full,False
tests/data/csd_families/ESAXAA/ESAXAA01.cif,tests/data/csd_families/ESAXAA/ESAXAA04.cif,15,0.030806188471615314,15,0.012975125572659217,full,True
tests/data/csd_families/ESAXAA/ESAXAA02.cif,tests/data/csd_families/ESAXAA/ESAXAA03.cif,15,0.03084188885986805,15,0.034133938411971904,full,False
tests/data/csd_families/ESAXAA/ESAXAA02.cif,tests/data/csd_families/ESAXAA/ESAXAA04.cif,15,0.02964429184794426,15,0.018675289192533796,full,False
tests/data/csd_families/ESAXAA/ESAXAA03.cif,tests/data/csd_families/ESAXAA/ESAXAA04.cif,15,0.030751078389585018,15,0.04804472556956933,full,True
tests/data/csd_families/CEDGAV/CEDGAV01.cif,tests/data/csd_families/CEDGAV/CEDGAV02.cif,15,0.05178344156593084,15,0.07674019744018999,full,False
tests/data/csd_families/ERONEG/ERONEG.cif,tests/data/csd_families/ERONEG/ERONEG01.cif,15,0.008489706553518772,15,0.072357393470382,full,False
tests/data/csd_families/JAFBUO/JAFBUO01.cif,tests/data/csd_families/JAFBUO/JAFBUO02.cif,15,0.022220982238650322,11,0.32405370472462414,partial,False
tests/data/csd_families/JAFBUO/JAFBUO01.cif,tests/data/csd_families/JAFBUO/JAFBUO03.cif,15,0.018740808591246605,11,0.4082057723761891,partial,True
tests/data/csd_families/JAFBUO/JAFBUO01.cif,tests/data/csd_families/JAFBUO/JAFBUO04.cif,15,0.017766744829714298,11,0.4642790945567089,partial,False
tests/data/csd_families/JAFBUO/JAFBUO01.cif,tests/data/csd_families/JAFBUO/JAFBUO05.cif,15,0.019711134023964405,11,0.4865460419247629,partial,True
tests/data/csd_families/BEXROL/BEXROL.cif,tests/data/csd_families/BEXROL/BEXROL01.cif,15,0.005833916366100311,15,0.11192061806777898,full,True
tests/data/csd_families/BEXROL/BEXROL.cif,tests/data/csd_families/BEXROL/BEXROL02.cif,15,0.005061005242168903,15,0.02825053259480695,full,False
tests/data/csd_families/BEXROL/BEXROL01.cif,tests/data/csd_families/BEXROL/BEXROL02.cif,15,0.00488786306232214,15,0.09322762872958582,full,True
tests/data/csd_families/QIHDUK/QIHDUK.cif,tests/data/csd_families/QIHDUK/QIHDUK01.cif,15,0.009448000229895115,15,0.1560028012612753,full,True
tests/data/csd_families/QIHDUK/QIHDUK.cif,tests/data/csd_families/QIHDUK/QIHDUK02.cif,15,0.007899437099695206,15,0.26250940729246675,full,True
tests/data/csd_families/QIHDUK/QIHDUK.cif,tests/data/csd_families/QIHDUK/QIHDUK03.cif,15,0.007899267598986626,15,0.27069917066325794,full,True
tests/data/csd_families/QIHDUK/QIHDUK01.cif,tests/data/csd_families/QIHDUK/QIHDUK02.cif,15,0.008492076769471169,10,0.08411961807235246,partial,False
tests/data/csd_families/QIHDUK/QIHDUK01.cif,tests/data/csd_families/QIHDUK/QIHDUK03.cif,15,0.007773665711283684,10,0.09696920287375042,partial,False
tests/data/csd_families/QIHDUK/QIHDUK02.cif,tests/data/csd_families/QIHDUK/QIHDUK03.cif,15,0.00823495164513588,15,0.021386042032241943,full,False
tests/data/csd_families/ZEYLEX/ZEYLEX01.cif,tests/data/csd_families/ZEYLEX/ZEYLEX04.cif,15,1.0000541806221008e-05,0,nan,failed,False
tests/data/csd_families/JAFBUO/JAFBUO02.cif,tests/data/csd_families/JAFBUO/JAFBUO03.cif,15,0.017893245443701744,15,0.10309712214292883,full,True
tests/data/csd_families/JAFBUO/JAFBUO02.cif,tests/data/csd_families/JAFBUO/JAFBUO04.cif,15,0.015118256211280823,15,0.241829461715327,full,True
tests/data/csd_families/JAFBUO/JAFBUO02.cif,tests/data/csd_families/JAFBUO/JAFBUO05.cif,15,0.016130699776113033,15,0.26482721559843847,full,True
tests/data/csd_families/JAFBUO/JAFBUO03.cif,tests/data/csd_families/JAFBUO/JAFBUO04.cif,15,0.015275146812200546,15,0.17895389151913144,full,True
tests/data/csd_families/JAFBUO/JAFBUO03.cif,tests/data/csd_families/JAFBUO/JAFBUO05.cif,15,0.014778460375964642,15,0.19702977962476384,full,True
tests/data/csd_families/JAFBUO/JAFBUO04.cif,tests/data/csd_families/JAFBUO/JAFBUO05.cif,15,0.016647348180413246,15,0.06534800797753916,full,False
tests/data/csd_families/AWENUO/AWENUO01.cif,tests/data/csd_families/AWENUO/AWENUO02.cif,15,0.03578444290906191,15,0.03201132536496745,full,False
tests/data/csd_families/AWENUO/AWENUO01.cif,tests/data/csd_families/AWENUO/AWENUO03.cif,15,0.03482510894536972,15,0.11663363614862877,full,True
tests/data/csd_families/AWENUO/AWENUO01.cif,tests/data/csd_families/AWENUO/AWENUO04.cif,15,0.033659832552075386,15,0.06775581684023438,full,False
tests/data/csd_families/AWENUO/AWENUO02.cif,tests/data/csd_families/AWENUO/AWENUO03.cif,15,0.03577485308051109,15,0.08602823989751883,full,True
tests/data/csd_families/AWENUO/AWENUO02.cif,tests/data/csd_families/AWENUO/AWENUO04.cif,15,0.03368597198277712,15,0.03661814397313004,full,False
tests/data/csd_families/AWENUO/AWENUO03.cif,tests/data/csd_families/AWENUO/AWENUO04.cif,15,0.034213789738714695,15,0.05063264108445126,full,True
tests/data/csd_families/CEVPOK/CEVPOK02.cif,tests/data/csd_families/CEVPOK/CEVPOK03.cif,15,0.009398269467055798,15,0.021582984841797635,full,False
tests/data/csd_families/CEVPOK/CEVPOK02.cif,tests/data/csd_families/CEVPOK/CEVPOK04.cif,15,0.008531156927347183,15,0.03883994265336163,full,False
tests/data/csd_families/CEVPOK/CEVPOK03.cif,tests/data/csd_families/CEVPOK/CEVPOK04.cif,15,0.008640679530799389,15,0.02165220614940122,full,False
tests/data/csd_families/EPDAXC/EPDAXC.cif,tests/data/csd_families/EPDAXC/EPDAXC01.cif,15,0.008481906726956367,15,0.1514217029873791,full,False
tests/data/csd_families/EPDAXC/EPDAXC.cif,tests/data/csd_families/EPDAXC/EPDAXC02.cif,15,0.006625128909945488,15,0.03663000975817327,full,False
tests/data/csd_families/EPDAXC/EPDAXC01.cif,tests/data/csd_families/EPDAXC/EPDAXC02.cif,15,0.0076009128242731094,15,0.150017186612729,full,False
tests/data/csd_families/ILOBAN/ILOBAN.cif,tests/data/csd_families/ILOBAN/ILOBAN01.cif,15,0.005481111817061901,15,0.009973541143342122,full,False
tests/data/csd_families/ILOBAN/ILOBAN.cif,tests/data/csd_families/ILOBAN/ILOBAN02.cif,15,0.004298344254493713,15,0.0748811885436592,full,True
tests/data/csd_families/ILOBAN/ILOBAN01.cif,tests/data/csd_families/ILOBAN/ILOBAN02.cif,15,0.004468156024813652,15,0.07473707811995127,full,True
tests/data/csd_families/CEVPOK/CEVPOK.cif,tests/data/csd_families/CEVPOK/CEVPOK02.cif,15,0.012319074012339115,3,0.7680727438732476,failed,True
tests/data/csd_families/CEVPOK/CEVPOK.cif,tests/data/csd_families/CEVPOK/CEVPOK03.cif,15,0.011675423942506313,3,0.7640310988743785,failed,False
tests/data/csd_families/CEVPOK/CEVPOK.cif,tests/data/csd_families/CEVPOK/CEVPOK04.cif,15,0.01091702375560999,3,0.7524272642767786,failed,True
tests/data/csd_families/CEVPOK/CEVPOK01.cif,tests/data/csd_families/CEVPOK/CEVPOK02.cif,15,0.026525295339524746,9,0.09146532305585274,partial,False
tests/data/csd_families/CEVPOK/CEVPOK01.cif,tests/data/csd_families/CEVPOK/CEVPOK03.cif,15,0.024811990559101105,9,0.08393761780056959,partial,True
tests/data/csd_families/CEVPOK/CEVPOK01.cif,tests/data/csd_families/CEVPOK/CEVPOK04.cif,15,0.024780359119176865,9,0.06601381989880843,partial,True
tests/data/csd_families/DPSIDO/DPSIDO.cif,tests/data/csd_families/DPSIDO/DPSIDO02.cif,15,0.041909074410796165,15,0.02455490197992862,full,True
tests/data/csd_families/DPSIDO/DPSIDO.cif,tests/data/csd_families/DPSIDO/DPSIDO03.cif,15,0.040754927322268486,15,0.0706200843814732,full,True
tests/data/csd_families/DPSIDO/DPSIDO02.cif,tests/data/csd_families/DPSIDO/DPSIDO03.cif,15,0.04150823783129454,15,0.05872295046234699,full,False
tests/data/csd_families/FESNEW/FESNEW02.cif,tests/data/csd_families/FESNEW/FESNEW03.cif,15,0.004718130454421043,1,0.18262171427862628,failed,True
tests/data/csd_families/FESNEW/FESNEW02.cif,tests/data/csd_families/FESNEW/FESNEW04.cif,15,0.003216317854821682,1,0.18062477118205622,failed,True
tests/data/csd_families/CEVPOK/CEVPOK.cif,tests/data/csd_families/CEVPOK/CEVPOK01.cif,15,0.011689764447510242,3,0.5748436617605345,failed,False
tests/data/csd_families/VELMEH/VELMEH.cif,tests/data/csd_families/VELMEH/VELMEH01.cif,15,0.012320704758167267,15,0.035807440346485066,full,False
tests/data/csd_families/VELMEH/VELMEH.cif,tests/data/csd_families/VELMEH/VELMEH02.cif,15,0.011723564006388187,3,0.41569799055610024,failed,False
tests/data/csd_families/VELMEH/VELMEH01.cif,tests/data/csd_families/VELMEH/VELMEH02.cif,15,0.011749796569347382,3,0.4429627074798762,failed,False
tests/data/csd_families/ZAPFED/ZAPFED.cif,tests/data/csd_families/ZAPFED/ZAPFED01.cif,15,9.209848940372467e-06,0,nan,failed,False
tests/data/csd_families/ZEYLEX/ZEYLEX.cif,tests/data/csd_families/ZEYLEX/ZEYLEX01.cif,15,7.770024240016937e-06,0,nan,failed,False
tests/data/csd_families/GIMBOT/GIMBOT.cif,tests/data/csd_families/GIMBOT/GIMBOT02.cif,15,0.032299600541591644,15,0.11161421475006432,full,True
tests/data/csd_families/GIMBOT/GIMBOT.cif,tests/data/csd_families/GIMBOT/GIMBOT03.cif,15,0.03318677470088005,9,0.7125730640936618,partial,False
tests/data/csd_families/GIMBOT/GIMBOT.cif,tests/data/csd_families/GIMBOT/GIMBOT04.cif,15,0.03437810204923153,13,0.7573117481691596,partial,False
tests/data/csd_families/GIMBOT/GIMBOT.cif,tests/data/csd_families/GIMBOT/GIMBOT05.cif,15,0.030201000161468983,15,0.5598914368584128,full,False
tests/data/csd_families/GIMBOT/GIMBOT02.cif,tests/data/csd_families/GIMBOT/GIMBOT03.cif,15,0.034742278046905994,13,0.7404308386365781,partial,False
tests/data/csd_families/GIMBOT/GIMBOT02.cif,tests/data/csd_families/GIMBOT/GIMBOT04.cif,15,0.03201695624738932,15,0.7226024663839625,full,True
tests/data/csd_families/GIMBOT/GIMBOT02.cif,tests/data/csd_families/GIMBOT/GIMBOT05.cif,15,0.028914950788021088,15,0.4774860379845092,full,True
tests/data/csd_families/GIMBOT/GIMBOT03.cif,tests/data/csd_families/GIMBOT/GIMBOT04.cif,15,0.03138143755495548,15,0.12203061861370093,full,False
tests/data/csd_families/GIMBOT/GIMBOT03.cif,tests/data/csd_families/GIMBOT/GIMBOT05.cif,15,0.028346232138574123,15,0.3797851297715417,full,False
tests/data/csd_families/GIMBOT/GIMBOT04.cif,tests/data/csd_families/GIMBOT/GIMBOT05.cif,15,0.029805024154484272,15,0.3042136101144762,full,False
tests/data/csd_families/FESNEW/FESNEW.cif,tests/data/csd_families/FESNEW/FESNEW02.cif,15,0.007072056643664837,1,0.13284904964643024,failed,True
tests/data/csd_families/FESNEW/FESNEW01.cif,tests/data/csd_families/FESNEW/FESNEW02.cif,15,0.006992983631789684,1,0.08952378628780362,failed,True
tests/data/csd_families/FELWIF/FELWIF.cif,tests/data/csd_families/FELWIF/FELWIF02.cif,15,1.1090189218521118e-05,0,nan,failed,False
tests/data/csd_families/FELWIF/FELWIF01.cif,tests/data/csd_families/FELWIF/FELWIF02.cif,15,5.859881639480591e-06,0,nan,failed,False
tests/data/csd_families/ZEYLEX/ZEYLEX.cif,tests/data/csd_families/ZEYLEX/ZEYLEX04.cif,15,6.429851055145264e-06,0,nan,failed,False
tests/data/csd_families/ALEUCU/ALEUCU.cif,tests/data/csd_families/ALEUCU/ALEUCU04.cif,15,5.3104013204574585e-06,0,nan,failed,False
tests/data/csd_families/ALEUCU/ALEUCU01.cif,tests/data/csd_families/ALEUCU/ALEUCU04.cif,15,3.4691765904426575e-06,0,nan,failed,False
tests/data/csd_families/ALEUCU/ALEUCU02.cif,tests/data/csd_families/ALEUCU/ALEUCU04.cif,15,3.709457814693451e-06,0,nan,failed,False
tests/data/csd_families/ALEUCU/ALEUCU03.cif,tests/data/csd_families/ALEUCU/ALEUCU04.cif,15,3.6796554923057556e-06,0,nan,failed,False
tests/data/csd_families/HAGWAP/HAGWAP.cif,tests/data/csd_families/HAGWAP/HAGWAP01.cif,15,0.007332229055464268,15,0.025592181160298825,full,True
tests/data/csd_families/HAGWAP/HAGWAP.cif,tests/data/csd_families/HAGWAP/HAGWAP02.cif,15,0.006615147925913334,15,0.08855754758020855,full,True
tests/data/csd_families/HAGWAP/HAGWAP.cif,tests/data/csd_families/HAGWAP/HAGWAP03.cif,15,0.0066079990938305855,15,0.07315919989987625,full,False
tests/data/csd_families/HAGWAP/HAGWAP.cif,tests/data/csd_families/HAGWAP/HAGWAP04.cif,15,0.006332444027066231,15,0.12153205985118833,full,True
tests/data/csd_families/HAGWAP/HAGWAP01.cif,tests/data/csd_families/HAGWAP/HAGWAP02.cif,15,0.006654128432273865,15,0.08634694988944086,full,False
tests/data/csd_families/HAGWAP/HAGWAP01.cif,tests/data/csd_families/HAGWAP/HAGWAP03.cif,15,0.006230412982404232,15,0.06949762519443656,full,True
tests/data/csd_families/HAGWAP/HAGWAP01.cif,tests/data/csd_families/HAGWAP/HAGWAP04.cif,15,0.006266964599490166,15,0.12080916740012086,full,False
tests/data/csd_families/HAGWAP/HAGWAP02.cif,tests/data/csd_families/HAGWAP/HAGWAP03.cif,15,0.0065735578536987305,15,0.017074832231842765,full,True
tests/data/csd_families/HAGWAP/HAGWAP02.cif,tests/data/csd_families/HAGWAP/HAGWAP04.cif,15,0.005831137299537659,15,0.0346324783758944,full,False
tests/data/csd_families/HAGWAP/HAGWAP03.cif,tests/data/csd_families/HAGWAP/HAGWAP04.cif,15,0.006167862564325333,15,0.051655560895102426,full,True
tests/data/csd_families/PUWYUD/PUWYUD.cif,tests/data/csd_families/PUWYUD/PUWYUD02.cif,15,0.013528491370379925,10,0.6607623629005971,partial,False
tests/data/csd_families/PUWYUD/PUWYUD.cif,tests/data/csd_families/PUWYUD/PUWYUD03.cif,15,0.012374965474009514,10,0.6345919031145624,partial,True
tests/data/csd_families/PUWYUD/PUWYUD.cif,tests/data/csd_families/PUWYUD/PUWYUD04.cif,15,0.012216341681778431,10,0.6057590477568734,partial,False
tests/data/csd_families/PUWYUD/PUWYUD01.cif,tests/data/csd_families/PUWYUD/PUWYUD02.cif,15,0.012349804863333702,10,0.6580460344815299,partial,False
tests/data/csd_families/PUWYUD/PUWYUD01.cif,tests/data/csd_families/PUWYUD/PUWYUD03.cif,15,0.012365373782813549,10,0.6316728515513734,partial,False
tests/data/csd_families/PUWYUD/PUWYUD01.cif,tests/data/csd_families/PUWYUD/PUWYUD04.cif,15,0.01226678304374218,10,0.6028032080790285,partial,True
tests/data/csd_families/VELBOD/VELBOD.cif,tests/data/csd_families/VELBOD/VELBOD01.cif,15,0.010120141319930553,15,2.9381546361760873e-15,full,False
tests/data/csd_families/VELBOD/VELBOD.cif,tests/data/csd_families/VELBOD/VELBOD10.cif,15,0.008799470961093903,15,2.9381546361760873e-15,full,False
tests/data/csd_families/VELBOD/VELBOD.cif,tests/data/csd_families/VELBOD/VELBOD11.cif,15,0.0072767483070492744,15,0.10930442191182158,full,False
tests/data/csd_families/VELBOD/VELBOD01.cif,tests/data/csd_families/VELBOD/VELBOD10.cif,15,0.009036313742399216,15,2.9381546361760873e-15,full,False
tests/data/csd_families/VELBOD/VELBOD01.cif,tests/data/csd_families/VELBOD/VELBOD11.cif,15,0.0067391907796263695,15,0.10930442191182158,full,False
tests/data/csd_families/VELBOD/VELBOD10.cif,tests/data/csd_families/VELBOD/VELBOD11.cif,15,0.007487860508263111,15,0.10930442191182158,full,False
tests/data/csd_families/YAFCOX/YAFCOX.cif,tests/data/csd_families/YAFCOX/YAFCOX02.cif,15,9.46037471294403e-06,0,nan,failed,False
tests/data/csd_families/YEFJOI/YEFJOI.cif,tests/data/csd_families/YEFJOI/YEFJOI03.cif,15,0.0070891063660383224,15,0.08889438348520833,full,True
tests/data/csd_families/YEFJOI/YEFJOI.cif,tests/data/csd_families/YEFJOI/YEFJOI04.cif,15,0.005801397375762463,15,0.07297474455132477,full,True
tests/data/csd_families/YEFJOI/YEFJOI.cif,tests/data/csd_families/YEFJOI/YEFJOI05.cif,15,0.0059141479432582855,15,0.1232385615563502,full,True
tests/data/csd_families/YEFJOI/YEFJOI.cif,tests/data/csd_families/YEFJOI/YEFJOI06.cif,15,0.005861966870725155,15,0.022290417958847127,full,True
tests/data/csd_families/YEFJOI/YEFJOI03.cif,tests/data/csd_families/YEFJOI/YEFJOI04.cif,15,0.006193341687321663,15,0.026954866860667594,full,False
tests/data/csd_families/YEFJOI/YEFJOI03.cif,tests/data/csd_families/YEFJOI/YEFJOI05.cif,15,0.005240689031779766,15,0.04810102133189049,full,False
tests/data/csd_families/YEFJOI/YEFJOI03.cif,tests/data/csd_families/YEFJOI/YEFJOI06.cif,15,0.005304048769176006,15,0.10381058646248299,full,False
tests/data/csd_families/YEFJOI/YEFJOI04.cif,tests/data/csd_families/YEFJOI/YEFJOI05.cif,15,0.0060310885310173035,15,0.05216354996857105,full,False
tests/data/csd_families/YEFJOI/YEFJOI04.cif,tests/data/csd_families/YEFJOI/YEFJOI06.cif,15,0.0052998485043644905,15,0.08975880822681459,full,False
tests/data/csd_families/YEFJOI/YEFJOI05.cif,tests/data/csd_families/YEFJOI/YEFJOI06.cif,15,0.006005379371345043,15,0.13963578826992762,full,False
tests/data/experimental/ROY/QAXMEH26.cif,tests/data/experimental/ROY/QAXMEH29.cif,15,0.003621503710746765,5,0.5004327553062247,failed,False
tests/data/experimental/ROY/QAXMEH28.cif,tests/data/experimental/ROY/QAXMEH29.cif,15,0.003220047801733017,1,0.9880703083257654,failed,True
tests/data/experimental/ROY/QAXMEH29.cif,tests/data/experimental/ROY/Y04.cif,15,0.0022555040195584297,1,0.5829494966414406,failed,True
tests/data/experimental/Ritonavir/YIGPIO.cif,tests/data/experimental/Ritonavir/YIGPIO01.cif,15,0.03065087553113699,0,nan,failed,False
tests/data/experimental/Ritonavir/YIGPIO.cif,tests/data/experimental/Ritonavir/YIGPIO03.cif,15,0.00755271315574646,0,nan,failed,False
tests/data/experimental/Ritonavir/YIGPIO.cif,tests/data/experimental/Ritonavir/YIGPIO04.cif,15,0.006474836729466915,0,nan,failed,False
tests/data/experimental/Ritonavir/YIGPIO.cif,tests/data/experimental/Ritonavir/YIGPIO05.cif,15,0.00639803521335125,0,nan,failed,False
tests/data/experimental/Ritonavir/YIGPIO.cif,tests/data/experimental/Ritonavir/YIGPIO06.cif,15,0.02278547827154398,0,nan,failed,False
tests/data/experimental/Ritonavir/YIGPIO01.cif,tests/data/experimental/Ritonavir/YIGPIO07.cif,15,0.023366877809166908,0,nan,failed,False
tests/data/experimental/Ritonavir/YIGPIO01.cif,tests/data/experimental/Ritonavir/YIGPIO09.cif,15,0.020758429542183876,0,nan,failed,False
tests/data/experimental/Ritonavir/YIGPIO01.cif,tests/data/experimental/Ritonavir/YIGPIO10.cif,15,0.02078488003462553,0,nan,failed,False
tests/data/experimental/Ritonavir/YIGPIO03.cif,tests/data/experimental/Ritonavir/YIGPIO07.cif,15,0.005107915960252285,0,nan,failed,False
tests/data/experimental/Ritonavir/YIGPIO03.cif,tests/data/experimental/Ritonavir/YIGPIO09.cif,15,0.004539277404546738,0,nan,failed,False
tests/data/experimental/Ritonavir/YIGPIO03.cif,tests/data/experimental/Ritonavir/YIGPIO10.cif,15,0.005182537250220776,0,nan,failed,False
tests/data/experimental/Ritonavir/YIGPIO04.cif,tests/data/experimental/Ritonavir/YIGPIO07.cif,15,0.005703045055270195,0,nan,failed,False
tests/data/experimental/Ritonavir/YIGPIO04.cif,tests/data/experimental/Ritonavir/YIGPIO09.cif,15,0.004762181080877781,0,nan,failed,False
tests/data/experimental/Ritonavir/YIGPIO04.cif,tests/data/experimental/Ritonavir/YIGPIO10.cif,15,0.005164996720850468,0,nan,failed,False
tests/data/experimental/Ritonavir/YIGPIO05.cif,tests/data/experimental/Ritonavir/YIGPIO07.cif,15,0.005824856460094452,0,nan,failed,False
tests/data/experimental/Ritonavir/YIGPIO05.cif,tests/data/experimental/Ritonavir/YIGPIO09.cif,15,0.004595917649567127,0,nan,failed,False
tests/data/experimental/Ritonavir/YIGPIO05.cif,tests/data/experimental/Ritonavir/YIGPIO10.cif,15,0.005387410521507263,0,nan,failed,False
tests/data/experimental/Ritonavir/YIGPIO06.cif,tests/data/experimental/Ritonavir/YIGPIO07.cif,15,0.03181136306375265,0,nan,failed,False
tests/data/experimental/Ritonavir/YIGPIO06.cif,tests/data/experimental/Ritonavir/YIGPIO09.cif,15,0.019431989639997482,0,nan,failed,False
tests/data/experimental/Ritonavir/YIGPIO06.cif,tests/data/experimental/Ritonavir/YIGPIO10.cif,15,0.019933797419071198,0,nan,failed,False
tests/data/csd_families/BAZGOY/BAZGOY.cif,tests/data/csd_families/BAZGOY/BAZGOY01.cif,15,0.015631841495633125,15,0.0675723739675662,full,False
tests/data/csd_families/BAZGOY/BAZGOY.cif,tests/data/csd_families/BAZGOY/BAZGOY02.cif,15,0.007571162655949593,15,0.15209236541904725,full,True
tests/data/csd_families/BAZGOY/BAZGOY.cif,tests/data/csd_families/BAZGOY/BAZGOY03.cif,15,0.007673594169318676,15,0.15903580041410714,full,True
tests/data/csd_families/BAZGOY/BAZGOY.cif,tests/data/csd_families/BAZGOY/BAZGOY04.cif,15,0.015399230644106865,15,0.5596827540578921,full,True
tests/data/csd_families/BAZGOY/BAZGOY01.cif,tests/data/csd_families/BAZGOY/BAZGOY02.cif,15,0.008019838482141495,15,0.11130670304641548,full,True
tests/data/csd_families/BAZGOY/BAZGOY01.cif,tests/data/csd_families/BAZGOY/BAZGOY03.cif,15,0.0069867949932813644,15,0.10440414873017405,full,True
tests/data/csd_families/BAZGOY/BAZGOY01.cif,tests/data/csd_families/BAZGOY/BAZGOY04.cif,15,0.01467523816972971,15,0.49498739082141396,full,True
tests/data/csd_families/BAZGOY/BAZGOY02.cif,tests/data/csd_families/BAZGOY/BAZGOY03.cif,15,0.004226452670991421,15,0.10774851619991598,full,False
tests/data/csd_families/BAZGOY/BAZGOY02.cif,tests/data/csd_families/BAZGOY/BAZGOY04.cif,15,0.007427430711686611,15,0.44647920983060513,full,False
tests/data/csd_families/BAZGOY/BAZGOY03.cif,tests/data/csd_families/BAZGOY/BAZGOY04.cif,15,0.008135140873491764,15,0.41617541147946013,full,False
tests/data/csd_families/FUFGIW/FUFGIW.cif,tests/data/csd_families/FUFGIW/FUFGIW01.cif,15,0.012847932055592537,15,0.06682175999948302,full,False
tests/data/csd_families/FUFGIW/FUFGIW.cif,tests/data/csd_families/FUFGIW/FUFGIW02.cif,15,0.011742395348846912,15,0.0673414815173806,full,True
tests/data/csd_families/FUFGIW/FUFGIW01.cif,tests/data/csd_families/FUFGIW/FUFGIW02.cif,15,0.01191902719438076,15,0.05001456131772499,full,True
tests/data/csd_families/IPTCNI/IPTCNI.cif,tests/data/csd_families/IPTCNI/IPTCNI12.cif,15,0.014596077613532543,5,0.032155172970842,failed,True
tests/data/csd_families/IPTCNI/IPTCNI10.cif,tests/data/csd_families/IPTCNI/IPTCNI12.cif,15,0.014076629653573036,5,0.017760803633422983,failed,True
tests/data/csd_families/IPTCNI/IPTCNI11.cif,tests/data/csd_families/IPTCNI/IPTCNI12.cif,15,0.01392967626452446,3,0.13560862542591154,failed,True
tests/data/csd_families/IPTCNI/IPTCNI12.cif,tests/data/csd_families/IPTCNI/IPTCNI13.cif,15,9.00961458683014e-06,0,nan,failed,False
tests/data/csd_families/QIXZAY/QIXZAY.cif,tests/data/csd_families/QIXZAY/QIXZAY01.cif,15,0.019020814448595047,15,0.047649961026629384,full,False
tests/data/csd_families/QIXZAY/QIXZAY.cif,tests/data/csd_families/QIXZAY/QIXZAY02.cif,15,0.017368518747389317,15,0.12116769601732998,full,True
tests/data/csd_families/QIXZAY/QIXZAY.cif,tests/data/csd_families/QIXZAY/QIXZAY03.cif,15,0.015358999371528625,3,0.5029067823317968,failed,False
tests/data/csd_families/QIXZAY/QIXZAY01.cif,tests/data/csd_families/QIXZAY/QIXZAY02.cif,15,0.017779754474759102,15,0.08305598748327023,full,False
tests/data/csd_families/QIXZAY/QIXZAY01.cif,tests/data/csd_families/QIXZAY/QIXZAY03.cif,15,0.01485511101782322,3,0.5158406872635896,failed,True
tests/data/csd_families/QIXZAY/QIXZAY02.cif,tests/data/csd_families/QIXZAY/QIXZAY03.cif,15,0.015359309501945972,3,0.5322919273850759,failed,True
tests/data/experimental/galunisertib/Galunisertib_FORM_I.cif,tests/data/experimental/galunisertib/Galunisertib_FORM_IX.cif,15,0.004010009579360485,0,nan,failed,False
tests/data/experimental/galunisertib/Galunisertib_FORM_I.cif,tests/data/experimental/galunisertib/Galunisertib_FORM_V.cif,15,0.004433766007423401,1,0.9223144911832827,failed,False
tests/data/experimental/galunisertib/Galunisertib_FORM_I.cif,tests/data/experimental/galunisertib/Galunisertib_FORM_VI.cif,15,0.00468400027602911,1,0.8047219002299517,failed,True
tests/data/experimental/galunisertib/Galunisertib_FORM_I.cif,tests/data/experimental/galunisertib/Galunisertib_Form_VII.cif,15,0.009007113985717297,0,nan,failed,False
tests/data/experimental/galunisertib/Galunisertib_FORM_IX.cif,tests/data/experimental/galunisertib/Galunisertib_FORM_V.cif,15,0.00409696064889431,1,0.6455893112889343,failed,True
tests/data/experimental/galunisertib/Galunisertib_FORM_IX.cif,tests/data/experimental/galunisertib/Galunisertib_FORM_VI.cif,15,0.004467866383492947,5,0.553044953732642,failed,False
tests/data/experimental/galunisertib/Galunisertib_FORM_IX.cif,tests/data/experimental/galunisertib/Galunisertib_Form_VII.cif,15,0.008878753520548344,2,0.7914819118133263,failed,False
tests/data/experimental/galunisertib/Galunisertib_FORM_V.cif,tests/data/experimental/galunisertib/Galunisertib_FORM_VI.cif,15,0.003907318226993084,1,0.5642425047954712,failed,True
tests/data/experimental/galunisertib/Galunisertib_FORM_V.cif,tests/data/experimental/galunisertib/Galunisertib_Form_VII.cif,15,0.009411719627678394,1,0.3253858104320594,failed,True
tests/data/experimental/galunisertib/Galunisertib_FORM_VI.cif,tests/data/experimental/galunisertib/Galunisertib_Form_VII.cif,15,0.008908383548259735,2,0.6807436354771627,failed,False
tests/data/csd_families/EXIPUY/EXIPUY.cif,tests/data/csd_families/EXIPUY/EXIPUY01.cif,15,0.009182787500321865,15,0.02663407827622892,full,False
tests/data/csd_families/FELWIF/FELWIF.cif,tests/data/csd_families/FELWIF/FELWIF01.cif,15,0.013216067105531693,15,0.01841215080328157,full,False
tests/data/csd_families/CATDAE/CATDAE01.cif,tests/data/csd_families/CATDAE/CATDAE02.cif,15,0.009161407127976418,15,0.07573504653467433,full,True
tests/data/csd_families/GUSHAD/GUSHAD01.cif,tests/data/csd_families/GUSHAD/GUSHAD02.cif,15,0.015593382529914379,15,0.05622201863784562,full,False
tests/data/csd_families/GUSHAD/GUSHAD01.cif,tests/data/csd_families/GUSHAD/GUSHAD03.cif,15,0.01421156246215105,15,0.07232757530794962,full,False
tests/data/csd_families/GUSHAD/GUSHAD01.cif,tests/data/csd_families/GUSHAD/GUSHAD04.cif,15,0.01367335394024849,15,0.1573173851223231,full,False
tests/data/csd_families/GUSHAD/GUSHAD01.cif,tests/data/csd_families/GUSHAD/GUSHAD05.cif,15,0.01389099657535553,15,0.21927022974990815,full,False
tests/data/csd_families/GUSHAD/GUSHAD02.cif,tests/data/csd_families/GUSHAD/GUSHAD03.cif,15,0.014471326023340225,15,0.0734717470241889,full,False
tests/data/csd_families/GUSHAD/GUSHAD02.cif,tests/data/csd_families/GUSHAD/GUSHAD04.cif,15,0.013199425302445889,15,0.14499249798368613,full,False
tests/data/csd_families/GUSHAD/GUSHAD02.cif,tests/data/csd_families/GUSHAD/GUSHAD05.cif,15,0.013284057378768921,15,0.21017118313245994,full,False
tests/data/csd_families/GUSHAD/GUSHAD03.cif,tests/data/csd_families/GUSHAD/GUSHAD04.cif,15,0.01501388382166624,15,0.11163517206288538,full,False
tests/data/csd_families/GUSHAD/GUSHAD03.cif,tests/data/csd_families/GUSHAD/GUSHAD05.cif,15,0.014033079147338867,15,0.1662969879162785,full,False
tests/data/csd_families/GUSHAD/GUSHAD04.cif,tests/data/csd_families/GUSHAD/GUSHAD05.cif,15,0.014967483468353748,15,0.09588242909902969,full,False
tests/data/csd_families/BADLUN/BADLUN.cif,tests/data/csd_families/BADLUN/BADLUN01.cif,15,0.007467960938811302,15,0.05034598843337029,full,False
tests/data/csd_families/BADLUN/BADLUN.cif,tests/data/csd_families/BADLUN/BADLUN10.cif,15,0.0065002962946891785,15,0.00041824445485679824,full,True
tests/data/csd_families/BADLUN/BADLUN01.cif,tests/data/csd_families/BADLUN/BADLUN10.cif,15,0.006635218858718872,15,0.05033084051007226,full,True
tests/data/csd_families/HOXCUM/HOXCUM.cif,tests/data/csd_families/HOXCUM/HOXCUM01.cif,15,0.0065325479954481125,15,0.04908894588086114,full,True
tests/data/csd_families/HOXCUM/HOXCUM.cif,tests/data/csd_families/HOXCUM/HOXCUM02.cif,15,0.005309218540787697,15,0.07418916845709952,full,True
tests/data/csd_families/HOXCUM/HOXCUM.cif,tests/data/csd_families/HOXCUM/HOXCUM03.cif,15,0.005449230782687664,15,0.10233712472905294,full,True
tests/data/csd_families/HOXCUM/HOXCUM.cif,tests/data/csd_families/HOXCUM/HOXCUM04.cif,15,0.005415440537035465,15,0.05007351461885363,full,True
tests/data/csd_families/HOXCUM/HOXCUM01.cif,tests/data/csd_families/HOXCUM/HOXCUM02.cif,15,0.005371999926865101,15,0.05495515994707762,full,False
tests/data/csd_families/HOXCUM/HOXCUM01.cif,tests/data/csd_families/HOXCUM/HOXCUM03.cif,15,0.004839321598410606,15,0.07920422974980365,full,False
tests/data/csd_families/HOXCUM/HOXCUM01.cif,tests/data/csd_families/HOXCUM/HOXCUM04.cif,15,0.0048266323283314705,15,0.0051906291659803505,full,False
tests/data/csd_families/HOXCUM/HOXCUM02.cif,tests/data/csd_families/HOXCUM/HOXCUM03.cif,15,0.005348400212824345,15,0.034211959112041064,full,False
tests/data/csd_families/HOXCUM/HOXCUM02.cif,tests/data/csd_families/HOXCUM/HOXCUM04.cif,15,0.004813452251255512,15,0.05585813486486803,full,False
tests/data/csd_families/HOXCUM/HOXCUM03.cif,tests/data/csd_families/HOXCUM/HOXCUM04.cif,15,0.005208157002925873,15,0.07994574205422447,full,False
tests/data/csd_families/JEXKUS/JEXKUS.cif,tests/data/csd_families/JEXKUS/JEXKUS03.cif,15,0.007190387696027756,15,0.039016976566102556,full,False
tests/data/csd_families/JEXKUS/JEXKUS.cif,tests/data/csd_families/JEXKUS/JEXKUS06.cif,15,0.006209283135831356,15,0.02852202503033713,full,True
tests/data/csd_families/JEXKUS/JEXKUS03.cif,tests/data/csd_families/JEXKUS/JEXKUS06.cif,15,0.006501507014036179,15,0.06186889844229242,full,True
tests/data/csd_families/TILRAJ/TILRAJ.cif,tests/data/csd_families/TILRAJ/TILRAJ02.cif,15,0.0054527511820197105,15,0.48362552009385595,full,False
tests/data/csd_families/FEGJUW/FEGJUW.cif,tests/data/csd_families/FEGJUW/FEGJUW01.cif,15,0.020039749331772327,15,0.1347001829228622,full,False
tests/data/csd_families/FEGJUW/FEGJUW.cif,tests/data/csd_families/FEGJUW/FEGJUW03.cif,15,0.01841597445309162,15,0.05677683671995415,full,False
tests/data/csd_families/FEGJUW/FEGJUW01.cif,tests/data/csd_families/FEGJUW/FEGJUW03.cif,15,0.018792849965393543,15,0.08450627159835467,full,False
tests/data/csd_families/IYEBUJ/IYEBUJ.cif,tests/data/csd_families/IYEBUJ/IYEBUJ01.cif,15,0.011369509622454643,0,nan,failed,False
tests/data/csd_families/IYEBUJ/IYEBUJ01.cif,tests/data/csd_families/IYEBUJ/IYEBUJ02.cif,15,0.010313223116099834,0,nan,failed,False
tests/data/csd_families/IYEBUJ/IYEBUJ01.cif,tests/data/csd_families/IYEBUJ/IYEBUJ03.cif,15,0.009373549371957779,0,nan,failed,False
tests/data/csd_families/YAKNUU/YAKNUU.cif,tests/data/csd_families/YAKNUU/YAKNUU01.cif,15,0.009522841311991215,0,nan,failed,False
tests/data/csd_families/YAKNUU/YAKNUU.cif,tests/data/csd_families/YAKNUU/YAKNUU03.cif,15,0.009361409582197666,0,nan,failed,False
tests/data/csd_families/YAKNUU/YAKNUU01.cif,tests/data/csd_families/YAKNUU/YAKNUU02.cif,15,0.010024218820035458,0,nan,failed,False
tests/data/csd_families/YAKNUU/YAKNUU02.cif,tests/data/csd_families/YAKNUU/YAKNUU03.cif,15,0.009410830214619637,0,nan,failed,False
tests/data/csd_families/HAWLAS/HAWLAS.cif,tests/data/csd_families/HAWLAS/HAWLAS01.cif,15,0.00752413272857666,15,0.02034056459927061,full,True
tests/data/csd_families/HAWLAS/HAWLAS.cif,tests/data/csd_families/HAWLAS/HAWLAS02.cif,15,0.006598036736249924,15,0.020054039122541317,full,False
tests/data/csd_families/HAWLAS/HAWLAS01.cif,tests/data/csd_families/HAWLAS/HAWLAS02.cif,15,0.006935823708772659,15,0.000681444241122869,full,True
tests/data/csd_families/KESQUW/KESQUW.cif,tests/data/csd_families/KESQUW/KESQUW01.cif,15,0.006288164295256138,15,0.17848337787693083,full,True
tests/data/csd_families/KESQUW/KESQUW.cif,tests/data/csd_families/KESQUW/KESQUW02.cif,15,0.005109946243464947,15,0.17466723200012674,full,False
tests/data/csd_families/KESQUW/KESQUW.cif,tests/data/csd_families/KESQUW/KESQUW03.cif,15,0.005145976319909096,15,0.10900989435806888,full,True
tests/data/csd_families/KESQUW/KESQUW01.cif,tests/data/csd_families/KESQUW/KESQUW02.cif,15,0.005504762753844261,15,0.01360457909846337,full,True
tests/data/csd_families/KESQUW/KESQUW01.cif,tests/data/csd_families/KESQUW/KESQUW03.cif,15,0.004708060063421726,15,0.11247680767104834,full,False
tests/data/csd_families/KESQUW/KESQUW02.cif,tests/data/csd_families/KESQUW/KESQUW03.cif,15,0.005349320359528065,15,0.1026373797642949,full,True
tests/data/csd_families/ABEKUN/ABEKUN.cif,tests/data/csd_families/ABEKUN/ABEKUN01.cif,15,0.00811401940882206,3,0.7029197752190227,failed,True
tests/data/csd_families/ABEKUN/ABEKUN.cif,tests/data/csd_families/ABEKUN/ABEKUN02.cif,15,0.00696159340441227,3,0.7232248279122968,failed,False
tests/data/csd_families/ABEKUN/ABEKUN01.cif,tests/data/csd_families/ABEKUN/ABEKUN03.cif,15,0.006691440008580685,3,0.7013283123817436,failed,False
tests/data/csd_families/ABEKUN/ABEKUN01.cif,tests/data/csd_families/ABEKUN/ABEKUN04.cif,15,0.006683338433504105,3,0.6993640139815741,failed,False
tests/data/csd_families/ABEKUN/ABEKUN02.cif,tests/data/csd_families/ABEKUN/ABEKUN03.cif,15,0.007142355665564537,3,0.7216033355603787,failed,True
tests/data/csd_families/ABEKUN/ABEKUN02.cif,tests/data/csd_families/ABEKUN/ABEKUN04.cif,15,0.0064410557970404625,3,0.7195322650196845,failed,True
tests/data/csd_families/CYOCPD/CYOCPD.cif,tests/data/csd_families/CYOCPD/CYOCPD02.cif,15,0.004451217129826546,1,0.05717179559069028,failed,True
tests/data/csd_families/CYOCPD/CYOCPD.cif,tests/data/csd_families/CYOCPD/CYOCPD03.cif,15,0.003618823364377022,1,0.061199608121626975,failed,True
tests/data/csd_families/CYOCPD/CYOCPD.cif,tests/data/csd_families/CYOCPD/CYOCPD05.cif,15,0.0036365147680044174,1,0.06317363384996219,failed,True
tests/data/csd_families/CYOCPD/CYOCPD02.cif,tests/data/csd_families/CYOCPD/CYOCPD04.cif,15,0.004184652119874954,1,0.039127679084101245,failed,True
tests/data/csd_families/CYOCPD/CYOCPD03.cif,tests/data/csd_families/CYOCPD/CYOCPD04.cif,15,0.00369938462972641,1,0.04206351964845788,failed,True
tests/data/csd_families/CYOCPD/CYOCPD04.cif,tests/data/csd_families/CYOCPD/CYOCPD05.cif,15,0.004065150395035744,1,0.048379181963357755,failed,True
tests/data/csd_families/ZEGDIA/ZEGDIA.cif,tests/data/csd_families/ZEGDIA/ZEGDIA02.cif,15,0.03675094712525606,15,0.2596912360916858,full,False
tests/data/csd_families/ZEGDIA/ZEGDIA.cif,tests/data/csd_families/ZEGDIA/ZEGDIA09.cif,15,0.03542673960328102,15,0.5846614015152553,full,False
tests/data/csd_families/ZEGDIA/ZEGDIA.cif,tests/data/csd_families/ZEGDIA/ZEGDIA10.cif,15,0.03513691294938326,15,0.15117415206088686,full,False
tests/data/csd_families/ZEGDIA/ZEGDIA.cif,tests/data/csd_families/ZEGDIA/ZEGDIA11.cif,15,0.035583230666816235,15,0.08124894749039585,full,True
tests/data/csd_families/ZEGDIA/ZEGDIA02.cif,tests/data/csd_families/ZEGDIA/ZEGDIA09.cif,15,0.03640211187303066,15,0.40265928139320356,full,False
tests/data/csd_families/ZEGDIA/ZEGDIA02.cif,tests/data/csd_families/ZEGDIA/ZEGDIA10.cif,15,0.034821828827261925,15,0.20905417724552822,full,False
tests/data/csd_families/ZEGDIA/ZEGDIA02.cif,tests/data/csd_families/ZEGDIA/ZEGDIA11.cif,15,0.035023922100663185,15,0.21470362647232277,full,False
tests/data/csd_families/ZEGDIA/ZEGDIA09.cif,tests/data/csd_families/ZEGDIA/ZEGDIA10.cif,15,0.034944841638207436,15,0.5174631357878617,full,False
tests/data/csd_families/ZEGDIA/ZEGDIA09.cif,tests/data/csd_families/ZEGDIA/ZEGDIA11.cif,15,0.03296768106520176,15,0.5390011531248116,full,False
tests/data/csd_families/ZEGDIA/ZEGDIA10.cif,tests/data/csd_families/ZEGDIA/ZEGDIA11.cif,15,0.036251540295779705,15,0.07386427851080246,full,False
tests/data/csd_families/ACACCR/ACACCR.cif,tests/data/csd_families/ACACCR/ACACCR10.cif,15,1.0029412806034088e-05,0,nan,failed,False
tests/data/csd_families/ACACCR/ACACCR02.cif,tests/data/csd_families/ACACCR/ACACCR10.cif,15,4.109926521778107e-06,0,nan,failed,False
tests/data/csd_families/ACACCR/ACACCR05.cif,tests/data/csd_families/ACACCR/ACACCR10.cif,15,3.259629011154175e-06,0,nan,failed,False
tests/data/csd_families/ACACCR/ACACCR07.cif,tests/data/csd_families/ACACCR/ACACCR10.cif,15,3.25031578540802e-06,0,nan,failed,False
tests/data/csd_families/BIJDON/BIJDON03.cif,tests/data/csd_families/BIJDON/BIJDON04.cif,15,0.012464526109397411,10,0.5048089137996646,partial,True
tests/data/csd_families/BIJDON/BIJDON03.cif,tests/data/csd_families/BIJDON/BIJDON06.cif,15,0.02668421808630228,15,0.08191706298361517,full,False
tests/data/csd_families/BIJDON/BIJDON03.cif,tests/data/csd_families/BIJDON/BIJDON07.cif,15,0.027373247779905796,15,0.01577512211985843,full,True
tests/data/csd_families/BIJDON/BIJDON04.cif,tests/data/csd_families/BIJDON/BIJDON06.cif,15,0.012766620144248009,9,0.5537414618156514,partial,True
tests/data/csd_families/BIJDON/BIJDON04.cif,tests/data/csd_families/BIJDON/BIJDON07.cif,15,0.012212182395160198,9,0.4967405577766274,partial,True
tests/data/csd_families/BIJDON/BIJDON06.cif,tests/data/csd_families/BIJDON/BIJDON07.cif,15,0.026256341487169266,15,0.08871066984155739,full,False
tests/data/csd_families/CEDGAV/CEDGAV.cif,tests/data/csd_families/CEDGAV/CEDGAV02.cif,15,0.026166260242462158,11,0.19014185075252998,partial,False
tests/data/csd_families/MAJHIO/MAJHIO.cif,tests/data/csd_families/MAJHIO/MAJHIO01.cif,15,0.022133619524538517,15,3.0186561739099926e-15,full,False
tests/data/csd_families/MAJHIO/MAJHIO.cif,tests/data/csd_families/MAJHIO/MAJHIO02.cif,15,0.02022195141762495,15,0.026078820264705486,full,False
tests/data/csd_families/MAJHIO/MAJHIO01.cif,tests/data/csd_families/MAJHIO/MAJHIO02.cif,15,0.020893060602247715,15,0.026078820264705486,full,False
tests/data/csd_families/MPECXP/MPECXP.cif,tests/data/csd_families/MPECXP/MPECXP01.cif,15,0.007831675931811333,15,0.030085107653603168,full,True
tests/data/csd_families/MPECXP/MPECXP.cif,tests/data/csd_families/MPECXP/MPECXP02.cif,15,0.0065021272748708725,15,0.0207212540267344,full,True
tests/data/csd_families/MPECXP/MPECXP.cif,tests/data/csd_families/MPECXP/MPECXP04.cif,15,0.006657719612121582,15,0.0252474034818849,full,True
tests/data/csd_families/MPECXP/MPECXP.cif,tests/data/csd_families/MPECXP/MPECXP05.cif,15,0.006589277647435665,15,0.01844324206601451,full,False
tests/data/csd_families/MPECXP/MPECXP01.cif,tests/data/csd_families/MPECXP/MPECXP02.cif,15,0.006818030960857868,15,0.018196675978198032,full,False
tests/data/csd_families/MPECXP/MPECXP01.cif,tests/data/csd_families/MPECXP/MPECXP04.cif,15,0.00602641049772501,15,0.018054053990440102,full,False
tests/data/csd_families/MPECXP/MPECXP01.cif,tests/data/csd_families/MPECXP/MPECXP05.cif,15,0.0060304198414087296,15,0.026368748631011525,full,True
tests/data/csd_families/MPECXP/MPECXP02.cif,tests/data/csd_families/MPECXP/MPECXP04.cif,15,0.0066782087087631226,15,0.009496841350759943,full,False
tests/data/csd_families/MPECXP/MPECXP02.cif,tests/data/csd_families/MPECXP/MPECXP05.cif,15,0.006029989570379257,15,0.012824528150537813,full,True
tests/data/csd_families/MPECXP/MPECXP04.cif,tests/data/csd_families/MPECXP/MPECXP05.cif,15,0.006735410541296005,15,0.017669975279136843,full,True
tests/data/csd_families/RENRIL/RENRIL.cif,tests/data/csd_families/RENRIL/RENRIL01.cif,15,0.006111670285463333,15,0.05427009059319265,full,True
tests/data/csd_families/RENRIL/RENRIL.cif,tests/data/csd_families/RENRIL/RENRIL10.cif,15,0.004881182685494423,15,0.0008713202370324712,full,False
tests/data/csd_families/RENRIL/RENRIL.cif,tests/data/csd_families/RENRIL/RENRIL11.cif,15,0.004992703907191753,15,0.013906375260045286,full,True
tests/data/csd_families/RENRIL/RENRIL01.cif,tests/data/csd_families/RENRIL/RENRIL10.cif,15,0.005302758887410164,15,0.05416328995720577,full,True
tests/data/csd_families/RENRIL/RENRIL01.cif,tests/data/csd_families/RENRIL/RENRIL11.cif,15,0.004409126006066799,15,0.0520521132094822,full,False
tests/data/csd_families/RENRIL/RENRIL10.cif,tests/data/csd_families/RENRIL/RENRIL11.cif,15,0.005147256888449192,15,0.013560222656020967,full,True
tests/data/csd_families/BINFAF/BINFAF01.cif,tests/data/csd_families/BINFAF/BINFAF02.cif,15,0.012067729607224464,15,0.03006741289697707,full,False
tests/data/csd_families/BINFAF/BINFAF01.cif,tests/data/csd_families/BINFAF/BINFAF10.cif,15,0.011661473661661148,15,0.034674467819951565,full,False
tests/data/csd_families/BINFAF/BINFAF02.cif,tests/data/csd_families/BINFAF/BINFAF10.cif,15,0.01156271155923605,15,0.04295362451912924,full,False
tests/data/csd_families/QQQBUJ/QQQBUJ01.cif,tests/data/csd_families/QQQBUJ/QQQBUJ02.cif,15,0.008573697879910469,15,0.06949925010108692,full,False
tests/data/csd_families/QQQBUJ/QQQBUJ01.cif,tests/data/csd_families/QQQBUJ/QQQBUJ03.cif,15,0.007677684538066387,15,0.1257228197192085,full,True
tests/data/csd_families/AMBACO/AMBACO01.cif,tests/data/csd_families/AMBACO/AMBACO06.cif,15,0.0055311014875769615,2,0.45034059306080926,failed,False
tests/data/csd_families/AMBACO/AMBACO03.cif,tests/data/csd_families/AMBACO/AMBACO06.cif,15,0.0028313826769590378,5,0.1834158900402892,failed,False
tests/data/csd_families/AMBACO/AMBACO05.cif,tests/data/csd_families/AMBACO/AMBACO06.cif,15,0.002806621603667736,5,0.18098354795104238,failed,False
tests/data/csd_families/AMBACO/AMBACO06.cif,tests/data/csd_families/AMBACO/AMBACO07.cif,15,0.005417410284280777,2,0.4464265170211656,failed,False
tests/data/csd_families/AMBNAC/AMBNAC.cif,tests/data/csd_families/AMBNAC/AMBNAC01.cif,15,0.00683791097253561,1,0.07209802660412949,failed,False
tests/data/csd_families/AMBNAC/AMBNAC.cif,tests/data/csd_families/AMBNAC/AMBNAC06.cif,15,0.006011880002915859,1,0.0732580427698963,failed,True
tests/data/csd_families/AMBNAC/AMBNAC.cif,tests/data/csd_families/AMBNAC/AMBNAC07.cif,15,0.006329684518277645,1,0.07909541668415469,failed,True
tests/data/csd_families/AMBNAC/AMBNAC01.cif,tests/data/csd_families/AMBNAC/AMBNAC04.cif,15,0.006444975733757019,1,0.06473491875830595,failed,False
tests/data/csd_families/AMBNAC/AMBNAC04.cif,tests/data/csd_families/AMBNAC/AMBNAC06.cif,15,0.006427706219255924,1,0.06572073117169587,failed,True
tests/data/csd_families/AMBNAC/AMBNAC04.cif,tests/data/csd_families/AMBNAC/AMBNAC07.cif,15,0.006256292574107647,1,0.0715429652252797,failed,True
tests/data/csd_families/MATRNO/MATRNO.cif,tests/data/csd_families/MATRNO/MATRNO01.cif,15,0.006750971078872681,3,0.18128216156745133,failed,False
tests/data/csd_families/MATRNO/MATRNO.cif,tests/data/csd_families/MATRNO/MATRNO03.cif,15,0.005520501174032688,3,0.1812225326081066,failed,False
tests/data/csd_families/MATRNO/MATRNO01.cif,tests/data/csd_families/MATRNO/MATRNO02.cif,15,0.00525978859513998,3,0.18121848321939965,failed,False
tests/data/csd_families/MATRNO/MATRNO02.cif,tests/data/csd_families/MATRNO/MATRNO03.cif,15,0.006129580549895763,3,0.18081085982506584,failed,False
tests/data/csd_families/QAPNAZ/QAPNAZ.cif,tests/data/csd_families/QAPNAZ/QAPNAZ01.cif,15,0.010714080184698105,15,0.059312953442298554,full,True
tests/data/csd_families/QAPNAZ/QAPNAZ.cif,tests/data/csd_families/QAPNAZ/QAPNAZ02.cif,15,0.009867256507277489,15,0.008613071628900291,full,False
tests/data/csd_families/QAPNAZ/QAPNAZ.cif,tests/data/csd_families/QAPNAZ/QAPNAZ03.cif,15,0.009959758259356022,15,0.008340288921887344,full,False
tests/data/csd_families/QAPNAZ/QAPNAZ.cif,tests/data/csd_families/QAPNAZ/QAPNAZ04.cif,15,0.009836285375058651,15,0.008439213693462495,full,False
tests/data/csd_families/QAPNAZ/QAPNAZ01.cif,tests/data/csd_families/QAPNAZ/QAPNAZ02.cif,15,0.00991382822394371,15,0.057498327351763856,full,True
tests/data/csd_families/QAPNAZ/QAPNAZ01.cif,tests/data/csd_families/QAPNAZ/QAPNAZ03.cif,15,0.009283558465540409,15,0.057754001391135096,full,True
tests/data/csd_families/QAPNAZ/QAPNAZ01.cif,tests/data/csd_families/QAPNAZ/QAPNAZ04.cif,15,0.009249677881598473,15,0.057379098794849204,full,True
tests/data/csd_families/QAPNAZ/QAPNAZ02.cif,tests/data/csd_families/QAPNAZ/QAPNAZ03.cif,15,0.010173521935939789,15,0.0034452315520476172,full,False
tests/data/csd_families/QAPNAZ/QAPNAZ02.cif,tests/data/csd_families/QAPNAZ/QAPNAZ04.cif,15,0.009514471516013145,15,0.0036239735850994545,full,False
tests/data/csd_families/QAPNAZ/QAPNAZ03.cif,tests/data/csd_families/QAPNAZ/QAPNAZ04.cif,15,0.010086371563374996,15,0.003873700969573399,full,False
tests/data/csd_families/SAKMEW/SAKMEW01.cif,tests/data/csd_families/SAKMEW/SAKMEW12.cif,15,8.610077202320099e-06,0,nan,failed,False
tests/data/csd_families/SAKMEW/SAKMEW11.cif,tests/data/csd_families/SAKMEW/SAKMEW12.cif,15,4.580244421958923e-06,0,nan,failed,False
tests/data/csd_families/ACACCR/ACACCR.cif,tests/data/csd_families/ACACCR/ACACCR02.cif,15,0.009230267256498337,15,0.019408066766379496,full,True
tests/data/csd_families/ACACCR/ACACCR.cif,tests/data/csd_families/ACACCR/ACACCR05.cif,15,0.007686604745686054,15,0.025021872269009086,full,False
tests/data/csd_families/ACACCR/ACACCR.cif,tests/data/csd_families/ACACCR/ACACCR07.cif,15,0.007627964019775391,15,0.021182048776293688,full,False
tests/data/csd_families/ACACCR/ACACCR02.cif,tests/data/csd_families/ACACCR/ACACCR05.cif,15,0.007924468256533146,15,0.01807498753886498,full,True
tests/data/csd_families/ACACCR/ACACCR02.cif,tests/data/csd_families/ACACCR/ACACCR07.cif,15,0.007350428961217403,15,0.010349101259615663,full,True
tests/data/csd_families/ACACCR/ACACCR05.cif,tests/data/csd_families/ACACCR/ACACCR07.cif,15,0.0077326856553554535,15,0.016060946841812702,full,False
tests/data/csd_families/BACKOK/BACKOK01.cif,tests/data/csd_families/BACKOK/BACKOK04.cif,15,0.028705647215247154,15,0.04212370390141083,full,False
tests/data/csd_families/CASGIM/CASGIM.cif,tests/data/csd_families/CASGIM/CASGIM01.cif,15,0.011293037794530392,15,0.024802073599325052,full,False
tests/data/csd_families/CASGIM/CASGIM.cif,tests/data/csd_families/CASGIM/CASGIM02.cif,15,0.007801936008036137,15,0.12429476288755242,full,False
tests/data/csd_families/CASGIM/CASGIM01.cif,tests/data/csd_families/CASGIM/CASGIM02.cif,15,0.009497420862317085,15,0.13528128049319638,full,False
tests/data/csd_families/DBPHEN/DBPHEN02.cif,tests/data/csd_families/DBPHEN/DBPHEN05.cif,15,0.004270602948963642,1,0.090020744398961,failed,True
tests/data/csd_families/TAJCUD/TAJCUD.cif,tests/data/csd_families/TAJCUD/TAJCUD01.cif,15,0.007662564516067505,6,0.7543231392185065,failed,False
tests/data/csd_families/TAJCUD/TAJCUD.cif,tests/data/csd_families/TAJCUD/TAJCUD02.cif,15,0.005558152683079243,15,0.06900336586998922,full,True
tests/data/csd_families/TAJCUD/TAJCUD.cif,tests/data/csd_families/TAJCUD/TAJCUD03.cif,15,0.005511892028152943,15,0.019056665050711078,full,True
tests/data/csd_families/TAJCUD/TAJCUD.cif,tests/data/csd_families/TAJCUD/TAJCUD04.cif,15,0.006023509427905083,6,0.7501733950916102,failed,True
tests/data/csd_families/TAJCUD/TAJCUD01.cif,tests/data/csd_families/TAJCUD/TAJCUD02.cif,15,0.005020705051720142,6,0.73970645032132,failed,True
tests/data/csd_families/TAJCUD/TAJCUD01.cif,tests/data/csd_families/TAJCUD/TAJCUD03.cif,15,0.004696919582784176,6,0.7599502997877363,failed,True
tests/data/csd_families/TAJCUD/TAJCUD01.cif,tests/data/csd_families/TAJCUD/TAJCUD04.cif,15,0.005094954743981361,15,0.03943840566433697,full,True
tests/data/csd_families/TAJCUD/TAJCUD02.cif,tests/data/csd_families/TAJCUD/TAJCUD03.cif,15,0.0055891843512654305,15,0.08586278721389574,full,False
tests/data/csd_families/TAJCUD/TAJCUD02.cif,tests/data/csd_families/TAJCUD/TAJCUD04.cif,15,0.005430381745100021,6,0.7371586549242423,failed,False
tests/data/csd_families/TAJCUD/TAJCUD03.cif,tests/data/csd_families/TAJCUD/TAJCUD04.cif,15,0.0059716589748859406,6,0.7500902739865578,failed,False
tests/data/experimental/NOFKAU/NOFKAU.cif,tests/data/experimental/NOFKAU/NOFKAU01.cif,15,0.00468749925494194,1,0.7162336136719729,failed,True
tests/data/csd_families/GEGGEF/GEGGEF.cif,tests/data/csd_families/GEGGEF/GEGGEF02.cif,15,0.02143826987594366,15,0.013910515214532758,full,False
tests/data/csd_families/IPTCNI/IPTCNI.cif,tests/data/csd_families/IPTCNI/IPTCNI10.cif,15,0.02924034558236599,15,0.0389933152962984,full,False
tests/data/csd_families/IPTCNI/IPTCNI.cif,tests/data/csd_families/IPTCNI/IPTCNI11.cif,15,0.02760222088545561,9,0.6857869270930487,partial,False
tests/data/csd_families/IPTCNI/IPTCNI.cif,tests/data/csd_families/IPTCNI/IPTCNI13.cif,15,0.027296246960759163,13,0.7804269096912146,partial,False
tests/data/csd_families/IPTCNI/IPTCNI10.cif,tests/data/csd_families/IPTCNI/IPTCNI11.cif,15,0.027948166243731976,9,0.6997542701324753,partial,False
tests/data/csd_families/IPTCNI/IPTCNI10.cif,tests/data/csd_families/IPTCNI/IPTCNI13.cif,15,0.026324323378503323,13,0.7899414261933568,partial,True
tests/data/csd_families/IPTCNI/IPTCNI11.cif,tests/data/csd_families/IPTCNI/IPTCNI13.cif,15,0.031994106248021126,15,0.10583432393885397,full,True
tests/data/csd_families/SAKMEW/SAKMEW.cif,tests/data/csd_families/SAKMEW/SAKMEW12.cif,15,1.090019941329956e-05,0,nan,failed,False
tests/data/csd_families/SAKMEW/SAKMEW01.cif,tests/data/csd_families/SAKMEW/SAKMEW11.cif,15,0.008844821713864803,15,0.009442641487053208,full,True
tests/data/csd_families/AQACNI/AQACNI.cif,tests/data/csd_families/AQACNI/AQACNI02.cif,15,0.015782474540174007,13,0.2267175710152718,partial,True
tests/data/csd_families/AQACNI/AQACNI01.cif,tests/data/csd_families/AQACNI/AQACNI02.cif,15,0.010999464429914951,15,0.5562324423891689,full,False
tests/data/csd_families/AQACNI/AQACNI02.cif,tests/data/csd_families/AQACNI/AQACNI04.cif,15,0.01122689712792635,13,0.1474500369776015,partial,True
tests/data/csd_families/ACRLAC/ACRLAC.cif,tests/data/csd_families/ACRLAC/ACRLAC01.cif,15,0.005067635327577591,15,0.06251405355809275,full,False
tests/data/csd_families/ACRLAC/ACRLAC.cif,tests/data/csd_families/ACRLAC/ACRLAC02.cif,15,0.0043752361088991165,15,0.047962003980652375,full,False
tests/data/csd_families/ACRLAC/ACRLAC.cif,tests/data/csd_families/ACRLAC/ACRLAC03.cif,15,0.004408465698361397,15,0.04071981773156148,full,True
tests/data/csd_families/ACRLAC/ACRLAC01.cif,tests/data/csd_families/ACRLAC/ACRLAC02.cif,15,0.004299012944102287,15,0.08516556654629052,full,False
tests/data/csd_families/ACRLAC/ACRLAC01.cif,tests/data/csd_families/ACRLAC/ACRLAC03.cif,15,0.003936409018933773,15,0.048649985550711275,full,True
tests/data/csd_families/ACRLAC/ACRLAC02.cif,tests/data/csd_families/ACRLAC/ACRLAC03.cif,15,0.004264733754098415,15,0.056836088748725866,full,False
tests/data/csd_families/CEQGEL/CEQGEL.cif,tests/data/csd_families/CEQGEL/CEQGEL01.cif,15,0.023974517360329628,15,0.20941848297717172,full,True
tests/data/csd_families/CEQGEL/CEQGEL.cif,tests/data/csd_families/CEQGEL/CEQGEL02.cif,15,0.022976002655923367,15,0.18566097435136425,full,True
tests/data/csd_families/CEQGEL/CEQGEL01.cif,tests/data/csd_families/CEQGEL/CEQGEL02.cif,15,0.0239095576107502,15,0.02835675861415553,full,False
tests/data/csd_families/KIXKAD/KIXKAD.cif,tests/data/csd_families/KIXKAD/KIXKAD01.cif,15,0.007664714008569717,15,0.06846201425737963,full,False
tests/data/csd_families/KIXKAD/KIXKAD.cif,tests/data/csd_families/KIXKAD/KIXKAD02.cif,15,0.007522852160036564,15,0.06315554562368682,full,True
tests/data/csd_families/KIXKAD/KIXKAD.cif,tests/data/csd_families/KIXKAD/KIXKAD03.cif,15,0.006645808927714825,15,0.005547501404298098,full,False
tests/data/csd_families/KIXKAD/KIXKAD01.cif,tests/data/csd_families/KIXKAD/KIXKAD02.cif,15,0.007865848019719124,15,0.011611841779405344,full,True
tests/data/csd_families/KIXKAD/KIXKAD01.cif,tests/data/csd_families/KIXKAD/KIXKAD03.cif,15,0.006104909814894199,15,0.0692528950850692,full,False
tests/data/csd_families/KIXKAD/KIXKAD02.cif,tests/data/csd_families/KIXKAD/KIXKAD03.cif,15,0.007489241659641266,15,0.06369218683976662,full,True
tests/data/csd_families/LAGHOQ/LAGHOQ.cif,tests/data/csd_families/LAGHOQ/LAGHOQ01.cif,15,0.010566817596554756,15,0.03240567921712105,full,False
tests/data/csd_families/LAGHOQ/LAGHOQ.cif,tests/data/csd_families/LAGHOQ/LAGHOQ02.cif,15,0.009799405001103878,15,0.016871250481906817,full,False
tests/data/csd_families/LAGHOQ/LAGHOQ.cif,tests/data/csd_families/LAGHOQ/LAGHOQ03.cif,15,0.009848865680396557,15,0.0234802573013695,full,False
tests/data/csd_families/LAGHOQ/LAGHOQ01.cif,tests/data/csd_families/LAGHOQ/LAGHOQ02.cif,15,0.0101003497838974,15,0.04792387118954961,full,False
tests/data/csd_families/LAGHOQ/LAGHOQ01.cif,tests/data/csd_families/LAGHOQ/LAGHOQ03.cif,15,0.009507551789283752,15,0.05309927325064531,full,False
tests/data/csd_families/LAGHOQ/LAGHOQ02.cif,tests/data/csd_families/LAGHOQ/LAGHOQ03.cif,15,0.009983179159462452,15,0.00885911032124433,full,False
tests/data/csd_families/NALGUC/NALGUC.cif,tests/data/csd_families/NALGUC/NALGUC01.cif,15,0.008042379282414913,15,0.11306333795330327,full,False
tests/data/csd_families/NALGUC/NALGUC.cif,tests/data/csd_families/NALGUC/NALGUC02.cif,15,0.006821181625127792,15,0.20255717409563964,full,True
tests/data/csd_families/NALGUC/NALGUC01.cif,tests/data/csd_families/NALGUC/NALGUC02.cif,15,0.006593777798116207,15,0.10744543500782937,full,True
tests/data/csd_families/PUTTAZ/PUTTAZ02.cif,tests/data/csd_families/PUTTAZ/PUTTAZ03.cif,15,0.004700848832726479,15,0.025310620022544028,full,False
tests/data/csd_families/PUTTAZ/PUTTAZ02.cif,tests/data/csd_families/PUTTAZ/PUTTAZ04.cif,15,0.004645409993827343,15,0.02995587895682131,full,True
tests/data/csd_families/PUTTAZ/PUTTAZ03.cif,tests/data/csd_families/PUTTAZ/PUTTAZ04.cif,15,0.005142255686223507,15,0.04064224078773226,full,True
tests/data/csd_families/SAKMEW/SAKMEW.cif,tests/data/csd_families/SAKMEW/SAKMEW01.cif,15,8.190050721168518e-06,0,nan,failed,False
tests/data/csd_families/SAKMEW/SAKMEW.cif,tests/data/csd_families/SAKMEW/SAKMEW11.cif,15,3.711320459842682e-06,0,nan,failed,False
tests/data/csd_families/FIXGAU/FIXGAU.cif,tests/data/csd_families/FIXGAU/FIXGAU01.cif,15,0.015477029606699944,15,0.133775896499414,full,False
tests/data/csd_families/FIXGAU/FIXGAU.cif,tests/data/csd_families/FIXGAU/FIXGAU02.cif,15,0.013276738114655018,15,0.010804014594836068,full,False
tests/data/csd_families/FIXGAU/FIXGAU.cif,tests/data/csd_families/FIXGAU/FIXGAU03.cif,15,0.013972777873277664,15,0.10861324883655488,full,False
tests/data/csd_families/FIXGAU/FIXGAU.cif,tests/data/csd_families/FIXGAU/FIXGAU04.cif,15,0.01348900143057108,15,0.011393651029014584,full,False
tests/data/csd_families/FIXGAU/FIXGAU01.cif,tests/data/csd_families/FIXGAU/FIXGAU02.cif,15,0.014507865533232689,15,0.12928036879014754,full,False
tests/data/csd_families/FIXGAU/FIXGAU01.cif,tests/data/csd_families/FIXGAU/FIXGAU03.cif,15,0.01527754683047533,15,0.027962478614042472,full,False
tests/data/csd_families/FIXGAU/FIXGAU01.cif,tests/data/csd_families/FIXGAU/FIXGAU04.cif,15,0.013250978663563728,15,0.12765283508044653,full,False
tests/data/csd_families/FIXGAU/FIXGAU02.cif,tests/data/csd_families/FIXGAU/FIXGAU03.cif,15,0.014570197090506554,15,0.10405450229795604,full,False
tests/data/csd_families/FIXGAU/FIXGAU02.cif,tests/data/csd_families/FIXGAU/FIXGAU04.cif,15,0.012958782725036144,15,0.008162332713042578,full,False
tests/data/csd_families/FIXGAU/FIXGAU03.cif,tests/data/csd_families/FIXGAU/FIXGAU04.cif,15,0.01444944553077221,15,0.10237669158772549,full,False
tests/data/csd_families/HEZQIN/HEZQIN.cif,tests/data/csd_families/HEZQIN/HEZQIN01.cif,15,0.008228601887822151,15,0.010258720001779135,full,True
tests/data/csd_families/HEZQIN/HEZQIN.cif,tests/data/csd_families/HEZQIN/HEZQIN02.cif,15,0.00650812778621912,15,0.019954059351694267,full,True
tests/data/csd_families/HEZQIN/HEZQIN.cif,tests/data/csd_families/HEZQIN/HEZQIN03.cif,15,0.00656356755644083,15,0.039787232732561004,full,True
tests/data/csd_families/HEZQIN/HEZQIN.cif,tests/data/csd_families/HEZQIN/HEZQIN04.cif,15,0.004082931205630302,0,nan,failed,False
tests/data/csd_families/HEZQIN/HEZQIN01.cif,tests/data/csd_families/HEZQIN/HEZQIN02.cif,15,0.007284518331289291,15,0.011905653007380614,full,False
tests/data/csd_families/HEZQIN/HEZQIN01.cif,tests/data/csd_families/HEZQIN/HEZQIN03.cif,15,0.006005649454891682,15,0.047344390735094125,full,False
tests/data/csd_families/HEZQIN/HEZQIN01.cif,tests/data/csd_families/HEZQIN/HEZQIN04.cif,15,0.0035527925938367844,0,nan,failed,False
tests/data/csd_families/HEZQIN/HEZQIN02.cif,tests/data/csd_families/HEZQIN/HEZQIN03.cif,15,0.007223808206617832,15,0.054756901627385106,full,False
tests/data/csd_families/HEZQIN/HEZQIN02.cif,tests/data/csd_families/HEZQIN/HEZQIN04.cif,15,0.003574613481760025,0,nan,failed,False
tests/data/csd_families/HEZQIN/HEZQIN03.cif,tests/data/csd_families/HEZQIN/HEZQIN04.cif,15,0.0047123609110713005,0,nan,failed,False
tests/data/csd_families/QAHWUU/QAHWUU02.cif,tests/data/csd_families/QAHWUU/QAHWUU03.cif,15,0.004986604675650597,3,0.6314369723015837,failed,False
tests/data/csd_families/QQQFGG/QQQFGG01.cif,tests/data/csd_families/QQQFGG/QQQFGG02.cif,15,0.008654099889099598,15,0.09848826544418089,full,False
tests/data/csd_families/QQQFGG/QQQFGG01.cif,tests/data/csd_families/QQQFGG/QQQFGG03.cif,15,0.0065877679735422134,15,0.0920828632738424,full,False
tests/data/csd_families/QQQFGG/QQQFGG02.cif,tests/data/csd_families/QQQFGG/QQQFGG03.cif,15,0.006890172138810158,15,0.012720429069977593,full,False
tests/data/csd_families/ZEYVAA/ZEYVAA.cif,tests/data/csd_families/ZEYVAA/ZEYVAA01.cif,15,0.009883777238428593,15,0.05084080270827661,full,False
tests/data/csd_families/ZEYVAA/ZEYVAA.cif,tests/data/csd_families/ZEYVAA/ZEYVAA02.cif,15,0.009037253446877003,15,0.05543150861572442,full,True
tests/data/csd_families/ZEYVAA/ZEYVAA.cif,tests/data/csd_families/ZEYVAA/ZEYVAA10.cif,15,0.00901908427476883,15,0.05084255993657088,full,True
tests/data/csd_families/ZEYVAA/ZEYVAA.cif,tests/data/csd_families/ZEYVAA/ZEYVAA11.cif,15,0.008924082852900028,15,0.05197452783668567,full,True
tests/data/csd_families/ZEYVAA/ZEYVAA01.cif,tests/data/csd_families/ZEYVAA/ZEYVAA02.cif,15,0.009239776991307735,15,0.017302598624831914,full,True
tests/data/csd_families/ZEYVAA/ZEYVAA01.cif,tests/data/csd_families/ZEYVAA/ZEYVAA10.cif,15,0.009045184589922428,15,0.0003629191889056815,full,True
tests/data/csd_families/ZEYVAA/ZEYVAA01.cif,tests/data/csd_families/ZEYVAA/ZEYVAA11.cif,15,0.009026454761624336,15,0.005478991801087226,full,False
tests/data/csd_families/ZEYVAA/ZEYVAA02.cif,tests/data/csd_families/ZEYVAA/ZEYVAA10.cif,15,0.009535352699458599,15,0.017345630301978443,full,True
tests/data/csd_families/ZEYVAA/ZEYVAA02.cif,tests/data/csd_families/ZEYVAA/ZEYVAA11.cif,15,0.00900388415902853,15,0.01537496494217516,full,True
tests/data/csd_families/ZEYVAA/ZEYVAA10.cif,tests/data/csd_families/ZEYVAA/ZEYVAA11.cif,15,0.00915948674082756,15,0.005488533278408198,full,False
tests/data/csd_families/TEYDAC/TEYDAC.cif,tests/data/csd_families/TEYDAC/TEYDAC06.cif,15,0.008605888113379478,7,0.08246730285233836,failed,False
tests/data/csd_families/BOBVIY/BOBVIY04.cif,tests/data/csd_families/BOBVIY/BOBVIY05.cif,15,0.01065611932426691,13,0.2624319051328507,partial,False
tests/data/csd_families/DBEZPO/DBEZPO.cif,tests/data/csd_families/DBEZPO/DBEZPO01.cif,15,0.009448311291635036,15,0.06133361687068906,full,False
tests/data/csd_families/DBEZPO/DBEZPO.cif,tests/data/csd_families/DBEZPO/DBEZPO02.cif,15,0.008679838851094246,15,0.1292860114569362,full,False
tests/data/csd_families/DBEZPO/DBEZPO.cif,tests/data/csd_families/DBEZPO/DBEZPO03.cif,15,0.00971196498721838,15,0.09856710424974349,full,True
tests/data/csd_families/DBEZPO/DBEZPO01.cif,tests/data/csd_families/DBEZPO/DBEZPO02.cif,15,0.00880449078977108,15,0.15837029887169668,full,False
tests/data/csd_families/DBEZPO/DBEZPO01.cif,tests/data/csd_families/DBEZPO/DBEZPO03.cif,15,0.00936087965965271,15,0.1202654530090679,full,True
tests/data/csd_families/DBEZPO/DBEZPO02.cif,tests/data/csd_families/DBEZPO/DBEZPO03.cif,15,0.009197156876325607,15,0.04842973108086885,full,True
tests/data/csd_families/FEFBEX/FEFBEX.cif,tests/data/csd_families/FEFBEX/FEFBEX01.cif,15,0.015809474512934685,15,0.02550971543831092,full,True
tests/data/csd_families/FEFBEX/FEFBEX.cif,tests/data/csd_families/FEFBEX/FEFBEX02.cif,15,0.011284317821264267,15,0.06128293785812267,full,False
tests/data/csd_families/FEFBEX/FEFBEX01.cif,tests/data/csd_families/FEFBEX/FEFBEX02.cif,15,0.013212217018008232,15,0.049062498798966354,full,True
tests/data/csd_families/KHMALA/KHMALA.cif,tests/data/csd_families/KHMALA/KHMALA01.cif,15,0.007670405320823193,15,3.2459599623764545e-15,full,False
tests/data/csd_families/KHMALA/KHMALA.cif,tests/data/csd_families/KHMALA/KHMALA12.cif,15,0.006875141523778439,15,0.048940852108369924,full,False
tests/data/csd_families/KHMALA/KHMALA01.cif,tests/data/csd_families/KHMALA/KHMALA12.cif,15,0.006895072758197784,15,0.048940852108369924,full,False
tests/data/csd_families/LABSEM/LABSEM.cif,tests/data/csd_families/LABSEM/LABSEM01.cif,15,0.004872972145676613,15,0.004188053763244471,full,True
tests/data/csd_families/LABSEM/LABSEM.cif,tests/data/csd_families/LABSEM/LABSEM02.cif,15,0.004223544150590897,15,0.022020897114507495,full,True
tests/data/csd_families/LABSEM/LABSEM01.cif,tests/data/csd_families/LABSEM/LABSEM02.cif,15,0.004204471595585346,15,0.020922584808090817,full,False
tests/data/csd_families/TRIPHE/TRIPHE.cif,tests/data/csd_families/TRIPHE/TRIPHE11.cif,15,0.008322315290570259,15,0.021808867799925816,full,False
tests/data/csd_families/TRIPHE/TRIPHE.cif,tests/data/csd_families/TRIPHE/TRIPHE12.cif,15,0.008813871070742607,15,0.08328241488224146,full,True
tests/data/csd_families/TRIPHE/TRIPHE.cif,tests/data/csd_families/TRIPHE/TRIPHE13.cif,15,0.007891787216067314,15,0.08451663048087439,full,True
tests/data/csd_families/TRIPHE/TRIPHE.cif,tests/data/csd_families/TRIPHE/TRIPHE15.cif,15,0.00877844076603651,15,0.08594432904482081,full,True
tests/data/csd_families/TRIPHE/TRIPHE11.cif,tests/data/csd_families/TRIPHE/TRIPHE12.cif,15,0.00844691600650549,15,0.08293917793400778,full,True
tests/data/csd_families/TRIPHE/TRIPHE11.cif,tests/data/csd_families/TRIPHE/TRIPHE13.cif,15,0.008051680400967598,15,0.08443422872609901,full,True
tests/data/csd_families/TRIPHE/TRIPHE11.cif,tests/data/csd_families/TRIPHE/TRIPHE15.cif,15,0.007860757410526276,15,0.08557977285352289,full,True
tests/data/csd_families/TRIPHE/TRIPHE12.cif,tests/data/csd_families/TRIPHE/TRIPHE13.cif,15,0.0080027487128973,15,0.012619056382331765,full,False
tests/data/csd_families/TRIPHE/TRIPHE12.cif,tests/data/csd_families/TRIPHE/TRIPHE15.cif,15,0.006392494775354862,15,0.02090483994012969,full,False
tests/data/csd_families/TRIPHE/TRIPHE13.cif,tests/data/csd_families/TRIPHE/TRIPHE15.cif,15,0.007374829612672329,15,0.02223925586307011,full,False
tests/data/csd_families/YODPIR/YODPIR.cif,tests/data/csd_families/YODPIR/YODPIR01.cif,15,0.007563051767647266,15,0.2285795113600457,full,True
tests/data/csd_families/YODPIR/YODPIR.cif,tests/data/csd_families/YODPIR/YODPIR02.cif,15,0.006469867192208767,15,0.13704241755986055,full,False
tests/data/csd_families/YODPIR/YODPIR01.cif,tests/data/csd_families/YODPIR/YODPIR02.cif,15,0.005877528339624405,15,0.09884804482982179,full,True
tests/data/experimental/HOLSUX/HOLSUX.cif,tests/data/experimental/HOLSUX/HOLSUX01.cif,15,0.009094704873859882,15,0.09245163575224549,full,True
tests/data/experimental/ROY/QAXMEH24.cif,tests/data/experimental/ROY/QAXMEH27.cif,15,0.0026229284703731537,2,0.2656559940878457,failed,False
tests/data/experimental/ROY/QAXMEH24.cif,tests/data/experimental/ROY/QAXMEH90_O22.cif,15,0.002237914130091667,1,0.04586858336198836,failed,True
tests/data/experimental/ROY/QAXMEH24.cif,tests/data/experimental/ROY/ROY_PO13.cif,15,0.0021709324792027473,0,nan,failed,False
tests/data/experimental/ROY/QAXMEH24.cif,tests/data/experimental/ROY/ROY_R05.cif,15,0.004742270335555077,1,0.18879170239229606,failed,False
tests/data/experimental/ROY/QAXMEH24.cif,tests/data/experimental/ROY/ROY_Y19.cif,15,0.002690110355615616,4,0.5078193038002,failed,False
tests/data/experimental/ROY/QAXMEH24.cif,tests/data/experimental/ROY/ROY_Y_ambient.cif,15,0.0018564173951745033,1,0.7154620424650311,failed,True
tests/data/experimental/ROY/QAXMEH24.cif,tests/data/experimental/ROY/YT04.cif,15,0.0018936684355139732,1,0.7423198454821467,failed,False
tests/data/experimental/ROY/QAXMEH24.cif,tests/data/experimental/ROY/mrp180010_fa.cif,15,0.004284153692424297,2,0.7409341705599299,failed,True
tests/data/experimental/ROY/QAXMEH27.cif,tests/data/experimental/ROY/QAXMEH90_O22.cif,15,0.002559238113462925,2,0.23681914417379932,failed,True
tests/data/experimental/ROY/QAXMEH27.cif,tests/data/experimental/ROY/ROY_PO13.cif,15,0.00201324000954628,0,nan,failed,False
tests/data/experimental/ROY/QAXMEH27.cif,tests/data/experimental/ROY/ROY_R05.cif,15,0.004491777159273624,2,0.5398969181529805,failed,False
tests/data/experimental/ROY/QAXMEH27.cif,tests/data/experimental/ROY/ROY_Y19.cif,15,0.0024542268365621567,2,0.3110252796523617,failed,False
tests/data/experimental/ROY/QAXMEH27.cif,tests/data/experimental/ROY/ROY_Y_ambient.cif,15,0.0018656663596630096,1,0.8229213648181634,failed,True
tests/data/experimental/ROY/QAXMEH27.cif,tests/data/experimental/ROY/YT04.cif,15,0.0019096778705716133,1,0.868187690830598,failed,False
tests/data/experimental/ROY/QAXMEH27.cif,tests/data/experimental/ROY/mrp180010_fa.cif,15,0.004044109955430031,2,0.6779376554118056,failed,True
tests/data/experimental/ROY/QAXMEH90_O22.cif,tests/data/experimental/ROY/ROY_PO13.cif,15,0.0025629280135035515,1,0.9631891066392488,failed,False
tests/data/experimental/ROY/QAXMEH90_O22.cif,tests/data/experimental/ROY/ROY_R05.cif,15,0.005248017609119415,2,0.7185693966771257,failed,True
tests/data/experimental/ROY/QAXMEH90_O22.cif,tests/data/experimental/ROY/ROY_Y19.cif,15,0.0024590864777565002,1,0.12256976702674321,failed,True
tests/data/experimental/ROY/QAXMEH90_O22.cif,tests/data/experimental/ROY/ROY_Y_ambient.cif,15,0.002063591033220291,1,0.7069639685560037,failed,False
tests/data/experimental/ROY/QAXMEH90_O22.cif,tests/data/experimental/ROY/YT04.cif,15,0.0020693112164735794,2,0.8096452888710001,failed,True
tests/data/experimental/ROY/QAXMEH90_O22.cif,tests/data/experimental/ROY/mrp180010_fa.cif,15,0.0039459289982914925,2,0.9377629695629218,failed,True
tests/data/experimental/ROY/ROY_PO13.cif,tests/data/experimental/ROY/ROY_R05.cif,15,0.004778430797159672,0,nan,failed,False
tests/data/experimental/ROY/ROY_PO13.cif,tests/data/experimental/ROY/ROY_Y19.cif,15,0.0023386552929878235,1,0.8839901221791463,failed,True
tests/data/experimental/ROY/ROY_PO13.cif,tests/data/experimental/ROY/ROY_Y_ambient.cif,15,0.0022523635998368263,1,0.31297045176340604,failed,False
tests/data/experimental/ROY/ROY_PO13.cif,tests/data/experimental/ROY/YT04.cif,15,0.002072990871965885,1,0.36631677189143036,failed,True
tests/data/experimental/ROY/ROY_PO13.cif,tests/data/experimental/ROY/mrp180010_fa.cif,15,0.003209157846868038,0,nan,failed,False
tests/data/experimental/ROY/ROY_R05.cif,tests/data/experimental/ROY/ROY_Y19.cif,15,0.005189217627048492,1,0.29379378734671735,failed,False
tests/data/experimental/ROY/ROY_R05.cif,tests/data/experimental/ROY/ROY_Y_ambient.cif,15,0.003897998481988907,1,0.8266421370687823,failed,True
tests/data/experimental/ROY/ROY_R05.cif,tests/data/experimental/ROY/YT04.cif,15,0.0036543039605021477,1,0.8375113632511715,failed,False
tests/data/experimental/ROY/ROY_R05.cif,tests/data/experimental/ROY/mrp180010_fa.cif,15,0.007344460114836693,1,0.6125867797287065,failed,False
tests/data/experimental/ROY/ROY_Y19.cif,tests/data/experimental/ROY/ROY_Y_ambient.cif,15,0.0029004430398344994,1,0.6177484571412039,failed,True
tests/data/experimental/ROY/ROY_Y19.cif,tests/data/experimental/ROY/YT04.cif,15,0.0020008301362395287,1,0.6403586878097007,failed,False
tests/data/experimental/ROY/ROY_Y19.cif,tests/data/experimental/ROY/mrp180010_fa.cif,15,0.004155891947448254,2,0.835309037964252,failed,True
tests/data/experimental/ROY/ROY_Y_ambient.cif,tests/data/experimental/ROY/YT04.cif,15,0.003078136593103409,3,0.28913962628830087,failed,True
tests/data/experimental/ROY/ROY_Y_ambient.cif,tests/data/experimental/ROY/mrp180010_fa.cif,15,0.003485442139208317,0,nan,failed,False
tests/data/experimental/ROY/YT04.cif,tests/data/experimental/ROY/mrp180010_fa.cif,15,0.00382909644395113,0,nan,failed,False
tests/data/csd_families/NALGUC/NALGUC.cif,tests/data/csd_families/NALGUC/NALGUC03.cif,15,0.005600512959063053,8,0.3796818260584404,partial,False
tests/data/csd_families/NALGUC/NALGUC.cif,tests/data/csd_families/NALGUC/NALGUC04.cif,15,0.005990670062601566,8,0.49152881029140927,partial,True
tests/data/csd_families/NALGUC/NALGUC01.cif,tests/data/csd_families/NALGUC/NALGUC03.cif,15,0.0048967329785227776,8,0.2806195552050338,partial,False
tests/data/csd_families/NALGUC/NALGUC01.cif,tests/data/csd_families/NALGUC/NALGUC04.cif,15,0.0057958755642175674,8,0.3903376887110158,partial,True
tests/data/csd_families/NALGUC/NALGUC02.cif,tests/data/csd_families/NALGUC/NALGUC03.cif,15,0.005619553849101067,8,0.19051678135891514,partial,True
tests/data/csd_families/NALGUC/NALGUC02.cif,tests/data/csd_families/NALGUC/NALGUC04.cif,15,0.005700194276869297,8,0.30802473260975083,partial,False
tests/data/csd_families/CEWNEZ/CEWNEZ.cif,tests/data/csd_families/CEWNEZ/CEWNEZ01.cif,15,0.003908098675310612,1,0.1794366099634897,failed,True
tests/data/csd_families/CEWNEZ/CEWNEZ.cif,tests/data/csd_families/CEWNEZ/CEWNEZ02.cif,15,0.004546668380498886,15,0.031287593208937065,full,True
tests/data/csd_families/CEWNEZ/CEWNEZ01.cif,tests/data/csd_families/CEWNEZ/CEWNEZ02.cif,15,0.0032754074782133102,1,0.18928004938383744,failed,False
tests/data/csd_families/PDMGLO/PDMGLO.cif,tests/data/csd_families/PDMGLO/PDMGLO01.cif,15,0.010714398697018623,15,0.045779301212581835,full,False
tests/data/csd_families/PDMGLO/PDMGLO.cif,tests/data/csd_families/PDMGLO/PDMGLO02.cif,15,0.009918898344039917,15,0.052428769391314745,full,False
tests/data/csd_families/PDMGLO/PDMGLO01.cif,tests/data/csd_families/PDMGLO/PDMGLO02.cif,15,0.010060809552669525,15,0.04389668499460152,full,False
tests/data/csd_families/SAQTOT/SAQTOT.cif,tests/data/csd_families/SAQTOT/SAQTOT01.cif,15,0.006627598777413368,15,0.03124846004313449,full,True
tests/data/csd_families/SAQTOT/SAQTOT.cif,tests/data/csd_families/SAQTOT/SAQTOT02.cif,15,0.0052724480628967285,15,0.02295364566347916,full,False
tests/data/csd_families/SAQTOT/SAQTOT.cif,tests/data/csd_families/SAQTOT/SAQTOT03.cif,15,0.005356600508093834,15,0.05878918966097612,full,True
tests/data/csd_families/SAQTOT/SAQTOT.cif,tests/data/csd_families/SAQTOT/SAQTOT04.cif,15,0.005352510139346123,15,0.08824620836727243,full,True
tests/data/csd_families/SAQTOT/SAQTOT01.cif,tests/data/csd_families/SAQTOT/SAQTOT02.cif,15,0.005675884895026684,15,0.05350322660285347,full,True
tests/data/csd_families/SAQTOT/SAQTOT01.cif,tests/data/csd_families/SAQTOT/SAQTOT03.cif,15,0.004818272776901722,15,0.08861931412277957,full,False
tests/data/csd_families/SAQTOT/SAQTOT01.cif,tests/data/csd_families/SAQTOT/SAQTOT04.cif,15,0.004831621423363686,15,0.1178617496224866,full,False
tests/data/csd_families/SAQTOT/SAQTOT02.cif,tests/data/csd_families/SAQTOT/SAQTOT03.cif,15,0.005454191938042641,15,0.03689920171291831,full,True
tests/data/csd_families/SAQTOT/SAQTOT02.cif,tests/data/csd_families/SAQTOT/SAQTOT04.cif,15,0.004823371767997742,15,0.06585492628155548,full,True
tests/data/csd_families/SAQTOT/SAQTOT03.cif,tests/data/csd_families/SAQTOT/SAQTOT04.cif,15,0.005440191365778446,15,0.0314560695126688,full,False
tests/data/csd_families/TUXFIC/TUXFIC.cif,tests/data/csd_families/TUXFIC/TUXFIC02.cif,15,0.011712294071912766,15,0.10954835086663602,full,True
tests/data/csd_families/TUXFIC/TUXFIC.cif,tests/data/csd_families/TUXFIC/TUXFIC03.cif,15,0.010223383083939552,15,0.11303664801632969,full,True
tests/data/csd_families/TUXFIC/TUXFIC02.cif,tests/data/csd_families/TUXFIC/TUXFIC03.cif,15,0.01047262642532587,15,0.0067096228370108705,full,False
tests/data/csd_families/BESPAT/BESPAT.cif,tests/data/csd_families/BESPAT/BESPAT03.cif,15,0.008444976061582565,15,0.05067068514654734,full,False
tests/data/csd_families/BESPAT/BESPAT.cif,tests/data/csd_families/BESPAT/BESPAT04.cif,15,0.007399110123515129,15,0.05307638819322543,full,False
tests/data/csd_families/BESPAT/BESPAT.cif,tests/data/csd_families/BESPAT/BESPAT05.cif,15,0.007255338132381439,15,0.1511206587008039,full,True
tests/data/csd_families/BESPAT/BESPAT03.cif,tests/data/csd_families/BESPAT/BESPAT04.cif,15,0.007540863007307053,15,0.040988799220483096,full,False
tests/data/csd_families/BESPAT/BESPAT03.cif,tests/data/csd_families/BESPAT/BESPAT05.cif,15,0.006824290379881859,15,0.14839473293725117,full,True
tests/data/csd_families/BESPAT/BESPAT04.cif,tests/data/csd_families/BESPAT/BESPAT05.cif,15,0.007290247827768326,15,0.13381920839801212,full,False
tests/data/csd_families/YAFCOX/YAFCOX01.cif,tests/data/csd_families/YAFCOX/YAFCOX02.cif,15,9.239651262760162e-06,0,nan,failed,False
tests/data/csd_families/MOBYEJ/MOBYEJ.cif,tests/data/csd_families/MOBYEJ/MOBYEJ01.cif,15,0.008489977568387985,15,0.16250249915357706,full,True
tests/data/csd_families/MOBYEJ/MOBYEJ.cif,tests/data/csd_families/MOBYEJ/MOBYEJ03.cif,15,0.00788083765655756,15,0.14644704517630897,full,False
tests/data/csd_families/MOBYEJ/MOBYEJ.cif,tests/data/csd_families/MOBYEJ/MOBYEJ04.cif,15,0.007845977321267128,15,0.12161855276870527,full,False
tests/data/csd_families/MOBYEJ/MOBYEJ.cif,tests/data/csd_families/MOBYEJ/MOBYEJ05.cif,15,0.008490187115967274,15,0.07963807312094516,full,False
tests/data/csd_families/MOBYEJ/MOBYEJ01.cif,tests/data/csd_families/MOBYEJ/MOBYEJ03.cif,15,0.007874127477407455,15,0.01776041981723298,full,True
tests/data/csd_families/MOBYEJ/MOBYEJ01.cif,tests/data/csd_families/MOBYEJ/MOBYEJ04.cif,15,0.009328749030828476,15,0.042669148932483525,full,False
tests/data/csd_families/MOBYEJ/MOBYEJ01.cif,tests/data/csd_families/MOBYEJ/MOBYEJ05.cif,15,0.008458545431494713,15,0.08583035804369295,full,False
tests/data/csd_families/MOBYEJ/MOBYEJ03.cif,tests/data/csd_families/MOBYEJ/MOBYEJ04.cif,15,0.007960199378430843,15,0.025821378324654285,full,True
tests/data/csd_families/MOBYEJ/MOBYEJ03.cif,tests/data/csd_families/MOBYEJ/MOBYEJ05.cif,15,0.009888917207717896,15,0.0690996717560347,full,False
tests/data/csd_families/MOBYEJ/MOBYEJ04.cif,tests/data/csd_families/MOBYEJ/MOBYEJ05.cif,15,0.00858294777572155,15,0.0436367414843532,full,True
tests/data/csd_families/BPYRDB/BPYRDB01.cif,tests/data/csd_families/BPYRDB/BPYRDB02.cif,15,0.008641628548502922,8,0.388844183476603,partial,True
tests/data/csd_families/BPYRDB/BPYRDB02.cif,tests/data/csd_families/BPYRDB/BPYRDB03.cif,15,0.007410730235278606,8,0.384374194510022,partial,True
tests/data/csd_families/BPYRDB/BPYRDB02.cif,tests/data/csd_families/BPYRDB/BPYRDB04.cif,15,0.006672150455415249,8,0.38467166182722956,partial,True
tests/data/csd_families/BPYRDB/BPYRDB02.cif,tests/data/csd_families/BPYRDB/BPYRDB05.cif,15,0.006681010127067566,8,0.4037236336497056,partial,False
tests/data/csd_families/YAFCOX/YAFCOX.cif,tests/data/csd_families/YAFCOX/YAFCOX01.cif,15,0.00805662851780653,11,0.4183810174058976,partial,True
tests/data/csd_families/AWENUO/AWENUO.cif,tests/data/csd_families/AWENUO/AWENUO01.cif,15,8.32974910736084e-06,0,nan,failed,False
tests/data/csd_families/AWENUO/AWENUO.cif,tests/data/csd_families/AWENUO/AWENUO02.cif,15,4.319474101066589e-06,0,nan,failed,False
tests/data/csd_families/AWENUO/AWENUO.cif,tests/data/csd_families/AWENUO/AWENUO03.cif,15,3.209337592124939e-06,0,nan,failed,False
tests/data/csd_families/AWENUO/AWENUO.cif,tests/data/csd_families/AWENUO/AWENUO04.cif,15,2.5797635316848755e-06,0,nan,failed,False
tests/data/csd_families/ANLINB/ANLINB.cif,tests/data/csd_families/ANLINB/ANLINB02.cif,15,0.007961018942296505,15,0.15319933430250063,full,False
tests/data/csd_families/ANLINB/ANLINB.cif,tests/data/csd_families/ANLINB/ANLINB03.cif,15,0.006740550510585308,15,0.02357436505597228,full,False
tests/data/csd_families/ANLINB/ANLINB.cif,tests/data/csd_families/ANLINB/ANLINB04.cif,15,0.006694779731333256,15,0.026016108080933156,full,False
tests/data/csd_families/ANLINB/ANLINB02.cif,tests/data/csd_families/ANLINB/ANLINB03.cif,15,0.007179547101259232,15,0.1555660339783654,full,False
tests/data/csd_families/ANLINB/ANLINB02.cif,tests/data/csd_families/ANLINB/ANLINB04.cif,15,0.006825542077422142,15,0.15642506461732328,full,False
tests/data/csd_families/ANLINB/ANLINB03.cif,tests/data/csd_families/ANLINB/ANLINB04.cif,15,0.006651449017226696,15,0.010554077186561055,full,False
tests/data/csd_families/AWAKIS/AWAKIS02.cif,tests/data/csd_families/AWAKIS/AWAKIS03.cif,15,0.006464716047048569,15,0.10684174121276693,full,False
tests/data/csd_families/AWAKIS/AWAKIS02.cif,tests/data/csd_families/AWAKIS/AWAKIS04.cif,15,0.007285119034349918,15,0.15404648345658115,full,True
tests/data/csd_families/AWAKIS/AWAKIS03.cif,tests/data/csd_families/AWAKIS/AWAKIS04.cif,15,0.005893688648939133,15,0.04901905590905242,full,True
tests/data/csd_families/BBPHOL/BBPHOL.cif,tests/data/csd_families/BBPHOL/BBPHOL01.cif,15,0.00817217119038105,15,0.1521394668070637,full,True
tests/data/csd_families/BBPHOL/BBPHOL.cif,tests/data/csd_families/BBPHOL/BBPHOL02.cif,15,0.007423460483551025,15,0.16975049885746837,full,True
tests/data/csd_families/BBPHOL/BBPHOL01.cif,tests/data/csd_families/BBPHOL/BBPHOL02.cif,15,0.005257458426058292,15,0.12226820470528148,full,False
tests/data/csd_families/DMANAP/DMANAP01.cif,tests/data/csd_families/DMANAP/DMANAP02.cif,15,0.006432805210351944,15,2.197585961351758e-15,full,False
tests/data/csd_families/DMANAP/DMANAP01.cif,tests/data/csd_families/DMANAP/DMANAP10.cif,15,0.005680575035512447,15,0.09740609648061077,full,False
tests/data/csd_families/DMANAP/DMANAP01.cif,tests/data/csd_families/DMANAP/DMANAP11.cif,15,0.005923617631196976,15,0.04348599265147978,full,False
tests/data/csd_families/DMANAP/DMANAP01.cif,tests/data/csd_families/DMANAP/DMANAP12.cif,15,0.005930599756538868,15,0.04654307259312098,full,False
tests/data/csd_families/DMANAP/DMANAP02.cif,tests/data/csd_families/DMANAP/DMANAP10.cif,15,0.005723544396460056,15,0.09740609648061077,full,False
tests/data/csd_families/DMANAP/DMANAP02.cif,tests/data/csd_families/DMANAP/DMANAP11.cif,15,0.005564863793551922,15,0.04348599265147978,full,False
tests/data/csd_families/DMANAP/DMANAP02.cif,tests/data/csd_families/DMANAP/DMANAP12.cif,15,0.005537643097341061,15,0.04654307259312098,full,False
tests/data/csd_families/DMANAP/DMANAP10.cif,tests/data/csd_families/DMANAP/DMANAP11.cif,15,0.005665794014930725,15,0.0645909976807683,full,False
tests/data/csd_families/DMANAP/DMANAP10.cif,tests/data/csd_families/DMANAP/DMANAP12.cif,15,0.005234767682850361,15,0.061851906331867705,full,False
tests/data/csd_families/DMANAP/DMANAP11.cif,tests/data/csd_families/DMANAP/DMANAP12.cif,15,0.005724704824388027,15,0.018300652863732933,full,False
tests/data/csd_families/ECUTUR/ECUTUR.cif,tests/data/csd_families/ECUTUR/ECUTUR01.cif,15,0.00949898175895214,15,0.07901106175822788,full,False
tests/data/csd_families/ECUTUR/ECUTUR.cif,tests/data/csd_families/ECUTUR/ECUTUR02.cif,15,0.009054725058376789,15,0.4807874537620572,full,True
tests/data/csd_families/ECUTUR/ECUTUR.cif,tests/data/csd_families/ECUTUR/ECUTUR03.cif,15,0.00875322986394167,15,0.045143756625493886,full,True
tests/data/csd_families/ECUTUR/ECUTUR.cif,tests/data/csd_families/ECUTUR/ECUTUR04.cif,15,0.008786112070083618,15,0.09302639104905536,full,False
tests/data/csd_families/ECUTUR/ECUTUR01.cif,tests/data/csd_families/ECUTUR/ECUTUR02.cif,15,0.009252257645130157,15,0.5171532480958227,full,False
tests/data/csd_families/ECUTUR/ECUTUR01.cif,tests/data/csd_families/ECUTUR/ECUTUR03.cif,15,0.008356484584510326,15,0.053544592466064335,full,True
tests/data/csd_families/ECUTUR/ECUTUR01.cif,tests/data/csd_families/ECUTUR/ECUTUR04.cif,15,0.008516686968505383,15,0.04037029708084462,full,True
tests/data/csd_families/ECUTUR/ECUTUR02.cif,tests/data/csd_families/ECUTUR/ECUTUR03.cif,15,0.008192062377929688,15,0.47689213826408017,full,False
tests/data/csd_families/ECUTUR/ECUTUR02.cif,tests/data/csd_families/ECUTUR/ECUTUR04.cif,15,0.0076435636729002,15,0.548241059287166,full,True
tests/data/csd_families/ECUTUR/ECUTUR03.cif,tests/data/csd_families/ECUTUR/ECUTUR04.cif,15,0.008802891708910465,15,0.07779360287806907,full,True
tests/data/csd_families/HEWRAD/HEWRAD.cif,tests/data/csd_families/HEWRAD/HEWRAD01.cif,15,0.00823979265987873,15,0.07747377523858717,full,False
tests/data/csd_families/HEWRAD/HEWRAD.cif,tests/data/csd_families/HEWRAD/HEWRAD02.cif,15,0.007171637378633022,15,0.007464442815823599,full,True
tests/data/csd_families/HEWRAD/HEWRAD.cif,tests/data/csd_families/HEWRAD/HEWRAD03.cif,15,0.00727502815425396,15,0.01132492943401451,full,False
tests/data/csd_families/HEWRAD/HEWRAD01.cif,tests/data/csd_families/HEWRAD/HEWRAD02.cif,15,0.00720150675624609,15,0.07910565928201962,full,False
tests/data/csd_families/HEWRAD/HEWRAD01.cif,tests/data/csd_families/HEWRAD/HEWRAD03.cif,15,0.006573209539055824,15,0.0696031680852359,full,False
tests/data/csd_families/HEWRAD/HEWRAD02.cif,tests/data/csd_families/HEWRAD/HEWRAD03.cif,15,0.007288618013262749,15,0.015093671742911237,full,True
tests/data/csd_families/IFUXEN/IFUXEN.cif,tests/data/csd_families/IFUXEN/IFUXEN01.cif,15,0.005938819609582424,15,0.01118859467650203,full,False
tests/data/csd_families/IFUXEN/IFUXEN.cif,tests/data/csd_families/IFUXEN/IFUXEN02.cif,15,0.003665624186396599,5,0.4120156323136616,failed,False
tests/data/csd_families/IFUXEN/IFUXEN.cif,tests/data/csd_families/IFUXEN/IFUXEN03.cif,15,0.002535778097808361,1,0.4924846002016186,failed,False
tests/data/csd_families/IFUXEN/IFUXEN01.cif,tests/data/csd_families/IFUXEN/IFUXEN02.cif,15,0.0040979208424687386,5,0.41613407749502196,failed,False
tests/data/csd_families/IFUXEN/IFUXEN01.cif,tests/data/csd_families/IFUXEN/IFUXEN03.cif,15,0.002189112827181816,1,0.4928543131420214,failed,False
tests/data/csd_families/IFUXEN/IFUXEN02.cif,tests/data/csd_families/IFUXEN/IFUXEN03.cif,15,0.002894013188779354,1,0.4234460545041538,failed,True
tests/data/csd_families/TEJKUO/TEJKUO01.cif,tests/data/csd_families/TEJKUO/TEJKUO03.cif,15,0.010388154536485672,12,0.13442306577338964,partial,False
tests/data/csd_families/TEJKUO/TEJKUO01.cif,tests/data/csd_families/TEJKUO/TEJKUO05.cif,15,0.008790961466729641,12,0.13978901538663333,partial,False
tests/data/csd_families/TEJKUO/TEJKUO03.cif,tests/data/csd_families/TEJKUO/TEJKUO05.cif,15,0.008139041252434254,15,0.07101521838368292,full,False
tests/data/csd_families/YUXZIB/YUXZIB.cif,tests/data/csd_families/YUXZIB/YUXZIB01.cif,15,0.013149935752153397,15,0.10280060039184816,full,False
tests/data/csd_families/YUXZIB/YUXZIB.cif,tests/data/csd_families/YUXZIB/YUXZIB02.cif,15,0.013138695620000362,15,0.10320077733982654,full,False
tests/data/csd_families/YUXZIB/YUXZIB01.cif,tests/data/csd_families/YUXZIB/YUXZIB02.cif,15,0.014847300946712494,15,0.015749358936940967,full,False
tests/data/experimental/galunisertib/Galunisertib_FORM_I.cif,tests/data/experimental/galunisertib/Galunisertib_FORM_II.cif,15,0.004319983534514904,1,0.9254523826415173,failed,False
tests/data/experimental/galunisertib/Galunisertib_FORM_I.cif,tests/data/experimental/galunisertib/Galunisertib_FORM_III.cif,15,0.004583127796649933,1,0.9171261714459333,failed,False
tests/data/experimental/galunisertib/Galunisertib_FORM_I.cif,tests/data/experimental/galunisertib/Galunisertib_FORM_VIII.cif,15,0.004292423836886883,1,0.9586493634597661,failed,False
tests/data/experimental/galunisertib/Galunisertib_FORM_II.cif,tests/data/experimental/galunisertib/Galunisertib_FORM_IX.cif,15,0.00453907810151577,5,0.5438254178099666,failed,True
tests/data/experimental/galunisertib/Galunisertib_FORM_II.cif,tests/data/experimental/galunisertib/Galunisertib_FORM_V.cif,15,0.0047512417659163475,1,0.500138393715409,failed,False
tests/data/experimental/galunisertib/Galunisertib_FORM_II.cif,tests/data/experimental/galunisertib/Galunisertib_FORM_VI.cif,15,0.004739580675959587,5,0.417828636723903,failed,True
tests/data/experimental/galunisertib/Galunisertib_FORM_II.cif,tests/data/experimental/galunisertib/Galunisertib_Form_VII.cif,15,0.009055173955857754,2,0.6017842672196957,failed,True
tests/data/experimental/galunisertib/Galunisertib_FORM_III.cif,tests/data/experimental/galunisertib/Galunisertib_FORM_IX.cif,15,0.004128842614591122,0,nan,failed,False
tests/data/experimental/galunisertib/Galunisertib_FORM_III.cif,tests/data/experimental/galunisertib/Galunisertib_FORM_V.cif,15,0.0051325662061572075,0,nan,failed,False
tests/data/experimental/galunisertib/Galunisertib_FORM_III.cif,tests/data/experimental/galunisertib/Galunisertib_FORM_VI.cif,15,0.004401346668601036,0,nan,failed,False
tests/data/experimental/galunisertib/Galunisertib_FORM_III.cif,tests/data/experimental/galunisertib/Galunisertib_Form_VII.cif,15,0.010384604334831238,0,nan,failed,False
tests/data/experimental/galunisertib/Galunisertib_FORM_IX.cif,tests/data/experimental/galunisertib/Galunisertib_FORM_VIII.cif,15,0.004941603168845177,5,0.8481028122887065,failed,True
tests/data/experimental/galunisertib/Galunisertib_FORM_V.cif,tests/data/experimental/galunisertib/Galunisertib_FORM_VIII.cif,15,0.005779567174613476,6,0.49510477857022167,failed,False
tests/data/experimental/galunisertib/Galunisertib_FORM_VI.cif,tests/data/experimental/galunisertib/Galunisertib_FORM_VIII.cif,15,0.004240632988512516,2,0.7941446825898857,failed,True
tests/data/experimental/galunisertib/Galunisertib_FORM_VIII.cif,tests/data/experimental/galunisertib/Galunisertib_Form_VII.cif,15,0.009362849406898022,2,0.4768383281799654,failed,True
tests/data/csd_families/CATDAE/CATDAE.cif,tests/data/csd_families/CATDAE/CATDAE01.cif,15,0.006659889593720436,1,0.12003953386296626,failed,False
tests/data/csd_families/CATDAE/CATDAE.cif,tests/data/csd_families/CATDAE/CATDAE02.cif,15,0.0058214664459228516,1,0.13151059303953955,failed,False
tests/data/csd_families/NALGUC/NALGUC03.cif,tests/data/csd_families/NALGUC/NALGUC04.cif,15,0.006459646858274937,15,0.16075743305485674,full,True
tests/data/csd_families/SETNEO/SETNEO.cif,tests/data/csd_families/SETNEO/SETNEO01.cif,15,0.011038484051823616,15,0.008222061868005143,full,False
tests/data/csd_families/SETNEO/SETNEO.cif,tests/data/csd_families/SETNEO/SETNEO02.cif,15,0.008632459677755833,15,0.01576171097942212,full,True
tests/data/csd_families/SETNEO/SETNEO.cif,tests/data/csd_families/SETNEO/SETNEO03.cif,15,0.008800210431218147,15,0.02486033869002189,full,False
tests/data/csd_families/SETNEO/SETNEO.cif,tests/data/csd_families/SETNEO/SETNEO04.cif,15,0.00874252151697874,15,0.03346739616735373,full,True
tests/data/csd_families/SETNEO/SETNEO01.cif,tests/data/csd_families/SETNEO/SETNEO02.cif,15,0.009875375777482986,15,0.007784984637079004,full,True
tests/data/csd_families/SETNEO/SETNEO01.cif,tests/data/csd_families/SETNEO/SETNEO03.cif,15,0.008217493072152138,15,0.01688024453817469,full,False
tests/data/csd_families/SETNEO/SETNEO01.cif,tests/data/csd_families/SETNEO/SETNEO04.cif,15,0.008130901493132114,15,0.02549320125524449,full,True
tests/data/csd_families/SETNEO/SETNEO02.cif,tests/data/csd_families/SETNEO/SETNEO03.cif,15,0.009698654524981976,15,0.009293959988927576,full,True
tests/data/csd_families/SETNEO/SETNEO02.cif,tests/data/csd_families/SETNEO/SETNEO04.cif,15,0.008158630691468716,15,0.01787494351595244,full,True
tests/data/csd_families/SETNEO/SETNEO03.cif,tests/data/csd_families/SETNEO/SETNEO04.cif,15,0.009626663289964199,15,0.008807256256958064,full,False
tests/data/csd_families/CODLUC/CODLUC.cif,tests/data/csd_families/CODLUC/CODLUC01.cif,15,0.006941213272511959,15,0.04706461268017637,full,False
tests/data/csd_families/CODLUC/CODLUC.cif,tests/data/csd_families/CODLUC/CODLUC10.cif,15,0.006277473643422127,15,0.004225989103793946,full,False
tests/data/csd_families/CODLUC/CODLUC.cif,tests/data/csd_families/CODLUC/CODLUC11.cif,15,0.006320293992757797,15,0.006155890336815346,full,False
tests/data/csd_families/CODLUC/CODLUC.cif,tests/data/csd_families/CODLUC/CODLUC12.cif,15,0.00630712416023016,15,0.04493300739316446,full,False
tests/data/csd_families/CODLUC/CODLUC01.cif,tests/data/csd_families/CODLUC/CODLUC10.cif,15,0.00637198518961668,15,0.0469003579233307,full,False
tests/data/csd_families/CODLUC/CODLUC01.cif,tests/data/csd_families/CODLUC/CODLUC11.cif,15,0.005893978290259838,15,0.048635424686350515,full,False
tests/data/csd_families/CODLUC/CODLUC01.cif,tests/data/csd_families/CODLUC/CODLUC12.cif,15,0.005957009270787239,15,0.006819683476884463,full,False
tests/data/csd_families/CODLUC/CODLUC10.cif,tests/data/csd_families/CODLUC/CODLUC11.cif,15,0.0064086755737662315,15,0.003816444471351135,full,False
tests/data/csd_families/CODLUC/CODLUC10.cif,tests/data/csd_families/CODLUC/CODLUC12.cif,15,0.0059220194816589355,15,0.04461985861538454,full,False
tests/data/csd_families/CODLUC/CODLUC11.cif,tests/data/csd_families/CODLUC/CODLUC12.cif,15,0.006346714682877064,15,0.046103881498639185,full,False
tests/data/csd_families/NPOFNP/NPOFNP.cif,tests/data/csd_families/NPOFNP/NPOFNP01.cif,15,0.008084580302238464,15,0.4102605060817625,full,False
tests/data/csd_families/NPOFNP/NPOFNP.cif,tests/data/csd_families/NPOFNP/NPOFNP02.cif,15,0.007241858169436455,15,0.2683283230961941,full,False
tests/data/csd_families/NPOFNP/NPOFNP.cif,tests/data/csd_families/NPOFNP/NPOFNP03.cif,15,0.007320709526538849,15,0.4412927480007552,full,True
tests/data/csd_families/NPOFNP/NPOFNP.cif,tests/data/csd_families/NPOFNP/NPOFNP04.cif,15,0.007344749756157398,15,0.5057271873550454,full,False
tests/data/csd_families/NPOFNP/NPOFNP01.cif,tests/data/csd_families/NPOFNP/NPOFNP02.cif,15,0.0072160884737968445,15,0.14341960388531969,full,True
tests/data/csd_families/NPOFNP/NPOFNP01.cif,tests/data/csd_families/NPOFNP/NPOFNP03.cif,15,0.006845481693744659,15,0.03314214028378234,full,False
tests/data/csd_families/NPOFNP/NPOFNP01.cif,tests/data/csd_families/NPOFNP/NPOFNP04.cif,15,0.006837612017989159,15,0.09706954365512842,full,False
tests/data/csd_families/NPOFNP/NPOFNP02.cif,tests/data/csd_families/NPOFNP/NPOFNP03.cif,15,0.007355288602411747,15,0.1744344604305414,full,True
tests/data/csd_families/NPOFNP/NPOFNP02.cif,tests/data/csd_families/NPOFNP/NPOFNP04.cif,15,0.006876013241708279,15,0.23934881784894654,full,False
tests/data/csd_families/NPOFNP/NPOFNP03.cif,tests/data/csd_families/NPOFNP/NPOFNP04.cif,15,0.007430640980601311,15,0.06519126263712344,full,False
tests/data/csd_families/CEDGAV/CEDGAV.cif,tests/data/csd_families/CEDGAV/CEDGAV01.cif,15,0.017942536622285843,11,0.2027034282950367,partial,True
tests/data/csd_families/LABSEM/LABSEM.cif,tests/data/csd_families/LABSEM/LABSEM03.cif,15,1.0249204933643341e-05,0,nan,failed,False
tests/data/csd_families/LABSEM/LABSEM01.cif,tests/data/csd_families/LABSEM/LABSEM03.cif,15,4.930421710014343e-06,0,nan,failed,False
tests/data/csd_families/LABSEM/LABSEM02.cif,tests/data/csd_families/LABSEM/LABSEM03.cif,15,3.5213306546211243e-06,0,nan,failed,False
tests/data/csd_families/YAXYUV/YAXYUV.cif,tests/data/csd_families/YAXYUV/YAXYUV01.cif,15,0.016932232305407524,15,0.026556380907036457,full,False
tests/data/csd_families/YAXYUV/YAXYUV.cif,tests/data/csd_families/YAXYUV/YAXYUV02.cif,15,0.016278492286801338,15,0.0245904533225648,full,True
tests/data/csd_families/YAXYUV/YAXYUV.cif,tests/data/csd_families/YAXYUV/YAXYUV03.cif,15,0.01625567302107811,15,0.041194558279740855,full,False
tests/data/csd_families/YAXYUV/YAXYUV01.cif,tests/data/csd_families/YAXYUV/YAXYUV02.cif,15,0.016263161785900593,15,0.017262357387741376,full,True
tests/data/csd_families/YAXYUV/YAXYUV01.cif,tests/data/csd_families/YAXYUV/YAXYUV03.cif,15,0.015840395353734493,15,0.04210762446911968,full,False
tests/data/csd_families/YAXYUV/YAXYUV02.cif,tests/data/csd_families/YAXYUV/YAXYUV03.cif,15,0.01587479654699564,15,0.041764015063436785,full,True
tests/data/csd_families/ACSALA/ACSALA.cif,tests/data/csd_families/ACSALA/ACSALA01.cif,15,0.0058826869353652,15,0.01200287660920596,full,False
tests/data/csd_families/ACSALA/ACSALA.cif,tests/data/csd_families/ACSALA/ACSALA02.cif,15,0.005140907131135464,15,0.10636875583708286,full,False
tests/data/csd_families/ACSALA/ACSALA.cif,tests/data/csd_families/ACSALA/ACSALA03.cif,15,0.005204848013818264,15,0.08428722913355938,full,False
tests/data/csd_families/ACSALA/ACSALA.cif,tests/data/csd_families/ACSALA/ACSALA04.cif,15,0.005178016610443592,15,0.06564437404383264,full,False
tests/data/csd_families/ACSALA/ACSALA01.cif,tests/data/csd_families/ACSALA/ACSALA02.cif,15,0.005334348417818546,15,0.10430747917935058,full,False
tests/data/csd_families/ACSALA/ACSALA01.cif,tests/data/csd_families/ACSALA/ACSALA03.cif,15,0.004823972471058369,15,0.08205412143914322,full,False
tests/data/csd_families/ACSALA/ACSALA01.cif,tests/data/csd_families/ACSALA/ACSALA04.cif,15,0.004815792664885521,15,0.06290279572722271,full,False
tests/data/csd_families/ACSALA/ACSALA02.cif,tests/data/csd_families/ACSALA/ACSALA03.cif,15,0.00513053685426712,15,0.023240926035883007,full,False
tests/data/csd_families/ACSALA/ACSALA02.cif,tests/data/csd_families/ACSALA/ACSALA04.cif,15,0.004675258882343769,15,0.04313436227051127,full,False
tests/data/csd_families/ACSALA/ACSALA03.cif,tests/data/csd_families/ACSALA/ACSALA04.cif,15,0.00519693735986948,15,0.02128848659879502,full,False
tests/data/csd_families/CITRAC/CITRAC10.cif,tests/data/csd_families/CITRAC/CITRAC11.cif,15,0.00865107960999012,15,0.07308090063870235,full,True
tests/data/csd_families/CITRAC/CITRAC10.cif,tests/data/csd_families/CITRAC/CITRAC12.cif,15,0.0074813105165958405,15,0.034544906882352046,full,False
tests/data/csd_families/CITRAC/CITRAC10.cif,tests/data/csd_families/CITRAC/CITRAC13.cif,15,0.007597463205456734,15,0.004380865641387624,full,False
tests/data/csd_families/CITRAC/CITRAC11.cif,tests/data/csd_families/CITRAC/CITRAC12.cif,15,0.007769356481730938,15,0.0860108287509656,full,True
tests/data/csd_families/CITRAC/CITRAC11.cif,tests/data/csd_families/CITRAC/CITRAC13.cif,15,0.007400430738925934,15,0.07109020805396013,full,True
tests/data/csd_families/CITRAC/CITRAC12.cif,tests/data/csd_families/CITRAC/CITRAC13.cif,15,0.007436379790306091,15,0.035333905006926486,full,False
tests/data/csd_families/FOHCOU/FOHCOU.cif,tests/data/csd_families/FOHCOU/FOHCOU01.cif,15,0.013449780642986298,15,0.13278149600930836,full,True
tests/data/csd_families/FOHCOU/FOHCOU.cif,tests/data/csd_families/FOHCOU/FOHCOU02.cif,15,0.01210423931479454,15,0.1329517949104251,full,True
tests/data/csd_families/FOHCOU/FOHCOU.cif,tests/data/csd_families/FOHCOU/FOHCOU05.cif,15,0.012404604814946651,15,0.0798146590257954,full,False
tests/data/csd_families/FOHCOU/FOHCOU.cif,tests/data/csd_families/FOHCOU/FOHCOU06.cif,15,0.011826465837657452,15,0.14822226336372474,full,True
tests/data/csd_families/FOHCOU/FOHCOU01.cif,tests/data/csd_families/FOHCOU/FOHCOU02.cif,15,0.009923268109560013,15,0.0035342128488118248,full,False
tests/data/csd_families/FOHCOU/FOHCOU01.cif,tests/data/csd_families/FOHCOU/FOHCOU05.cif,15,0.009967938996851444,15,0.0537719484520457,full,True
tests/data/csd_families/FOHCOU/FOHCOU01.cif,tests/data/csd_families/FOHCOU/FOHCOU06.cif,15,0.009979248978197575,15,0.016019914566039642,full,True
tests/data/csd_families/FOHCOU/FOHCOU02.cif,tests/data/csd_families/FOHCOU/FOHCOU05.cif,15,0.010419574566185474,15,0.05392066314225792,full,False
tests/data/csd_families/FOHCOU/FOHCOU02.cif,tests/data/csd_families/FOHCOU/FOHCOU06.cif,15,0.01030771341174841,15,0.015676649469716374,full,False
tests/data/csd_families/FOHCOU/FOHCOU05.cif,tests/data/csd_families/FOHCOU/FOHCOU06.cif,15,0.010431615635752678,15,0.06935160313731757,full,True
tests/data/csd_families/KTPHEB/KTPHEB.cif,tests/data/csd_families/KTPHEB/KTPHEB01.cif,15,0.021389919333159924,15,0.0676587469733453,full,False
tests/data/csd_families/KTPHEB/KTPHEB.cif,tests/data/csd_families/KTPHEB/KTPHEB02.cif,15,0.023258026689291,15,0.06823654399809394,full,False
tests/data/csd_families/KTPHEB/KTPHEB.cif,tests/data/csd_families/KTPHEB/KTPHEB03.cif,15,0.018520444631576538,15,0.0426534366221199,full,False
tests/data/csd_families/KTPHEB/KTPHEB01.cif,tests/data/csd_families/KTPHEB/KTPHEB02.cif,15,0.02151304017752409,15,0.11593641969521667,full,False
tests/data/csd_families/KTPHEB/KTPHEB01.cif,tests/data/csd_families/KTPHEB/KTPHEB03.cif,15,0.01986247580498457,15,0.09182776886540493,full,True
tests/data/csd_families/KTPHEB/KTPHEB02.cif,tests/data/csd_families/KTPHEB/KTPHEB03.cif,15,0.022912281565368176,15,0.027666199171040667,full,False
tests/data/csd_families/LTYROS/LTYROS10.cif,tests/data/csd_families/LTYROS/LTYROS11.cif,15,0.006869472563266754,15,0.005275674467961822,full,False
tests/data/csd_families/LTYROS/LTYROS10.cif,tests/data/csd_families/LTYROS/LTYROS12.cif,15,0.005646553821861744,15,0.18429111184770144,full,True
tests/data/csd_families/LTYROS/LTYROS10.cif,tests/data/csd_families/LTYROS/LTYROS13.cif,15,0.006348504684865475,15,0.010887045326729138,full,False
tests/data/csd_families/LTYROS/LTYROS11.cif,tests/data/csd_families/LTYROS/LTYROS12.cif,15,0.005775775760412216,15,0.1829577651466852,full,True
tests/data/csd_families/LTYROS/LTYROS11.cif,tests/data/csd_families/LTYROS/LTYROS13.cif,15,0.005872936919331551,15,0.01162493132748003,full,False
tests/data/csd_families/LTYROS/LTYROS12.cif,tests/data/csd_families/LTYROS/LTYROS13.cif,15,0.005782716907560825,15,0.18770657983179126,full,True
tests/data/csd_families/VITDEL/VITDEL.cif,tests/data/csd_families/VITDEL/VITDEL01.cif,15,0.003781525418162346,2,0.7452791857346869,failed,True
tests/data/csd_families/VILGAC/VILGAC.cif,tests/data/csd_families/VILGAC/VILGAC01.cif,15,8.420087397098541e-06,0,nan,failed,False
tests/data/csd_families/VILGAC/VILGAC.cif,tests/data/csd_families/VILGAC/VILGAC02.cif,15,4.449859261512756e-06,0,nan,failed,False
tests/data/csd_families/VILGAC/VILGAC.cif,tests/data/csd_families/VILGAC/VILGAC03.cif,15,2.8293579816818237e-06,0,nan,failed,False
tests/data/csd_families/VILGAC/VILGAC.cif,tests/data/csd_families/VILGAC/VILGAC04.cif,15,2.5704503059387207e-06,0,nan,failed,False
tests/data/csd_families/NERDEU/NERDEU.cif,tests/data/csd_families/NERDEU/NERDEU01.cif,15,0.011608073487877846,15,0.2076711612239802,full,True
tests/data/csd_families/NERDEU/NERDEU.cif,tests/data/csd_families/NERDEU/NERDEU02.cif,15,0.010182522237300873,15,0.05916525973718014,full,True
tests/data/csd_families/NERDEU/NERDEU01.cif,tests/data/csd_families/NERDEU/NERDEU02.cif,15,0.010459396056830883,15,0.17043870555235946,full,False
tests/data/csd_families/VILGAC/VILGAC01.cif,tests/data/csd_families/VILGAC/VILGAC02.cif,15,0.01131970901042223,15,0.14329322949081963,full,False
tests/data/csd_families/VILGAC/VILGAC01.cif,tests/data/csd_families/VILGAC/VILGAC03.cif,15,0.009853536263108253,15,0.26905729802124584,full,True
tests/data/csd_families/VILGAC/VILGAC01.cif,tests/data/csd_families/VILGAC/VILGAC04.cif,15,0.010063141584396362,15,0.4267898734607335,full,False
tests/data/csd_families/VILGAC/VILGAC02.cif,tests/data/csd_families/VILGAC/VILGAC03.cif,15,0.010862740688025951,15,0.16554893220435457,full,True
tests/data/csd_families/VILGAC/VILGAC02.cif,tests/data/csd_families/VILGAC/VILGAC04.cif,15,0.009883448481559753,15,0.32352346962024936,full,False
tests/data/csd_families/VILGAC/VILGAC03.cif,tests/data/csd_families/VILGAC/VILGAC04.cif,15,0.011421119794249535,15,0.18612601061337786,full,True
tests/data/experimental/Ritonavir/YIGPIO.cif,tests/data/experimental/Ritonavir/YIGPIO07.cif,15,0.008000358939170837,15,0.22193249179977445,full,False
tests/data/experimental/Ritonavir/YIGPIO.cif,tests/data/experimental/Ritonavir/YIGPIO09.cif,15,0.0068577732890844345,0,nan,failed,False
tests/data/experimental/Ritonavir/YIGPIO.cif,tests/data/experimental/Ritonavir/YIGPIO10.cif,15,0.006981313228607178,0,nan,failed,False
tests/data/experimental/Ritonavir/YIGPIO07.cif,tests/data/experimental/Ritonavir/YIGPIO09.cif,15,0.007479311898350716,0,nan,failed,False
tests/data/experimental/Ritonavir/YIGPIO07.cif,tests/data/experimental/Ritonavir/YIGPIO10.cif,15,0.005553083494305611,0,nan,failed,False
tests/data/experimental/Ritonavir/YIGPIO09.cif,tests/data/experimental/Ritonavir/YIGPIO10.cif,15,0.009841715916991234,15,0.524043512147628,full,False
tests/data/csd_families/BACKOK/BACKOK.cif,tests/data/csd_families/BACKOK/BACKOK01.cif,15,0.014211541973054409,15,0.034598234184506194,full,True
tests/data/csd_families/BACKOK/BACKOK.cif,tests/data/csd_families/BACKOK/BACKOK04.cif,15,0.013363219797611237,15,0.035896671376464996,full,False
tests/data/csd_families/BACKOK/BACKOK01.cif,tests/data/csd_families/BACKOK/BACKOK02.cif,15,0.013797865249216557,15,0.033957268215995866,full,True
tests/data/csd_families/BACKOK/BACKOK01.cif,tests/data/csd_families/BACKOK/BACKOK03.cif,15,0.013799716718494892,15,0.050441250498898416,full,False
tests/data/csd_families/BACKOK/BACKOK02.cif,tests/data/csd_families/BACKOK/BACKOK04.cif,15,0.013856656849384308,15,0.03473955652373044,full,True
tests/data/csd_families/BACKOK/BACKOK03.cif,tests/data/csd_families/BACKOK/BACKOK04.cif,15,0.013883696869015694,15,0.05413539295539337,full,False
tests/data/csd_families/JIRRIL/JIRRIL.cif,tests/data/csd_families/JIRRIL/JIRRIL02.cif,15,8.819624781608582e-06,0,nan,failed,False
tests/data/csd_families/JIRRIL/JIRRIL01.cif,tests/data/csd_families/JIRRIL/JIRRIL02.cif,15,4.109926521778107e-06,0,nan,failed,False
tests/data/csd_families/JIRRIL/JIRRIL02.cif,tests/data/csd_families/JIRRIL/JIRRIL03.cif,15,3.050081431865692e-06,0,nan,failed,False
tests/data/csd_families/ACENAP/ACENAP.cif,tests/data/csd_families/ACENAP/ACENAP03.cif,15,0.027892066165804863,15,0.051380126064008054,full,False
tests/data/csd_families/ACENAP/ACENAP.cif,tests/data/csd_families/ACENAP/ACENAP04.cif,15,0.027021002024412155,15,0.05238664426047606,full,True
tests/data/csd_families/ACENAP/ACENAP.cif,tests/data/csd_families/ACENAP/ACENAP05.cif,15,0.0304404329508543,15,0.06975023720056121,full,False
tests/data/csd_families/ACENAP/ACENAP.cif,tests/data/csd_families/ACENAP/ACENAP06.cif,15,0.027913955971598625,15,0.10565715023419621,full,False
tests/data/csd_families/ACENAP/ACENAP03.cif,tests/data/csd_families/ACENAP/ACENAP04.cif,15,0.03126182593405247,15,0.024848270153065025,full,False
tests/data/csd_families/ACENAP/ACENAP03.cif,tests/data/csd_families/ACENAP/ACENAP05.cif,15,0.027912585996091366,15,0.05041346982069274,full,False
tests/data/csd_families/ACENAP/ACENAP03.cif,tests/data/csd_families/ACENAP/ACENAP06.cif,15,0.029185445047914982,15,0.09389288586508206,full,True
tests/data/csd_families/ACENAP/ACENAP04.cif,tests/data/csd_families/ACENAP/ACENAP05.cif,15,0.0285302447155118,15,0.04137404397286561,full,False
tests/data/csd_families/ACENAP/ACENAP04.cif,tests/data/csd_families/ACENAP/ACENAP06.cif,15,0.029137845151126385,15,0.08289093808477752,full,False
tests/data/csd_families/ACENAP/ACENAP05.cif,tests/data/csd_families/ACENAP/ACENAP06.cif,15,0.03104072157293558,15,0.04390597373661614,full,False
tests/data/csd_families/ALOCOW/ALOCOW.cif,tests/data/csd_families/ALOCOW/ALOCOW01.cif,15,0.006406784988939762,15,0.04437348473355148,full,False
tests/data/csd_families/ALOCOW/ALOCOW.cif,tests/data/csd_families/ALOCOW/ALOCOW02.cif,15,0.005637574940919876,15,0.08081119572279392,full,False
tests/data/csd_families/ALOCOW/ALOCOW.cif,tests/data/csd_families/ALOCOW/ALOCOW03.cif,15,0.006423364393413067,15,0.12932763670864028,full,False
tests/data/csd_families/ALOCOW/ALOCOW.cif,tests/data/csd_families/ALOCOW/ALOCOW04.cif,15,0.00491214357316494,3,0.1005117368620014,failed,False
tests/data/csd_families/ALOCOW/ALOCOW01.cif,tests/data/csd_families/ALOCOW/ALOCOW02.cif,15,0.006486826576292515,15,0.03784330937613336,full,False
tests/data/csd_families/ALOCOW/ALOCOW01.cif,tests/data/csd_families/ALOCOW/ALOCOW03.cif,15,0.0057257357984781265,15,0.08601139912707548,full,False
tests/data/csd_families/ALOCOW/ALOCOW01.cif,tests/data/csd_families/ALOCOW/ALOCOW04.cif,15,0.004255013540387154,3,0.10831778553181973,failed,False
tests/data/csd_families/ALOCOW/ALOCOW02.cif,tests/data/csd_families/ALOCOW/ALOCOW03.cif,15,0.006779131479561329,15,0.04873980397155639,full,False
tests/data/csd_families/ALOCOW/ALOCOW02.cif,tests/data/csd_families/ALOCOW/ALOCOW04.cif,15,0.0043270038440823555,3,0.10730331132570135,failed,False
tests/data/csd_families/ALOCOW/ALOCOW03.cif,tests/data/csd_families/ALOCOW/ALOCOW04.cif,15,0.004658229649066925,3,0.11043961181396054,failed,False
tests/data/csd_families/PICLUK/PICLUK.cif,tests/data/csd_families/PICLUK/PICLUK01.cif,15,0.006340584717690945,15,0.03847149358384854,full,True
tests/data/csd_families/PICLUK/PICLUK.cif,tests/data/csd_families/PICLUK/PICLUK02.cif,15,0.005485811270773411,15,0.028927410027107733,full,False
tests/data/csd_families/PICLUK/PICLUK.cif,tests/data/csd_families/PICLUK/PICLUK03.cif,15,0.005471761338412762,15,0.09083590633868553,full,False
tests/data/csd_families/PICLUK/PICLUK.cif,tests/data/csd_families/PICLUK/PICLUK04.cif,15,0.005507602356374264,15,0.012623334919363646,full,False
tests/data/csd_families/PICLUK/PICLUK01.cif,tests/data/csd_families/PICLUK/PICLUK02.cif,15,0.005608844570815563,15,0.01768309704781817,full,True
tests/data/csd_families/PICLUK/PICLUK01.cif,tests/data/csd_families/PICLUK/PICLUK03.cif,15,0.005081016570329666,15,0.11985335377277176,full,True
tests/data/csd_families/PICLUK/PICLUK01.cif,tests/data/csd_families/PICLUK/PICLUK04.cif,15,0.005111864767968655,15,0.043778287208348164,full,True
tests/data/csd_families/PICLUK/PICLUK02.cif,tests/data/csd_families/PICLUK/PICLUK03.cif,15,0.005522073246538639,15,0.11742378540936453,full,False
tests/data/csd_families/PICLUK/PICLUK02.cif,tests/data/csd_families/PICLUK/PICLUK04.cif,15,0.005101456306874752,15,0.03756435318760833,full,False
tests/data/csd_families/PICLUK/PICLUK03.cif,tests/data/csd_families/PICLUK/PICLUK04.cif,15,0.005603764206171036,15,0.08053020269463118,full,False
tests/data/csd_families/QIHBEO/QIHBEO.cif,tests/data/csd_families/QIHBEO/QIHBEO01.cif,15,0.008641938678920269,15,0.020899928827128007,full,True
tests/data/csd_families/QIHBEO/QIHBEO.cif,tests/data/csd_families/QIHBEO/QIHBEO02.cif,15,0.007874907925724983,15,0.09388848417484798,full,True
tests/data/csd_families/QIHBEO/QIHBEO.cif,tests/data/csd_families/QIHBEO/QIHBEO03.cif,15,0.007888996973633766,15,0.07199856754618097,full,False
tests/data/csd_families/QIHBEO/QIHBEO.cif,tests/data/csd_families/QIHBEO/QIHBEO04.cif,15,0.007853956893086433,15,0.011473369679145359,full,False
tests/data/csd_families/QIHBEO/QIHBEO01.cif,tests/data/csd_families/QIHBEO/QIHBEO02.cif,15,0.007960978895425797,15,0.09861131405195468,full,False
tests/data/csd_families/QIHBEO/QIHBEO01.cif,tests/data/csd_families/QIHBEO/QIHBEO03.cif,15,0.007459530606865883,15,0.07830371862857133,full,True
tests/data/csd_families/QIHBEO/QIHBEO01.cif,tests/data/csd_families/QIHBEO/QIHBEO04.cif,15,0.007412020117044449,15,0.01426050985224411,full,True
tests/data/csd_families/QIHBEO/QIHBEO02.cif,tests/data/csd_families/QIHBEO/QIHBEO03.cif,15,0.008070120587944984,15,0.024019806369690342,full,False
tests/data/csd_families/QIHBEO/QIHBEO02.cif,tests/data/csd_families/QIHBEO/QIHBEO04.cif,15,0.007418310269713402,15,0.09860224572009457,full,False
tests/data/csd_families/QIHBEO/QIHBEO03.cif,tests/data/csd_families/QIHBEO/QIHBEO04.cif,15,0.007837825454771519,15,0.07697654932083194,full,False
tests/data/csd_families/TCBENQ/TCBENQ03.cif,tests/data/csd_families/TCBENQ/TCBENQ04.cif,15,0.021106955595314503,15,0.08130246642548752,full,False
tests/data/csd_families/WEYYUV/WEYYUV.cif,tests/data/csd_families/WEYYUV/WEYYUV01.cif,15,0.004970354028046131,15,0.12967481594315797,full,False
tests/data/csd_families/WEYYUV/WEYYUV.cif,tests/data/csd_families/WEYYUV/WEYYUV02.cif,15,0.004197803325951099,15,0.13596054655635495,full,False
tests/data/csd_families/WEYYUV/WEYYUV01.cif,tests/data/csd_families/WEYYUV/WEYYUV02.cif,15,0.0041634319350123405,15,0.04358589852400768,full,False
tests/data/csd_families/GEGGEF/GEGGEF.cif,tests/data/csd_families/GEGGEF/GEGGEF01.cif,15,0.010227681137621403,1,0.20834733387127963,failed,True
tests/data/csd_families/GEGGEF/GEGGEF01.cif,tests/data/csd_families/GEGGEF/GEGGEF02.cif,15,0.010263202711939812,1,0.20909552574783333,failed,True
tests/data/csd_families/IYEBUJ/IYEBUJ.cif,tests/data/csd_families/IYEBUJ/IYEBUJ02.cif,15,0.009908637963235378,15,0.10858249969454255,full,True
tests/data/csd_families/IYEBUJ/IYEBUJ.cif,tests/data/csd_families/IYEBUJ/IYEBUJ03.cif,15,0.00927737820893526,15,0.0627595649707516,full,False
tests/data/csd_families/IYEBUJ/IYEBUJ02.cif,tests/data/csd_families/IYEBUJ/IYEBUJ03.cif,15,0.010892853140830994,15,0.1646966389719849,full,True
tests/data/csd_families/ACRLAC/ACRLAC.cif,tests/data/csd_families/ACRLAC/ACRLAC04.cif,15,0.004052289761602879,7,0.2227922858352163,failed,False
tests/data/csd_families/ACRLAC/ACRLAC01.cif,tests/data/csd_families/ACRLAC/ACRLAC04.cif,15,0.0036473236978054047,7,0.23651801500270975,failed,False
tests/data/csd_families/ACRLAC/ACRLAC02.cif,tests/data/csd_families/ACRLAC/ACRLAC04.cif,15,0.00366891548037529,7,0.22839393700389557,failed,False
tests/data/csd_families/ACRLAC/ACRLAC03.cif,tests/data/csd_families/ACRLAC/ACRLAC04.cif,15,0.004015040583908558,7,0.21874855513277155,failed,True
tests/data/csd_families/HMPBFE/HMPBFE.cif,tests/data/csd_families/HMPBFE/HMPBFE04.cif,15,0.013476090505719185,5,0.761785311983767,failed,False
tests/data/csd_families/HMPBFE/HMPBFE01.cif,tests/data/csd_families/HMPBFE/HMPBFE04.cif,15,0.009163396432995796,3,0.6540928104165222,failed,True
tests/data/csd_families/HMPBFE/HMPBFE02.cif,tests/data/csd_families/HMPBFE/HMPBFE04.cif,15,0.012994224205613136,5,0.7641820585211103,failed,False
tests/data/csd_families/HMPBFE/HMPBFE03.cif,tests/data/csd_families/HMPBFE/HMPBFE04.cif,15,0.00940806046128273,3,0.60233608713993,failed,True
tests/data/csd_families/ABEKUN/ABEKUN.cif,tests/data/csd_families/ABEKUN/ABEKUN03.cif,15,0.008029170334339142,15,0.006469369654917334,full,True
tests/data/csd_families/ABEKUN/ABEKUN.cif,tests/data/csd_families/ABEKUN/ABEKUN04.cif,15,0.00788599718362093,15,0.01553780158316177,full,True
tests/data/csd_families/ABEKUN/ABEKUN03.cif,tests/data/csd_families/ABEKUN/ABEKUN04.cif,15,0.008306384086608887,15,0.01018425867146186,full,False
tests/data/csd_families/ACUCIN/ACUCIN.cif,tests/data/csd_families/ACUCIN/ACUCIN01.cif,15,0.005276428535580635,15,0.0029839526051863297,full,True
tests/data/csd_families/ACUCIN/ACUCIN.cif,tests/data/csd_families/ACUCIN/ACUCIN02.cif,15,0.004571438767015934,15,0.0030482293762858904,full,True
tests/data/csd_families/ACUCIN/ACUCIN.cif,tests/data/csd_families/ACUCIN/ACUCIN03.cif,15,0.004578067921102047,15,0.003196624507625931,full,True
tests/data/csd_families/ACUCIN/ACUCIN01.cif,tests/data/csd_families/ACUCIN/ACUCIN02.cif,15,0.004658808931708336,15,0.00020732007867649358,full,False
tests/data/csd_families/ACUCIN/ACUCIN01.cif,tests/data/csd_families/ACUCIN/ACUCIN03.cif,15,0.004187362268567085,15,0.0007766180121634412,full,False
tests/data/csd_families/ACUCIN/ACUCIN02.cif,tests/data/csd_families/ACUCIN/ACUCIN03.cif,15,0.004576157778501511,15,0.0007927792320639968,full,False
tests/data/csd_families/CIDDEZ/CIDDEZ.cif,tests/data/csd_families/CIDDEZ/CIDDEZ01.cif,15,0.005516973324120045,15,0.015166646274462485,full,False
tests/data/csd_families/CIDDEZ/CIDDEZ.cif,tests/data/csd_families/CIDDEZ/CIDDEZ02.cif,15,0.0047457097098231316,15,0.11227418374916052,full,False
tests/data/csd_families/CIDDEZ/CIDDEZ.cif,tests/data/csd_families/CIDDEZ/CIDDEZ03.cif,15,0.004721011035144329,15,0.10454096319612266,full,False
tests/data/csd_families/CIDDEZ/CIDDEZ01.cif,tests/data/csd_families/CIDDEZ/CIDDEZ02.cif,15,0.004752039909362793,15,0.10654915107502065,full,False
tests/data/csd_families/CIDDEZ/CIDDEZ01.cif,tests/data/csd_families/CIDDEZ/CIDDEZ03.cif,15,0.00430995412170887,15,0.0990756497572226,full,False
tests/data/csd_families/CIDDEZ/CIDDEZ02.cif,tests/data/csd_families/CIDDEZ/CIDDEZ03.cif,15,0.0047127800062298775,15,0.010449504346217563,full,False
tests/data/csd_families/CYOCPD/CYOCPD.cif,tests/data/csd_families/CYOCPD/CYOCPD04.cif,15,0.004501857794821262,15,0.17923848774034068,full,False
tests/data/csd_families/FUJXEO/FUJXEO.cif,tests/data/csd_families/FUJXEO/FUJXEO01.cif,15,0.006172621622681618,15,0.04029161196414057,full,False
tests/data/csd_families/FUJXEO/FUJXEO.cif,tests/data/csd_families/FUJXEO/FUJXEO02.cif,15,0.00540356058627367,15,0.011484629498314814,full,True
tests/data/csd_families/FUJXEO/FUJXEO01.cif,tests/data/csd_families/FUJXEO/FUJXEO02.cif,15,0.005439380183815956,15,0.04125970674297555,full,False
tests/data/csd_families/JIRRIL/JIRRIL.cif,tests/data/csd_families/JIRRIL/JIRRIL01.cif,15,0.01417522132396698,15,0.22001560378425117,full,False
tests/data/csd_families/JIRRIL/JIRRIL.cif,tests/data/csd_families/JIRRIL/JIRRIL03.cif,15,0.011180526576936245,15,0.2728828684637247,full,False
tests/data/csd_families/JIRRIL/JIRRIL01.cif,tests/data/csd_families/JIRRIL/JIRRIL03.cif,15,0.010245012119412422,15,0.08059446533620067,full,False
tests/data/csd_families/NIRJAA/NIRJAA.cif,tests/data/csd_families/NIRJAA/NIRJAA02.cif,15,0.0048365518450737,15,0.25579117757334907,full,False
tests/data/csd_families/NIRJAA/NIRJAA.cif,tests/data/csd_families/NIRJAA/NIRJAA03.cif,15,0.0034689707681536674,15,0.3305466589566486,full,True
tests/data/csd_families/NIRJAA/NIRJAA.cif,tests/data/csd_families/NIRJAA/NIRJAA04.cif,15,0.0036505553871393204,15,0.40647586680414854,full,True
tests/data/csd_families/NIRJAA/NIRJAA.cif,tests/data/csd_families/NIRJAA/NIRJAA05.cif,15,0.003678363747894764,15,0.4963755590280444,full,False
tests/data/csd_families/NIRJAA/NIRJAA02.cif,tests/data/csd_families/NIRJAA/NIRJAA03.cif,15,0.003770136274397373,15,0.07720785100427595,full,True
tests/data/csd_families/NIRJAA/NIRJAA02.cif,tests/data/csd_families/NIRJAA/NIRJAA04.cif,15,0.0029699746519327164,15,0.15469490937175673,full,True
tests/data/csd_families/NIRJAA/NIRJAA02.cif,tests/data/csd_families/NIRJAA/NIRJAA05.cif,15,0.0029988158494234085,15,0.2457618826633101,full,False
tests/data/csd_families/NIRJAA/NIRJAA03.cif,tests/data/csd_families/NIRJAA/NIRJAA04.cif,15,0.003593803383409977,15,0.078839101757314,full,False
tests/data/csd_families/NIRJAA/NIRJAA03.cif,tests/data/csd_families/NIRJAA/NIRJAA05.cif,15,0.0030005350708961487,15,0.16998541506624262,full,True
tests/data/csd_families/NIRJAA/NIRJAA04.cif,tests/data/csd_families/NIRJAA/NIRJAA05.cif,15,0.003572803921997547,15,0.09643247792092675,full,True
tests/data/csd_families/RIRMAH/RIRMAH.cif,tests/data/csd_families/RIRMAH/RIRMAH01.cif,15,0.0060554491356015205,15,0.02221364123247738,full,True
tests/data/csd_families/RIRMAH/RIRMAH.cif,tests/data/csd_families/RIRMAH/RIRMAH02.cif,15,0.005467982031404972,15,0.08664841204027945,full,True
tests/data/csd_families/RIRMAH/RIRMAH01.cif,tests/data/csd_families/RIRMAH/RIRMAH02.cif,15,0.005489732138812542,15,0.07719994026950351,full,False
tests/data/csd_families/THGUAN/THGUAN10.cif,tests/data/csd_families/THGUAN/THGUAN11.cif,15,0.005959419533610344,15,0.05631506482455432,full,False
tests/data/csd_families/THGUAN/THGUAN10.cif,tests/data/csd_families/THGUAN/THGUAN12.cif,15,0.004935563541948795,15,0.048003097249213394,full,True
tests/data/csd_families/THGUAN/THGUAN11.cif,tests/data/csd_families/THGUAN/THGUAN12.cif,15,0.005025715567171574,15,0.02527333112887877,full,True
tests/data/csd_families/WAMJIH/WAMJIH.cif,tests/data/csd_families/WAMJIH/WAMJIH01.cif,15,0.013187036849558353,1,0.11344279381514205,failed,False
tests/data/csd_families/WAMJIH/WAMJIH.cif,tests/data/csd_families/WAMJIH/WAMJIH03.cif,15,0.01124515663832426,1,0.11346378287140721,failed,True
tests/data/csd_families/WAMJIH/WAMJIH.cif,tests/data/csd_families/WAMJIH/WAMJIH04.cif,15,0.01171251479536295,1,0.10417375433428054,failed,True
tests/data/csd_families/TEJKUO/TEJKUO01.cif,tests/data/csd_families/TEJKUO/TEJKUO04.cif,15,1.125037670135498e-05,0,nan,failed,False
tests/data/csd_families/TEJKUO/TEJKUO03.cif,tests/data/csd_families/TEJKUO/TEJKUO04.cif,15,5.7192519307136536e-06,0,nan,failed,False
tests/data/csd_families/TEJKUO/TEJKUO04.cif,tests/data/csd_families/TEJKUO/TEJKUO05.cif,15,4.180707037448883e-06,0,nan,failed,False
tests/data/csd_families/OFESAL/OFESAL.cif,tests/data/csd_families/OFESAL/OFESAL01.cif,15,0.007177085615694523,0,nan,failed,False
tests/data/csd_families/OFESAL/OFESAL.cif,tests/data/csd_families/OFESAL/OFESAL02.cif,15,0.006271633319556713,0,nan,failed,False
tests/data/csd_families/OFESAL/OFESAL.cif,tests/data/csd_families/OFESAL/OFESAL03.cif,15,0.006004138849675655,0,nan,failed,False
tests/data/csd_families/OFESAL/OFESAL.cif,tests/data/csd_families/OFESAL/OFESAL04.cif,15,0.006421825848519802,0,nan,failed,False
tests/data/csd_families/OFESAL/OFESAL01.cif,tests/data/csd_families/OFESAL/OFESAL02.cif,15,0.010234522633254528,15,0.017939918857316807,full,False
tests/data/csd_families/OFESAL/OFESAL01.cif,tests/data/csd_families/OFESAL/OFESAL03.cif,15,0.00911206565797329,15,0.018749393189458088,full,False
tests/data/csd_families/OFESAL/OFESAL01.cif,tests/data/csd_families/OFESAL/OFESAL04.cif,15,0.008709658868610859,15,0.07608549428798987,full,False
tests/data/csd_families/OFESAL/OFESAL02.cif,tests/data/csd_families/OFESAL/OFESAL03.cif,15,0.009862447157502174,15,0.0123126885057047,full,False
tests/data/csd_families/OFESAL/OFESAL02.cif,tests/data/csd_families/OFESAL/OFESAL04.cif,15,0.009172637015581131,15,0.07545961714365823,full,False
tests/data/csd_families/OFESAL/OFESAL03.cif,tests/data/csd_families/OFESAL/OFESAL04.cif,15,0.010339554399251938,15,0.0760956469757769,full,False
tests/data/csd_families/QAHVIE/QAHVIE.cif,tests/data/csd_families/QAHVIE/QAHVIE01.cif,15,0.0077706556767225266,1,0.3109601932091524,failed,True
tests/data/csd_families/QAHVIE/QAHVIE.cif,tests/data/csd_families/QAHVIE/QAHVIE12.cif,15,0.011369898915290833,15,0.041040829649637456,full,False
tests/data/csd_families/QAHVIE/QAHVIE.cif,tests/data/csd_families/QAHVIE/QAHVIE13.cif,15,0.011600542813539505,15,0.07747780174424976,full,False
tests/data/csd_families/QAHVIE/QAHVIE.cif,tests/data/csd_families/QAHVIE/QAHVIE14.cif,15,0.011666703969240189,15,0.21461444116050968,full,False
tests/data/csd_families/QAHVIE/QAHVIE01.cif,tests/data/csd_families/QAHVIE/QAHVIE12.cif,15,0.006993004120886326,1,0.3062199938934748,failed,False
tests/data/csd_families/QAHVIE/QAHVIE01.cif,tests/data/csd_families/QAHVIE/QAHVIE13.cif,15,0.005968499928712845,1,0.3106270463382674,failed,True
tests/data/csd_families/QAHVIE/QAHVIE01.cif,tests/data/csd_families/QAHVIE/QAHVIE14.cif,15,0.005827896296977997,1,0.3592305119614358,failed,False
tests/data/csd_families/QAHVIE/QAHVIE12.cif,tests/data/csd_families/QAHVIE/QAHVIE13.cif,15,0.012046070769429207,15,0.05408065077221035,full,True
tests/data/csd_families/QAHVIE/QAHVIE12.cif,tests/data/csd_families/QAHVIE/QAHVIE14.cif,15,0.011202607303857803,15,0.2051934453445491,full,True
tests/data/csd_families/QAHVIE/QAHVIE13.cif,tests/data/csd_families/QAHVIE/QAHVIE14.cif,15,0.012057188898324966,15,0.15592241709826743,full,False
tests/data/csd_families/CIKLOZ/CIKLOZ.cif,tests/data/csd_families/CIKLOZ/CIKLOZ01.cif,15,0.009780734777450562,15,0.015124344217927877,full,False
tests/data/csd_families/CIKLOZ/CIKLOZ.cif,tests/data/csd_families/CIKLOZ/CIKLOZ02.cif,15,0.008292153477668762,15,0.05358955777857458,full,False
tests/data/csd_families/CIKLOZ/CIKLOZ.cif,tests/data/csd_families/CIKLOZ/CIKLOZ03.cif,15,0.00830320455133915,15,0.07484825378471328,full,False
tests/data/csd_families/CIKLOZ/CIKLOZ.cif,tests/data/csd_families/CIKLOZ/CIKLOZ04.cif,15,0.008321903645992279,15,0.09426064214257765,full,False
tests/data/csd_families/CIKLOZ/CIKLOZ01.cif,tests/data/csd_families/CIKLOZ/CIKLOZ02.cif,15,0.008967163041234016,15,0.040170555336860675,full,False
tests/data/csd_families/CIKLOZ/CIKLOZ01.cif,tests/data/csd_families/CIKLOZ/CIKLOZ03.cif,15,0.00787130743265152,15,0.061315185725054434,full,False
tests/data/csd_families/CIKLOZ/CIKLOZ01.cif,tests/data/csd_families/CIKLOZ/CIKLOZ04.cif,15,0.007858986966311932,15,0.08066464365372669,full,False
tests/data/csd_families/CIKLOZ/CIKLOZ02.cif,tests/data/csd_families/CIKLOZ/CIKLOZ03.cif,15,0.00896386243402958,15,0.021842223625211432,full,False
tests/data/csd_families/CIKLOZ/CIKLOZ02.cif,tests/data/csd_families/CIKLOZ/CIKLOZ04.cif,15,0.007881617173552513,15,0.04152278377230683,full,False
tests/data/csd_families/CIKLOZ/CIKLOZ03.cif,tests/data/csd_families/CIKLOZ/CIKLOZ04.cif,15,0.008961453102529049,15,0.01988566234120429,full,False
tests/data/csd_families/TEYDAC/TEYDAC05.cif,tests/data/csd_families/TEYDAC/TEYDAC06.cif,15,0.0037429053336381912,1,0.42516165587824645,failed,False
tests/data/csd_families/LABSEM/LABSEM.cif,tests/data/csd_families/LABSEM/LABSEM04.cif,15,0.0029310937970876694,4,0.5211545212796924,failed,False
tests/data/csd_families/LABSEM/LABSEM01.cif,tests/data/csd_families/LABSEM/LABSEM04.cif,15,0.0027010291814804077,4,0.5207327206266954,failed,True
tests/data/csd_families/LABSEM/LABSEM02.cif,tests/data/csd_families/LABSEM/LABSEM04.cif,15,0.0030280761420726776,4,0.518331801428286,failed,True
tests/data/csd_families/PDHTEZ/PDHTEZ.cif,tests/data/csd_families/PDHTEZ/PDHTEZ01.cif,15,0.005438449792563915,1,0.24372209099806716,failed,False
tests/data/csd_families/PDHTEZ/PDHTEZ01.cif,tests/data/csd_families/PDHTEZ/PDHTEZ02.cif,15,0.004958273842930794,1,0.24320691939742625,failed,True
tests/data/csd_families/PDHTEZ/PDHTEZ01.cif,tests/data/csd_families/PDHTEZ/PDHTEZ03.cif,15,0.004423035308718681,1,0.24181750271267033,failed,False
tests/data/csd_families/PDHTEZ/PDHTEZ01.cif,tests/data/csd_families/PDHTEZ/PDHTEZ04.cif,15,0.0044345855712890625,1,0.24353781230286897,failed,False
tests/data/csd_families/TEYDAC/TEYDAC.cif,tests/data/csd_families/TEYDAC/TEYDAC05.cif,15,0.004657219164073467,1,0.42592387614858923,failed,False
tests/data/experimental/ROY/QAXMEH24.cif,tests/data/experimental/ROY/QAXMEH26.cif,15,0.00229809433221817,1,0.32839715665614677,failed,True
tests/data/experimental/ROY/QAXMEH24.cif,tests/data/experimental/ROY/QAXMEH28.cif,15,0.0018865382298827171,1,0.7624562611918408,failed,False
tests/data/experimental/ROY/QAXMEH24.cif,tests/data/experimental/ROY/Y04.cif,15,0.0018398882821202278,1,0.34636048101206607,failed,False
tests/data/experimental/ROY/QAXMEH26.cif,tests/data/experimental/ROY/QAXMEH27.cif,15,0.002372775226831436,1,0.2031923755074181,failed,True
tests/data/experimental/ROY/QAXMEH26.cif,tests/data/experimental/ROY/QAXMEH90_O22.cif,15,0.002735340967774391,2,0.37821573367422234,failed,False
tests/data/experimental/ROY/QAXMEH26.cif,tests/data/experimental/ROY/ROY_PO13.cif,15,0.0021351920440793037,0,nan,failed,False
tests/data/experimental/ROY/QAXMEH26.cif,tests/data/experimental/ROY/ROY_R05.cif,15,0.005721664987504482,1,0.19718098640685386,failed,False
tests/data/experimental/ROY/QAXMEH26.cif,tests/data/experimental/ROY/ROY_Y19.cif,15,0.002189203165471554,1,0.44352073590653873,failed,True
tests/data/experimental/ROY/QAXMEH26.cif,tests/data/experimental/ROY/ROY_Y_ambient.cif,15,0.0021665021777153015,0,nan,failed,False
tests/data/experimental/ROY/QAXMEH26.cif,tests/data/experimental/ROY/YT04.cif,15,0.001928059384226799,0,nan,failed,False
tests/data/experimental/ROY/QAXMEH26.cif,tests/data/experimental/ROY/mrp180010_fa.cif,15,0.0035839034244418144,1,0.6511826116380479,failed,False
tests/data/experimental/ROY/QAXMEH27.cif,tests/data/experimental/ROY/QAXMEH28.cif,15,0.0020406609401106834,2,0.9122316860628638,failed,False
tests/data/experimental/ROY/QAXMEH27.cif,tests/data/experimental/ROY/Y04.cif,15,0.0019744187593460083,1,0.4604326148325814,failed,False
tests/data/experimental/ROY/QAXMEH28.cif,tests/data/experimental/ROY/QAXMEH90_O22.cif,15,0.0021031610667705536,1,0.7547727481449648,failed,True
tests/data/experimental/ROY/QAXMEH28.cif,tests/data/experimental/ROY/ROY_PO13.cif,15,0.002524297684431076,3,0.48129047118393503,failed,True
tests/data/experimental/ROY/QAXMEH28.cif,tests/data/experimental/ROY/ROY_R05.cif,15,0.0035647423937916756,1,0.8734198187698119,failed,False
tests/data/experimental/ROY/QAXMEH28.cif,tests/data/experimental/ROY/ROY_Y19.cif,15,0.002177623100578785,1,0.6653702060045035,failed,False
tests/data/experimental/ROY/QAXMEH28.cif,tests/data/experimental/ROY/ROY_Y_ambient.cif,15,0.0025223474949598312,3,0.12489885355523352,failed,True
tests/data/experimental/ROY/QAXMEH28.cif,tests/data/experimental/ROY/YT04.cif,15,0.002137521281838417,3,0.27961818671300503,failed,False
tests/data/experimental/ROY/QAXMEH28.cif,tests/data/experimental/ROY/mrp180010_fa.cif,15,0.0035844827070832253,0,nan,failed,False
tests/data/experimental/ROY/QAXMEH90_O22.cif,tests/data/experimental/ROY/Y04.cif,15,0.002372785471379757,3,0.5435006558728777,failed,True
tests/data/experimental/ROY/ROY_PO13.cif,tests/data/experimental/ROY/Y04.cif,15,0.0020712511613965034,1,0.6490307222579818,failed,True
tests/data/experimental/ROY/ROY_R05.cif,tests/data/experimental/ROY/Y04.cif,15,0.003997710533440113,1,0.46975467224995143,failed,False
tests/data/experimental/ROY/ROY_Y19.cif,tests/data/experimental/ROY/Y04.cif,15,0.00223702285438776,1,0.24975378663561992,failed,False
tests/data/experimental/ROY/ROY_Y_ambient.cif,tests/data/experimental/ROY/Y04.cif,15,0.002081991173326969,3,0.44862329252064304,failed,True
tests/data/experimental/ROY/Y04.cif,tests/data/experimental/ROY/YT04.cif,15,0.00261898897588253,2,0.49222425637160816,failed,False
tests/data/experimental/ROY/Y04.cif,tests/data/experimental/ROY/mrp180010_fa.cif,15,0.003590344451367855,0,nan,failed,False
tests/data/csd_families/AMBNAC/AMBNAC.cif,tests/data/csd_families/AMBNAC/AMBNAC04.cif,15,0.00397568941116333,15,0.04128587451041501,full,False
tests/data/csd_families/MATRNO/MATRNO.cif,tests/data/csd_families/MATRNO/MATRNO02.cif,15,0.006187661550939083,15,0.025759148028478337,full,False
tests/data/csd_families/METHYM/METHYM.cif,tests/data/csd_families/METHYM/METHYM01.cif,15,0.0038755685091018677,15,0.011035321614551591,full,False
tests/data/csd_families/METHYM/METHYM.cif,tests/data/csd_families/METHYM/METHYM03.cif,15,0.0032544489949941635,15,0.1234691326638421,full,True
tests/data/csd_families/METHYM/METHYM.cif,tests/data/csd_families/METHYM/METHYM04.cif,15,0.0032394379377365112,15,0.1309199683418066,full,True
tests/data/csd_families/METHYM/METHYM01.cif,tests/data/csd_families/METHYM/METHYM03.cif,15,0.0032909587025642395,15,0.11831739271382176,full,True
tests/data/csd_families/METHYM/METHYM01.cif,tests/data/csd_families/METHYM/METHYM04.cif,15,0.0029522236436605453,15,0.12559144193068986,full,True
tests/data/csd_families/METHYM/METHYM03.cif,tests/data/csd_families/METHYM/METHYM04.cif,15,0.003186057321727276,15,0.019542746609383748,full,False
tests/data/csd_families/SEDTUQ/SEDTUQ.cif,tests/data/csd_families/SEDTUQ/SEDTUQ01.cif,15,0.005111517384648323,15,0.031385572186973465,full,True
tests/data/csd_families/SEDTUQ/SEDTUQ.cif,tests/data/csd_families/SEDTUQ/SEDTUQ02.cif,15,0.004648859612643719,15,0.029741742810361804,full,False
tests/data/csd_families/SEDTUQ/SEDTUQ.cif,tests/data/csd_families/SEDTUQ/SEDTUQ03.cif,15,0.0045604584738612175,15,0.035330138053016165,full,True
tests/data/csd_families/SEDTUQ/SEDTUQ.cif,tests/data/csd_families/SEDTUQ/SEDTUQ04.cif,15,0.004587087780237198,15,0.04464700240498765,full,False
tests/data/csd_families/SEDTUQ/SEDTUQ01.cif,tests/data/csd_families/SEDTUQ/SEDTUQ02.cif,15,0.004686458967626095,15,0.04798410826778959,full,True
tests/data/csd_families/SEDTUQ/SEDTUQ01.cif,tests/data/csd_families/SEDTUQ/SEDTUQ03.cif,15,0.004241082817316055,15,0.02901294991693635,full,False
tests/data/csd_families/SEDTUQ/SEDTUQ01.cif,tests/data/csd_families/SEDTUQ/SEDTUQ04.cif,15,0.004156331531703472,15,0.028251438273799372,full,True
tests/data/csd_families/SEDTUQ/SEDTUQ02.cif,tests/data/csd_families/SEDTUQ/SEDTUQ03.cif,15,0.0045797694474458694,15,0.031875519788212535,full,True
tests/data/csd_families/SEDTUQ/SEDTUQ02.cif,tests/data/csd_families/SEDTUQ/SEDTUQ04.cif,15,0.004233493469655514,15,0.046039612631780094,full,False
tests/data/csd_families/SEDTUQ/SEDTUQ03.cif,tests/data/csd_families/SEDTUQ/SEDTUQ04.cif,15,0.00456983782351017,15,0.01441304918516775,full,True
tests/data/csd_families/XYLTOL/XYLTOL.cif,tests/data/csd_families/XYLTOL/XYLTOL01.cif,15,0.006704379804432392,15,0.035923437197541375,full,False
tests/data/csd_families/XYLTOL/XYLTOL.cif,tests/data/csd_families/XYLTOL/XYLTOL02.cif,15,0.006080560386180878,15,0.036535354317251495,full,False
tests/data/csd_families/XYLTOL/XYLTOL.cif,tests/data/csd_families/XYLTOL/XYLTOL03.cif,15,0.006078450009226799,15,0.03346215859144761,full,False
tests/data/csd_families/XYLTOL/XYLTOL.cif,tests/data/csd_families/XYLTOL/XYLTOL04.cif,15,0.006046620197594166,15,0.033505203127475076,full,False
tests/data/csd_families/XYLTOL/XYLTOL01.cif,tests/data/csd_families/XYLTOL/XYLTOL02.cif,15,0.006082721054553986,15,0.004712762660583318,full,False
tests/data/csd_families/XYLTOL/XYLTOL01.cif,tests/data/csd_families/XYLTOL/XYLTOL03.cif,15,0.0057122549042105675,15,0.0050198943189943435,full,False
tests/data/csd_families/XYLTOL/XYLTOL01.cif,tests/data/csd_families/XYLTOL/XYLTOL04.cif,15,0.005729426629841328,15,0.005045946809014946,full,False
tests/data/csd_families/XYLTOL/XYLTOL02.cif,tests/data/csd_families/XYLTOL/XYLTOL03.cif,15,0.006056849844753742,15,0.003515548351263188,full,False
tests/data/csd_families/XYLTOL/XYLTOL02.cif,tests/data/csd_families/XYLTOL/XYLTOL04.cif,15,0.005714804865419865,15,0.003477085773110532,full,False
tests/data/csd_families/XYLTOL/XYLTOL03.cif,tests/data/csd_families/XYLTOL/XYLTOL04.cif,15,0.0060704611241817474,15,0.001019186180244246,full,False
tests/data/csd_families/ZEYRII/ZEYRII.cif,tests/data/csd_families/ZEYRII/ZEYRII01.cif,15,0.004287133924663067,15,0.005817179483849416,full,False
tests/data/csd_families/ZEYRII/ZEYRII.cif,tests/data/csd_families/ZEYRII/ZEYRII02.cif,15,0.0034853313118219376,15,0.012153563580385324,full,False
tests/data/csd_families/ZEYRII/ZEYRII.cif,tests/data/csd_families/ZEYRII/ZEYRII03.cif,15,0.0034967316314578056,15,0.01686844447390629,full,False
tests/data/csd_families/ZEYRII/ZEYRII.cif,tests/data/csd_families/ZEYRII/ZEYRII04.cif,15,0.003497682511806488,15,0.02649965251586454,full,True
tests/data/csd_families/ZEYRII/ZEYRII01.cif,tests/data/csd_families/ZEYRII/ZEYRII02.cif,15,0.003527391701936722,15,0.006891056810335175,full,False
tests/data/csd_families/ZEYRII/ZEYRII01.cif,tests/data/csd_families/ZEYRII/ZEYRII03.cif,15,0.0030942559242248535,15,0.01146425063363087,full,False
tests/data/csd_families/ZEYRII/ZEYRII01.cif,tests/data/csd_families/ZEYRII/ZEYRII04.cif,15,0.0031065167859196663,15,0.02186956117445319,full,True
tests/data/csd_families/ZEYRII/ZEYRII02.cif,tests/data/csd_families/ZEYRII/ZEYRII03.cif,15,0.0035137319937348366,15,0.005285791842192924,full,False
tests/data/csd_families/ZEYRII/ZEYRII02.cif,tests/data/csd_families/ZEYRII/ZEYRII04.cif,15,0.0030881064012646675,15,0.015744696500821213,full,True
tests/data/csd_families/ZEYRII/ZEYRII03.cif,tests/data/csd_families/ZEYRII/ZEYRII04.cif,15,0.0035398127511143684,15,0.013298124979859402,full,True
tests/data/csd_families/HAWGAO/HAWGAO.cif,tests/data/csd_families/HAWGAO/HAWGAO01.cif,15,0.012383924797177315,15,0.0786285789987048,full,False
tests/data/csd_families/HAWGAO/HAWGAO.cif,tests/data/csd_families/HAWGAO/HAWGAO02.cif,15,0.011255376972258091,15,0.12412132014838252,full,False
tests/data/csd_families/HAWGAO/HAWGAO.cif,tests/data/csd_families/HAWGAO/HAWGAO03.cif,15,0.011302678845822811,15,0.015685281794057118,full,False
tests/data/csd_families/HAWGAO/HAWGAO01.cif,tests/data/csd_families/HAWGAO/HAWGAO02.cif,15,0.01166240219026804,15,0.20114758783104725,full,False
tests/data/csd_families/HAWGAO/HAWGAO01.cif,tests/data/csd_families/HAWGAO/HAWGAO03.cif,15,0.010848721489310265,15,0.08957418484225953,full,False
tests/data/csd_families/HAWGAO/HAWGAO02.cif,tests/data/csd_families/HAWGAO/HAWGAO03.cif,15,0.011675763875246048,15,0.11522533091328925,full,False
tests/data/csd_families/NIDCAR/NIDCAR.cif,tests/data/csd_families/NIDCAR/NIDCAR03.cif,15,0.006846151314675808,3,0.1721377339870926,failed,True
tests/data/csd_families/NIDCAR/NIDCAR03.cif,tests/data/csd_families/NIDCAR/NIDCAR04.cif,15,0.006234363652765751,3,0.17323805868297576,failed,True
tests/data/csd_families/NIDCAR/NIDCAR03.cif,tests/data/csd_families/NIDCAR/NIDCAR05.cif,15,0.0055986437946558,3,0.2700876437769432,failed,False
tests/data/csd_families/NIDCAR/NIDCAR03.cif,tests/data/csd_families/NIDCAR/NIDCAR06.cif,15,0.005604622885584831,3,0.30855770481181455,failed,False
tests/data/csd_families/TUXFIC/TUXFIC.cif,tests/data/csd_families/TUXFIC/TUXFIC01.cif,15,0.010079960338771343,15,0.10596878270556924,full,True
tests/data/csd_families/TUXFIC/TUXFIC01.cif,tests/data/csd_families/TUXFIC/TUXFIC02.cif,15,0.010285601951181889,15,0.029678984858751315,full,False
tests/data/csd_families/TUXFIC/TUXFIC01.cif,tests/data/csd_families/TUXFIC/TUXFIC03.cif,15,0.009684124030172825,15,0.031141749347057143,full,False
tests/data/csd_families/KIZXAW/KIZXAW.cif,tests/data/csd_families/KIZXAW/KIZXAW01.cif,15,0.009665103629231453,15,0.043653026205784644,full,True
tests/data/csd_families/KIZXAW/KIZXAW.cif,tests/data/csd_families/KIZXAW/KIZXAW03.cif,15,0.007219318300485611,15,0.039315095195472854,full,True
tests/data/csd_families/KIZXAW/KIZXAW01.cif,tests/data/csd_families/KIZXAW/KIZXAW03.cif,15,0.008632497861981392,15,0.013153603441851531,full,False
tests/data/csd_families/ANLINB/ANLINB.cif,tests/data/csd_families/ANLINB/ANLINB05.cif,15,0.006654698401689529,15,0.49231144275412486,full,False
tests/data/csd_families/ANLINB/ANLINB02.cif,tests/data/csd_families/ANLINB/ANLINB05.cif,15,0.0070031145587563515,15,0.501316118355449,full,False
tests/data/csd_families/ANLINB/ANLINB03.cif,tests/data/csd_families/ANLINB/ANLINB05.cif,15,0.00634885486215353,15,0.49184181733216814,full,True
tests/data/csd_families/ANLINB/ANLINB04.cif,tests/data/csd_families/ANLINB/ANLINB05.cif,15,0.006722060032188892,15,0.4902063463687334,full,True
tests/data/csd_families/AQACNI/AQACNI.cif,tests/data/csd_families/AQACNI/AQACNI01.cif,15,0.013159705325961113,15,0.14616902667400755,full,False
tests/data/csd_families/AQACNI/AQACNI.cif,tests/data/csd_families/AQACNI/AQACNI04.cif,15,0.0131387859582901,15,0.1513989360421183,full,False
tests/data/csd_families/AQACNI/AQACNI01.cif,tests/data/csd_families/AQACNI/AQACNI04.cif,15,0.009719754569232464,15,0.01590248484407703,full,False
tests/data/csd_families/AWAKIS/AWAKIS.cif,tests/data/csd_families/AWAKIS/AWAKIS02.cif,15,0.005367469973862171,15,0.16468707424364187,full,False
tests/data/csd_families/AWAKIS/AWAKIS.cif,tests/data/csd_families/AWAKIS/AWAKIS03.cif,15,0.004624169319868088,15,0.2693437613971538,full,True
tests/data/csd_families/AWAKIS/AWAKIS.cif,tests/data/csd_families/AWAKIS/AWAKIS04.cif,15,0.009032313711941242,15,0.3163458914275887,full,False
tests/data/csd_families/AWAKIS/AWAKIS01.cif,tests/data/csd_families/AWAKIS/AWAKIS02.cif,15,0.005299689248204231,15,0.16217971241046603,full,True
tests/data/csd_families/AWAKIS/AWAKIS01.cif,tests/data/csd_families/AWAKIS/AWAKIS03.cif,15,0.004628178663551807,15,0.26820707181533265,full,True
tests/data/csd_families/AWAKIS/AWAKIS01.cif,tests/data/csd_families/AWAKIS/AWAKIS04.cif,15,0.009054235182702541,15,0.3155120947570039,full,True
tests/data/csd_families/BENZAC/BENZAC.cif,tests/data/csd_families/BENZAC/BENZAC01.cif,15,0.00564570352435112,15,0.05680059778220627,full,True
tests/data/csd_families/BENZAC/BENZAC.cif,tests/data/csd_families/BENZAC/BENZAC02.cif,15,0.004836902022361755,15,0.06259310586159553,full,False
tests/data/csd_families/BENZAC/BENZAC.cif,tests/data/csd_families/BENZAC/BENZAC07.cif,15,0.004895772784948349,15,0.15690057348389838,full,False
tests/data/csd_families/BENZAC/BENZAC.cif,tests/data/csd_families/BENZAC/BENZAC08.cif,15,0.0048982324078679085,15,0.14257976504675707,full,False
tests/data/csd_families/BENZAC/BENZAC01.cif,tests/data/csd_families/BENZAC/BENZAC02.cif,15,0.004904143512248993,15,0.023569316254073436,full,True
tests/data/csd_families/BENZAC/BENZAC01.cif,tests/data/csd_families/BENZAC/BENZAC07.cif,15,0.0043820543214678764,15,0.15075607820929493,full,True
tests/data/csd_families/BENZAC/BENZAC01.cif,tests/data/csd_families/BENZAC/BENZAC08.cif,15,0.004395364783704281,15,0.1354801070951076,full,True
tests/data/csd_families/BENZAC/BENZAC02.cif,tests/data/csd_families/BENZAC/BENZAC07.cif,15,0.004767321981489658,15,0.1362801575054233,full,False
tests/data/csd_families/BENZAC/BENZAC02.cif,tests/data/csd_families/BENZAC/BENZAC08.cif,15,0.004452216438949108,15,0.12133752462693051,full,False
tests/data/csd_families/BENZAC/BENZAC07.cif,tests/data/csd_families/BENZAC/BENZAC08.cif,15,0.004724050872027874,15,0.01735745858824278,full,False
tests/data/csd_families/FIWFOH/FIWFOH.cif,tests/data/csd_families/FIWFOH/FIWFOH01.cif,15,0.004712938331067562,15,0.14129638347454446,full,False
tests/data/csd_families/FIWFOH/FIWFOH.cif,tests/data/csd_families/FIWFOH/FIWFOH02.cif,15,0.003983519971370697,15,0.01890411091437024,full,False
tests/data/csd_families/FIWFOH/FIWFOH.cif,tests/data/csd_families/FIWFOH/FIWFOH03.cif,15,0.003983498550951481,15,0.1381807519961916,full,True
tests/data/csd_families/FIWFOH/FIWFOH.cif,tests/data/csd_families/FIWFOH/FIWFOH04.cif,15,0.003967440687119961,15,0.14307770785145815,full,True
tests/data/csd_families/FIWFOH/FIWFOH01.cif,tests/data/csd_families/FIWFOH/FIWFOH02.cif,15,0.003982448950409889,15,0.15895939920204716,full,False
tests/data/csd_families/FIWFOH/FIWFOH01.cif,tests/data/csd_families/FIWFOH/FIWFOH03.cif,15,0.0035302136093378067,15,0.010654189766852824,full,True
tests/data/csd_families/FIWFOH/FIWFOH01.cif,tests/data/csd_families/FIWFOH/FIWFOH04.cif,15,0.003478030674159527,15,0.006002656621518804,full,True
tests/data/csd_families/FIWFOH/FIWFOH02.cif,tests/data/csd_families/FIWFOH/FIWFOH03.cif,15,0.0039247386157512665,15,0.15561292818225356,full,True
tests/data/csd_families/FIWFOH/FIWFOH02.cif,tests/data/csd_families/FIWFOH/FIWFOH04.cif,15,0.0035372935235500336,15,0.16093542651120918,full,True
tests/data/csd_families/FIWFOH/FIWFOH03.cif,tests/data/csd_families/FIWFOH/FIWFOH04.cif,15,0.0038775885477662086,15,0.013590315505039965,full,False
tests/data/csd_families/TEJKUO/TEJKUO.cif,tests/data/csd_families/TEJKUO/TEJKUO01.cif,15,0.010218622162938118,15,0.39738549364764836,full,False
tests/data/csd_families/TEJKUO/TEJKUO.cif,tests/data/csd_families/TEJKUO/TEJKUO03.cif,15,0.008253932930529118,12,0.1667601333303891,partial,False
tests/data/csd_families/TEJKUO/TEJKUO.cif,tests/data/csd_families/TEJKUO/TEJKUO05.cif,15,0.00866634864360094,12,0.176413815636095,partial,False
tests/data/csd_families/VIPJUA/VIPJUA.cif,tests/data/csd_families/VIPJUA/VIPJUA01.cif,15,0.009021284058690071,15,0.20607078840454954,full,False
tests/data/csd_families/VIPJUA/VIPJUA.cif,tests/data/csd_families/VIPJUA/VIPJUA04.cif,15,0.007899927906692028,15,0.0977538628685598,full,True
tests/data/csd_families/VIPJUA/VIPJUA01.cif,tests/data/csd_families/VIPJUA/VIPJUA04.cif,15,0.008634768426418304,15,0.13643566617213454,full,True
tests/data/csd_families/HOGBUD/HOGBUD.cif,tests/data/csd_families/HOGBUD/HOGBUD01.cif,15,0.010282573290169239,11,0.12227121333101244,partial,False
tests/data/csd_families/HOGBUD/HOGBUD.cif,tests/data/csd_families/HOGBUD/HOGBUD02.cif,15,0.008426415733993053,11,0.14610615210528727,partial,False
tests/data/csd_families/HOGBUD/HOGBUD.cif,tests/data/csd_families/HOGBUD/HOGBUD03.cif,15,0.008565876632928848,11,0.18126912969938702,partial,False
tests/data/csd_families/HOGBUD/HOGBUD.cif,tests/data/csd_families/HOGBUD/HOGBUD04.cif,15,0.008487166836857796,11,0.21605232500242338,partial,False
tests/data/csd_families/HOGBUD/HOGBUD01.cif,tests/data/csd_families/HOGBUD/HOGBUD02.cif,15,0.018140519969165325,15,0.07457050168879643,full,False
tests/data/csd_families/HOGBUD/HOGBUD01.cif,tests/data/csd_families/HOGBUD/HOGBUD03.cif,15,0.01640571467578411,15,0.11128041622865022,full,False
tests/data/csd_families/HOGBUD/HOGBUD01.cif,tests/data/csd_families/HOGBUD/HOGBUD04.cif,15,0.01644266489893198,15,0.1664558484846196,full,False
tests/data/csd_families/HOGBUD/HOGBUD02.cif,tests/data/csd_families/HOGBUD/HOGBUD03.cif,15,0.017999977804720402,15,0.05125277847982388,full,False
tests/data/csd_families/HOGBUD/HOGBUD02.cif,tests/data/csd_families/HOGBUD/HOGBUD04.cif,15,0.016369914636015892,15,0.10192225076915466,full,False
tests/data/csd_families/HOGBUD/HOGBUD03.cif,tests/data/csd_families/HOGBUD/HOGBUD04.cif,15,0.01799506787210703,15,0.06739600006868814,full,False
tests/data/csd_families/TAPYEP/TAPYEP.cif,tests/data/csd_families/TAPYEP/TAPYEP02.cif,15,0.01241670548915863,15,0.02791562537503788,full,False
tests/data/csd_families/TAPYEP/TAPYEP.cif,tests/data/csd_families/TAPYEP/TAPYEP03.cif,15,0.0114229004830122,15,0.014541491936959135,full,False
tests/data/csd_families/TAPYEP/TAPYEP.cif,tests/data/csd_families/TAPYEP/TAPYEP04.cif,15,0.011527881026268005,15,0.009055284851832657,full,True
tests/data/csd_families/TAPYEP/TAPYEP.cif,tests/data/csd_families/TAPYEP/TAPYEP05.cif,15,0.011450380086898804,15,0.02808886046510585,full,False
tests/data/csd_families/TAPYEP/TAPYEP02.cif,tests/data/csd_families/TAPYEP/TAPYEP03.cif,15,0.011595603078603745,15,0.03640305217761337,full,False
tests/data/csd_families/TAPYEP/TAPYEP02.cif,tests/data/csd_families/TAPYEP/TAPYEP04.cif,15,0.01095134299248457,15,0.02814509483718072,full,True
tests/data/csd_families/TAPYEP/TAPYEP02.cif,tests/data/csd_families/TAPYEP/TAPYEP05.cif,15,0.010943002998828888,15,0.002361983620200753,full,False
tests/data/csd_families/TAPYEP/TAPYEP03.cif,tests/data/csd_families/TAPYEP/TAPYEP04.cif,15,0.011450930498540401,15,0.01183023335717541,full,True
tests/data/csd_families/TAPYEP/TAPYEP03.cif,tests/data/csd_families/TAPYEP/TAPYEP05.cif,15,0.010913151316344738,15,0.036222918959208684,full,False
tests/data/csd_families/TAPYEP/TAPYEP04.cif,tests/data/csd_families/TAPYEP/TAPYEP05.cif,15,0.010175332427024841,15,0.027932186579407808,full,True
tests/data/csd_families/YICDIZ/YICDIZ.cif,tests/data/csd_families/YICDIZ/YICDIZ01.cif,15,0.005324680358171463,1,0.0445621572432128,failed,False
tests/data/csd_families/YICDIZ/YICDIZ.cif,tests/data/csd_families/YICDIZ/YICDIZ02.cif,15,0.004647139459848404,1,0.01947579918827628,failed,False
tests/data/csd_families/YICDIZ/YICDIZ.cif,tests/data/csd_families/YICDIZ/YICDIZ03.cif,15,0.00465397909283638,1,0.022601857130672767,failed,True
tests/data/csd_families/YICDIZ/YICDIZ.cif,tests/data/csd_families/YICDIZ/YICDIZ04.cif,15,0.004765341058373451,1,0.023602554317421972,failed,True
tests/data/csd_families/YICDIZ/YICDIZ01.cif,tests/data/csd_families/YICDIZ/YICDIZ02.cif,15,0.005843207240104675,15,0.04644821454904835,full,True
tests/data/csd_families/YICDIZ/YICDIZ01.cif,tests/data/csd_families/YICDIZ/YICDIZ03.cif,15,0.005475270561873913,15,0.07984331943280855,full,True
tests/data/csd_families/YICDIZ/YICDIZ01.cif,tests/data/csd_families/YICDIZ/YICDIZ04.cif,15,0.005478370934724808,15,0.17995807097763936,full,False
tests/data/csd_families/YICDIZ/YICDIZ02.cif,tests/data/csd_families/YICDIZ/YICDIZ03.cif,15,0.0058694882318377495,15,0.08076358731812078,full,False
tests/data/csd_families/YICDIZ/YICDIZ02.cif,tests/data/csd_families/YICDIZ/YICDIZ04.cif,15,0.005472942255437374,15,0.1882048684592226,full,True
tests/data/csd_families/YICDIZ/YICDIZ03.cif,tests/data/csd_families/YICDIZ/YICDIZ04.cif,15,0.005903627723455429,15,0.10880507830312541,full,False
tests/data/csd_families/MEBXID/MEBXID.cif,tests/data/csd_families/MEBXID/MEBXID01.cif,15,0.008293663151562214,15,0.03900332791005194,full,False
tests/data/csd_families/MEBXID/MEBXID.cif,tests/data/csd_families/MEBXID/MEBXID02.cif,15,0.00762634351849556,15,0.07575292285497728,full,False
tests/data/csd_families/MEBXID/MEBXID.cif,tests/data/csd_families/MEBXID/MEBXID03.cif,15,0.007628453895449638,15,0.01849918005956454,full,True
tests/data/csd_families/MEBXID/MEBXID.cif,tests/data/csd_families/MEBXID/MEBXID04.cif,15,0.0076839132234454155,15,0.05580767767014192,full,False
tests/data/csd_families/MEBXID/MEBXID01.cif,tests/data/csd_families/MEBXID/MEBXID02.cif,15,0.007803916931152344,15,0.03968211577099673,full,False
tests/data/csd_families/MEBXID/MEBXID01.cif,tests/data/csd_families/MEBXID/MEBXID03.cif,15,0.007351298816502094,15,0.022402126651993367,full,True
tests/data/csd_families/MEBXID/MEBXID01.cif,tests/data/csd_families/MEBXID/MEBXID04.cif,15,0.007329318672418594,15,0.020396586569913843,full,True
tests/data/csd_families/MEBXID/MEBXID02.cif,tests/data/csd_families/MEBXID/MEBXID03.cif,15,0.00775847677141428,15,0.05888877910521828,full,False
tests/data/csd_families/MEBXID/MEBXID02.cif,tests/data/csd_families/MEBXID/MEBXID04.cif,15,0.007351929321885109,15,0.02181529500393355,full,True
tests/data/csd_families/MEBXID/MEBXID03.cif,tests/data/csd_families/MEBXID/MEBXID04.cif,15,0.007845506072044373,15,0.03892115134555607,full,True
tests/data/csd_families/PUMZII/PUMZII.cif,tests/data/csd_families/PUMZII/PUMZII01.cif,15,0.025583891198039055,3,0.7414484353792075,failed,False
tests/data/csd_families/PUWYUD/PUWYUD.cif,tests/data/csd_families/PUWYUD/PUWYUD01.cif,15,0.016037149354815483,15,0.03376700808166761,full,True
tests/data/csd_families/SUWMIG/SUWMIG.cif,tests/data/csd_families/SUWMIG/SUWMIG01.cif,15,0.011654294095933437,7,0.6601147755879587,failed,False
tests/data/csd_families/SUWMIG/SUWMIG.cif,tests/data/csd_families/SUWMIG/SUWMIG02.cif,15,0.008678828366100788,5,0.6843520829805063,failed,False
tests/data/csd_families/SUWMIG/SUWMIG.cif,tests/data/csd_families/SUWMIG/SUWMIG03.cif,15,0.00953346211463213,7,0.7381509028144184,failed,True
tests/data/csd_families/SUWMIG/SUWMIG01.cif,tests/data/csd_families/SUWMIG/SUWMIG02.cif,15,0.009295138530433178,7,0.4487295736462116,failed,False
tests/data/csd_families/SUWMIG/SUWMIG01.cif,tests/data/csd_families/SUWMIG/SUWMIG03.cif,15,0.007333789020776749,5,0.7528223504137703,failed,False
tests/data/csd_families/SUWMIG/SUWMIG02.cif,tests/data/csd_families/SUWMIG/SUWMIG03.cif,15,0.008621208369731903,7,0.6330695369563057,failed,False
tests/data/csd_families/XIHVUG/XIHVUG.cif,tests/data/csd_families/XIHVUG/XIHVUG01.cif,15,0.013486742042005062,15,0.5946558678671985,full,True
tests/data/csd_families/XIHVUG/XIHVUG.cif,tests/data/csd_families/XIHVUG/XIHVUG02.cif,15,0.010780150070786476,15,0.6694363635048933,full,False
tests/data/csd_families/XIHVUG/XIHVUG.cif,tests/data/csd_families/XIHVUG/XIHVUG03.cif,15,0.011776045896112919,13,0.6666129617642333,partial,True
tests/data/csd_families/XIHVUG/XIHVUG.cif,tests/data/csd_families/XIHVUG/XIHVUG04.cif,15,0.010221592150628567,15,0.027230121274832514,full,True
tests/data/csd_families/XIHVUG/XIHVUG01.cif,tests/data/csd_families/XIHVUG/XIHVUG02.cif,15,0.012535637244582176,15,0.07528610407225991,full,False
tests/data/csd_families/XIHVUG/XIHVUG01.cif,tests/data/csd_families/XIHVUG/XIHVUG03.cif,15,0.010390655137598515,15,0.14366320292032966,full,False
tests/data/csd_families/XIHVUG/XIHVUG01.cif,tests/data/csd_families/XIHVUG/XIHVUG04.cif,15,0.00947194080799818,15,0.600900091156048,full,True
tests/data/csd_families/XIHVUG/XIHVUG02.cif,tests/data/csd_families/XIHVUG/XIHVUG03.cif,15,0.01250484585762024,15,0.06877049928890204,full,False
tests/data/csd_families/XIHVUG/XIHVUG02.cif,tests/data/csd_families/XIHVUG/XIHVUG04.cif,15,0.00948090199381113,15,0.6756911609990839,full,True
tests/data/csd_families/XIHVUG/XIHVUG03.cif,tests/data/csd_families/XIHVUG/XIHVUG04.cif,15,0.012297673150897026,13,0.6746478114617959,partial,True
tests/data/csd_families/LTYROS/LTYROS10.cif,tests/data/csd_families/LTYROS/LTYROS14.cif,15,0.004778390750288963,5,0.1249552012505456,failed,False
tests/data/csd_families/LTYROS/LTYROS11.cif,tests/data/csd_families/LTYROS/LTYROS14.cif,15,0.0044847168028354645,5,0.1246454970508956,failed,False
tests/data/csd_families/LTYROS/LTYROS12.cif,tests/data/csd_families/LTYROS/LTYROS14.cif,15,0.004508926533162594,5,0.16274069471154934,failed,True
tests/data/csd_families/LTYROS/LTYROS13.cif,tests/data/csd_families/LTYROS/LTYROS14.cif,15,0.00491656269878149,5,0.12169525487562992,failed,False
tests/data/csd_families/VITDEL/VITDEL.cif,tests/data/csd_families/VITDEL/VITDEL02.cif,15,0.002428886480629444,0,nan,failed,False
tests/data/csd_families/VITDEL/VITDEL01.cif,tests/data/csd_families/VITDEL/VITDEL02.cif,15,0.002904903143644333,0,nan,failed,False
tests/data/csd_families/BOBVIY/BOBVIY.cif,tests/data/csd_families/BOBVIY/BOBVIY04.cif,15,0.010225502774119377,7,0.16993487215963687,failed,True
tests/data/csd_families/BOBVIY/BOBVIY.cif,tests/data/csd_families/BOBVIY/BOBVIY05.cif,15,0.010652737691998482,9,0.3838429842818021,partial,False
tests/data/csd_families/BOBVIY/BOBVIY01.cif,tests/data/csd_families/BOBVIY/BOBVIY04.cif,15,0.010294533334672451,7,0.1692189555535821,failed,False
tests/data/csd_families/BOBVIY/BOBVIY01.cif,tests/data/csd_families/BOBVIY/BOBVIY05.cif,15,0.01070029940456152,9,0.41088359535887975,partial,True
tests/data/csd_families/BOBVIY/BOBVIY02.cif,tests/data/csd_families/BOBVIY/BOBVIY04.cif,15,0.010227053426206112,7,0.1694857053931929,failed,False
tests/data/csd_families/BOBVIY/BOBVIY02.cif,tests/data/csd_families/BOBVIY/BOBVIY05.cif,15,0.010657807812094688,9,0.41650137042393687,partial,True
tests/data/csd_families/DLSERN/DLSERN.cif,tests/data/csd_families/DLSERN/DLSERN02.cif,15,0.005851997062563896,15,0.01802222740839363,full,False
tests/data/csd_families/DLSERN/DLSERN.cif,tests/data/csd_families/DLSERN/DLSERN11.cif,15,0.005196328274905682,15,0.016172468204544325,full,False
tests/data/csd_families/DLSERN/DLSERN.cif,tests/data/csd_families/DLSERN/DLSERN12.cif,15,0.005316238850355148,15,0.05859820334113631,full,True
tests/data/csd_families/DLSERN/DLSERN.cif,tests/data/csd_families/DLSERN/DLSERN13.cif,15,0.0052584391087293625,15,0.016798667788313605,full,False
tests/data/csd_families/DLSERN/DLSERN02.cif,tests/data/csd_families/DLSERN/DLSERN11.cif,15,0.005231007002294064,15,0.009548769326490838,full,False
tests/data/csd_families/DLSERN/DLSERN02.cif,tests/data/csd_families/DLSERN/DLSERN12.cif,15,0.004878353327512741,15,0.053342955807801726,full,True
tests/data/csd_families/DLSERN/DLSERN02.cif,tests/data/csd_families/DLSERN/DLSERN13.cif,15,0.004818782210350037,15,0.004172047255430146,full,False
tests/data/csd_families/DLSERN/DLSERN11.cif,tests/data/csd_families/DLSERN/DLSERN12.cif,15,0.005272269248962402,15,0.057087177458336996,full,True
tests/data/csd_families/DLSERN/DLSERN11.cif,tests/data/csd_families/DLSERN/DLSERN13.cif,15,0.004842962138354778,15,0.007076459106806849,full,False
tests/data/csd_families/DLSERN/DLSERN12.cif,tests/data/csd_families/DLSERN/DLSERN13.cif,15,0.0052514877170324326,15,0.053657709879886245,full,True
tests/data/csd_families/LSERIN/LSERIN01.cif,tests/data/csd_families/LSERIN/LSERIN10.cif,15,0.0054851919412612915,15,0.017880008652674338,full,False
tests/data/csd_families/LSERIN/LSERIN01.cif,tests/data/csd_families/LSERIN/LSERIN11.cif,15,0.004781100898981094,15,0.07902379672772414,full,False
tests/data/csd_families/LSERIN/LSERIN01.cif,tests/data/csd_families/LSERIN/LSERIN12.cif,15,0.004924093373119831,15,0.17162799778890447,full,False
tests/data/csd_families/LSERIN/LSERIN01.cif,tests/data/csd_families/LSERIN/LSERIN13.cif,15,0.0048001911491155624,15,0.2528369078771837,full,False
tests/data/csd_families/LSERIN/LSERIN10.cif,tests/data/csd_families/LSERIN/LSERIN11.cif,15,0.004753720946609974,15,0.06872279421916175,full,False
tests/data/csd_families/LSERIN/LSERIN10.cif,tests/data/csd_families/LSERIN/LSERIN12.cif,15,0.004349924623966217,15,0.15964388916293326,full,False
tests/data/csd_families/LSERIN/LSERIN10.cif,tests/data/csd_families/LSERIN/LSERIN13.cif,15,0.004397425800561905,15,0.24108673842485362,full,False
tests/data/csd_families/LSERIN/LSERIN11.cif,tests/data/csd_families/LSERIN/LSERIN12.cif,15,0.004736780188977718,15,0.09578210364811636,full,False
tests/data/csd_families/LSERIN/LSERIN11.cif,tests/data/csd_families/LSERIN/LSERIN13.cif,15,0.004417534917593002,15,0.1764173012086873,full,False
tests/data/csd_families/LSERIN/LSERIN12.cif,tests/data/csd_families/LSERIN/LSERIN13.cif,15,0.004762030206620693,15,0.08286280306868254,full,False
tests/data/experimental/galunisertib/Galunisertib_FORM_II.cif,tests/data/experimental/galunisertib/Galunisertib_FORM_III.cif,15,0.004940084181725979,0,nan,failed,False
tests/data/experimental/galunisertib/Galunisertib_FORM_II.cif,tests/data/experimental/galunisertib/Galunisertib_FORM_VIII.cif,15,0.0049639539793133736,5,0.8077104967169135,failed,False
tests/data/experimental/galunisertib/Galunisertib_FORM_III.cif,tests/data/experimental/galunisertib/Galunisertib_FORM_VIII.cif,15,0.0046830205246806145,0,nan,failed,False
tests/data/csd_families/CEGHED/CEGHED01.cif,tests/data/csd_families/CEGHED/CEGHED04.cif,15,0.006163571961224079,15,0.03722355944520139,full,False
tests/data/csd_families/LABSEM/LABSEM03.cif,tests/data/csd_families/LABSEM/LABSEM04.cif,15,1.0060146450996399e-05,0,nan,failed,False
tests/data/csd_families/TCBENQ/TCBENQ.cif,tests/data/csd_families/TCBENQ/TCBENQ03.cif,15,0.010267702862620354,15,0.27691157959918017,full,False
tests/data/csd_families/TCBENQ/TCBENQ.cif,tests/data/csd_families/TCBENQ/TCBENQ04.cif,15,0.018409294076263905,15,0.22041587741282784,full,False
tests/data/csd_families/TCBENQ/TCBENQ01.cif,tests/data/csd_families/TCBENQ/TCBENQ03.cif,15,0.01033722423017025,15,0.35374540963071577,full,True
tests/data/csd_families/TCBENQ/TCBENQ01.cif,tests/data/csd_families/TCBENQ/TCBENQ04.cif,15,0.018520426005125046,15,0.2960462696725349,full,True
tests/data/csd_families/TCBENQ/TCBENQ02.cif,tests/data/csd_families/TCBENQ/TCBENQ03.cif,15,0.010189992375671864,15,0.24714153751643683,full,False
tests/data/csd_families/TCBENQ/TCBENQ02.cif,tests/data/csd_families/TCBENQ/TCBENQ04.cif,15,0.018315693363547325,15,0.185654788243884,full,False
tests/data/csd_families/GLUAMC/GLUAMC.cif,tests/data/csd_families/GLUAMC/GLUAMC11.cif,15,0.005631354637444019,15,0.03487823572737956,full,False
tests/data/csd_families/GLUAMC/GLUAMC.cif,tests/data/csd_families/GLUAMC/GLUAMC12.cif,15,0.005098036490380764,15,0.05096925965316904,full,True
tests/data/csd_families/GLUAMC/GLUAMC11.cif,tests/data/csd_families/GLUAMC/GLUAMC12.cif,15,0.005175307393074036,15,0.050546968124168215,full,True
tests/data/csd_families/KORSAL/KORSAL.cif,tests/data/csd_families/KORSAL/KORSAL01.cif,15,0.006853582337498665,15,0.013379008268015082,full,True
tests/data/csd_families/KORSAL/KORSAL.cif,tests/data/csd_families/KORSAL/KORSAL02.cif,15,0.005877437070012093,15,0.04441686714070656,full,False
tests/data/csd_families/KORSAL/KORSAL01.cif,tests/data/csd_families/KORSAL/KORSAL02.cif,15,0.006470435298979282,15,0.04244179845430274,full,True
tests/data/csd_families/CEGHED/CEGHED.cif,tests/data/csd_families/CEGHED/CEGHED01.cif,15,8.67992639541626e-06,0,nan,failed,False
tests/data/csd_families/CEGHED/CEGHED.cif,tests/data/csd_families/CEGHED/CEGHED04.cif,15,3.871507942676544e-06,0,nan,failed,False
tests/data/csd_families/CEGHED/CEGHED01.cif,tests/data/csd_families/CEGHED/CEGHED02.cif,15,3.419816493988037e-06,0,nan,failed,False
tests/data/csd_families/CEGHED/CEGHED01.cif,tests/data/csd_families/CEGHED/CEGHED03.cif,15,2.389773726463318e-06,0,nan,failed,False
tests/data/csd_families/CEGHED/CEGHED02.cif,tests/data/csd_families/CEGHED/CEGHED04.cif,15,2.0498409867286682e-06,0,nan,failed,False
tests/data/csd_families/CEGHED/CEGHED03.cif,tests/data/csd_families/CEGHED/CEGHED04.cif,15,1.9297003746032715e-06,0,nan,failed,False
tests/data/csd_families/KIYSEQ/KIYSEQ.cif,tests/data/csd_families/KIYSEQ/KIYSEQ01.cif,15,0.009735784493386745,15,0.20865958040279223,full,True
tests/data/csd_families/KIYSEQ/KIYSEQ.cif,tests/data/csd_families/KIYSEQ/KIYSEQ02.cif,15,0.007398559711873531,15,0.18321621523341647,full,False
tests/data/csd_families/KIYSEQ/KIYSEQ.cif,tests/data/csd_families/KIYSEQ/KIYSEQ03.cif,15,0.007504762150347233,15,0.014845335084125815,full,False
tests/data/csd_families/KIYSEQ/KIYSEQ01.cif,tests/data/csd_families/KIYSEQ/KIYSEQ02.cif,15,0.008558548055589199,15,0.02731933395606762,full,True
tests/data/csd_families/KIYSEQ/KIYSEQ01.cif,tests/data/csd_families/KIYSEQ/KIYSEQ03.cif,15,0.006984703242778778,15,0.20014542804213642,full,True
tests/data/csd_families/KIYSEQ/KIYSEQ02.cif,tests/data/csd_families/KIYSEQ/KIYSEQ03.cif,15,0.008456476032733917,15,0.1747599243766159,full,False
tests/data/csd_families/ROMTUJ/ROMTUJ.cif,tests/data/csd_families/ROMTUJ/ROMTUJ01.cif,15,0.008297094143927097,15,0.07198342632649958,full,True
tests/data/csd_families/ROMTUJ/ROMTUJ.cif,tests/data/csd_families/ROMTUJ/ROMTUJ02.cif,15,0.0071214549243450165,15,0.023378767437982874,full,False
tests/data/csd_families/ROMTUJ/ROMTUJ.cif,tests/data/csd_families/ROMTUJ/ROMTUJ03.cif,15,0.0072944192215800285,15,0.18636034523592648,full,True
tests/data/csd_families/ROMTUJ/ROMTUJ.cif,tests/data/csd_families/ROMTUJ/ROMTUJ04.cif,15,0.0073502203449606895,15,0.3204690927101412,full,False
tests/data/csd_families/ROMTUJ/ROMTUJ01.cif,tests/data/csd_families/ROMTUJ/ROMTUJ02.cif,15,0.007392279803752899,15,0.083389816760773,full,True
tests/data/csd_families/ROMTUJ/ROMTUJ01.cif,tests/data/csd_families/ROMTUJ/ROMTUJ03.cif,15,0.006869162432849407,15,0.2547671800729585,full,False
tests/data/csd_families/ROMTUJ/ROMTUJ01.cif,tests/data/csd_families/ROMTUJ/ROMTUJ04.cif,15,0.006854812614619732,15,0.38888790175752735,full,True
tests/data/csd_families/ROMTUJ/ROMTUJ02.cif,tests/data/csd_families/ROMTUJ/ROMTUJ03.cif,15,0.007503202185034752,15,0.17218074689334928,full,False
tests/data/csd_families/ROMTUJ/ROMTUJ02.cif,tests/data/csd_families/ROMTUJ/ROMTUJ04.cif,15,0.006632927805185318,15,0.3064500567423584,full,False
tests/data/csd_families/ROMTUJ/ROMTUJ03.cif,tests/data/csd_families/ROMTUJ/ROMTUJ04.cif,15,0.007490982301533222,15,0.13485681045904535,full,False
tests/data/csd_families/CEGHED/CEGHED.cif,tests/data/csd_families/CEGHED/CEGHED02.cif,15,0.0060467105358839035,15,0.09453034529526363,full,False
tests/data/csd_families/CEGHED/CEGHED.cif,tests/data/csd_families/CEGHED/CEGHED03.cif,15,0.005200478248298168,15,0.050861938719871706,full,False
tests/data/csd_families/CEGHED/CEGHED02.cif,tests/data/csd_families/CEGHED/CEGHED03.cif,15,0.005420969799160957,15,0.047965993051331056,full,False
tests/data/csd_families/FULPIM/FULPIM.cif,tests/data/csd_families/FULPIM/FULPIM01.cif,15,0.004838792607188225,15,0.044883913059622,full,True
tests/data/csd_families/FULPIM/FULPIM.cif,tests/data/csd_families/FULPIM/FULPIM02.cif,15,0.004299363121390343,15,0.012756711467452733,full,False
tests/data/csd_families/FULPIM/FULPIM.cif,tests/data/csd_families/FULPIM/FULPIM03.cif,15,0.004256183281540871,15,0.015154070298933455,full,False
tests/data/csd_families/FULPIM/FULPIM01.cif,tests/data/csd_families/FULPIM/FULPIM02.cif,15,0.006849472410976887,15,0.035887113993143,full,True
tests/data/csd_families/FULPIM/FULPIM01.cif,tests/data/csd_families/FULPIM/FULPIM03.cif,15,0.003997909836471081,15,0.031496039351441046,full,True
tests/data/csd_families/FULPIM/FULPIM02.cif,tests/data/csd_families/FULPIM/FULPIM03.cif,15,0.004215912893414497,15,0.009654233131328155,full,False
tests/data/csd_families/LALNIN/LALNIN.cif,tests/data/csd_families/LALNIN/LALNIN01.cif,15,0.0037852562963962555,15,0.006848625389112461,full,False
tests/data/csd_families/LALNIN/LALNIN.cif,tests/data/csd_families/LALNIN/LALNIN03.cif,15,0.003287329338490963,15,0.07498192827546162,full,False
tests/data/csd_families/LALNIN/LALNIN.cif,tests/data/csd_families/LALNIN/LALNIN12.cif,15,0.003226548433303833,15,0.0069458081233330655,full,False
tests/data/csd_families/LALNIN/LALNIN01.cif,tests/data/csd_families/LALNIN/LALNIN03.cif,15,0.0031717466190457344,15,0.07489282995214609,full,False
tests/data/csd_families/LALNIN/LALNIN01.cif,tests/data/csd_families/LALNIN/LALNIN12.cif,15,0.0028617428615689278,15,0.00831742384748258,full,False
tests/data/csd_families/LALNIN/LALNIN03.cif,tests/data/csd_families/LALNIN/LALNIN12.cif,15,0.0032142484560608864,15,0.07084607998895485,full,False
tests/data/csd_families/OXALDH/OXALDH.cif,tests/data/csd_families/OXALDH/OXALDH01.cif,15,0.01036041509360075,15,0.0005618171826881414,full,False
tests/data/csd_families/OXALDH/OXALDH.cif,tests/data/csd_families/OXALDH/OXALDH02.cif,15,0.009478520601987839,15,0.0007805758338894378,full,False
tests/data/csd_families/OXALDH/OXALDH.cif,tests/data/csd_families/OXALDH/OXALDH03.cif,15,0.009488620795309544,15,0.002440348918627929,full,False
tests/data/csd_families/OXALDH/OXALDH.cif,tests/data/csd_families/OXALDH/OXALDH04.cif,15,0.009497911669313908,15,0.0014485674767796691,full,False
tests/data/csd_families/OXALDH/OXALDH01.cif,tests/data/csd_families/OXALDH/OXALDH02.cif,15,0.009434880688786507,15,0.0012908531416762855,full,False
tests/data/csd_families/OXALDH/OXALDH01.cif,tests/data/csd_families/OXALDH/OXALDH03.cif,15,0.009002843871712685,15,0.0020013701760021926,full,True
tests/data/csd_families/OXALDH/OXALDH01.cif,tests/data/csd_families/OXALDH/OXALDH04.cif,15,0.009058435447514057,15,0.0010259121692980729,full,True
tests/data/csd_families/OXALDH/OXALDH02.cif,tests/data/csd_families/OXALDH/OXALDH03.cif,15,0.009386250749230385,15,0.003083245899888759,full,True
tests/data/csd_families/OXALDH/OXALDH02.cif,tests/data/csd_families/OXALDH/OXALDH04.cif,15,0.009065615013241768,15,0.0020937565631805924,full,True
tests/data/csd_families/OXALDH/OXALDH03.cif,tests/data/csd_families/OXALDH/OXALDH04.cif,15,0.00943032931536436,15,0.0012355612682898285,full,False
tests/data/csd_families/WULNEA/WULNEA.cif,tests/data/csd_families/WULNEA/WULNEA01.cif,15,0.006498237140476704,15,0.045783959294440894,full,True
tests/data/csd_families/WULNEA/WULNEA.cif,tests/data/csd_families/WULNEA/WULNEA02.cif,15,0.0057000648230314255,15,0.04361377989162697,full,False
tests/data/csd_families/WULNEA/WULNEA.cif,tests/data/csd_families/WULNEA/WULNEA03.cif,15,0.005657443776726723,15,0.07914392606952247,full,False
tests/data/csd_families/WULNEA/WULNEA.cif,tests/data/csd_families/WULNEA/WULNEA04.cif,15,0.005735715851187706,15,0.04461401780277008,full,True
tests/data/csd_families/WULNEA/WULNEA01.cif,tests/data/csd_families/WULNEA/WULNEA02.cif,15,0.005974918603897095,15,0.01961246089900129,full,True
tests/data/csd_families/WULNEA/WULNEA01.cif,tests/data/csd_families/WULNEA/WULNEA03.cif,15,0.005335070192813873,15,0.07453839844449048,full,True
tests/data/csd_families/WULNEA/WULNEA01.cif,tests/data/csd_families/WULNEA/WULNEA04.cif,15,0.005412209779024124,15,0.024352676295682375,full,False
tests/data/csd_families/WULNEA/WULNEA02.cif,tests/data/csd_families/WULNEA/WULNEA03.cif,15,0.005907367914915085,15,0.06255512154096393,full,False
tests/data/csd_families/WULNEA/WULNEA02.cif,tests/data/csd_families/WULNEA/WULNEA04.cif,15,0.005394851788878441,15,0.008602033117526726,full,True
tests/data/csd_families/WULNEA/WULNEA03.cif,tests/data/csd_families/WULNEA/WULNEA04.cif,15,0.005917038768529892,15,0.057531130153530285,full,True
tests/data/csd_families/HUNYEV/HUNYEV.cif,tests/data/csd_families/HUNYEV/HUNYEV01.cif,15,0.008575327694416046,15,0.01396992936664958,full,True
tests/data/csd_families/HUNYEV/HUNYEV.cif,tests/data/csd_families/HUNYEV/HUNYEV02.cif,15,0.0077344756573438644,15,0.06452586693573836,full,True
tests/data/csd_families/HUNYEV/HUNYEV01.cif,tests/data/csd_families/HUNYEV/HUNYEV02.cif,15,0.00726050790399313,15,0.06988330098413803,full,False
tests/data/csd_families/SUCROS/SUCROS01.cif,tests/data/csd_families/SUCROS/SUCROS03.cif,15,0.007365318946540356,15,0.03258302336667644,full,False
tests/data/csd_families/SUCROS/SUCROS01.cif,tests/data/csd_families/SUCROS/SUCROS04.cif,15,0.006364195607602596,15,0.03377224408531727,full,False
tests/data/csd_families/SUCROS/SUCROS01.cif,tests/data/csd_families/SUCROS/SUCROS08.cif,15,0.006417726166546345,15,0.03637508085520411,full,False
tests/data/csd_families/SUCROS/SUCROS01.cif,tests/data/csd_families/SUCROS/SUCROS11.cif,15,0.006444046273827553,15,0.03284920402398824,full,False
tests/data/csd_families/SUCROS/SUCROS03.cif,tests/data/csd_families/SUCROS/SUCROS04.cif,15,0.006565656512975693,15,0.004145437276567718,full,False
tests/data/csd_families/SUCROS/SUCROS03.cif,tests/data/csd_families/SUCROS/SUCROS08.cif,15,0.006001260131597519,15,0.009850505180762865,full,False
tests/data/csd_families/SUCROS/SUCROS03.cif,tests/data/csd_families/SUCROS/SUCROS11.cif,15,0.005975448526442051,15,0.004375925579027944,full,False
tests/data/csd_families/SUCROS/SUCROS04.cif,tests/data/csd_families/SUCROS/SUCROS08.cif,15,0.007029305212199688,15,0.009435816263486267,full,False
tests/data/csd_families/SUCROS/SUCROS04.cif,tests/data/csd_families/SUCROS/SUCROS11.cif,15,0.006152861751616001,15,0.005723348295383611,full,False
tests/data/csd_families/SUCROS/SUCROS08.cif,tests/data/csd_families/SUCROS/SUCROS11.cif,15,0.006512897089123726,15,0.008080194229497793,full,False
tests/data/csd_families/BACKOK/BACKOK.cif,tests/data/csd_families/BACKOK/BACKOK02.cif,15,0.006856302730739117,15,0.005904183247353338,full,True
tests/data/csd_families/BACKOK/BACKOK.cif,tests/data/csd_families/BACKOK/BACKOK03.cif,15,0.006798211485147476,15,0.03826753029183112,full,False
tests/data/csd_families/BACKOK/BACKOK02.cif,tests/data/csd_families/BACKOK/BACKOK03.cif,15,0.006802822463214397,15,0.03900939559464626,full,True
tests/data/csd_families/NCKLCN/NCKLCN03.cif,tests/data/csd_families/NCKLCN/NCKLCN04.cif,15,0.016602646559476852,1,0.23899123432929711,failed,True
tests/data/csd_families/NCKLCN/NCKLCN03.cif,tests/data/csd_families/NCKLCN/NCKLCN05.cif,15,0.024605216458439827,15,0.7370462496375929,full,False
tests/data/csd_families/NCKLCN/NCKLCN04.cif,tests/data/csd_families/NCKLCN/NCKLCN05.cif,15,0.027809644117951393,2,0.890308636432247,failed,False
tests/data/csd_families/TEJKUO/TEJKUO.cif,tests/data/csd_families/TEJKUO/TEJKUO04.cif,15,1.1269934475421906e-05,0,nan,failed,False
tests/data/csd_families/DMSULO/DMSULO.cif,tests/data/csd_families/DMSULO/DMSULO02.cif,15,0.006398606114089489,15,0.09947867811959746,full,False
tests/data/csd_families/DMSULO/DMSULO.cif,tests/data/csd_families/DMSULO/DMSULO03.cif,15,0.005787905305624008,15,0.13169653917826218,full,False
tests/data/csd_families/DMSULO/DMSULO.cif,tests/data/csd_families/DMSULO/DMSULO04.cif,15,0.00578207615762949,15,0.09879289166215019,full,False
tests/data/csd_families/DMSULO/DMSULO.cif,tests/data/csd_families/DMSULO/DMSULO05.cif,15,0.005760986357927322,15,0.10103769998701247,full,False
tests/data/csd_families/DMSULO/DMSULO02.cif,tests/data/csd_families/DMSULO/DMSULO03.cif,15,0.005818926729261875,15,0.03272800016967679,full,True
tests/data/csd_families/DMSULO/DMSULO02.cif,tests/data/csd_families/DMSULO/DMSULO04.cif,15,0.00548569206148386,15,0.0033926663535036295,full,True
tests/data/csd_families/DMSULO/DMSULO02.cif,tests/data/csd_families/DMSULO/DMSULO05.cif,15,0.0054932404309511185,15,0.0029085580518105024,full,False
tests/data/csd_families/DMSULO/DMSULO03.cif,tests/data/csd_families/DMSULO/DMSULO04.cif,15,0.005768276751041412,15,0.03356905124794036,full,True
tests/data/csd_families/DMSULO/DMSULO03.cif,tests/data/csd_families/DMSULO/DMSULO05.cif,15,0.0054948413744568825,15,0.03121314500765567,full,True
tests/data/csd_families/DMSULO/DMSULO04.cif,tests/data/csd_families/DMSULO/DMSULO05.cif,15,0.0057842666283249855,15,0.004343640405460198,full,True
tests/data/csd_families/GLYCIN/GLYCIN02.cif,tests/data/csd_families/GLYCIN/GLYCIN03.cif,15,0.0046876585111021996,15,0.0058724891895934215,full,False
tests/data/csd_families/GLYCIN/GLYCIN02.cif,tests/data/csd_families/GLYCIN/GLYCIN04.cif,15,0.00405644066631794,15,0.005790295980679246,full,False
tests/data/csd_families/GLYCIN/GLYCIN03.cif,tests/data/csd_families/GLYCIN/GLYCIN04.cif,15,0.004088421352207661,15,0.0025799599023254905,full,False
tests/data/csd_families/LALNIN/LALNIN.cif,tests/data/csd_families/LALNIN/LALNIN14.cif,15,9.479932487010956e-06,0,nan,failed,False
tests/data/csd_families/LALNIN/LALNIN01.cif,tests/data/csd_families/LALNIN/LALNIN14.cif,15,4.409812390804291e-06,0,nan,failed,False
tests/data/csd_families/LALNIN/LALNIN03.cif,tests/data/csd_families/LALNIN/LALNIN14.cif,15,3.2903626561164856e-06,0,nan,failed,False
tests/data/csd_families/LALNIN/LALNIN12.cif,tests/data/csd_families/LALNIN/LALNIN14.cif,15,2.989545464515686e-06,0,nan,failed,False
tests/data/csd_families/MEUREA/MEUREA.cif,tests/data/csd_families/MEUREA/MEUREA01.cif,15,0.0030366359278559685,15,0.1861393350326021,full,False
tests/data/csd_families/MEUREA/MEUREA.cif,tests/data/csd_families/MEUREA/MEUREA02.cif,15,0.002215213142335415,5,0.35372955352218505,failed,False
tests/data/csd_families/MEUREA/MEUREA.cif,tests/data/csd_families/MEUREA/MEUREA03.cif,15,0.0022485433146357536,5,0.483312201512651,failed,True
tests/data/csd_families/MEUREA/MEUREA01.cif,tests/data/csd_families/MEUREA/MEUREA02.cif,15,0.0020364802330732346,5,0.19710402323625817,failed,False
tests/data/csd_families/MEUREA/MEUREA01.cif,tests/data/csd_families/MEUREA/MEUREA03.cif,15,0.0018220869824290276,5,0.5268271078667438,failed,True
tests/data/csd_families/MEUREA/MEUREA02.cif,tests/data/csd_families/MEUREA/MEUREA03.cif,15,0.0030624745413661003,11,0.5929916918827327,partial,True
tests/data/csd_families/BBENAN/BBENAN.cif,tests/data/csd_families/BBENAN/BBENAN01.cif,15,0.009624944068491459,15,0.17884944077123724,full,True
tests/data/csd_families/BBENAN/BBENAN.cif,tests/data/csd_families/BBENAN/BBENAN03.cif,15,0.007286009378731251,15,0.19524041296037642,full,False
tests/data/csd_families/BBENAN/BBENAN01.cif,tests/data/csd_families/BBENAN/BBENAN03.cif,15,0.007776414975523949,15,0.10185650973434904,full,True
tests/data/csd_families/CUSALA/CUSALA.cif,tests/data/csd_families/CUSALA/CUSALA01.cif,15,0.00536974985152483,1,0.05955308160268233,failed,False
tests/data/csd_families/CUSALA/CUSALA.cif,tests/data/csd_families/CUSALA/CUSALA03.cif,15,0.007841557264328003,15,0.0643008375167237,full,True
tests/data/csd_families/CUSALA/CUSALA.cif,tests/data/csd_families/CUSALA/CUSALA04.cif,15,0.004823942668735981,1,0.04514545367313114,failed,True
tests/data/csd_families/CUSALA/CUSALA.cif,tests/data/csd_families/CUSALA/CUSALA05.cif,15,0.007367058657109737,15,0.0629608301460668,full,True
tests/data/csd_families/CUSALA/CUSALA01.cif,tests/data/csd_families/CUSALA/CUSALA03.cif,15,0.005542072467505932,1,0.03882871819731978,failed,False
tests/data/csd_families/CUSALA/CUSALA01.cif,tests/data/csd_families/CUSALA/CUSALA04.cif,15,0.007443920709192753,15,0.05532786700032882,full,True
tests/data/csd_families/CUSALA/CUSALA01.cif,tests/data/csd_families/CUSALA/CUSALA05.cif,15,0.00477784126996994,1,0.0373287424462565,failed,True
tests/data/csd_families/CUSALA/CUSALA03.cif,tests/data/csd_families/CUSALA/CUSALA04.cif,15,0.004740419797599316,1,0.027110300320707832,failed,True
tests/data/csd_families/CUSALA/CUSALA03.cif,tests/data/csd_families/CUSALA/CUSALA05.cif,15,0.006991643458604813,15,0.05812672588127551,full,True
tests/data/csd_families/CUSALA/CUSALA04.cif,tests/data/csd_families/CUSALA/CUSALA05.cif,15,0.005399720743298531,1,0.030786663840544327,failed,False
tests/data/csd_families/QODLAZ/QODLAZ.cif,tests/data/csd_families/QODLAZ/QODLAZ01.cif,15,0.006108241155743599,15,0.029777292880416417,full,True
tests/data/csd_families/QODLAZ/QODLAZ.cif,tests/data/csd_families/QODLAZ/QODLAZ02.cif,15,0.004891742020845413,15,0.13818440112725908,full,False
tests/data/csd_families/QODLAZ/QODLAZ01.cif,tests/data/csd_families/QODLAZ/QODLAZ02.cif,15,0.005534682422876358,15,0.11292234050904457,full,True
tests/data/csd_families/DUSQUG/DUSQUG.cif,tests/data/csd_families/DUSQUG/DUSQUG01.cif,15,0.00650685653090477,15,0.026156274255645817,full,False
tests/data/csd_families/DUSQUG/DUSQUG.cif,tests/data/csd_families/DUSQUG/DUSQUG02.cif,15,0.005734325386583805,15,0.052342126173441285,full,False
tests/data/csd_families/DUSQUG/DUSQUG01.cif,tests/data/csd_families/DUSQUG/DUSQUG02.cif,15,0.005599403753876686,15,0.03160699804963591,full,False
tests/data/csd_families/PDHTEZ/PDHTEZ.cif,tests/data/csd_families/PDHTEZ/PDHTEZ02.cif,15,0.007403479889035225,15,0.0549072569528516,full,True
tests/data/csd_families/PDHTEZ/PDHTEZ.cif,tests/data/csd_families/PDHTEZ/PDHTEZ03.cif,15,0.0072568682953715324,15,0.07555906366661311,full,False
tests/data/csd_families/PDHTEZ/PDHTEZ.cif,tests/data/csd_families/PDHTEZ/PDHTEZ04.cif,15,0.007263736799359322,15,0.08597067329109083,full,False
tests/data/csd_families/PDHTEZ/PDHTEZ02.cif,tests/data/csd_families/PDHTEZ/PDHTEZ03.cif,15,0.007894787937402725,15,0.02404393099768722,full,True
tests/data/csd_families/PDHTEZ/PDHTEZ02.cif,tests/data/csd_families/PDHTEZ/PDHTEZ04.cif,15,0.0074052708223462105,15,0.03222826618012553,full,True
tests/data/csd_families/PDHTEZ/PDHTEZ03.cif,tests/data/csd_families/PDHTEZ/PDHTEZ04.cif,15,0.007698764093220234,15,0.01442730071775918,full,False
tests/data/experimental/ROY/QAXMEH26.cif,tests/data/experimental/ROY/QAXMEH28.cif,15,0.002060721628367901,0,nan,failed,False
tests/data/experimental/ROY/QAXMEH26.cif,tests/data/experimental/ROY/Y04.cif,15,0.00236725527793169,5,0.7414936013636787,failed,True
tests/data/experimental/ROY/QAXMEH28.cif,tests/data/experimental/ROY/Y04.cif,15,0.002150392159819603,4,0.6885383220239522,failed,False
tests/data/csd_families/NIDCAR/NIDCAR.cif,tests/data/csd_families/NIDCAR/NIDCAR04.cif,15,0.007508672773838043,15,0.025965133602337202,full,True
tests/data/csd_families/NIDCAR/NIDCAR.cif,tests/data/csd_families/NIDCAR/NIDCAR05.cif,15,0.007954347878694534,15,0.10899180895516453,full,False
tests/data/csd_families/NIDCAR/NIDCAR.cif,tests/data/csd_families/NIDCAR/NIDCAR06.cif,15,0.0079286377876997,15,0.14142043950240404,full,True
tests/data/csd_families/NIDCAR/NIDCAR04.cif,tests/data/csd_families/NIDCAR/NIDCAR05.cif,15,0.008443246595561504,15,0.11347380852517945,full,False
tests/data/csd_families/NIDCAR/NIDCAR04.cif,tests/data/csd_families/NIDCAR/NIDCAR06.cif,15,0.00795681867748499,15,0.1457304407975587,full,False
tests/data/csd_families/NIDCAR/NIDCAR05.cif,tests/data/csd_families/NIDCAR/NIDCAR06.cif,15,0.008264702744781971,15,0.035590731450764884,full,False
tests/data/csd_families/SEZRAU/SEZRAU.cif,tests/data/csd_families/SEZRAU/SEZRAU01.cif,15,0.007435120642185211,7,0.3993795379112418,failed,False
tests/data/csd_families/SEZRAU/SEZRAU.cif,tests/data/csd_families/SEZRAU/SEZRAU02.cif,15,0.008283073082566261,15,0.016674020798191268,full,True
tests/data/csd_families/SEZRAU/SEZRAU01.cif,tests/data/csd_families/SEZRAU/SEZRAU02.cif,15,0.007025234401226044,7,0.4085935922138302,failed,True
tests/data/csd_families/TAZDNC/TAZDNC01.cif,tests/data/csd_families/TAZDNC/TAZDNC02.cif,15,0.008223922923207283,15,0.07422727859936937,full,True
tests/data/csd_families/TAZDNC/TAZDNC01.cif,tests/data/csd_families/TAZDNC/TAZDNC04.cif,15,0.007453709840774536,15,0.05279783399755045,full,False
tests/data/csd_families/TAZDNC/TAZDNC01.cif,tests/data/csd_families/TAZDNC/TAZDNC06.cif,15,0.007479362189769745,15,0.034110343036791634,full,True
tests/data/csd_families/TAZDNC/TAZDNC01.cif,tests/data/csd_families/TAZDNC/TAZDNC08.cif,15,0.007485021837055683,15,0.019149802858864917,full,False
tests/data/csd_families/TAZDNC/TAZDNC02.cif,tests/data/csd_families/TAZDNC/TAZDNC04.cif,15,0.007650773972272873,15,0.02427656409808091,full,False
tests/data/csd_families/TAZDNC/TAZDNC02.cif,tests/data/csd_families/TAZDNC/TAZDNC06.cif,15,0.007132715545594692,15,0.04701430766997202,full,True
tests/data/csd_families/TAZDNC/TAZDNC02.cif,tests/data/csd_families/TAZDNC/TAZDNC08.cif,15,0.007169896736741066,15,0.0653975342766185,full,True
tests/data/csd_families/TAZDNC/TAZDNC04.cif,tests/data/csd_families/TAZDNC/TAZDNC06.cif,15,0.007585412822663784,15,0.02405969227495019,full,False
tests/data/csd_families/TAZDNC/TAZDNC04.cif,tests/data/csd_families/TAZDNC/TAZDNC08.cif,15,0.0071128662675619125,15,0.04264145859292897,full,True
tests/data/csd_families/TAZDNC/TAZDNC06.cif,tests/data/csd_families/TAZDNC/TAZDNC08.cif,15,0.00760407280176878,15,0.019649813145982704,full,False
tests/data/csd_families/PUMZII/PUMZII.cif,tests/data/csd_families/PUMZII/PUMZII02.cif,15,0.011895125731825829,1,0.6949458005370113,failed,True
tests/data/csd_families/PUMZII/PUMZII01.cif,tests/data/csd_families/PUMZII/PUMZII02.cif,15,0.015335327945649624,2,0.9443465636401783,failed,False
tests/data/csd_families/DOYCAW/DOYCAW.cif,tests/data/csd_families/DOYCAW/DOYCAW01.cif,15,0.014279522933065891,15,0.023413865243686036,full,False
tests/data/csd_families/DOYCAW/DOYCAW.cif,tests/data/csd_families/DOYCAW/DOYCAW02.cif,15,0.016443905420601368,15,0.05073858601161715,full,False
tests/data/csd_families/DOYCAW/DOYCAW01.cif,tests/data/csd_families/DOYCAW/DOYCAW02.cif,15,0.017690803855657578,15,0.03718124913288183,full,False
tests/data/csd_families/YAKNUU/YAKNUU01.cif,tests/data/csd_families/YAKNUU/YAKNUU03.cif,15,0.012266523204743862,15,0.1400329164344491,full,True
tests/data/csd_families/AWAKIS/AWAKIS.cif,tests/data/csd_families/AWAKIS/AWAKIS01.cif,15,0.0045551275834441185,15,0.025668281585682438,full,False
tests/data/csd_families/IPIXUB/IPIXUB.cif,tests/data/csd_families/IPIXUB/IPIXUB01.cif,15,0.0066897692158818245,15,0.038732568019954346,full,True
tests/data/csd_families/IPIXUB/IPIXUB.cif,tests/data/csd_families/IPIXUB/IPIXUB02.cif,15,0.005801726132631302,15,0.07085009578318095,full,True
tests/data/csd_families/IPIXUB/IPIXUB.cif,tests/data/csd_families/IPIXUB/IPIXUB03.cif,15,0.005867257714271545,15,0.1583135439750014,full,True
tests/data/csd_families/IPIXUB/IPIXUB.cif,tests/data/csd_families/IPIXUB/IPIXUB04.cif,15,0.0059945303946733475,15,0.2939489430265892,full,True
tests/data/csd_families/IPIXUB/IPIXUB01.cif,tests/data/csd_families/IPIXUB/IPIXUB02.cif,15,0.0054188016802072525,15,0.058989508443843784,full,False
tests/data/csd_families/IPIXUB/IPIXUB01.cif,tests/data/csd_families/IPIXUB/IPIXUB03.cif,15,0.004945722408592701,15,0.12907219426783542,full,False
tests/data/csd_families/IPIXUB/IPIXUB01.cif,tests/data/csd_families/IPIXUB/IPIXUB04.cif,15,0.0047519514337182045,15,0.26116693787627626,full,False
tests/data/csd_families/IPIXUB/IPIXUB02.cif,tests/data/csd_families/IPIXUB/IPIXUB03.cif,15,0.0054196808487176895,15,0.11075445264082052,full,False
tests/data/csd_families/IPIXUB/IPIXUB02.cif,tests/data/csd_families/IPIXUB/IPIXUB04.cif,15,0.00494738481938839,15,0.2432609746246921,full,False
tests/data/csd_families/IPIXUB/IPIXUB03.cif,tests/data/csd_families/IPIXUB/IPIXUB04.cif,15,0.005435011349618435,15,0.142546389340928,full,False
tests/data/csd_families/NCKLCN/NCKLCN.cif,tests/data/csd_families/NCKLCN/NCKLCN03.cif,15,8.439645171165466e-06,0,nan,failed,False
tests/data/csd_families/NCKLCN/NCKLCN.cif,tests/data/csd_families/NCKLCN/NCKLCN04.cif,15,3.7401914596557617e-06,0,nan,failed,False
tests/data/csd_families/NCKLCN/NCKLCN.cif,tests/data/csd_families/NCKLCN/NCKLCN05.cif,15,3.2903626561164856e-06,0,nan,failed,False
tests/data/csd_families/NCKLCN/NCKLCN01.cif,tests/data/csd_families/NCKLCN/NCKLCN03.cif,15,2.7203932404518127e-06,0,nan,failed,False
tests/data/csd_families/NCKLCN/NCKLCN01.cif,tests/data/csd_families/NCKLCN/NCKLCN04.cif,15,1.7993152141571045e-06,0,nan,failed,False
tests/data/csd_families/NCKLCN/NCKLCN01.cif,tests/data/csd_families/NCKLCN/NCKLCN05.cif,15,1.669861376285553e-06,0,nan,failed,False
tests/data/csd_families/BEDXER/BEDXER.cif,tests/data/csd_families/BEDXER/BEDXER02.cif,15,0.008901833556592464,9,0.09951510839201741,partial,False
tests/data/csd_families/BEDXER/BEDXER01.cif,tests/data/csd_families/BEDXER/BEDXER02.cif,15,0.009100834839046001,9,0.09965980295493447,partial,True
tests/data/csd_families/BEDXER/BEDXER02.cif,tests/data/csd_families/BEDXER/BEDXER03.cif,15,7.761642336845398e-06,0,nan,failed,False
tests/data/csd_families/BEDXER/BEDXER02.cif,tests/data/csd_families/BEDXER/BEDXER04.cif,15,4.219822585582733e-06,0,nan,failed,False
tests/data/csd_families/GLYCIN/GLYCIN01.cif,tests/data/csd_families/GLYCIN/GLYCIN02.cif,15,0.0036370940506458282,5,0.6327375602036885,failed,True
tests/data/csd_families/GLYCIN/GLYCIN01.cif,tests/data/csd_families/GLYCIN/GLYCIN03.cif,15,0.0030239950865507126,5,0.6327646270793216,failed,True
tests/data/csd_families/GLYCIN/GLYCIN01.cif,tests/data/csd_families/GLYCIN/GLYCIN04.cif,15,0.0030118953436613083,5,0.6329804214877659,failed,True
tests/data/csd_families/BEDXER/BEDXER.cif,tests/data/csd_families/BEDXER/BEDXER01.cif,15,0.016168651171028614,9,0.12635793609036422,partial,True
tests/data/csd_families/BEDXER/BEDXER.cif,tests/data/csd_families/BEDXER/BEDXER03.cif,15,0.009000463411211967,9,0.09579954180306718,partial,True
tests/data/csd_families/BEDXER/BEDXER.cif,tests/data/csd_families/BEDXER/BEDXER04.cif,15,0.008974293246865273,9,0.06784925628719692,partial,False
tests/data/csd_families/BEDXER/BEDXER01.cif,tests/data/csd_families/BEDXER/BEDXER03.cif,15,0.008939113467931747,15,0.08490752769085724,full,True
tests/data/csd_families/BEDXER/BEDXER01.cif,tests/data/csd_families/BEDXER/BEDXER04.cif,15,0.009152376092970371,15,0.1007369191742815,full,False
tests/data/csd_families/BEDXER/BEDXER03.cif,tests/data/csd_families/BEDXER/BEDXER04.cif,15,0.004320775158703327,15,0.05790023614994943,full,True
tests/data/csd_families/DECVIQ/DECVIQ.cif,tests/data/csd_families/DECVIQ/DECVIQ01.cif,15,0.010984322987496853,15,0.15129494128383333,full,True
tests/data/csd_families/DECVIQ/DECVIQ.cif,tests/data/csd_families/DECVIQ/DECVIQ10.cif,15,0.00933183915913105,15,0.08518270805608759,full,False
tests/data/csd_families/DECVIQ/DECVIQ.cif,tests/data/csd_families/DECVIQ/DECVIQ11.cif,15,0.009525623172521591,15,0.15129494128383333,full,True
tests/data/csd_families/DECVIQ/DECVIQ01.cif,tests/data/csd_families/DECVIQ/DECVIQ10.cif,15,0.011312248185276985,15,0.1713022570948376,full,False
tests/data/csd_families/DECVIQ/DECVIQ01.cif,tests/data/csd_families/DECVIQ/DECVIQ11.cif,15,0.009991159662604332,15,4.3924390133264034e-15,full,False
tests/data/csd_families/DECVIQ/DECVIQ10.cif,tests/data/csd_families/DECVIQ/DECVIQ11.cif,15,0.011249086819589138,15,0.17130225709483704,full,True
tests/data/csd_families/DOHDPH/DOHDPH02.cif,tests/data/csd_families/DOHDPH/DOHDPH10.cif,15,0.009357709437608719,15,0.07169991380838871,full,False
tests/data/csd_families/DOHDPH/DOHDPH02.cif,tests/data/csd_families/DOHDPH/DOHDPH11.cif,15,0.00868665985763073,15,0.07592822270128591,full,False
tests/data/csd_families/DOHDPH/DOHDPH10.cif,tests/data/csd_families/DOHDPH/DOHDPH11.cif,15,0.00873233936727047,15,0.09619200297005823,full,False
tests/data/csd_families/NIJGUI/NIJGUI.cif,tests/data/csd_families/NIJGUI/NIJGUI01.cif,15,0.006386185064911842,15,0.12310772104631951,full,True
tests/data/csd_families/NIJGUI/NIJGUI.cif,tests/data/csd_families/NIJGUI/NIJGUI02.cif,15,0.005466870963573456,15,0.14318199241550547,full,False
tests/data/csd_families/NIJGUI/NIJGUI.cif,tests/data/csd_families/NIJGUI/NIJGUI03.cif,15,0.005459161475300789,15,0.15185148980906576,full,False
tests/data/csd_families/NIJGUI/NIJGUI.cif,tests/data/csd_families/NIJGUI/NIJGUI04.cif,15,0.005387939512729645,15,0.11687361131030982,full,False
tests/data/csd_families/NIJGUI/NIJGUI01.cif,tests/data/csd_families/NIJGUI/NIJGUI02.cif,15,0.0054395003244280815,15,0.07077891541849801,full,True
tests/data/csd_families/NIJGUI/NIJGUI01.cif,tests/data/csd_families/NIJGUI/NIJGUI03.cif,15,0.004945844411849976,15,0.08661628497665812,full,True
tests/data/csd_families/NIJGUI/NIJGUI01.cif,tests/data/csd_families/NIJGUI/NIJGUI04.cif,15,0.004871952347457409,15,0.015177394745001065,full,True
tests/data/csd_families/NIJGUI/NIJGUI02.cif,tests/data/csd_families/NIJGUI/NIJGUI03.cif,15,0.005357559770345688,15,0.019347773646257276,full,False
tests/data/csd_families/NIJGUI/NIJGUI02.cif,tests/data/csd_families/NIJGUI/NIJGUI04.cif,15,0.004872542805969715,15,0.07180204422365698,full,False
tests/data/csd_families/NIJGUI/NIJGUI03.cif,tests/data/csd_families/NIJGUI/NIJGUI04.cif,15,0.005370279774069786,15,0.08767487695660195,full,False
tests/data/csd_families/JOFJEW/JOFJEW.cif,tests/data/csd_families/JOFJEW/JOFJEW02.cif,15,0.009090505540370941,15,0.03344819128720004,full,False
tests/data/csd_families/JOFJEW/JOFJEW.cif,tests/data/csd_families/JOFJEW/JOFJEW03.cif,15,0.008042220957577229,15,0.026618601768308187,full,True
tests/data/csd_families/JOFJEW/JOFJEW.cif,tests/data/csd_families/JOFJEW/JOFJEW04.cif,15,0.008141850121319294,15,0.02123959902484967,full,True
tests/data/csd_families/JOFJEW/JOFJEW.cif,tests/data/csd_families/JOFJEW/JOFJEW05.cif,15,0.008114020340144634,15,0.015345577067222716,full,True
tests/data/csd_families/JOFJEW/JOFJEW02.cif,tests/data/csd_families/JOFJEW/JOFJEW03.cif,15,0.008266882970929146,15,0.007379144060946533,full,False
tests/data/csd_families/JOFJEW/JOFJEW02.cif,tests/data/csd_families/JOFJEW/JOFJEW04.cif,15,0.007747756317257881,15,0.012749446021806382,full,False
tests/data/csd_families/JOFJEW/JOFJEW02.cif,tests/data/csd_families/JOFJEW/JOFJEW05.cif,15,0.0076732337474823,15,0.018931516228658563,full,True
tests/data/csd_families/JOFJEW/JOFJEW03.cif,tests/data/csd_families/JOFJEW/JOFJEW04.cif,15,0.008187082596123219,15,0.0064553784998942106,full,True
tests/data/csd_families/JOFJEW/JOFJEW03.cif,tests/data/csd_families/JOFJEW/JOFJEW05.cif,15,0.0076611945405602455,15,0.012351678904712808,full,False
tests/data/csd_families/JOFJEW/JOFJEW04.cif,tests/data/csd_families/JOFJEW/JOFJEW05.cif,15,0.008176061324775219,15,0.006525674210605956,full,False
tests/data/csd_families/OMIVUB/OMIVUB.cif,tests/data/csd_families/OMIVUB/OMIVUB01.cif,15,0.00736800953745842,15,0.17675861282184765,full,False
tests/data/csd_families/OMIVUB/OMIVUB.cif,tests/data/csd_families/OMIVUB/OMIVUB02.cif,15,0.006793610751628876,15,0.24460978566476071,full,False
tests/data/csd_families/OMIVUB/OMIVUB.cif,tests/data/csd_families/OMIVUB/OMIVUB03.cif,15,0.006811290979385376,15,0.2646233206098998,full,False
tests/data/csd_families/OMIVUB/OMIVUB.cif,tests/data/csd_families/OMIVUB/OMIVUB04.cif,15,0.006653299555182457,15,0.385559068138896,full,False
tests/data/csd_families/OMIVUB/OMIVUB01.cif,tests/data/csd_families/OMIVUB/OMIVUB02.cif,15,0.00684727169573307,15,0.0704818497269938,full,False
tests/data/csd_families/OMIVUB/OMIVUB01.cif,tests/data/csd_families/OMIVUB/OMIVUB03.cif,15,0.006445686332881451,15,0.08975051878890468,full,False
tests/data/csd_families/OMIVUB/OMIVUB01.cif,tests/data/csd_families/OMIVUB/OMIVUB04.cif,15,0.00653021689504385,15,0.2122267332256456,full,False
tests/data/csd_families/OMIVUB/OMIVUB02.cif,tests/data/csd_families/OMIVUB/OMIVUB03.cif,15,0.006828552111983299,15,0.02420288605879447,full,False
tests/data/csd_families/OMIVUB/OMIVUB02.cif,tests/data/csd_families/OMIVUB/OMIVUB04.cif,15,0.006466257385909557,15,0.1449900988659448,full,False
tests/data/csd_families/OMIVUB/OMIVUB03.cif,tests/data/csd_families/OMIVUB/OMIVUB04.cif,15,0.006863932125270367,15,0.12447826058968432,full,False
tests/data/csd_families/SAQZOY/SAQZOY.cif,tests/data/csd_families/SAQZOY/SAQZOY01.cif,15,0.009267298504710197,15,0.03759813104906214,full,True
tests/data/csd_families/SAQZOY/SAQZOY.cif,tests/data/csd_families/SAQZOY/SAQZOY02.cif,15,0.008872391656041145,15,0.06801278386313556,full,True
tests/data/csd_families/SAQZOY/SAQZOY.cif,tests/data/csd_families/SAQZOY/SAQZOY03.cif,15,0.007786856032907963,15,0.05378658572680173,full,False
tests/data/csd_families/SAQZOY/SAQZOY.cif,tests/data/csd_families/SAQZOY/SAQZOY04.cif,15,0.00774780660867691,15,0.03958970119592345,full,False
tests/data/csd_families/SAQZOY/SAQZOY01.cif,tests/data/csd_families/SAQZOY/SAQZOY02.cif,15,0.008613288402557373,15,0.04060228472081632,full,False
tests/data/csd_families/SAQZOY/SAQZOY01.cif,tests/data/csd_families/SAQZOY/SAQZOY03.cif,15,0.008223053067922592,15,0.0278384134650623,full,True
tests/data/csd_families/SAQZOY/SAQZOY01.cif,tests/data/csd_families/SAQZOY/SAQZOY04.cif,15,0.008241762407124043,15,0.020896507485171745,full,True
tests/data/csd_families/SAQZOY/SAQZOY02.cif,tests/data/csd_families/SAQZOY/SAQZOY03.cif,15,0.008851442486047745,15,0.017314389262491736,full,True
tests/data/csd_families/SAQZOY/SAQZOY02.cif,tests/data/csd_families/SAQZOY/SAQZOY04.cif,15,0.008449534885585308,15,0.029998234074503027,full,True
tests/data/csd_families/SAQZOY/SAQZOY03.cif,tests/data/csd_families/SAQZOY/SAQZOY04.cif,15,0.007813416421413422,15,0.01638585886133451,full,False
tests/data/csd_families/TCBENQ/TCBENQ.cif,tests/data/csd_families/TCBENQ/TCBENQ01.cif,15,0.009322338737547398,15,0.13127427809613218,full,True
tests/data/csd_families/TCBENQ/TCBENQ.cif,tests/data/csd_families/TCBENQ/TCBENQ02.cif,15,0.009378059767186642,15,0.08585078216133332,full,True
tests/data/csd_families/TCBENQ/TCBENQ01.cif,tests/data/csd_families/TCBENQ/TCBENQ02.cif,15,0.009384850040078163,15,0.19076836108442669,full,True
tests/data/csd_families/XEHRIM/XEHRIM.cif,tests/data/csd_families/XEHRIM/XEHRIM01.cif,15,9.8496675491333e-06,0,nan,failed,False
tests/data/csd_families/XEHRIM/XEHRIM.cif,tests/data/csd_families/XEHRIM/XEHRIM02.cif,15,4.320405423641205e-06,0,nan,failed,False
tests/data/csd_families/XEHRIM/XEHRIM.cif,tests/data/csd_families/XEHRIM/XEHRIM03.cif,15,2.7706846594810486e-06,0,nan,failed,False
tests/data/csd_families/GLYCIN/GLYCIN.cif,tests/data/csd_families/GLYCIN/GLYCIN02.cif,15,0.004601198248565197,11,0.47612556071391166,partial,False
tests/data/csd_families/GLYCIN/GLYCIN.cif,tests/data/csd_families/GLYCIN/GLYCIN03.cif,15,0.003875007852911949,11,0.47770464635448434,partial,False
tests/data/csd_families/GLYCIN/GLYCIN.cif,tests/data/csd_families/GLYCIN/GLYCIN04.cif,15,0.003856997936964035,11,0.47791102255878537,partial,False
tests/data/csd_families/HMPBFE/HMPBFE.cif,tests/data/csd_families/HMPBFE/HMPBFE01.cif,15,0.008930052630603313,7,0.46955545424740047,failed,False
tests/data/csd_families/HMPBFE/HMPBFE.cif,tests/data/csd_families/HMPBFE/HMPBFE02.cif,15,0.010472876019775867,15,0.025090630730131944,full,True
tests/data/csd_families/HMPBFE/HMPBFE.cif,tests/data/csd_families/HMPBFE/HMPBFE03.cif,15,0.00866278912872076,7,0.6117778463985084,failed,True
tests/data/csd_families/HMPBFE/HMPBFE01.cif,tests/data/csd_families/HMPBFE/HMPBFE02.cif,15,0.008328404277563095,7,0.4586448917203677,failed,True
tests/data/csd_families/HMPBFE/HMPBFE01.cif,tests/data/csd_families/HMPBFE/HMPBFE03.cif,15,0.012175441719591618,15,0.29328566132601486,full,True
tests/data/csd_families/HMPBFE/HMPBFE02.cif,tests/data/csd_families/HMPBFE/HMPBFE03.cif,15,0.009709714911878109,7,0.5988389582411925,failed,False
tests/data/csd_families/FEROCE/FEROCE01.cif,tests/data/csd_families/FEROCE/FEROCE04.cif,15,0.010386534035205841,15,0.053338418691827615,full,True
tests/data/csd_families/FEROCE/FEROCE01.cif,tests/data/csd_families/FEROCE/FEROCE05.cif,15,0.008215803653001785,15,0.05016605390172439,full,False
tests/data/csd_families/FEROCE/FEROCE01.cif,tests/data/csd_families/FEROCE/FEROCE06.cif,15,0.009596501477062702,15,0.303274189812453,full,True
tests/data/csd_families/FEROCE/FEROCE01.cif,tests/data/csd_families/FEROCE/FEROCE07.cif,15,0.008712900802493095,15,0.29592030583615947,full,False
tests/data/csd_families/FEROCE/FEROCE04.cif,tests/data/csd_families/FEROCE/FEROCE05.cif,15,0.00896645337343216,15,0.03727892414324387,full,False
tests/data/csd_families/FEROCE/FEROCE04.cif,tests/data/csd_families/FEROCE/FEROCE06.cif,15,0.008532356470823288,15,0.3051050084651664,full,False
tests/data/csd_families/FEROCE/FEROCE04.cif,tests/data/csd_families/FEROCE/FEROCE07.cif,15,0.009766835719347,15,0.29402208554324355,full,True
tests/data/csd_families/FEROCE/FEROCE05.cif,tests/data/csd_families/FEROCE/FEROCE06.cif,15,0.00911149475723505,15,0.2866465505661661,full,False
tests/data/csd_families/FEROCE/FEROCE05.cif,tests/data/csd_families/FEROCE/FEROCE07.cif,15,0.00961605366319418,15,0.2752253041013293,full,False
tests/data/csd_families/FEROCE/FEROCE06.cif,tests/data/csd_families/FEROCE/FEROCE07.cif,15,0.007966559380292892,15,0.0712580868930615,full,True
tests/data/csd_families/NCKLCN/NCKLCN.cif,tests/data/csd_families/NCKLCN/NCKLCN01.cif,15,0.010731569491326809,15,0.28625099636875995,full,False
tests/data/csd_families/BPYRDB/BPYRDB01.cif,tests/data/csd_families/BPYRDB/BPYRDB03.cif,15,0.0060678403824567795,15,0.01655915611200678,full,True
tests/data/csd_families/BPYRDB/BPYRDB01.cif,tests/data/csd_families/BPYRDB/BPYRDB04.cif,15,0.006025719456374645,15,0.009568417103851312,full,False
tests/data/csd_families/BPYRDB/BPYRDB01.cif,tests/data/csd_families/BPYRDB/BPYRDB05.cif,15,0.006026150658726692,15,0.06881469329557487,full,False
tests/data/csd_families/BPYRDB/BPYRDB03.cif,tests/data/csd_families/BPYRDB/BPYRDB04.cif,15,0.006409455090761185,15,0.010572672175007472,full,False
tests/data/csd_families/BPYRDB/BPYRDB03.cif,tests/data/csd_families/BPYRDB/BPYRDB05.cif,15,0.006015809252858162,15,0.0655302253476145,full,False
tests/data/csd_families/BPYRDB/BPYRDB04.cif,tests/data/csd_families/BPYRDB/BPYRDB05.cif,15,0.00639569666236639,15,0.06838249698184544,full,False
tests/data/csd_families/BUCACT/BUCACT.cif,tests/data/csd_families/BUCACT/BUCACT01.cif,15,0.007533150725066662,15,0.1219007864463755,full,True
tests/data/csd_families/BUCACT/BUCACT.cif,tests/data/csd_families/BUCACT/BUCACT02.cif,15,0.006900203414261341,15,0.15624286400676285,full,False
tests/data/csd_families/BUCACT/BUCACT.cif,tests/data/csd_families/BUCACT/BUCACT03.cif,15,0.006842281669378281,15,0.12189483343168102,full,True
tests/data/csd_families/BUCACT/BUCACT.cif,tests/data/csd_families/BUCACT/BUCACT04.cif,15,0.006842511706054211,15,0.12277775308804169,full,False
tests/data/csd_families/BUCACT/BUCACT01.cif,tests/data/csd_families/BUCACT/BUCACT02.cif,15,0.0071665262803435326,15,0.04614093579392419,full,False
tests/data/csd_families/BUCACT/BUCACT01.cif,tests/data/csd_families/BUCACT/BUCACT03.cif,15,0.006669340655207634,15,0.012290931471517086,full,False
tests/data/csd_families/BUCACT/BUCACT01.cif,tests/data/csd_families/BUCACT/BUCACT04.cif,15,0.006573527120053768,15,0.017543451112195258,full,False
tests/data/csd_families/BUCACT/BUCACT02.cif,tests/data/csd_families/BUCACT/BUCACT03.cif,15,0.007123085670173168,15,0.05337277112685203,full,True
tests/data/csd_families/BUCACT/BUCACT02.cif,tests/data/csd_families/BUCACT/BUCACT04.cif,15,0.006658579222857952,15,0.05715154553710164,full,True
tests/data/csd_families/BUCACT/BUCACT03.cif,tests/data/csd_families/BUCACT/BUCACT04.cif,15,0.006994244642555714,15,0.006339933492745461,full,False
tests/data/csd_families/TETBBZ/TETBBZ.cif,tests/data/csd_families/TETBBZ/TETBBZ01.cif,15,0.011028693988919258,15,0.36634278474562293,full,False
tests/data/csd_families/TETBBZ/TETBBZ.cif,tests/data/csd_families/TETBBZ/TETBBZ02.cif,15,0.011400789953768253,15,0.4832371123056198,full,True
tests/data/csd_families/TETBBZ/TETBBZ.cif,tests/data/csd_families/TETBBZ/TETBBZ03.cif,15,0.010059639811515808,15,0.3672767005888581,full,False
tests/data/csd_families/TETBBZ/TETBBZ.cif,tests/data/csd_families/TETBBZ/TETBBZ04.cif,15,0.010994513519108295,15,0.4995094206421337,full,True
tests/data/csd_families/TETBBZ/TETBBZ01.cif,tests/data/csd_families/TETBBZ/TETBBZ02.cif,15,0.010154920630156994,15,0.14966410710960412,full,True
tests/data/csd_families/TETBBZ/TETBBZ01.cif,tests/data/csd_families/TETBBZ/TETBBZ03.cif,15,0.009814975783228874,15,0.03447975799125949,full,True
tests/data/csd_families/TETBBZ/TETBBZ01.cif,tests/data/csd_families/TETBBZ/TETBBZ04.cif,15,0.009702615439891815,15,0.16121638404399916,full,False
tests/data/csd_families/TETBBZ/TETBBZ02.cif,tests/data/csd_families/TETBBZ/TETBBZ03.cif,15,0.009781146422028542,15,0.14188932680553087,full,False
tests/data/csd_families/TETBBZ/TETBBZ02.cif,tests/data/csd_families/TETBBZ/TETBBZ04.cif,15,0.008648509159684181,15,0.02749935321295223,full,True
tests/data/csd_families/TETBBZ/TETBBZ03.cif,tests/data/csd_families/TETBBZ/TETBBZ04.cif,15,0.010082580149173737,15,0.15306309480576027,full,True
tests/data/csd_families/XEHRIM/XEHRIM01.cif,tests/data/csd_families/XEHRIM/XEHRIM02.cif,15,0.012081160210072994,15,0.07826286491701023,full,True
tests/data/csd_families/XEHRIM/XEHRIM01.cif,tests/data/csd_families/XEHRIM/XEHRIM03.cif,15,0.011184276081621647,15,0.07609274924300297,full,False
tests/data/csd_families/XEHRIM/XEHRIM02.cif,tests/data/csd_families/XEHRIM/XEHRIM03.cif,15,0.011326778680086136,15,0.05190823555130884,full,False
tests/data/csd_families/PERYTO/PERYTO.cif,tests/data/csd_families/PERYTO/PERYTO01.cif,15,0.016876962035894394,15,0.057245564362861316,full,True
tests/data/csd_families/PERYTO/PERYTO.cif,tests/data/csd_families/PERYTO/PERYTO02.cif,15,0.016339313238859177,15,0.1115952369959922,full,True
tests/data/csd_families/PERYTO/PERYTO.cif,tests/data/csd_families/PERYTO/PERYTO03.cif,15,0.01630824338644743,15,0.13960217165965663,full,True
tests/data/csd_families/PERYTO/PERYTO.cif,tests/data/csd_families/PERYTO/PERYTO04.cif,15,0.016369863413274288,15,0.11148149013783014,full,False
tests/data/csd_families/PERYTO/PERYTO01.cif,tests/data/csd_families/PERYTO/PERYTO02.cif,15,0.017069014720618725,15,0.10517317898284967,full,False
tests/data/csd_families/PERYTO/PERYTO01.cif,tests/data/csd_families/PERYTO/PERYTO03.cif,15,0.016711638309061527,15,0.13120957487858229,full,False
tests/data/csd_families/PERYTO/PERYTO01.cif,tests/data/csd_families/PERYTO/PERYTO04.cif,15,0.017595842480659485,15,0.1030635565390598,full,False
tests/data/csd_families/PERYTO/PERYTO02.cif,tests/data/csd_families/PERYTO/PERYTO03.cif,15,0.017459909431636333,15,0.03459769572781313,full,False
tests/data/csd_families/PERYTO/PERYTO02.cif,tests/data/csd_families/PERYTO/PERYTO04.cif,15,0.01655159704387188,15,0.024857270806634704,full,False
tests/data/csd_families/PERYTO/PERYTO03.cif,tests/data/csd_families/PERYTO/PERYTO04.cif,15,0.01709076575934887,15,0.04658923006672986,full,False
tests/data/csd_families/QUHNUD/QUHNUD.cif,tests/data/csd_families/QUHNUD/QUHNUD01.cif,15,0.011495811864733696,15,0.08382570224936105,full,False
tests/data/csd_families/QUHNUD/QUHNUD.cif,tests/data/csd_families/QUHNUD/QUHNUD02.cif,15,0.010363524779677391,15,0.22968684813423473,full,True
tests/data/csd_families/QUHNUD/QUHNUD01.cif,tests/data/csd_families/QUHNUD/QUHNUD02.cif,15,0.010812459513545036,15,0.21386081347686778,full,True
tests/data/csd_families/SAJQII/SAJQII.cif,tests/data/csd_families/SAJQII/SAJQII01.cif,15,0.009694213978946209,15,0.030033553566922222,full,False
tests/data/csd_families/SAJQII/SAJQII.cif,tests/data/csd_families/SAJQII/SAJQII02.cif,15,0.008493656292557716,15,0.06542391267123338,full,False
tests/data/csd_families/SAJQII/SAJQII01.cif,tests/data/csd_families/SAJQII/SAJQII02.cif,15,0.008972153067588806,15,0.03717181919775056,full,True
tests/data/csd_families/EVESIJ/EVESIJ04.cif,tests/data/csd_families/EVESIJ/EVESIJ06.cif,15,0.0069929249584674835,3,0.3670250791134812,failed,False
tests/data/csd_families/EVESIJ/EVESIJ05.cif,tests/data/csd_families/EVESIJ/EVESIJ06.cif,15,0.00672455970197916,3,0.33425336321138804,failed,False
tests/data/csd_families/GLYCIN/GLYCIN.cif,tests/data/csd_families/GLYCIN/GLYCIN01.cif,15,0.002930602990090847,3,0.1415471723614875,failed,True
tests/data/csd_families/DOYKUB/DOYKUB01.cif,tests/data/csd_families/DOYKUB/DOYKUB02.cif,15,0.011545952409505844,15,0.004060032726333135,full,True
tests/data/csd_families/DOYKUB/DOYKUB01.cif,tests/data/csd_families/DOYKUB/DOYKUB03.cif,15,0.011019873432815075,15,0.005005122702624908,full,False
tests/data/csd_families/DOYKUB/DOYKUB01.cif,tests/data/csd_families/DOYKUB/DOYKUB04.cif,15,0.011073975823819637,15,0.008781435878889871,full,False
tests/data/csd_families/DOYKUB/DOYKUB01.cif,tests/data/csd_families/DOYKUB/DOYKUB05.cif,15,0.011083215475082397,15,0.013043382019257373,full,True
tests/data/csd_families/DOYKUB/DOYKUB02.cif,tests/data/csd_families/DOYKUB/DOYKUB03.cif,15,0.011116906069219112,15,0.004140273750982453,full,False
tests/data/csd_families/DOYKUB/DOYKUB02.cif,tests/data/csd_families/DOYKUB/DOYKUB04.cif,15,0.010757009498775005,15,0.008319464721090545,full,True
tests/data/csd_families/DOYKUB/DOYKUB02.cif,tests/data/csd_families/DOYKUB/DOYKUB05.cif,15,0.010750849731266499,15,0.012203560346080677,full,True
tests/data/csd_families/DOYKUB/DOYKUB03.cif,tests/data/csd_families/DOYKUB/DOYKUB04.cif,15,0.011119956150650978,15,0.0042564017954759255,full,False
tests/data/csd_families/DOYKUB/DOYKUB03.cif,tests/data/csd_families/DOYKUB/DOYKUB05.cif,15,0.010777100920677185,15,0.008364341770160632,full,False
tests/data/csd_families/DOYKUB/DOYKUB04.cif,tests/data/csd_families/DOYKUB/DOYKUB05.cif,15,0.011096525005996227,15,0.004275328132896154,full,True
tests/data/csd_families/WAMJIH/WAMJIH01.cif,tests/data/csd_families/WAMJIH/WAMJIH03.cif,15,0.010989004746079445,15,0.015742362795373416,full,True
tests/data/csd_families/WAMJIH/WAMJIH01.cif,tests/data/csd_families/WAMJIH/WAMJIH04.cif,15,0.010153851471841335,15,0.09841049744130861,full,False
tests/data/csd_families/WAMJIH/WAMJIH03.cif,tests/data/csd_families/WAMJIH/WAMJIH04.cif,15,0.010786970146000385,15,0.1085526128049662,full,False
tests/data/csd_families/TCNICO/TCNICO.cif,tests/data/csd_families/TCNICO/TCNICO01.cif,15,0.009541241452097893,15,0.05625186919477592,full,True
tests/data/csd_families/TCNICO/TCNICO.cif,tests/data/csd_families/TCNICO/TCNICO02.cif,15,0.00867253914475441,15,0.18595582261860885,full,True
tests/data/csd_families/TCNICO/TCNICO01.cif,tests/data/csd_families/TCNICO/TCNICO02.cif,15,0.009060526266694069,15,0.1772436040534515,full,False
tests/data/csd_families/INICCD/INICCD.cif,tests/data/csd_families/INICCD/INICCD01.cif,15,0.014563875272870064,15,0.0388827256640757,full,True
tests/data/csd_families/INICCD/INICCD.cif,tests/data/csd_families/INICCD/INICCD02.cif,15,0.013121286407113075,15,0.013905242482245325,full,False
tests/data/csd_families/INICCD/INICCD.cif,tests/data/csd_families/INICCD/INICCD03.cif,15,0.013155365362763405,15,0.03367182143560452,full,True
tests/data/csd_families/INICCD/INICCD.cif,tests/data/csd_families/INICCD/INICCD04.cif,15,0.013208527117967606,15,0.05972598439522114,full,True
tests/data/csd_families/INICCD/INICCD01.cif,tests/data/csd_families/INICCD/INICCD02.cif,15,0.013986768200993538,15,0.030402517668348436,full,False
tests/data/csd_families/INICCD/INICCD01.cif,tests/data/csd_families/INICCD/INICCD03.cif,15,0.012925862334668636,15,0.032420369748498594,full,False
tests/data/csd_families/INICCD/INICCD01.cif,tests/data/csd_families/INICCD/INICCD04.cif,15,0.012922842986881733,15,0.02232635943409683,full,False
tests/data/csd_families/INICCD/INICCD02.cif,tests/data/csd_families/INICCD/INICCD03.cif,15,0.013962977565824986,15,0.023164952136117804,full,False
tests/data/csd_families/INICCD/INICCD02.cif,tests/data/csd_families/INICCD/INICCD04.cif,15,0.012951183132827282,15,0.051420269865571286,full,True
tests/data/csd_families/INICCD/INICCD03.cif,tests/data/csd_families/INICCD/INICCD04.cif,15,0.014033009298145771,15,0.04820439867690487,full,False
tests/data/csd_families/WATCID/WATCID.cif,tests/data/csd_families/WATCID/WATCID10.cif,15,0.010529336519539356,15,2.5816493039514127e-15,full,False
tests/data/csd_families/WATCID/WATCID.cif,tests/data/csd_families/WATCID/WATCID11.cif,15,0.009835106320679188,15,0.028192066636505968,full,True
tests/data/csd_families/WATCID/WATCID10.cif,tests/data/csd_families/WATCID/WATCID11.cif,15,0.010112941265106201,15,0.028192066636505968,full,True
tests/data/csd_families/BOBVIY/BOBVIY.cif,tests/data/csd_families/BOBVIY/BOBVIY01.cif,15,0.013672824017703533,15,0.04854857370967299,full,True
tests/data/csd_families/BOBVIY/BOBVIY.cif,tests/data/csd_families/BOBVIY/BOBVIY02.cif,15,0.013644673861563206,15,0.0593767438984523,full,False
tests/data/csd_families/BOBVIY/BOBVIY01.cif,tests/data/csd_families/BOBVIY/BOBVIY02.cif,15,0.013663782738149166,15,0.012386528872151512,full,True
tests/data/csd_families/EVESIJ/EVESIJ04.cif,tests/data/csd_families/EVESIJ/EVESIJ05.cif,15,0.008353125303983688,15,0.06487791814284652,full,False
