a,b,shell,t,nmatched,rmsd,status,inverted
tests/data/csd_families/TPSNCL/TPSNCL01.cif,tests/data/csd_families/TPSNCL/TPSNCL03.cif,1,0.02029044460505247,1,0.36175589235984024,full,False
tests/data/csd_families/TPSNCL/TPSNCL01.cif,tests/data/csd_families/TPSNCL/TPSNCL03.cif,2,0.0191611647605896,1,0.36175589235984024,partial,False
tests/data/csd_families/TPSNCL/TPSNCL01.cif,tests/data/csd_families/TPSNCL/TPSNCL03.cif,3,0.01939873956143856,1,0.36175589235984024,failed,False
tests/data/csd_families/TPSNCL/TPSNCL01.cif,tests/data/csd_families/TPSNCL/TPSNCL03.cif,5,0.021345792338252068,2,0.7729525278051015,failed,True
tests/data/csd_families/TPSNCL/TPSNCL01.cif,tests/data/csd_families/TPSNCL/TPSNCL03.cif,8,0.022451170720160007,2,0.7729525278051015,failed,True
tests/data/csd_families/TPSNCL/TPSNCL01.cif,tests/data/csd_families/TPSNCL/TPSNCL03.cif,10,0.026869595050811768,2,0.7729525278051015,failed,True
tests/data/csd_families/TPSNCL/TPSNCL01.cif,tests/data/csd_families/TPSNCL/TPSNCL03.cif,15,0.027267232537269592,2,0.7729525278051015,failed,True
tests/data/csd_families/TPSNCL/TPSNCL01.cif,tests/data/csd_families/TPSNCL/TPSNCL03.cif,20,0.029561431147158146,2,0.7729525278051015,failed,True
tests/data/csd_families/TPSNCL/TPSNCL01.cif,tests/data/csd_families/TPSNCL/TPSNCL03.cif,25,0.03349217772483826,2,0.7729525278051015,failed,True
tests/data/csd_families/TPSNCL/TPSNCL01.cif,tests/data/csd_families/TPSNCL/TPSNCL03.cif,30,0.03687049448490143,2,0.7729525278051015,failed,True
tests/data/csd_families/TPSNCL/TPSNCL01.cif,tests/data/csd_families/TPSNCL/TPSNCL03.cif,40,0.05183203797787428,2,0.7729525278051015,failed,True
tests/data/csd_families/TPSNCL/TPSNCL01.cif,tests/data/csd_families/TPSNCL/TPSNCL03.cif,50,0.06584000587463379,2,0.7729525278051015,failed,True
tests/data/csd_families/TPSNCL/TPSNCL01.cif,tests/data/csd_families/TPSNCL/TPSNCL03.cif,75,0.10008721612393856,2,0.4571298518645924,failed,True
tests/data/csd_families/TPSNCL/TPSNCL01.cif,tests/data/csd_families/TPSNCL/TPSNCL03.cif,100,0.14381295815110207,4,0.652593496188346,failed,True
tests/data/csd_families/TPSNCL/TPSNCL01.cif,tests/data/csd_families/TPSNCL/TPSNCL03.cif,150,0.27205135114490986,4,0.652593496188346,failed,True
tests/data/csd_families/CAQHOV/CAQHOV02.cif,tests/data/csd_families/CAQHOV/CAQHOV03.cif,1,0.010731932707130909,1,0.07820082432894775,full,False
tests/data/csd_families/CAQHOV/CAQHOV02.cif,tests/data/csd_families/CAQHOV/CAQHOV03.cif,2,0.008619766682386398,2,0.12429679238847659,full,False
tests/data/csd_families/CAQHOV/CAQHOV02.cif,tests/data/csd_families/CAQHOV/CAQHOV03.cif,3,0.01062833983451128,3,0.14994950413251854,full,False
tests/data/csd_families/CAQHOV/CAQHOV02.cif,tests/data/csd_families/CAQHOV/CAQHOV03.cif,5,0.010690011084079742,5,0.16741998290601062,full,False
tests/data/csd_families/CAQHOV/CAQHOV02.cif,tests/data/csd_families/CAQHOV/CAQHOV03.cif,8,0.011019176803529263,8,0.14314556420430583,full,False
tests/data/csd_families/CAQHOV/CAQHOV02.cif,tests/data/csd_families/CAQHOV/CAQHOV03.cif,10,0.014214522205293179,10,0.13553625788160864,full,False
tests/data/csd_families/CAQHOV/CAQHOV02.cif,tests/data/csd_families/CAQHOV/CAQHOV03.cif,15,0.01265613455325365,15,0.1478545372002744,full,False
tests/data/csd_families/CAQHOV/CAQHOV02.cif,tests/data/csd_families/CAQHOV/CAQHOV03.cif,20,0.014152090065181255,20,0.17403894024806768,full,False
tests/data/csd_families/CAQHOV/CAQHOV02.cif,tests/data/csd_families/CAQHOV/CAQHOV03.cif,25,0.016654091887176037,25,0.18755258191600982,full,False
tests/data/csd_families/CAQHOV/CAQHOV02.cif,tests/data/csd_families/CAQHOV/CAQHOV03.cif,30,0.01790850330144167,30,0.17998988330196666,full,False
tests/data/csd_families/CAQHOV/CAQHOV02.cif,tests/data/csd_families/CAQHOV/CAQHOV03.cif,40,0.026396747678518295,40,0.18524969525096815,full,False
tests/data/csd_families/CAQHOV/CAQHOV02.cif,tests/data/csd_families/CAQHOV/CAQHOV03.cif,50,0.02861628495156765,50,0.20064259658217592,full,False
tests/data/csd_families/CAQHOV/CAQHOV02.cif,tests/data/csd_families/CAQHOV/CAQHOV03.cif,75,0.049779114313423634,75,0.19993818751051418,full,False
tests/data/csd_families/CAQHOV/CAQHOV02.cif,tests/data/csd_families/CAQHOV/CAQHOV03.cif,100,0.07269382197409868,100,0.20582493479033104,full,False
tests/data/csd_families/CAQHOV/CAQHOV02.cif,tests/data/csd_families/CAQHOV/CAQHOV03.cif,150,0.14916139841079712,150,0.21546541087814008,full,False
tests/data/csd_families/KANZEE/KANZEE02.cif,tests/data/csd_families/KANZEE/KANZEE03.cif,1,0.03783804178237915,1,0.01782243563868323,full,False
tests/data/csd_families/KANZEE/KANZEE02.cif,tests/data/csd_families/KANZEE/KANZEE03.cif,2,0.03748243488371372,2,0.04243908946662388,full,False
tests/data/csd_families/KANZEE/KANZEE02.cif,tests/data/csd_families/KANZEE/KANZEE03.cif,3,0.03817766718566418,3,0.09490078523812862,full,False
tests/data/csd_families/KANZEE/KANZEE02.cif,tests/data/csd_families/KANZEE/KANZEE03.cif,5,0.04199941176921129,5,0.09020264670307893,full,False
tests/data/csd_families/KANZEE/KANZEE02.cif,tests/data/csd_families/KANZEE/KANZEE03.cif,8,0.04227219708263874,8,0.10840779322028331,full,False
tests/data/csd_families/KANZEE/KANZEE02.cif,tests/data/csd_families/KANZEE/KANZEE03.cif,10,0.049830504693090916,9,0.1130120342411304,partial,False
tests/data/csd_families/KANZEE/KANZEE02.cif,tests/data/csd_families/KANZEE/KANZEE03.cif,15,0.05326146259903908,12,0.12097698151395411,partial,False
tests/data/csd_families/KANZEE/KANZEE02.cif,tests/data/csd_families/KANZEE/KANZEE03.cif,20,0.06258495058864355,17,0.1615733637403113,partial,False
tests/data/csd_families/KANZEE/KANZEE02.cif,tests/data/csd_families/KANZEE/KANZEE03.cif,25,0.07585989590734243,19,0.16028847287436365,partial,False
tests/data/csd_families/KANZEE/KANZEE02.cif,tests/data/csd_families/KANZEE/KANZEE03.cif,30,0.08339944388717413,24,0.1663017401902415,partial,False
tests/data/csd_families/KANZEE/KANZEE02.cif,tests/data/csd_families/KANZEE/KANZEE03.cif,40,0.10955250635743141,31,0.18495982829036575,partial,False
tests/data/csd_families/KANZEE/KANZEE02.cif,tests/data/csd_families/KANZEE/KANZEE03.cif,50,0.1307275565341115,40,0.2064387182655363,partial,False
tests/data/csd_families/KANZEE/KANZEE02.cif,tests/data/csd_families/KANZEE/KANZEE03.cif,75,0.24824973661452532,58,0.23461605603113384,partial,False
tests/data/csd_families/KANZEE/KANZEE02.cif,tests/data/csd_families/KANZEE/KANZEE03.cif,100,0.3753236923366785,72,0.2550535826292892,partial,False
tests/data/csd_families/KANZEE/KANZEE02.cif,tests/data/csd_families/KANZEE/KANZEE03.cif,150,0.7423842716962099,114,0.2950382029887249,partial,False
tests/data/csd_families/FUTSES/FUTSES.cif,tests/data/csd_families/FUTSES/FUTSES01.cif,1,0.009455599822103977,1,0.027414598729951594,full,False
tests/data/csd_families/KANZEE/KANZEE02.cif,tests/data/csd_families/KANZEE/KANZEE04.cif,1,0.04902130085974932,1,0.07266214694292997,full,True
tests/data/csd_families/FUTSES/FUTSES.cif,tests/data/csd_families/FUTSES/FUTSES01.cif,2,0.007158732041716576,2,0.02840876621709913,full,False
tests/data/csd_families/KANZEE/KANZEE02.cif,tests/data/csd_families/KANZEE/KANZEE04.cif,2,0.04838468041270971,2,0.096044963342595,full,True
tests/data/csd_families/FUTSES/FUTSES.cif,tests/data/csd_families/FUTSES/FUTSES01.cif,3,0.0076041389256715775,3,0.028758821112728233,full,False
tests/data/csd_families/KANZEE/KANZEE02.cif,tests/data/csd_families/KANZEE/KANZEE04.cif,3,0.052633222192525864,3,0.1289310733259258,full,True
tests/data/csd_families/FUTSES/FUTSES.cif,tests/data/csd_families/FUTSES/FUTSES01.cif,5,0.01007768139243126,5,0.02917198797997365,full,False
tests/data/csd_families/KANZEE/KANZEE02.cif,tests/data/csd_families/KANZEE/KANZEE04.cif,5,0.05522365588694811,5,0.1307919217714146,full,True
tests/data/csd_families/FUTSES/FUTSES.cif,tests/data/csd_families/FUTSES/FUTSES01.cif,8,0.009104453958570957,8,0.02912210447583516,full,False
tests/data/csd_families/KANZEE/KANZEE02.cif,tests/data/csd_families/KANZEE/KANZEE04.cif,8,0.05831536836922169,8,0.14509064662085802,full,True
tests/data/csd_families/FUTSES/FUTSES.cif,tests/data/csd_families/FUTSES/FUTSES01.cif,10,0.012084185145795345,10,0.029266363615053418,full,False
tests/data/csd_families/KANZEE/KANZEE02.cif,tests/data/csd_families/KANZEE/KANZEE04.cif,10,0.06557646114379168,10,0.28645418517121524,full,True
tests/data/csd_families/FUTSES/FUTSES.cif,tests/data/csd_families/FUTSES/FUTSES01.cif,15,0.011003146879374981,15,0.02917268710716153,full,False
tests/data/csd_families/KANZEE/KANZEE02.cif,tests/data/csd_families/KANZEE/KANZEE04.cif,15,0.07302763685584068,15,0.38612440361962114,full,True
tests/data/csd_families/FUTSES/FUTSES.cif,tests/data/csd_families/FUTSES/FUTSES01.cif,20,0.012578103691339493,20,0.0296501004871392,full,False
tests/data/csd_families/KANZEE/KANZEE02.cif,tests/data/csd_families/KANZEE/KANZEE04.cif,20,0.08671831991523504,20,0.3619022652737203,full,True
tests/data/csd_families/FUTSES/FUTSES.cif,tests/data/csd_families/FUTSES/FUTSES01.cif,25,0.01600034162402153,25,0.030422709167643808,full,False
tests/data/csd_families/KANZEE/KANZEE02.cif,tests/data/csd_families/KANZEE/KANZEE04.cif,25,0.10241121519356966,25,0.4295628415141954,full,True
tests/data/csd_families/FUTSES/FUTSES.cif,tests/data/csd_families/FUTSES/FUTSES01.cif,30,0.015896779485046864,30,0.030721141190208582,full,False
tests/data/csd_families/KANZEE/KANZEE02.cif,tests/data/csd_families/KANZEE/KANZEE04.cif,30,0.11084617767482996,30,0.4022778841183074,full,True
tests/data/csd_families/FUTSES/FUTSES.cif,tests/data/csd_families/FUTSES/FUTSES01.cif,40,0.02220641728490591,40,0.03109019457380585,full,False
tests/data/csd_families/KANZEE/KANZEE02.cif,tests/data/csd_families/KANZEE/KANZEE04.cif,40,0.13798850867897272,40,0.43294819092499826,full,True
tests/data/csd_families/FUTSES/FUTSES.cif,tests/data/csd_families/FUTSES/FUTSES01.cif,50,0.022245416417717934,50,0.03122772831819425,full,False
tests/data/csd_families/KANZEE/KANZEE02.cif,tests/data/csd_families/KANZEE/KANZEE04.cif,50,0.1599066909402609,50,0.4243928799907407,full,True
tests/data/csd_families/FUTSES/FUTSES.cif,tests/data/csd_families/FUTSES/FUTSES01.cif,75,0.032987648621201515,75,0.032325920986156546,full,False
tests/data/csd_families/KANZEE/KANZEE02.cif,tests/data/csd_families/KANZEE/KANZEE04.cif,75,0.29531218484044075,75,0.4579866863398825,full,True
tests/data/csd_families/FUTSES/FUTSES.cif,tests/data/csd_families/FUTSES/FUTSES01.cif,100,0.04469744674861431,100,0.033631327210350545,full,False
tests/data/csd_families/KANZEE/KANZEE02.cif,tests/data/csd_families/KANZEE/KANZEE04.cif,100,0.3996742144227028,100,0.462819874781148,full,False
tests/data/csd_families/FUTSES/FUTSES.cif,tests/data/csd_families/FUTSES/FUTSES01.cif,150,0.06517807394266129,150,0.0344135872889795,full,False
tests/data/csd_families/KANZEE/KANZEE02.cif,tests/data/csd_families/KANZEE/KANZEE04.cif,150,0.6720962412655354,150,0.5060391583497553,full,False
tests/data/csd_families/TISPUI/TISPUI02.cif,tests/data/csd_families/TISPUI/TISPUI04.cif,1,0.016541880555450916,1,0.04078442754374255,full,False
tests/data/csd_families/TISPUI/TISPUI02.cif,tests/data/csd_families/TISPUI/TISPUI04.cif,2,0.010240703821182251,2,0.04456747070115188,full,True
tests/data/csd_families/TISPUI/TISPUI02.cif,tests/data/csd_families/TISPUI/TISPUI04.cif,3,0.008320220746099949,3,0.04591125855916371,full,True
tests/data/csd_families/TISPUI/TISPUI02.cif,tests/data/csd_families/TISPUI/TISPUI04.cif,5,0.00873559806495905,5,0.05185046031150406,full,True
tests/data/csd_families/TISPUI/TISPUI02.cif,tests/data/csd_families/TISPUI/TISPUI04.cif,8,0.01069234125316143,8,0.05613748529341152,full,False
tests/data/csd_families/TISPUI/TISPUI02.cif,tests/data/csd_families/TISPUI/TISPUI04.cif,10,0.022087165154516697,10,0.05349218217525661,full,True
tests/data/csd_families/TISPUI/TISPUI02.cif,tests/data/csd_families/TISPUI/TISPUI04.cif,15,0.014612697996199131,15,0.05028632716930503,full,True
tests/data/csd_families/TISPUI/TISPUI02.cif,tests/data/csd_families/TISPUI/TISPUI04.cif,20,0.01784262154251337,20,0.052347748028980914,full,True
tests/data/csd_families/TISPUI/TISPUI02.cif,tests/data/csd_families/TISPUI/TISPUI04.cif,25,0.02074512280523777,25,0.05186594378573943,full,False
tests/data/csd_families/TISPUI/TISPUI02.cif,tests/data/csd_families/TISPUI/TISPUI04.cif,30,0.022901208139955997,30,0.05173958681247698,full,True
tests/data/csd_families/TISPUI/TISPUI02.cif,tests/data/csd_families/TISPUI/TISPUI04.cif,40,0.03532549925148487,40,0.04933671983254106,full,True
tests/data/csd_families/TISPUI/TISPUI02.cif,tests/data/csd_families/TISPUI/TISPUI04.cif,50,0.04115513805299997,50,0.050499705242843786,full,True
tests/data/csd_families/TISPUI/TISPUI02.cif,tests/data/csd_families/TISPUI/TISPUI04.cif,75,0.08609142899513245,75,0.05221004956276056,full,True
tests/data/csd_families/TISPUI/TISPUI02.cif,tests/data/csd_families/TISPUI/TISPUI04.cif,100,0.11408026423305273,100,0.05316166612798143,full,True
tests/data/csd_families/TISPUI/TISPUI02.cif,tests/data/csd_families/TISPUI/TISPUI04.cif,150,0.19464517943561077,150,0.055042637361240355,full,True
tests/data/csd_families/YEXSAV/YEXSAV01.cif,tests/data/csd_families/YEXSAV/YEXSAV02.cif,1,0.017437025904655457,1,0.007286719219182786,full,True
tests/data/csd_families/YEXSAV/YEXSAV01.cif,tests/data/csd_families/YEXSAV/YEXSAV02.cif,2,0.012499971315264702,2,0.007267651602651946,full,True
tests/data/csd_families/YEXSAV/YEXSAV01.cif,tests/data/csd_families/YEXSAV/YEXSAV02.cif,3,0.007830264046788216,3,0.007708165910734347,full,True
tests/data/csd_families/YEXSAV/YEXSAV01.cif,tests/data/csd_families/YEXSAV/YEXSAV02.cif,5,0.006998308002948761,5,0.007834861224585689,full,True
tests/data/csd_families/YEXSAV/YEXSAV01.cif,tests/data/csd_families/YEXSAV/YEXSAV02.cif,8,0.008196769282221794,8,0.008289850187857795,full,True
tests/data/csd_families/YEXSAV/YEXSAV01.cif,tests/data/csd_families/YEXSAV/YEXSAV02.cif,10,0.010177942924201488,10,0.008334497659015672,full,True
tests/data/csd_families/YEXSAV/YEXSAV01.cif,tests/data/csd_families/YEXSAV/YEXSAV02.cif,15,0.009173765778541565,15,0.008363543408962235,full,True
tests/data/csd_families/YEXSAV/YEXSAV01.cif,tests/data/csd_families/YEXSAV/YEXSAV02.cif,20,0.0106426402926445,20,0.009086519243086195,full,True
tests/data/csd_families/YEXSAV/YEXSAV01.cif,tests/data/csd_families/YEXSAV/YEXSAV02.cif,25,0.01166617777198553,25,0.009043998885602467,full,True
tests/data/csd_families/YEXSAV/YEXSAV01.cif,tests/data/csd_families/YEXSAV/YEXSAV02.cif,30,0.012806656770408154,30,0.00937463337153689,full,True
tests/data/csd_families/YEXSAV/YEXSAV01.cif,tests/data/csd_families/YEXSAV/YEXSAV02.cif,40,0.02831014059484005,40,0.009394527014720962,full,True
tests/data/csd_families/YEXSAV/YEXSAV01.cif,tests/data/csd_families/YEXSAV/YEXSAV02.cif,50,0.02391605544835329,50,0.009531105487244472,full,True
tests/data/csd_families/YEXSAV/YEXSAV01.cif,tests/data/csd_families/YEXSAV/YEXSAV02.cif,75,0.03775962069630623,75,0.01026044953013972,full,True
tests/data/csd_families/YEXSAV/YEXSAV01.cif,tests/data/csd_families/YEXSAV/YEXSAV02.cif,100,0.05692440364509821,100,0.010755172646587149,full,True
tests/data/csd_families/YEXSAV/YEXSAV01.cif,tests/data/csd_families/YEXSAV/YEXSAV02.cif,150,0.10918011143803596,150,0.011691893378096598,full,True
tests/data/csd_families/DERKOA/DERKOA10.cif,tests/data/csd_families/DERKOA/DERKOA11.cif,1,0.007119481451809406,1,0.26888880897882655,full,True
tests/data/csd_families/DERKOA/DERKOA10.cif,tests/data/csd_families/DERKOA/DERKOA11.cif,2,0.005962902680039406,2,0.5459687183322849,full,True
tests/data/csd_families/DERKOA/DERKOA10.cif,tests/data/csd_families/DERKOA/DERKOA11.cif,3,0.006203894503414631,3,0.49756321437327444,full,True
tests/data/csd_families/DERKOA/DERKOA10.cif,tests/data/csd_families/DERKOA/DERKOA11.cif,5,0.007090529426932335,5,0.4739107813247192,full,True
tests/data/csd_families/DERKOA/DERKOA10.cif,tests/data/csd_families/DERKOA/DERKOA11.cif,8,0.007985434494912624,8,0.49855442050162563,full,True
tests/data/csd_families/DERKOA/DERKOA10.cif,tests/data/csd_families/DERKOA/DERKOA11.cif,10,0.010546749457716942,10,0.5467552857545758,full,True
tests/data/csd_families/DERKOA/DERKOA10.cif,tests/data/csd_families/DERKOA/DERKOA11.cif,15,0.010872134007513523,15,0.6227314013986764,full,True
tests/data/csd_families/DERKOA/DERKOA10.cif,tests/data/csd_families/DERKOA/DERKOA11.cif,20,0.01449358556419611,20,0.6438085610480656,full,True
tests/data/csd_families/DERKOA/DERKOA10.cif,tests/data/csd_families/DERKOA/DERKOA11.cif,25,0.017052719369530678,25,0.6574572037776186,full,True
tests/data/csd_families/DERKOA/DERKOA10.cif,tests/data/csd_families/DERKOA/DERKOA11.cif,30,0.01956321205943823,30,0.6207458649104758,full,True
tests/data/csd_families/DERKOA/DERKOA10.cif,tests/data/csd_families/DERKOA/DERKOA11.cif,40,0.024849931709468365,40,0.6522643732646656,full,True
tests/data/csd_families/DERKOA/DERKOA10.cif,tests/data/csd_families/DERKOA/DERKOA11.cif,50,0.02668964210897684,50,0.6596123578017986,full,True
tests/data/csd_families/DERKOA/DERKOA10.cif,tests/data/csd_families/DERKOA/DERKOA11.cif,75,0.054991042241454124,67,0.6815702481936864,partial,True
tests/data/csd_families/DERKOA/DERKOA10.cif,tests/data/csd_families/DERKOA/DERKOA11.cif,100,0.07933925464749336,85,0.692471944440125,partial,True
tests/data/csd_families/DERKOA/DERKOA10.cif,tests/data/csd_families/DERKOA/DERKOA11.cif,150,0.15229811239987612,108,0.7147020279447336,partial,True
tests/data/csd_families/QAHWUU/QAHWUU01.cif,tests/data/csd_families/QAHWUU/QAHWUU04.cif,1,0.022982309572398663,1,0.11603063653536805,full,False
tests/data/csd_families/QAHWUU/QAHWUU01.cif,tests/data/csd_families/QAHWUU/QAHWUU04.cif,2,0.016309916973114014,1,0.11603063653536805,partial,False
tests/data/csd_families/QAHWUU/QAHWUU01.cif,tests/data/csd_families/QAHWUU/QAHWUU04.cif,3,0.016700243577361107,1,0.11603063653536805,failed,False
tests/data/csd_families/QAHWUU/QAHWUU01.cif,tests/data/csd_families/QAHWUU/QAHWUU04.cif,5,0.01721528172492981,1,0.11603063653536805,failed,False
tests/data/csd_families/QAHWUU/QAHWUU01.cif,tests/data/csd_families/QAHWUU/QAHWUU04.cif,8,0.01746413577347994,1,0.11603063653536805,failed,False
tests/data/csd_families/QAHWUU/QAHWUU01.cif,tests/data/csd_families/QAHWUU/QAHWUU04.cif,10,0.024487425573170185,1,0.11603063653536805,failed,False
tests/data/csd_families/QAHWUU/QAHWUU01.cif,tests/data/csd_families/QAHWUU/QAHWUU04.cif,15,0.023000819608569145,1,0.11603063653536805,failed,False
tests/data/csd_families/QAHWUU/QAHWUU01.cif,tests/data/csd_families/QAHWUU/QAHWUU04.cif,20,0.025291549041867256,1,0.11603063653536805,failed,False
tests/data/csd_families/QAHWUU/QAHWUU01.cif,tests/data/csd_families/QAHWUU/QAHWUU04.cif,25,0.02652936987578869,1,0.11603063653536805,failed,False
tests/data/csd_families/QAHWUU/QAHWUU01.cif,tests/data/csd_families/QAHWUU/QAHWUU04.cif,30,0.02785321231931448,1,0.11603063653536805,failed,False
tests/data/csd_families/QAHWUU/QAHWUU01.cif,tests/data/csd_families/QAHWUU/QAHWUU04.cif,40,0.03989638574421406,1,0.11603063653536805,failed,False
tests/data/csd_families/QAHWUU/QAHWUU01.cif,tests/data/csd_families/QAHWUU/QAHWUU04.cif,50,0.046827493235468864,1,0.11603063653536805,failed,False
tests/data/csd_families/QAHWUU/QAHWUU01.cif,tests/data/csd_families/QAHWUU/QAHWUU04.cif,75,0.10402651317417622,1,0.11603063653536805,failed,False
tests/data/csd_families/QAHWUU/QAHWUU01.cif,tests/data/csd_families/QAHWUU/QAHWUU04.cif,100,0.10673797875642776,1,0.11603063653536805,failed,False
tests/data/csd_families/QAHWUU/QAHWUU01.cif,tests/data/csd_families/QAHWUU/QAHWUU04.cif,150,0.18933182768523693,2,0.2985768894226916,failed,False
tests/data/csd_families/XEFDER/XEFDER.cif,tests/data/csd_families/XEFDER/XEFDER02.cif,1,0.019947947934269905,1,0.01907926623646207,full,True
tests/data/csd_families/XEFDER/XEFDER.cif,tests/data/csd_families/XEFDER/XEFDER02.cif,2,0.0096754040569067,2,0.03113239345865719,full,True
tests/data/csd_families/XEFDER/XEFDER.cif,tests/data/csd_families/XEFDER/XEFDER02.cif,3,0.008006206713616848,3,0.03636989484385934,full,False
tests/data/csd_families/XEFDER/XEFDER.cif,tests/data/csd_families/XEFDER/XEFDER02.cif,5,0.008820989169180393,5,0.04521847697183835,full,True
tests/data/csd_families/XEFDER/XEFDER.cif,tests/data/csd_families/XEFDER/XEFDER02.cif,8,0.00942905992269516,8,0.04605543893490498,full,True
tests/data/csd_families/XEFDER/XEFDER.cif,tests/data/csd_families/XEFDER/XEFDER02.cif,10,0.011387533508241177,10,0.048577148289174185,full,True
tests/data/csd_families/XEFDER/XEFDER.cif,tests/data/csd_families/XEFDER/XEFDER02.cif,15,0.012536921538412571,15,0.07341072853397164,full,True
tests/data/csd_families/XEFDER/XEFDER.cif,tests/data/csd_families/XEFDER/XEFDER02.cif,20,0.015168058685958385,20,0.07627474334374737,full,False
tests/data/csd_families/XEFDER/XEFDER.cif,tests/data/csd_families/XEFDER/XEFDER02.cif,25,0.01759014744311571,25,0.08595070042041991,full,True
tests/data/csd_families/XEFDER/XEFDER.cif,tests/data/csd_families/XEFDER/XEFDER02.cif,30,0.019441669806838036,30,0.09079011975835065,full,True
tests/data/csd_families/XEFDER/XEFDER.cif,tests/data/csd_families/XEFDER/XEFDER02.cif,40,0.029313256964087486,40,0.0997175341086368,full,False
tests/data/csd_families/XEFDER/XEFDER.cif,tests/data/csd_families/XEFDER/XEFDER02.cif,50,0.03096445556730032,50,0.10485517818422302,full,True
tests/data/csd_families/XEFDER/XEFDER.cif,tests/data/csd_families/XEFDER/XEFDER02.cif,75,0.04130385909229517,75,0.11774153996519264,full,False
tests/data/csd_families/XEFDER/XEFDER.cif,tests/data/csd_families/XEFDER/XEFDER02.cif,100,0.05739850178360939,100,0.1226252587842927,full,True
tests/data/csd_families/XEFDER/XEFDER.cif,tests/data/csd_families/XEFDER/XEFDER02.cif,150,0.11492562852799892,150,0.14392420878413004,full,False
tests/data/csd_families/ROLMUA/ROLMUA.cif,tests/data/csd_families/ROLMUA/ROLMUA03.cif,1,0.04197472147643566,1,0.5973987309131247,full,True
tests/data/csd_families/ROLMUA/ROLMUA.cif,tests/data/csd_families/ROLMUA/ROLMUA03.cif,2,0.03900691121816635,1,0.5973987309131247,partial,True
tests/data/csd_families/ROLMUA/ROLMUA.cif,tests/data/csd_families/ROLMUA/ROLMUA03.cif,3,0.04002493806183338,1,0.5973987309131247,failed,True
tests/data/csd_families/ROLMUA/ROLMUA.cif,tests/data/csd_families/ROLMUA/ROLMUA03.cif,5,0.04150508437305689,1,0.5973987309131247,failed,True
tests/data/csd_families/ROLMUA/ROLMUA.cif,tests/data/csd_families/ROLMUA/ROLMUA03.cif,8,0.043220361694693565,1,0.5973987309131247,failed,True
tests/data/csd_families/ROLMUA/ROLMUA.cif,tests/data/csd_families/ROLMUA/ROLMUA03.cif,10,0.0473403325304389,1,0.5973987309131247,failed,True
tests/data/csd_families/ROLMUA/ROLMUA.cif,tests/data/csd_families/ROLMUA/ROLMUA03.cif,15,0.05143832229077816,1,0.5973987309131247,failed,True
tests/data/csd_families/ROLMUA/ROLMUA.cif,tests/data/csd_families/ROLMUA/ROLMUA03.cif,20,0.0599481463432312,1,0.5973987309131247,failed,True
tests/data/csd_families/ROLMUA/ROLMUA.cif,tests/data/csd_families/ROLMUA/ROLMUA03.cif,25,0.0651463745161891,1,0.5973987309131247,failed,True
tests/data/csd_families/ROLMUA/ROLMUA.cif,tests/data/csd_families/ROLMUA/ROLMUA03.cif,30,0.07365654781460762,1,0.5973987309131247,failed,True
tests/data/csd_families/ROLMUA/ROLMUA.cif,tests/data/csd_families/ROLMUA/ROLMUA03.cif,40,0.12383046839386225,1,0.5973987309131247,failed,True
tests/data/csd_families/ROLMUA/ROLMUA.cif,tests/data/csd_families/ROLMUA/ROLMUA03.cif,50,0.12697473168373108,1,0.5973987309131247,failed,True
tests/data/csd_families/ROLMUA/ROLMUA.cif,tests/data/csd_families/ROLMUA/ROLMUA03.cif,75,0.20776755269616842,1,0.5973987309131247,failed,True
tests/data/csd_families/ROLMUA/ROLMUA.cif,tests/data/csd_families/ROLMUA/ROLMUA03.cif,100,0.2888558255508542,2,0.8817363691878524,failed,False
tests/data/csd_families/ROLMUA/ROLMUA.cif,tests/data/csd_families/ROLMUA/ROLMUA03.cif,150,0.5856571765616536,2,0.8817363691878524,failed,False
tests/data/csd_families/IZOJUF/IZOJUF01.cif,tests/data/csd_families/IZOJUF/IZOJUF03.cif,1,1.1400319635868073e-05,0,nan,failed,False
tests/data/csd_families/IZOJUF/IZOJUF01.cif,tests/data/csd_families/IZOJUF/IZOJUF03.cif,2,4.730187356472015e-06,0,nan,failed,False
tests/data/csd_families/IZOJUF/IZOJUF01.cif,tests/data/csd_families/IZOJUF/IZOJUF03.cif,3,2.8703361749649048e-06,0,nan,failed,False
tests/data/csd_families/IZOJUF/IZOJUF01.cif,tests/data/csd_families/IZOJUF/IZOJUF03.cif,5,2.750195562839508e-06,0,nan,failed,False
tests/data/csd_families/IZOJUF/IZOJUF01.cif,tests/data/csd_families/IZOJUF/IZOJUF03.cif,8,2.4996697902679443e-06,0,nan,failed,False
tests/data/csd_families/IZOJUF/IZOJUF01.cif,tests/data/csd_families/IZOJUF/IZOJUF03.cif,10,4.120171070098877e-06,0,nan,failed,False
tests/data/csd_families/IZOJUF/IZOJUF01.cif,tests/data/csd_families/IZOJUF/IZOJUF03.cif,15,2.88989394903183e-06,0,nan,failed,False
tests/data/csd_families/IZOJUF/IZOJUF01.cif,tests/data/csd_families/IZOJUF/IZOJUF03.cif,20,2.7799978852272034e-06,0,nan,failed,False
tests/data/csd_families/IZOJUF/IZOJUF01.cif,tests/data/csd_families/IZOJUF/IZOJUF03.cif,25,2.759508788585663e-06,0,nan,failed,False
tests/data/csd_families/IZOJUF/IZOJUF01.cif,tests/data/csd_families/IZOJUF/IZOJUF03.cif,30,2.3497268557548523e-06,0,nan,failed,False
tests/data/csd_families/IZOJUF/IZOJUF01.cif,tests/data/csd_families/IZOJUF/IZOJUF03.cif,40,3.320164978504181e-06,0,nan,failed,False
tests/data/csd_families/IZOJUF/IZOJUF01.cif,tests/data/csd_families/IZOJUF/IZOJUF03.cif,50,2.6999041438102722e-06,0,nan,failed,False
tests/data/csd_families/IZOJUF/IZOJUF01.cif,tests/data/csd_families/IZOJUF/IZOJUF03.cif,75,2.530403435230255e-06,0,nan,failed,False
tests/data/csd_families/IZOJUF/IZOJUF01.cif,tests/data/csd_families/IZOJUF/IZOJUF03.cif,100,2.3795291781425476e-06,0,nan,failed,False
tests/data/csd_families/IZOJUF/IZOJUF01.cif,tests/data/csd_families/IZOJUF/IZOJUF03.cif,150,2.300366759300232e-06,0,nan,failed,False
tests/data/csd_families/QAHWUU/QAHWUU03.cif,tests/data/csd_families/QAHWUU/QAHWUU04.cif,1,0.0074208760634064674,1,0.46117750423197146,full,False
tests/data/csd_families/QAHWUU/QAHWUU02.cif,tests/data/csd_families/QAHWUU/QAHWUU04.cif,1,0.0075170183554291725,1,0.5617985012137496,full,False
tests/data/csd_families/QAHWUU/QAHWUU03.cif,tests/data/csd_families/QAHWUU/QAHWUU04.cif,2,0.006991918198764324,1,0.46117750423197146,partial,False
tests/data/csd_families/QAHWUU/QAHWUU02.cif,tests/data/csd_families/QAHWUU/QAHWUU04.cif,2,0.007609039545059204,1,0.5617985012137496,partial,False
tests/data/csd_families/QAHWUU/QAHWUU03.cif,tests/data/csd_families/QAHWUU/QAHWUU04.cif,3,0.007105480879545212,1,0.46117750423197146,failed,False
tests/data/csd_families/QAHWUU/QAHWUU02.cif,tests/data/csd_families/QAHWUU/QAHWUU04.cif,3,0.009591352194547653,1,0.5617985012137496,failed,False
tests/data/csd_families/QAHWUU/QAHWUU03.cif,tests/data/csd_families/QAHWUU/QAHWUU04.cif,5,0.007548158057034016,1,0.46117750423197146,failed,False
tests/data/csd_families/QAHWUU/QAHWUU02.cif,tests/data/csd_families/QAHWUU/QAHWUU04.cif,5,0.009030163288116455,1,0.5617985012137496,failed,False
tests/data/csd_families/QAHWUU/QAHWUU03.cif,tests/data/csd_families/QAHWUU/QAHWUU04.cif,8,0.007643459364771843,1,0.46117750423197146,failed,False
tests/data/csd_families/QAHWUU/QAHWUU02.cif,tests/data/csd_families/QAHWUU/QAHWUU04.cif,8,0.009130604565143585,1,0.5617985012137496,failed,False
tests/data/csd_families/QAHWUU/QAHWUU03.cif,tests/data/csd_families/QAHWUU/QAHWUU04.cif,10,0.010443496517837048,1,0.46117750423197146,failed,False
tests/data/csd_families/QAHWUU/QAHWUU02.cif,tests/data/csd_families/QAHWUU/QAHWUU04.cif,10,0.010052189230918884,2,0.8098892124131083,failed,False
tests/data/csd_families/QAHWUU/QAHWUU03.cif,tests/data/csd_families/QAHWUU/QAHWUU04.cif,15,0.009815395809710026,1,0.46117750423197146,failed,False
tests/data/csd_families/QAHWUU/QAHWUU02.cif,tests/data/csd_families/QAHWUU/QAHWUU04.cif,15,0.010793523862957954,1,0.5617985012137496,failed,False
tests/data/csd_families/QAHWUU/QAHWUU03.cif,tests/data/csd_families/QAHWUU/QAHWUU04.cif,20,0.012732736766338348,1,0.46117750423197146,failed,False
tests/data/csd_families/QAHWUU/QAHWUU02.cif,tests/data/csd_families/QAHWUU/QAHWUU04.cif,20,0.01712009124457836,1,0.5617985012137496,failed,False
tests/data/csd_families/QAHWUU/QAHWUU03.cif,tests/data/csd_families/QAHWUU/QAHWUU04.cif,25,0.013690232299268246,3,0.8083800418545442,failed,True
tests/data/csd_families/QAHWUU/QAHWUU02.cif,tests/data/csd_families/QAHWUU/QAHWUU04.cif,25,0.01618955470621586,1,0.5617985012137496,failed,False
tests/data/csd_families/QAHWUU/QAHWUU03.cif,tests/data/csd_families/QAHWUU/QAHWUU04.cif,30,0.01421476062387228,3,0.8083800418545442,failed,True
tests/data/csd_families/QAHWUU/QAHWUU02.cif,tests/data/csd_families/QAHWUU/QAHWUU04.cif,30,0.015789437107741833,1,0.5617985012137496,failed,False
tests/data/csd_families/QAHWUU/QAHWUU03.cif,tests/data/csd_families/QAHWUU/QAHWUU04.cif,40,0.021471654064953327,3,0.8083800418545442,failed,True
tests/data/csd_families/QAHWUU/QAHWUU02.cif,tests/data/csd_families/QAHWUU/QAHWUU04.cif,40,0.020246933214366436,3,0.7720089350963493,failed,False
tests/data/csd_families/QAHWUU/QAHWUU03.cif,tests/data/csd_families/QAHWUU/QAHWUU04.cif,50,0.02320519369095564,3,0.8083800418545442,failed,True
tests/data/csd_families/QAHWUU/QAHWUU02.cif,tests/data/csd_families/QAHWUU/QAHWUU04.cif,50,0.028917930088937283,3,0.7720089350963493,failed,False
tests/data/csd_families/QAHWUU/QAHWUU03.cif,tests/data/csd_families/QAHWUU/QAHWUU04.cif,75,0.035412659868597984,3,0.8083800418545442,failed,True
tests/data/csd_families/QAHWUU/QAHWUU02.cif,tests/data/csd_families/QAHWUU/QAHWUU04.cif,75,0.04615531209856272,3,0.7454673758249392,failed,False
tests/data/csd_families/QAHWUU/QAHWUU03.cif,tests/data/csd_families/QAHWUU/QAHWUU04.cif,100,0.05623830296099186,3,0.8083800418545442,failed,True
tests/data/csd_families/QAHWUU/QAHWUU02.cif,tests/data/csd_families/QAHWUU/QAHWUU04.cif,100,0.05250938981771469,3,0.7454673758249392,failed,False
tests/data/csd_families/QAHWUU/QAHWUU03.cif,tests/data/csd_families/QAHWUU/QAHWUU04.cif,150,0.09391586109995842,5,0.8108665679330179,failed,True
tests/data/csd_families/QAHWUU/QAHWUU02.cif,tests/data/csd_families/QAHWUU/QAHWUU04.cif,150,0.09247749857604504,4,0.7897178186836156,failed,False
tests/data/csd_families/DIBFAY/DIBFAY02.cif,tests/data/csd_families/DIBFAY/DIBFAY03.cif,1,2.9820017516613007e-05,0,nan,failed,False
tests/data/csd_families/DIBFAY/DIBFAY02.cif,tests/data/csd_families/DIBFAY/DIBFAY03.cif,2,4.490837454795837e-06,0,nan,failed,False
tests/data/csd_families/DIBFAY/DIBFAY02.cif,tests/data/csd_families/DIBFAY/DIBFAY03.cif,3,2.88989394903183e-06,0,nan,failed,False
tests/data/csd_families/DIBFAY/DIBFAY02.cif,tests/data/csd_families/DIBFAY/DIBFAY03.cif,5,2.269633114337921e-06,0,nan,failed,False
tests/data/csd_families/DIBFAY/DIBFAY02.cif,tests/data/csd_families/DIBFAY/DIBFAY03.cif,8,2.5406479835510254e-06,0,nan,failed,False
tests/data/csd_families/DIBFAY/DIBFAY02.cif,tests/data/csd_families/DIBFAY/DIBFAY03.cif,10,3.5800039768218994e-06,0,nan,failed,False
tests/data/csd_families/DIBFAY/DIBFAY02.cif,tests/data/csd_families/DIBFAY/DIBFAY03.cif,15,2.4801120162010193e-06,0,nan,failed,False
tests/data/csd_families/DIBFAY/DIBFAY02.cif,tests/data/csd_families/DIBFAY/DIBFAY03.cif,20,2.2100284695625305e-06,0,nan,failed,False
tests/data/csd_families/DIBFAY/DIBFAY02.cif,tests/data/csd_families/DIBFAY/DIBFAY03.cif,25,2.089887857437134e-06,0,nan,failed,False
tests/data/csd_families/DIBFAY/DIBFAY02.cif,tests/data/csd_families/DIBFAY/DIBFAY03.cif,30,2.319924533367157e-06,0,nan,failed,False
tests/data/csd_families/DIBFAY/DIBFAY02.cif,tests/data/csd_families/DIBFAY/DIBFAY03.cif,40,3.25031578540802e-06,0,nan,failed,False
tests/data/csd_families/DIBFAY/DIBFAY02.cif,tests/data/csd_families/DIBFAY/DIBFAY03.cif,50,2.650544047355652e-06,0,nan,failed,False
tests/data/csd_families/DIBFAY/DIBFAY02.cif,tests/data/csd_families/DIBFAY/DIBFAY03.cif,75,2.1299347281455994e-06,0,nan,failed,False
tests/data/csd_families/DIBFAY/DIBFAY02.cif,tests/data/csd_families/DIBFAY/DIBFAY03.cif,100,2.2901222109794617e-06,0,nan,failed,False
tests/data/csd_families/DIBFAY/DIBFAY02.cif,tests/data/csd_families/DIBFAY/DIBFAY03.cif,150,2.180226147174835e-06,0,nan,failed,False
tests/data/csd_families/TMAMOH/TMAMOH.cif,tests/data/csd_families/TMAMOH/TMAMOH03.cif,1,2.326909452676773e-05,0,nan,failed,False
tests/data/csd_families/TMAMOH/TMAMOH.cif,tests/data/csd_families/TMAMOH/TMAMOH03.cif,2,4.610046744346619e-06,0,nan,failed,False
tests/data/csd_families/TMAMOH/TMAMOH.cif,tests/data/csd_families/TMAMOH/TMAMOH03.cif,3,4.3101608753204346e-06,0,nan,failed,False
tests/data/csd_families/TMAMOH/TMAMOH.cif,tests/data/csd_families/TMAMOH/TMAMOH03.cif,5,4.179775714874268e-06,0,nan,failed,False
tests/data/csd_families/TMAMOH/TMAMOH.cif,tests/data/csd_families/TMAMOH/TMAMOH03.cif,8,4.370696842670441e-06,0,nan,failed,False
tests/data/csd_families/TMAMOH/TMAMOH.cif,tests/data/csd_families/TMAMOH/TMAMOH03.cif,10,4.750676453113556e-06,0,nan,failed,False
tests/data/csd_families/TMAMOH/TMAMOH.cif,tests/data/csd_families/TMAMOH/TMAMOH03.cif,15,4.139728844165802e-06,0,nan,failed,False
tests/data/csd_families/TMAMOH/TMAMOH.cif,tests/data/csd_families/TMAMOH/TMAMOH03.cif,20,4.0102750062942505e-06,0,nan,failed,False
tests/data/csd_families/TMAMOH/TMAMOH.cif,tests/data/csd_families/TMAMOH/TMAMOH03.cif,25,4.050321877002716e-06,0,nan,failed,False
tests/data/csd_families/TMAMOH/TMAMOH.cif,tests/data/csd_families/TMAMOH/TMAMOH03.cif,30,4.050321877002716e-06,0,nan,failed,False
tests/data/csd_families/TMAMOH/TMAMOH.cif,tests/data/csd_families/TMAMOH/TMAMOH03.cif,40,4.32971864938736e-06,0,nan,failed,False
tests/data/csd_families/TMAMOH/TMAMOH.cif,tests/data/csd_families/TMAMOH/TMAMOH03.cif,50,4.270114004611969e-06,0,nan,failed,False
tests/data/csd_families/TMAMOH/TMAMOH.cif,tests/data/csd_families/TMAMOH/TMAMOH03.cif,75,4.4405460357666016e-06,0,nan,failed,False
tests/data/csd_families/TMAMOH/TMAMOH.cif,tests/data/csd_families/TMAMOH/TMAMOH03.cif,100,4.110857844352722e-06,0,nan,failed,False
tests/data/csd_families/TMAMOH/TMAMOH.cif,tests/data/csd_families/TMAMOH/TMAMOH03.cif,150,4.230067133903503e-06,0,nan,failed,False
tests/data/csd_families/DIBFAY/DIBFAY01.cif,tests/data/csd_families/DIBFAY/DIBFAY02.cif,1,0.005630025640130043,1,0.020216332246468273,full,False
tests/data/csd_families/DIBFAY/DIBFAY01.cif,tests/data/csd_families/DIBFAY/DIBFAY02.cif,2,0.005600395612418652,2,0.02711233474561218,full,False
tests/data/csd_families/DIBFAY/DIBFAY01.cif,tests/data/csd_families/DIBFAY/DIBFAY02.cif,3,0.005755038000643253,3,0.02936542364172709,full,False
tests/data/csd_families/DIBFAY/DIBFAY01.cif,tests/data/csd_families/DIBFAY/DIBFAY02.cif,5,0.0060417018830776215,5,0.042913040587905064,full,False
tests/data/csd_families/DIBFAY/DIBFAY01.cif,tests/data/csd_families/DIBFAY/DIBFAY02.cif,8,0.007848323322832584,8,0.046152581837916984,full,False
tests/data/csd_families/DIBFAY/DIBFAY01.cif,tests/data/csd_families/DIBFAY/DIBFAY02.cif,10,0.008322680369019508,10,0.045268987280340914,full,False
tests/data/csd_families/DIBFAY/DIBFAY01.cif,tests/data/csd_families/DIBFAY/DIBFAY02.cif,15,0.00810254830867052,15,0.04685074306515721,full,False
tests/data/csd_families/DIBFAY/DIBFAY01.cif,tests/data/csd_families/DIBFAY/DIBFAY02.cif,20,0.009279737249016762,20,0.052949157065759776,full,False
tests/data/csd_families/DIBFAY/DIBFAY01.cif,tests/data/csd_families/DIBFAY/DIBFAY02.cif,25,0.010418646968901157,25,0.0544192783096762,full,False
tests/data/csd_families/DIBFAY/DIBFAY01.cif,tests/data/csd_families/DIBFAY/DIBFAY02.cif,30,0.011163569055497646,30,0.05920479896084078,full,False
tests/data/csd_families/DIBFAY/DIBFAY01.cif,tests/data/csd_families/DIBFAY/DIBFAY02.cif,40,0.01569383591413498,40,0.06527735153615832,full,False
tests/data/csd_families/DIBFAY/DIBFAY01.cif,tests/data/csd_families/DIBFAY/DIBFAY02.cif,50,0.017319954000413418,50,0.06903162160414517,full,False
tests/data/csd_families/DIBFAY/DIBFAY01.cif,tests/data/csd_families/DIBFAY/DIBFAY02.cif,75,0.024024897255003452,75,0.07761688167615059,full,False
tests/data/csd_families/DIBFAY/DIBFAY01.cif,tests/data/csd_families/DIBFAY/DIBFAY02.cif,100,0.032882497645914555,100,0.0850340510533425,full,False
tests/data/csd_families/DIBFAY/DIBFAY01.cif,tests/data/csd_families/DIBFAY/DIBFAY02.cif,150,0.0508103808388114,150,0.09815208901627982,full,False
tests/data/csd_families/DBPHEN/DBPHEN04.cif,tests/data/csd_families/DBPHEN/DBPHEN05.cif,1,0.011209099553525448,1,0.052880980318972946,full,False
tests/data/csd_families/DBPHEN/DBPHEN04.cif,tests/data/csd_families/DBPHEN/DBPHEN05.cif,2,0.01175071019679308,1,0.052880980318972946,partial,False
tests/data/csd_families/DBPHEN/DBPHEN04.cif,tests/data/csd_families/DBPHEN/DBPHEN05.cif,3,0.013021220453083515,2,0.21291753095388083,partial,False
tests/data/csd_families/DBPHEN/DBPHEN04.cif,tests/data/csd_families/DBPHEN/DBPHEN05.cif,5,0.014666019007563591,3,0.23809950799937174,partial,False
tests/data/csd_families/DBPHEN/DBPHEN04.cif,tests/data/csd_families/DBPHEN/DBPHEN05.cif,8,0.013785704039037228,3,0.23809950799937174,failed,False
tests/data/csd_families/DBPHEN/DBPHEN04.cif,tests/data/csd_families/DBPHEN/DBPHEN05.cif,10,0.0169997476041317,5,0.2652642137414957,partial,False
tests/data/csd_families/DBPHEN/DBPHEN04.cif,tests/data/csd_families/DBPHEN/DBPHEN05.cif,15,0.018282780423760414,5,0.2652642137414957,failed,False
tests/data/csd_families/DBPHEN/DBPHEN04.cif,tests/data/csd_families/DBPHEN/DBPHEN05.cif,20,0.020448767580091953,5,0.2652642137414957,failed,False
tests/data/csd_families/DBPHEN/DBPHEN04.cif,tests/data/csd_families/DBPHEN/DBPHEN05.cif,25,0.02254563197493553,6,0.26229440306200696,failed,False
tests/data/csd_families/DBPHEN/DBPHEN04.cif,tests/data/csd_families/DBPHEN/DBPHEN05.cif,30,0.026776733808219433,6,0.26229440306200696,failed,False
tests/data/csd_families/DBPHEN/DBPHEN04.cif,tests/data/csd_families/DBPHEN/DBPHEN05.cif,40,0.03484578151255846,7,0.6563753496910354,failed,True
tests/data/csd_families/DBPHEN/DBPHEN04.cif,tests/data/csd_families/DBPHEN/DBPHEN05.cif,50,0.03994230646640062,7,0.2891128849205182,failed,False
tests/data/csd_families/DBPHEN/DBPHEN04.cif,tests/data/csd_families/DBPHEN/DBPHEN05.cif,75,0.06943032704293728,9,0.31498614804920255,failed,False
tests/data/csd_families/DBPHEN/DBPHEN04.cif,tests/data/csd_families/DBPHEN/DBPHEN05.cif,100,0.10239352565258741,9,0.31498614804920255,failed,False
tests/data/csd_families/DBPHEN/DBPHEN04.cif,tests/data/csd_families/DBPHEN/DBPHEN05.cif,150,0.18795513547956944,11,0.690555880791328,failed,True
tests/data/csd_families/RUVTOR/RUVTOR.cif,tests/data/csd_families/RUVTOR/RUVTOR02.cif,1,0.01855822466313839,1,0.008049973325591547,full,False
tests/data/csd_families/RUVTOR/RUVTOR.cif,tests/data/csd_families/RUVTOR/RUVTOR02.cif,2,0.01990610733628273,2,0.013371787724358507,full,False
tests/data/csd_families/RUVTOR/RUVTOR.cif,tests/data/csd_families/RUVTOR/RUVTOR02.cif,3,0.022366449236869812,3,0.018897097379989528,full,False
tests/data/csd_families/RUVTOR/RUVTOR.cif,tests/data/csd_families/RUVTOR/RUVTOR02.cif,5,0.027432645671069622,5,0.023233048112878026,full,False
tests/data/csd_families/RUVTOR/RUVTOR.cif,tests/data/csd_families/RUVTOR/RUVTOR02.cif,8,0.03434444218873978,8,0.025820598683203393,full,False
tests/data/csd_families/RUVTOR/RUVTOR.cif,tests/data/csd_families/RUVTOR/RUVTOR02.cif,10,0.03944835904985666,10,0.025192581513262844,full,False
tests/data/csd_families/RUVTOR/RUVTOR.cif,tests/data/csd_families/RUVTOR/RUVTOR02.cif,15,0.04752563498914242,15,0.027224031692526466,full,False
tests/data/csd_families/RUVTOR/RUVTOR.cif,tests/data/csd_families/RUVTOR/RUVTOR02.cif,20,0.06256530061364174,20,0.02982086924521297,full,False
tests/data/csd_families/RUVTOR/RUVTOR.cif,tests/data/csd_families/RUVTOR/RUVTOR02.cif,25,0.07268387172371149,25,0.03188764715215251,full,False
tests/data/csd_families/RUVTOR/RUVTOR.cif,tests/data/csd_families/RUVTOR/RUVTOR02.cif,30,0.08209533151239157,30,0.033487724834395445,full,False
tests/data/csd_families/RUVTOR/RUVTOR.cif,tests/data/csd_families/RUVTOR/RUVTOR02.cif,40,0.10654352512210608,40,0.036774591941420756,full,False
tests/data/csd_families/RUVTOR/RUVTOR.cif,tests/data/csd_families/RUVTOR/RUVTOR02.cif,50,0.13785489741712809,50,0.04032354182784525,full,False
tests/data/csd_families/RUVTOR/RUVTOR.cif,tests/data/csd_families/RUVTOR/RUVTOR02.cif,75,0.20894513092935085,75,0.04562786040742111,full,False
tests/data/csd_families/RUVTOR/RUVTOR.cif,tests/data/csd_families/RUVTOR/RUVTOR02.cif,100,0.2888595163822174,100,0.04972362292535416,full,False
tests/data/csd_families/RUVTOR/RUVTOR.cif,tests/data/csd_families/RUVTOR/RUVTOR02.cif,150,0.48985802102833986,150,0.056966362338953434,full,False
tests/data/csd_families/ZZZPPI/ZZZPPI04.cif,tests/data/csd_families/ZZZPPI/ZZZPPI05.cif,1,0.004984383471310139,1,0.0419585809848515,full,True
tests/data/csd_families/ZZZPPI/ZZZPPI02.cif,tests/data/csd_families/ZZZPPI/ZZZPPI04.cif,1,0.004193371161818504,1,0.08145846832130928,full,False
tests/data/csd_families/ZZZPPI/ZZZPPI04.cif,tests/data/csd_families/ZZZPPI/ZZZPPI05.cif,2,0.004883423447608948,2,0.04244491474390879,full,True
tests/data/csd_families/ZZZPPI/ZZZPPI02.cif,tests/data/csd_families/ZZZPPI/ZZZPPI04.cif,2,0.004713439382612705,2,0.08432884540818039,full,False
tests/data/csd_families/ZZZPPI/ZZZPPI04.cif,tests/data/csd_families/ZZZPPI/ZZZPPI05.cif,3,0.005088656209409237,3,0.04210256480687164,full,True
tests/data/csd_families/ZZZPPI/ZZZPPI02.cif,tests/data/csd_families/ZZZPPI/ZZZPPI04.cif,3,0.005592964589595795,3,0.08678285072602315,full,False
tests/data/csd_families/ZZZPPI/ZZZPPI04.cif,tests/data/csd_families/ZZZPPI/ZZZPPI05.cif,5,0.005758647806942463,5,0.04098875430450914,full,True
tests/data/csd_families/ZZZPPI/ZZZPPI02.cif,tests/data/csd_families/ZZZPPI/ZZZPPI04.cif,5,0.005277739837765694,5,0.08807620539599215,full,False
tests/data/csd_families/ZZZPPI/ZZZPPI04.cif,tests/data/csd_families/ZZZPPI/ZZZPPI05.cif,8,0.006341487169265747,8,0.043291414683372706,full,True
tests/data/csd_families/ZZZPPI/ZZZPPI02.cif,tests/data/csd_families/ZZZPPI/ZZZPPI04.cif,8,0.00647857878357172,8,0.08740670006084421,full,False
tests/data/csd_families/ZZZPPI/ZZZPPI04.cif,tests/data/csd_families/ZZZPPI/ZZZPPI05.cif,10,0.007998675107955933,10,0.045192419580745366,full,True
tests/data/csd_families/ZZZPPI/ZZZPPI02.cif,tests/data/csd_families/ZZZPPI/ZZZPPI04.cif,10,0.007605939172208309,10,0.08805135470903039,full,False
tests/data/csd_families/ZZZPPI/ZZZPPI04.cif,tests/data/csd_families/ZZZPPI/ZZZPPI05.cif,15,0.00861852616071701,15,0.04656885413588525,full,True
tests/data/csd_families/ZZZPPI/ZZZPPI02.cif,tests/data/csd_families/ZZZPPI/ZZZPPI04.cif,15,0.008184288628399372,15,0.08709714057602198,full,False
tests/data/csd_families/ZZZPPI/ZZZPPI04.cif,tests/data/csd_families/ZZZPPI/ZZZPPI05.cif,20,0.011109009385108948,20,0.04655295685634266,full,True
tests/data/csd_families/ZZZPPI/ZZZPPI02.cif,tests/data/csd_families/ZZZPPI/ZZZPPI04.cif,20,0.011774498969316483,20,0.08738866941193481,full,False
tests/data/csd_families/ZZZPPI/ZZZPPI04.cif,tests/data/csd_families/ZZZPPI/ZZZPPI05.cif,25,0.013022709637880325,25,0.04682894002254244,full,True
tests/data/csd_families/ZZZPPI/ZZZPPI02.cif,tests/data/csd_families/ZZZPPI/ZZZPPI04.cif,25,0.011823050677776337,25,0.08889605095244055,full,False
tests/data/csd_families/ZZZPPI/ZZZPPI04.cif,tests/data/csd_families/ZZZPPI/ZZZPPI05.cif,30,0.014274871908128262,30,0.04715049504598261,full,True
tests/data/csd_families/ZZZPPI/ZZZPPI02.cif,tests/data/csd_families/ZZZPPI/ZZZPPI04.cif,30,0.013504989445209503,30,0.0898842228315,full,False
tests/data/csd_families/ZZZPPI/ZZZPPI04.cif,tests/data/csd_families/ZZZPPI/ZZZPPI05.cif,40,0.01749033574014902,40,0.04729106964625539,full,True
tests/data/csd_families/ZZZPPI/ZZZPPI02.cif,tests/data/csd_families/ZZZPPI/ZZZPPI04.cif,40,0.016051712445914745,40,0.08990649767093763,full,False
tests/data/csd_families/ZZZPPI/ZZZPPI04.cif,tests/data/csd_families/ZZZPPI/ZZZPPI05.cif,50,0.01924530602991581,50,0.04780614388386667,full,True
tests/data/csd_families/ZZZPPI/ZZZPPI02.cif,tests/data/csd_families/ZZZPPI/ZZZPPI04.cif,50,0.018825928680598736,50,0.09018517899070046,full,False
tests/data/csd_families/ZZZPPI/ZZZPPI04.cif,tests/data/csd_families/ZZZPPI/ZZZPPI05.cif,75,0.0370364785194397,75,0.04909228925464594,full,True
tests/data/csd_families/ZZZPPI/ZZZPPI02.cif,tests/data/csd_families/ZZZPPI/ZZZPPI04.cif,75,0.0421503446996212,75,0.09133706907021115,full,False
tests/data/csd_families/ZZZPPI/ZZZPPI04.cif,tests/data/csd_families/ZZZPPI/ZZZPPI05.cif,100,0.05124227795749903,100,0.04953779599477873,full,True
tests/data/csd_families/ZZZPPI/ZZZPPI02.cif,tests/data/csd_families/ZZZPPI/ZZZPPI04.cif,100,0.0523692574352026,100,0.09184103973209459,full,False
tests/data/csd_families/ZZZPPI/ZZZPPI04.cif,tests/data/csd_families/ZZZPPI/ZZZPPI05.cif,150,0.08473548572510481,150,0.05052448683884894,full,True
tests/data/csd_families/ZZZPPI/ZZZPPI02.cif,tests/data/csd_families/ZZZPPI/ZZZPPI04.cif,150,0.08601032849401236,150,0.09303548541643257,full,False
tests/data/csd_families/TPHMET/TPHMET02.cif,tests/data/csd_families/TPHMET/TPHMET11.cif,1,0.02025887370109558,1,0.04148275612326189,full,False
tests/data/csd_families/TPHMET/TPHMET01.cif,tests/data/csd_families/TPHMET/TPHMET11.cif,1,0.017819001339375973,1,0.011291658078876155,full,False
tests/data/csd_families/QAHWUU/QAHWUU.cif,tests/data/csd_families/QAHWUU/QAHWUU01.cif,1,0.016137314029037952,1,0.025271854947371254,full,True
tests/data/csd_families/TPHMET/TPHMET02.cif,tests/data/csd_families/TPHMET/TPHMET11.cif,2,0.01999206840991974,2,0.0748779741590573,full,False
tests/data/csd_families/TPHMET/TPHMET01.cif,tests/data/csd_families/TPHMET/TPHMET11.cif,2,0.017813732847571373,2,0.012727393258819344,full,False
tests/data/csd_families/QAHWUU/QAHWUU.cif,tests/data/csd_families/QAHWUU/QAHWUU01.cif,2,0.016341197304427624,2,0.08164621325407767,full,True
tests/data/csd_families/TPHMET/TPHMET02.cif,tests/data/csd_families/TPHMET/TPHMET11.cif,3,0.021223580464720726,3,0.10881652457915304,full,False
tests/data/csd_families/TPHMET/TPHMET01.cif,tests/data/csd_families/TPHMET/TPHMET11.cif,3,0.01903333142399788,3,0.013109159196550528,full,False
tests/data/csd_families/QAHWUU/QAHWUU.cif,tests/data/csd_families/QAHWUU/QAHWUU01.cif,3,0.017005518078804016,3,0.08921679585442263,full,True
tests/data/csd_families/TPHMET/TPHMET02.cif,tests/data/csd_families/TPHMET/TPHMET11.cif,5,0.022539411671459675,5,0.12056698905096709,full,False
tests/data/csd_families/TPHMET/TPHMET01.cif,tests/data/csd_families/TPHMET/TPHMET11.cif,5,0.021207448095083237,5,0.013384693575035397,full,False
tests/data/csd_families/QAHWUU/QAHWUU.cif,tests/data/csd_families/QAHWUU/QAHWUU01.cif,5,0.01872942689806223,5,0.08588936259079291,full,True
tests/data/csd_families/TPHMET/TPHMET02.cif,tests/data/csd_families/TPHMET/TPHMET11.cif,8,0.024904223158955574,8,0.15512327808705154,full,False
tests/data/csd_families/TPHMET/TPHMET01.cif,tests/data/csd_families/TPHMET/TPHMET11.cif,8,0.022265857085585594,8,0.014487562258145296,full,False
tests/data/csd_families/QAHWUU/QAHWUU.cif,tests/data/csd_families/QAHWUU/QAHWUU01.cif,8,0.01966362353414297,8,0.08666066004707564,full,True
tests/data/csd_families/TPHMET/TPHMET02.cif,tests/data/csd_families/TPHMET/TPHMET11.cif,10,0.02684527449309826,10,0.1617848561967422,full,False
tests/data/csd_families/TPHMET/TPHMET01.cif,tests/data/csd_families/TPHMET/TPHMET11.cif,10,0.023793202824890614,10,0.014782419131674706,full,False
tests/data/csd_families/QAHWUU/QAHWUU.cif,tests/data/csd_families/QAHWUU/QAHWUU01.cif,10,0.021263480186462402,10,0.09305532519196955,full,True
tests/data/csd_families/TPHMET/TPHMET02.cif,tests/data/csd_families/TPHMET/TPHMET11.cif,15,0.02950569149106741,15,0.16373147575149594,full,False
tests/data/csd_families/TPHMET/TPHMET01.cif,tests/data/csd_families/TPHMET/TPHMET11.cif,15,0.0261964937672019,15,0.015276944530132132,full,False
tests/data/csd_families/QAHWUU/QAHWUU.cif,tests/data/csd_families/QAHWUU/QAHWUU01.cif,15,0.02752094529569149,15,0.09624547757430715,full,True
tests/data/csd_families/TPHMET/TPHMET02.cif,tests/data/csd_families/TPHMET/TPHMET11.cif,20,0.035490140318870544,20,0.16827671886542905,full,False
tests/data/csd_families/TPHMET/TPHMET01.cif,tests/data/csd_families/TPHMET/TPHMET11.cif,20,0.030515587888658047,20,0.01550213800889371,full,False
tests/data/csd_families/QAHWUU/QAHWUU.cif,tests/data/csd_families/QAHWUU/QAHWUU01.cif,20,0.030384465120732784,20,0.11121025630712866,full,True
tests/data/csd_families/TPHMET/TPHMET02.cif,tests/data/csd_families/TPHMET/TPHMET11.cif,25,0.03903350047767162,25,0.18177860363916898,full,False
tests/data/csd_families/TPHMET/TPHMET01.cif,tests/data/csd_families/TPHMET/TPHMET11.cif,25,0.035588222555816174,25,0.015519121887269739,full,False
tests/data/csd_families/QAHWUU/QAHWUU.cif,tests/data/csd_families/QAHWUU/QAHWUU01.cif,25,0.03192206099629402,25,0.11758075108987488,full,True
tests/data/csd_families/TPHMET/TPHMET02.cif,tests/data/csd_families/TPHMET/TPHMET11.cif,30,0.043179661966860294,30,0.1895518468983243,full,False
tests/data/csd_families/TPHMET/TPHMET01.cif,tests/data/csd_families/TPHMET/TPHMET11.cif,30,0.03766187932342291,30,0.015871984419806466,full,False
tests/data/csd_families/QAHWUU/QAHWUU.cif,tests/data/csd_families/QAHWUU/QAHWUU01.cif,30,0.03455133456736803,30,0.11912232055427756,full,True
tests/data/csd_families/TPHMET/TPHMET02.cif,tests/data/csd_families/TPHMET/TPHMET11.cif,40,0.056450556963682175,40,0.19262915189361973,full,False
tests/data/csd_families/TPHMET/TPHMET01.cif,tests/data/csd_families/TPHMET/TPHMET11.cif,40,0.050270961597561836,40,0.016014034601985312,full,False
tests/data/csd_families/QAHWUU/QAHWUU.cif,tests/data/csd_families/QAHWUU/QAHWUU01.cif,40,0.045163385570049286,40,0.1244656643296053,full,True
tests/data/csd_families/TPHMET/TPHMET02.cif,tests/data/csd_families/TPHMET/TPHMET11.cif,50,0.07196275983005762,50,0.20163567663973248,full,False
tests/data/csd_families/TPHMET/TPHMET01.cif,tests/data/csd_families/TPHMET/TPHMET11.cif,50,0.06444428209215403,50,0.016594229153215664,full,False
tests/data/csd_families/QAHWUU/QAHWUU.cif,tests/data/csd_families/QAHWUU/QAHWUU01.cif,50,0.05657387897372246,50,0.13282691776371333,full,True
tests/data/csd_families/TPHMET/TPHMET02.cif,tests/data/csd_families/TPHMET/TPHMET11.cif,75,0.12589905317872763,75,0.22547444417181653,full,False
tests/data/csd_families/TPHMET/TPHMET01.cif,tests/data/csd_families/TPHMET/TPHMET11.cif,75,0.11404166277498007,75,0.017915937496382907,full,False
tests/data/csd_families/QAHWUU/QAHWUU.cif,tests/data/csd_families/QAHWUU/QAHWUU01.cif,75,0.0966519471257925,75,0.14350663067632718,full,True
tests/data/csd_families/TPHMET/TPHMET02.cif,tests/data/csd_families/TPHMET/TPHMET11.cif,100,0.1738700671121478,100,0.24298138840204764,full,False
tests/data/csd_families/TPHMET/TPHMET01.cif,tests/data/csd_families/TPHMET/TPHMET11.cif,100,0.15866355877369642,100,0.018332147263638937,full,False
tests/data/csd_families/QAHWUU/QAHWUU.cif,tests/data/csd_families/QAHWUU/QAHWUU01.cif,100,0.12253416515886784,100,0.15536175045297304,full,True
tests/data/csd_families/TPHMET/TPHMET02.cif,tests/data/csd_families/TPHMET/TPHMET11.cif,150,0.3353732442483306,150,0.26482282693708814,full,False
tests/data/csd_families/TPHMET/TPHMET01.cif,tests/data/csd_families/TPHMET/TPHMET11.cif,150,0.3022146923467517,150,0.019606376023161214,full,False
tests/data/csd_families/QAHWUU/QAHWUU.cif,tests/data/csd_families/QAHWUU/QAHWUU01.cif,150,0.21691741701215506,150,0.17319648830564582,full,True
tests/data/csd_families/COGJAM/COGJAM01.cif,tests/data/csd_families/COGJAM/COGJAM02.cif,1,0.008628536015748978,1,0.031242057457104833,full,True
tests/data/csd_families/COGJAM/COGJAM01.cif,tests/data/csd_families/COGJAM/COGJAM02.cif,2,0.008468474261462688,2,0.0353044658400224,full,True
tests/data/csd_families/COGJAM/COGJAM01.cif,tests/data/csd_families/COGJAM/COGJAM02.cif,3,0.008570144884288311,3,0.037896976347387624,full,True
tests/data/csd_families/COGJAM/COGJAM01.cif,tests/data/csd_families/COGJAM/COGJAM02.cif,5,0.008824339136481285,5,0.048703682989192684,full,True
tests/data/csd_families/COGJAM/COGJAM01.cif,tests/data/csd_families/COGJAM/COGJAM02.cif,8,0.009615733288228512,8,0.04524398135165848,full,True
tests/data/csd_families/COGJAM/COGJAM01.cif,tests/data/csd_families/COGJAM/COGJAM02.cif,10,0.011414483189582825,10,0.0749875428175346,full,True
tests/data/csd_families/COGJAM/COGJAM01.cif,tests/data/csd_families/COGJAM/COGJAM02.cif,15,0.011705548502504826,15,0.08965125426664036,full,True
tests/data/csd_families/COGJAM/COGJAM01.cif,tests/data/csd_families/COGJAM/COGJAM02.cif,20,0.013660622760653496,20,0.08784688901926915,full,True
tests/data/csd_families/COGJAM/COGJAM01.cif,tests/data/csd_families/COGJAM/COGJAM02.cif,25,0.015721455216407776,25,0.08652709827570026,full,True
tests/data/csd_families/COGJAM/COGJAM01.cif,tests/data/csd_families/COGJAM/COGJAM02.cif,30,0.017101360484957695,30,0.0988267647004088,full,True
tests/data/csd_families/COGJAM/COGJAM01.cif,tests/data/csd_families/COGJAM/COGJAM02.cif,40,0.02303807996213436,40,0.10566667626125001,full,True
tests/data/csd_families/COGJAM/COGJAM01.cif,tests/data/csd_families/COGJAM/COGJAM02.cif,50,0.025659495033323765,50,0.11715085978514518,full,True
tests/data/csd_families/COGJAM/COGJAM01.cif,tests/data/csd_families/COGJAM/COGJAM02.cif,75,0.041885439306497574,75,0.11719356496013243,full,True
tests/data/csd_families/COGJAM/COGJAM01.cif,tests/data/csd_families/COGJAM/COGJAM02.cif,100,0.0607434893026948,100,0.12363677810068825,full,True
tests/data/csd_families/COGJAM/COGJAM01.cif,tests/data/csd_families/COGJAM/COGJAM02.cif,150,0.12728222645819187,150,0.12943455637658705,full,True
tests/data/csd_families/PUWYUD/PUWYUD02.cif,tests/data/csd_families/PUWYUD/PUWYUD03.cif,1,0.006463330239057541,1,0.012614464038841079,full,False
tests/data/csd_families/PUWYUD/PUWYUD02.cif,tests/data/csd_families/PUWYUD/PUWYUD03.cif,2,0.006641111336648464,2,0.018594947058790112,full,False
tests/data/csd_families/PUWYUD/PUWYUD02.cif,tests/data/csd_families/PUWYUD/PUWYUD03.cif,3,0.0072367237880826,3,0.021458116290629152,full,False
tests/data/csd_families/PUWYUD/PUWYUD02.cif,tests/data/csd_families/PUWYUD/PUWYUD03.cif,5,0.007783371955156326,5,0.024279846439820677,full,False
tests/data/csd_families/PUWYUD/PUWYUD02.cif,tests/data/csd_families/PUWYUD/PUWYUD03.cif,8,0.01027489360421896,8,0.029803582476016825,full,False
tests/data/csd_families/PUWYUD/PUWYUD02.cif,tests/data/csd_families/PUWYUD/PUWYUD03.cif,10,0.012771385721862316,10,0.03164304462907361,full,False
tests/data/csd_families/PUWYUD/PUWYUD02.cif,tests/data/csd_families/PUWYUD/PUWYUD03.cif,15,0.01309359259903431,15,0.03533241579998741,full,False
tests/data/csd_families/PUWYUD/PUWYUD02.cif,tests/data/csd_families/PUWYUD/PUWYUD03.cif,20,0.015174507163465023,20,0.03727161586013995,full,False
tests/data/csd_families/PUWYUD/PUWYUD02.cif,tests/data/csd_families/PUWYUD/PUWYUD03.cif,25,0.016687543131411076,25,0.03984066980859348,full,False
tests/data/csd_families/PUWYUD/PUWYUD02.cif,tests/data/csd_families/PUWYUD/PUWYUD03.cif,30,0.01949814986437559,30,0.042757037870760725,full,False
tests/data/csd_families/PUWYUD/PUWYUD02.cif,tests/data/csd_families/PUWYUD/PUWYUD03.cif,40,0.02945287898182869,40,0.04737333246016959,full,False
tests/data/csd_families/PUWYUD/PUWYUD02.cif,tests/data/csd_families/PUWYUD/PUWYUD03.cif,50,0.03417721018195152,50,0.051987497723164314,full,False
tests/data/csd_families/PUWYUD/PUWYUD02.cif,tests/data/csd_families/PUWYUD/PUWYUD03.cif,75,0.05090214218944311,75,0.05826338109062222,full,False
tests/data/csd_families/PUWYUD/PUWYUD02.cif,tests/data/csd_families/PUWYUD/PUWYUD03.cif,100,0.06997871492058039,100,0.06259799376161145,full,False
tests/data/csd_families/PUWYUD/PUWYUD02.cif,tests/data/csd_families/PUWYUD/PUWYUD03.cif,150,0.13353520445525646,150,0.0730889013715937,full,False
tests/data/csd_families/ZZZPPI/ZZZPPI01.cif,tests/data/csd_families/ZZZPPI/ZZZPPI04.cif,1,1.2120231986045837e-05,0,nan,failed,False
tests/data/csd_families/ZZZPPI/ZZZPPI01.cif,tests/data/csd_families/ZZZPPI/ZZZPPI04.cif,2,4.789792001247406e-06,0,nan,failed,False
tests/data/csd_families/ZZZPPI/ZZZPPI01.cif,tests/data/csd_families/ZZZPPI/ZZZPPI04.cif,3,3.1692907214164734e-06,0,nan,failed,False
tests/data/csd_families/ZZZPPI/ZZZPPI01.cif,tests/data/csd_families/ZZZPPI/ZZZPPI04.cif,5,2.680346369743347e-06,0,nan,failed,False
tests/data/csd_families/ZZZPPI/ZZZPPI01.cif,tests/data/csd_families/ZZZPPI/ZZZPPI04.cif,8,2.830289304256439e-06,0,nan,failed,False
tests/data/csd_families/ZZZPPI/ZZZPPI01.cif,tests/data/csd_families/ZZZPPI/ZZZPPI04.cif,10,3.830529749393463e-06,0,nan,failed,False
tests/data/csd_families/ZZZPPI/ZZZPPI01.cif,tests/data/csd_families/ZZZPPI/ZZZPPI04.cif,15,2.7995556592941284e-06,0,nan,failed,False
tests/data/csd_families/ZZZPPI/ZZZPPI01.cif,tests/data/csd_families/ZZZPPI/ZZZPPI04.cif,20,2.609565854072571e-06,0,nan,failed,False
tests/data/csd_families/ZZZPPI/ZZZPPI01.cif,tests/data/csd_families/ZZZPPI/ZZZPPI04.cif,25,2.670101821422577e-06,0,nan,failed,False
tests/data/csd_families/ZZZPPI/ZZZPPI01.cif,tests/data/csd_families/ZZZPPI/ZZZPPI04.cif,30,2.54996120929718e-06,0,nan,failed,False
tests/data/csd_families/ZZZPPI/ZZZPPI01.cif,tests/data/csd_families/ZZZPPI/ZZZPPI04.cif,40,3.330409526824951e-06,0,nan,failed,False
tests/data/csd_families/ZZZPPI/ZZZPPI01.cif,tests/data/csd_families/ZZZPPI/ZZZPPI04.cif,50,3.0603259801864624e-06,0,nan,failed,False
tests/data/csd_families/ZZZPPI/ZZZPPI01.cif,tests/data/csd_families/ZZZPPI/ZZZPPI04.cif,75,2.9494985938072205e-06,0,nan,failed,False
tests/data/csd_families/ZZZPPI/ZZZPPI01.cif,tests/data/csd_families/ZZZPPI/ZZZPPI04.cif,100,2.88989394903183e-06,0,nan,failed,False
tests/data/csd_families/ZZZPPI/ZZZPPI01.cif,tests/data/csd_families/ZZZPPI/ZZZPPI04.cif,150,2.670101821422577e-06,0,nan,failed,False
tests/data/csd_families/YUXZIB/YUXZIB01.cif,tests/data/csd_families/YUXZIB/YUXZIB03.cif,1,0.006169674918055534,1,0.03365159896050906,full,False
tests/data/experimental/galunisertib/Galunisertib_FORM_I.cif,tests/data/experimental/galunisertib/Galunisertib_FORM_IV.cif,1,0.008233489468693733,1,0.5564732846014584,full,False
tests/data/csd_families/YUXZIB/YUXZIB01.cif,tests/data/csd_families/YUXZIB/YUXZIB03.cif,2,0.007575878873467445,2,0.05315035863970276,full,False
tests/data/experimental/galunisertib/Galunisertib_FORM_I.cif,tests/data/experimental/galunisertib/Galunisertib_FORM_IV.cif,2,0.008210929110646248,1,0.5564732846014584,partial,False
tests/data/csd_families/YUXZIB/YUXZIB01.cif,tests/data/csd_families/YUXZIB/YUXZIB03.cif,3,0.008872990496456623,3,0.0677370630256701,full,False
tests/data/experimental/galunisertib/Galunisertib_FORM_I.cif,tests/data/experimental/galunisertib/Galunisertib_FORM_IV.cif,3,0.009234866127371788,1,0.5564732846014584,failed,False
tests/data/csd_families/YUXZIB/YUXZIB01.cif,tests/data/csd_families/YUXZIB/YUXZIB03.cif,5,0.010922705754637718,5,0.1006306956936943,full,False
tests/data/experimental/galunisertib/Galunisertib_FORM_I.cif,tests/data/experimental/galunisertib/Galunisertib_FORM_IV.cif,5,0.008747758343815804,1,0.5564732846014584,failed,False
tests/data/csd_families/YUXZIB/YUXZIB01.cif,tests/data/csd_families/YUXZIB/YUXZIB03.cif,8,0.012609072960913181,8,0.14251658164143424,full,False
tests/data/experimental/galunisertib/Galunisertib_FORM_I.cif,tests/data/experimental/galunisertib/Galunisertib_FORM_IV.cif,8,0.008687538094818592,1,0.5564732846014584,failed,False
tests/data/csd_families/YUXZIB/YUXZIB01.cif,tests/data/csd_families/YUXZIB/YUXZIB03.cif,10,0.015642515383660793,10,0.15878016101437822,full,False
tests/data/experimental/galunisertib/Galunisertib_FORM_I.cif,tests/data/experimental/galunisertib/Galunisertib_FORM_IV.cif,10,0.009653993882238865,1,0.5564732846014584,failed,False
tests/data/csd_families/YUXZIB/YUXZIB01.cif,tests/data/csd_families/YUXZIB/YUXZIB03.cif,15,0.02016003243625164,15,0.17672186098842232,full,False
tests/data/experimental/galunisertib/Galunisertib_FORM_I.cif,tests/data/experimental/galunisertib/Galunisertib_FORM_IV.cif,15,0.00951407104730606,1,0.5564732846014584,failed,False
tests/data/csd_families/YUXZIB/YUXZIB01.cif,tests/data/csd_families/YUXZIB/YUXZIB03.cif,20,0.025258447974920273,20,0.24528513641386618,full,False
tests/data/experimental/galunisertib/Galunisertib_FORM_I.cif,tests/data/experimental/galunisertib/Galunisertib_FORM_IV.cif,20,0.010774132795631886,1,0.5564732846014584,failed,False
tests/data/csd_families/YUXZIB/YUXZIB01.cif,tests/data/csd_families/YUXZIB/YUXZIB03.cif,25,0.0347553389146924,25,0.2658449798537227,full,False
tests/data/experimental/galunisertib/Galunisertib_FORM_I.cif,tests/data/experimental/galunisertib/Galunisertib_FORM_IV.cif,25,0.011788650415837765,1,0.5564732846014584,failed,False
tests/data/csd_families/YUXZIB/YUXZIB01.cif,tests/data/csd_families/YUXZIB/YUXZIB03.cif,30,0.04411423671990633,30,0.29228717283833544,full,False
tests/data/experimental/galunisertib/Galunisertib_FORM_I.cif,tests/data/experimental/galunisertib/Galunisertib_FORM_IV.cif,30,0.01238144002854824,1,0.5564732846014584,failed,False
tests/data/csd_families/YUXZIB/YUXZIB01.cif,tests/data/csd_families/YUXZIB/YUXZIB03.cif,40,0.05478308815509081,40,0.28953088945647626,full,False
tests/data/experimental/galunisertib/Galunisertib_FORM_I.cif,tests/data/experimental/galunisertib/Galunisertib_FORM_IV.cif,40,0.01555907353758812,1,0.5564732846014584,failed,False
tests/data/csd_families/YUXZIB/YUXZIB01.cif,tests/data/csd_families/YUXZIB/YUXZIB03.cif,50,0.0663144439458847,50,0.2936103847987561,full,False
tests/data/experimental/galunisertib/Galunisertib_FORM_I.cif,tests/data/experimental/galunisertib/Galunisertib_FORM_IV.cif,50,0.01846980396658182,1,0.5564732846014584,failed,False
tests/data/csd_families/YUXZIB/YUXZIB01.cif,tests/data/csd_families/YUXZIB/YUXZIB03.cif,75,0.11769742425531149,75,0.34553337181261207,full,False
tests/data/experimental/galunisertib/Galunisertib_FORM_I.cif,tests/data/experimental/galunisertib/Galunisertib_FORM_IV.cif,75,0.029134534299373627,1,0.5564732846014584,failed,False
tests/data/csd_families/YUXZIB/YUXZIB01.cif,tests/data/csd_families/YUXZIB/YUXZIB03.cif,100,0.1655155448243022,100,0.3935560406961124,full,False
tests/data/experimental/galunisertib/Galunisertib_FORM_I.cif,tests/data/experimental/galunisertib/Galunisertib_FORM_IV.cif,100,0.040868302807211876,2,0.7747117214817617,failed,False
tests/data/csd_families/YUXZIB/YUXZIB01.cif,tests/data/csd_families/YUXZIB/YUXZIB03.cif,150,0.3522402197122574,150,0.3938593770617222,full,False
tests/data/experimental/galunisertib/Galunisertib_FORM_I.cif,tests/data/experimental/galunisertib/Galunisertib_FORM_IV.cif,150,0.07485926896333694,2,0.7747117214817617,failed,False
tests/data/csd_families/EXIPUY/EXIPUY01.cif,tests/data/csd_families/EXIPUY/EXIPUY02.cif,1,0.005492732860147953,1,0.0879648021062209,full,True
tests/data/csd_families/EXIPUY/EXIPUY01.cif,tests/data/csd_families/EXIPUY/EXIPUY02.cif,2,0.0055600544437766075,2,0.24521539548794666,full,True
tests/data/csd_families/EXIPUY/EXIPUY01.cif,tests/data/csd_families/EXIPUY/EXIPUY02.cif,3,0.005965881980955601,3,0.29932770723308966,full,True
tests/data/csd_families/EXIPUY/EXIPUY01.cif,tests/data/csd_families/EXIPUY/EXIPUY02.cif,5,0.007559767924249172,3,0.29932770723308966,partial,True
tests/data/csd_families/EXIPUY/EXIPUY01.cif,tests/data/csd_families/EXIPUY/EXIPUY02.cif,8,0.008225249126553535,4,0.3125716317406586,partial,False
tests/data/csd_families/EXIPUY/EXIPUY01.cif,tests/data/csd_families/EXIPUY/EXIPUY02.cif,10,0.009051153436303139,5,0.3184088660671795,partial,False
tests/data/csd_families/EXIPUY/EXIPUY01.cif,tests/data/csd_families/EXIPUY/EXIPUY02.cif,15,0.010973416268825531,9,0.4331676606243574,partial,True
tests/data/csd_families/EXIPUY/EXIPUY01.cif,tests/data/csd_families/EXIPUY/EXIPUY02.cif,20,0.014194609597325325,9,0.4331676606243574,failed,True
tests/data/csd_families/EXIPUY/EXIPUY01.cif,tests/data/csd_families/EXIPUY/EXIPUY02.cif,25,0.015847869217395782,11,0.4551582628795937,failed,False
tests/data/csd_families/EXIPUY/EXIPUY01.cif,tests/data/csd_families/EXIPUY/EXIPUY02.cif,30,0.019808526150882244,11,0.4551582628795937,failed,False
tests/data/csd_families/EXIPUY/EXIPUY01.cif,tests/data/csd_families/EXIPUY/EXIPUY02.cif,40,0.02387058362364769,11,0.4551582628795937,failed,False
tests/data/csd_families/EXIPUY/EXIPUY01.cif,tests/data/csd_families/EXIPUY/EXIPUY02.cif,50,0.03451045509427786,11,0.4551582628795937,failed,False
tests/data/csd_families/EXIPUY/EXIPUY01.cif,tests/data/csd_families/EXIPUY/EXIPUY02.cif,75,0.04635773506015539,11,0.4551582628795937,failed,False
tests/data/csd_families/EXIPUY/EXIPUY01.cif,tests/data/csd_families/EXIPUY/EXIPUY02.cif,100,0.09195507876574993,11,0.40820938957932507,failed,True
tests/data/csd_families/EXIPUY/EXIPUY01.cif,tests/data/csd_families/EXIPUY/EXIPUY02.cif,150,0.1867488045245409,15,0.4771741187038173,failed,True
tests/data/csd_families/JEGMER/JEGMER03.cif,tests/data/csd_families/JEGMER/JEGMER04.cif,1,0.007158300839364529,1,0.010486031546075757,full,True
tests/data/csd_families/JEGMER/JEGMER03.cif,tests/data/csd_families/JEGMER/JEGMER04.cif,2,0.0077063217759132385,2,0.013201574008408429,full,True
tests/data/csd_families/JEGMER/JEGMER03.cif,tests/data/csd_families/JEGMER/JEGMER04.cif,3,0.008396671153604984,3,0.015138432852374857,full,True
tests/data/csd_families/JEGMER/JEGMER03.cif,tests/data/csd_families/JEGMER/JEGMER04.cif,5,0.010307705029845238,5,0.017436924789859653,full,True
tests/data/csd_families/JEGMER/JEGMER03.cif,tests/data/csd_families/JEGMER/JEGMER04.cif,8,0.012474121525883675,8,0.01801427047018813,full,True
tests/data/csd_families/JEGMER/JEGMER03.cif,tests/data/csd_families/JEGMER/JEGMER04.cif,10,0.015096725896000862,10,0.0179039664607175,full,True
tests/data/csd_families/JEGMER/JEGMER03.cif,tests/data/csd_families/JEGMER/JEGMER04.cif,15,0.017783652059733868,15,0.01786067615101537,full,True
tests/data/csd_families/JEGMER/JEGMER03.cif,tests/data/csd_families/JEGMER/JEGMER04.cif,20,0.02210516482591629,20,0.019655136605968633,full,True
tests/data/csd_families/JEGMER/JEGMER03.cif,tests/data/csd_families/JEGMER/JEGMER04.cif,25,0.026325736194849014,25,0.021355987316791218,full,True
tests/data/csd_families/JEGMER/JEGMER03.cif,tests/data/csd_families/JEGMER/JEGMER04.cif,30,0.030819812789559364,30,0.022895810569224597,full,True
tests/data/csd_families/JEGMER/JEGMER03.cif,tests/data/csd_families/JEGMER/JEGMER04.cif,40,0.04870710615068674,40,0.02542988716407464,full,True
tests/data/csd_families/JEGMER/JEGMER03.cif,tests/data/csd_families/JEGMER/JEGMER04.cif,50,0.05438906233757734,50,0.027424565148322214,full,True
tests/data/csd_families/JEGMER/JEGMER03.cif,tests/data/csd_families/JEGMER/JEGMER04.cif,75,0.0915722819045186,75,0.0308198448813861,full,True
tests/data/csd_families/JEGMER/JEGMER03.cif,tests/data/csd_families/JEGMER/JEGMER04.cif,100,0.1233290396630764,100,0.03159467409433736,full,True
tests/data/csd_families/JEGMER/JEGMER03.cif,tests/data/csd_families/JEGMER/JEGMER04.cif,150,0.19572059717029333,150,0.03825932086074991,full,True
tests/data/csd_families/OPEVUD/OPEVUD01.cif,tests/data/csd_families/OPEVUD/OPEVUD02.cif,1,0.006799275986850262,1,0.029764072133950673,full,False
tests/data/csd_families/CTMTNA/CTMTNA02.cif,tests/data/csd_families/CTMTNA/CTMTNA04.cif,1,0.012620244175195694,1,0.1261742395041867,full,True
tests/data/csd_families/CTMTNA/CTMTNA.cif,tests/data/csd_families/CTMTNA/CTMTNA04.cif,1,0.005491183139383793,1,0.3233712066533851,full,True
tests/data/csd_families/CTMTNA/CTMTNA03.cif,tests/data/csd_families/CTMTNA/CTMTNA04.cif,1,0.005391822196543217,1,0.32808151027818006,full,True
tests/data/csd_families/YIDDAU/YIDDAU01.cif,tests/data/csd_families/YIDDAU/YIDDAU07.cif,1,0.008485972881317139,1,0.25518580447092715,full,False
tests/data/csd_families/OPEVUD/OPEVUD01.cif,tests/data/csd_families/OPEVUD/OPEVUD02.cif,2,0.007392215542495251,2,0.026874744570145714,full,False
tests/data/csd_families/CTMTNA/CTMTNA02.cif,tests/data/csd_families/CTMTNA/CTMTNA04.cif,2,0.013679041527211666,1,0.1261742395041867,partial,True
tests/data/csd_families/CTMTNA/CTMTNA.cif,tests/data/csd_families/CTMTNA/CTMTNA04.cif,2,0.00580757949501276,1,0.3233712066533851,partial,True
tests/data/csd_families/CTMTNA/CTMTNA03.cif,tests/data/csd_families/CTMTNA/CTMTNA04.cif,2,0.005734967067837715,1,0.32808151027818006,partial,True
tests/data/csd_families/YIDDAU/YIDDAU01.cif,tests/data/csd_families/YIDDAU/YIDDAU07.cif,2,0.009309107437729836,2,0.2562536851789906,full,False
tests/data/csd_families/OPEVUD/OPEVUD01.cif,tests/data/csd_families/OPEVUD/OPEVUD02.cif,3,0.007640169933438301,3,0.026856992599887105,full,False
tests/data/csd_families/CTMTNA/CTMTNA02.cif,tests/data/csd_families/CTMTNA/CTMTNA04.cif,3,0.014393883757293224,1,0.1261742395041867,failed,True
tests/data/csd_families/CTMTNA/CTMTNA.cif,tests/data/csd_families/CTMTNA/CTMTNA04.cif,3,0.006157885305583477,1,0.3233712066533851,failed,True
tests/data/csd_families/CTMTNA/CTMTNA03.cif,tests/data/csd_families/CTMTNA/CTMTNA04.cif,3,0.006072371266782284,1,0.32808151027818006,failed,True
tests/data/csd_families/YIDDAU/YIDDAU01.cif,tests/data/csd_families/YIDDAU/YIDDAU07.cif,3,0.009793075732886791,3,0.25714837492443754,full,False
tests/data/csd_families/OPEVUD/OPEVUD01.cif,tests/data/csd_families/OPEVUD/OPEVUD02.cif,5,0.008531925268471241,5,0.03206336084728526,full,False
tests/data/csd_families/CTMTNA/CTMTNA02.cif,tests/data/csd_families/CTMTNA/CTMTNA04.cif,5,0.015078886412084103,1,0.1261742395041867,failed,True
tests/data/csd_families/CTMTNA/CTMTNA.cif,tests/data/csd_families/CTMTNA/CTMTNA04.cif,5,0.006724963895976543,1,0.3233712066533851,failed,True
tests/data/csd_families/CTMTNA/CTMTNA03.cif,tests/data/csd_families/CTMTNA/CTMTNA04.cif,5,0.006461289711296558,1,0.32808151027818006,failed,True
tests/data/csd_families/YIDDAU/YIDDAU01.cif,tests/data/csd_families/YIDDAU/YIDDAU07.cif,5,0.010170313529670238,5,0.2587387965912675,full,False
tests/data/csd_families/OPEVUD/OPEVUD01.cif,tests/data/csd_families/OPEVUD/OPEVUD02.cif,8,0.009371829219162464,8,0.033882208155126256,full,False
tests/data/csd_families/CTMTNA/CTMTNA02.cif,tests/data/csd_families/CTMTNA/CTMTNA04.cif,8,0.015790487639606,1,0.1261742395041867,failed,True
tests/data/csd_families/CTMTNA/CTMTNA.cif,tests/data/csd_families/CTMTNA/CTMTNA04.cif,8,0.007328083738684654,1,0.3233712066533851,failed,True
tests/data/csd_families/CTMTNA/CTMTNA03.cif,tests/data/csd_families/CTMTNA/CTMTNA04.cif,8,0.007205273024737835,1,0.32808151027818006,failed,True
tests/data/csd_families/YIDDAU/YIDDAU01.cif,tests/data/csd_families/YIDDAU/YIDDAU07.cif,8,0.011815470643341541,8,0.2609376265947681,full,False
tests/data/csd_families/OPEVUD/OPEVUD01.cif,tests/data/csd_families/OPEVUD/OPEVUD02.cif,10,0.009831206873059273,10,0.036261061994979575,full,False
tests/data/csd_families/CTMTNA/CTMTNA02.cif,tests/data/csd_families/CTMTNA/CTMTNA04.cif,10,0.016708013601601124,1,0.1261742395041867,failed,True
tests/data/csd_families/CTMTNA/CTMTNA.cif,tests/data/csd_families/CTMTNA/CTMTNA04.cif,10,0.007607090286910534,1,0.3233712066533851,failed,True
tests/data/csd_families/CTMTNA/CTMTNA03.cif,tests/data/csd_families/CTMTNA/CTMTNA04.cif,10,0.00746446568518877,1,0.32808151027818006,failed,True
tests/data/csd_families/YIDDAU/YIDDAU01.cif,tests/data/csd_families/YIDDAU/YIDDAU07.cif,10,0.012572173029184341,10,0.26151266869137985,full,False
tests/data/csd_families/OPEVUD/OPEVUD01.cif,tests/data/csd_families/OPEVUD/OPEVUD02.cif,15,0.010355875827372074,15,0.03795789790666115,full,False
tests/data/csd_families/CTMTNA/CTMTNA02.cif,tests/data/csd_families/CTMTNA/CTMTNA04.cif,15,0.01951549109071493,2,0.5835365225722855,failed,True
tests/data/csd_families/CTMTNA/CTMTNA.cif,tests/data/csd_families/CTMTNA/CTMTNA04.cif,15,0.008937552571296692,1,0.3233712066533851,failed,True
tests/data/csd_families/CTMTNA/CTMTNA03.cif,tests/data/csd_families/CTMTNA/CTMTNA04.cif,15,0.008683356456458569,1,0.32808151027818006,failed,True
tests/data/csd_families/YIDDAU/YIDDAU01.cif,tests/data/csd_families/YIDDAU/YIDDAU07.cif,15,0.01488192193210125,15,0.2658113578224182,full,False
tests/data/csd_families/OPEVUD/OPEVUD01.cif,tests/data/csd_families/OPEVUD/OPEVUD02.cif,20,0.013253203593194485,20,0.042133731377764536,full,False
tests/data/csd_families/CTMTNA/CTMTNA02.cif,tests/data/csd_families/CTMTNA/CTMTNA04.cif,20,0.022714145481586456,2,0.5835365225722855,failed,True
tests/data/csd_families/CTMTNA/CTMTNA.cif,tests/data/csd_families/CTMTNA/CTMTNA04.cif,20,0.010529538616538048,1,0.3233712066533851,failed,True
tests/data/csd_families/CTMTNA/CTMTNA03.cif,tests/data/csd_families/CTMTNA/CTMTNA04.cif,20,0.010504147969186306,1,0.32808151027818006,failed,True
tests/data/csd_families/YIDDAU/YIDDAU01.cif,tests/data/csd_families/YIDDAU/YIDDAU07.cif,20,0.01715676113963127,20,0.26836640448281274,full,False
tests/data/csd_families/OPEVUD/OPEVUD01.cif,tests/data/csd_families/OPEVUD/OPEVUD02.cif,25,0.014446315355598927,25,0.04119494906894082,full,False
tests/data/csd_families/CTMTNA/CTMTNA02.cif,tests/data/csd_families/CTMTNA/CTMTNA04.cif,25,0.025405650958418846,2,0.5835365225722855,failed,True
tests/data/csd_families/CTMTNA/CTMTNA.cif,tests/data/csd_families/CTMTNA/CTMTNA04.cif,25,0.012639324180781841,1,0.3233712066533851,failed,True
tests/data/csd_families/CTMTNA/CTMTNA03.cif,tests/data/csd_families/CTMTNA/CTMTNA04.cif,25,0.01250666193664074,1,0.32808151027818006,failed,True
tests/data/csd_families/YIDDAU/YIDDAU01.cif,tests/data/csd_families/YIDDAU/YIDDAU07.cif,25,0.020925435237586498,25,0.26968373521418737,full,False
tests/data/csd_families/OPEVUD/OPEVUD01.cif,tests/data/csd_families/OPEVUD/OPEVUD02.cif,30,0.016733363270759583,30,0.04138655630188141,full,False
tests/data/csd_families/CTMTNA/CTMTNA02.cif,tests/data/csd_families/CTMTNA/CTMTNA04.cif,30,0.03198589198291302,2,0.5835365225722855,failed,True
tests/data/csd_families/CTMTNA/CTMTNA.cif,tests/data/csd_families/CTMTNA/CTMTNA04.cif,30,0.013870335184037685,1,0.3233712066533851,failed,True
tests/data/csd_families/CTMTNA/CTMTNA03.cif,tests/data/csd_families/CTMTNA/CTMTNA04.cif,30,0.013576730154454708,1,0.32808151027818006,failed,True
tests/data/csd_families/YIDDAU/YIDDAU01.cif,tests/data/csd_families/YIDDAU/YIDDAU07.cif,30,0.02312193065881729,30,0.26930472992610405,full,False
tests/data/csd_families/OPEVUD/OPEVUD01.cif,tests/data/csd_families/OPEVUD/OPEVUD02.cif,40,0.019570432603359222,40,0.04200251348657916,full,False
tests/data/csd_families/CTMTNA/CTMTNA02.cif,tests/data/csd_families/CTMTNA/CTMTNA04.cif,40,0.03997425641864538,2,0.5835365225722855,failed,True
tests/data/csd_families/CTMTNA/CTMTNA.cif,tests/data/csd_families/CTMTNA/CTMTNA04.cif,40,0.0175222372636199,1,0.3233712066533851,failed,True
tests/data/csd_families/CTMTNA/CTMTNA03.cif,tests/data/csd_families/CTMTNA/CTMTNA04.cif,40,0.017214852385222912,1,0.32808151027818006,failed,True
tests/data/csd_families/YIDDAU/YIDDAU01.cif,tests/data/csd_families/YIDDAU/YIDDAU07.cif,40,0.027241061441600323,40,0.2732964461102012,full,False
tests/data/csd_families/OPEVUD/OPEVUD01.cif,tests/data/csd_families/OPEVUD/OPEVUD02.cif,50,0.02326019387692213,50,0.043602325086000954,full,False
tests/data/csd_families/CTMTNA/CTMTNA02.cif,tests/data/csd_families/CTMTNA/CTMTNA04.cif,50,0.05239702761173248,2,0.5515918964301806,failed,False
tests/data/csd_families/CTMTNA/CTMTNA.cif,tests/data/csd_families/CTMTNA/CTMTNA04.cif,50,0.022764155641198158,1,0.3233712066533851,failed,True
tests/data/csd_families/CTMTNA/CTMTNA03.cif,tests/data/csd_families/CTMTNA/CTMTNA04.cif,50,0.02231277897953987,1,0.32808151027818006,failed,True
tests/data/csd_families/YIDDAU/YIDDAU01.cif,tests/data/csd_families/YIDDAU/YIDDAU07.cif,50,0.033527567982673645,50,0.2802598816187816,full,False
tests/data/csd_families/OPEVUD/OPEVUD01.cif,tests/data/csd_families/OPEVUD/OPEVUD02.cif,75,0.04013183992356062,75,0.04565533424213319,full,False
tests/data/csd_families/CTMTNA/CTMTNA02.cif,tests/data/csd_families/CTMTNA/CTMTNA04.cif,75,0.0895294276997447,2,0.5515918964301806,failed,False
tests/data/csd_families/CTMTNA/CTMTNA.cif,tests/data/csd_families/CTMTNA/CTMTNA04.cif,75,0.03470176737755537,1,0.3233712066533851,failed,True
tests/data/csd_families/CTMTNA/CTMTNA03.cif,tests/data/csd_families/CTMTNA/CTMTNA04.cif,75,0.035071334801614285,1,0.32808151027817944,failed,True
tests/data/csd_families/YIDDAU/YIDDAU01.cif,tests/data/csd_families/YIDDAU/YIDDAU07.cif,75,0.04991871491074562,75,0.281338769898895,full,False
tests/data/csd_families/OPEVUD/OPEVUD01.cif,tests/data/csd_families/OPEVUD/OPEVUD02.cif,100,0.051694536581635475,100,0.04563274440042541,full,False
tests/data/csd_families/CTMTNA/CTMTNA02.cif,tests/data/csd_families/CTMTNA/CTMTNA04.cif,100,0.145165310241282,2,0.5515918964301806,failed,False
tests/data/csd_families/CTMTNA/CTMTNA.cif,tests/data/csd_families/CTMTNA/CTMTNA04.cif,100,0.055265446193516254,1,0.3233712066533851,failed,True
tests/data/csd_families/CTMTNA/CTMTNA03.cif,tests/data/csd_families/CTMTNA/CTMTNA04.cif,100,0.05513297487050295,1,0.32808151027817944,failed,True
tests/data/csd_families/YIDDAU/YIDDAU01.cif,tests/data/csd_families/YIDDAU/YIDDAU07.cif,100,0.06389407254755497,100,0.29194291072394846,full,False
tests/data/csd_families/OPEVUD/OPEVUD01.cif,tests/data/csd_families/OPEVUD/OPEVUD02.cif,150,0.11172263417392969,150,0.0505305015302442,full,False
tests/data/csd_families/CTMTNA/CTMTNA02.cif,tests/data/csd_families/CTMTNA/CTMTNA04.cif,150,0.29039598256349564,2,0.5515918964301806,failed,False
tests/data/csd_families/CTMTNA/CTMTNA.cif,tests/data/csd_families/CTMTNA/CTMTNA04.cif,150,0.10548137780278921,2,0.5400698571134462,failed,False
tests/data/csd_families/CTMTNA/CTMTNA03.cif,tests/data/csd_families/CTMTNA/CTMTNA04.cif,150,0.10860939975827932,2,0.5435136034207743,failed,False
tests/data/csd_families/YIDDAU/YIDDAU01.cif,tests/data/csd_families/YIDDAU/YIDDAU07.cif,150,0.1040195832028985,150,0.2981686036322675,full,False
tests/data/csd_families/TAVKUX/TAVKUX06.cif,tests/data/csd_families/TAVKUX/TAVKUX09.cif,1,0.016672312282025814,1,0.03128243648664452,full,False
tests/data/csd_families/TAVKUX/TAVKUX06.cif,tests/data/csd_families/TAVKUX/TAVKUX09.cif,2,0.016950267367064953,1,0.03128243648664452,partial,False
tests/data/csd_families/TAVKUX/TAVKUX06.cif,tests/data/csd_families/TAVKUX/TAVKUX09.cif,3,0.01726044248789549,1,0.03128243648664452,failed,False
tests/data/csd_families/TAVKUX/TAVKUX06.cif,tests/data/csd_families/TAVKUX/TAVKUX09.cif,5,0.018242208287119865,1,0.03128243648664452,failed,False
tests/data/csd_families/TAVKUX/TAVKUX06.cif,tests/data/csd_families/TAVKUX/TAVKUX09.cif,8,0.01813757698982954,1,0.03128243648664452,failed,False
tests/data/csd_families/TAVKUX/TAVKUX06.cif,tests/data/csd_families/TAVKUX/TAVKUX09.cif,10,0.019322887994349003,1,0.03128243648664452,failed,False
tests/data/csd_families/TAVKUX/TAVKUX06.cif,tests/data/csd_families/TAVKUX/TAVKUX09.cif,15,0.020736441016197205,1,0.03128243648664452,failed,False
tests/data/csd_families/TAVKUX/TAVKUX06.cif,tests/data/csd_families/TAVKUX/TAVKUX09.cif,20,0.027372813783586025,1,0.03128243648664452,failed,False
tests/data/csd_families/TAVKUX/TAVKUX06.cif,tests/data/csd_families/TAVKUX/TAVKUX09.cif,25,0.032762495800852776,1,0.03128243648664452,failed,False
tests/data/csd_families/TAVKUX/TAVKUX06.cif,tests/data/csd_families/TAVKUX/TAVKUX09.cif,30,0.04319373145699501,1,0.03128243648664452,failed,False
tests/data/csd_families/TAVKUX/TAVKUX06.cif,tests/data/csd_families/TAVKUX/TAVKUX09.cif,40,0.05412759818136692,1,0.03128243648664452,failed,False
tests/data/csd_families/TAVKUX/TAVKUX06.cif,tests/data/csd_families/TAVKUX/TAVKUX09.cif,50,0.027191011235117912,8,0.11704351303213496,failed,False
tests/data/csd_families/TAVKUX/TAVKUX06.cif,tests/data/csd_families/TAVKUX/TAVKUX09.cif,75,0.04396814480423927,13,0.129218799605774,failed,False
tests/data/csd_families/TAVKUX/TAVKUX06.cif,tests/data/csd_families/TAVKUX/TAVKUX09.cif,100,0.06950829830020666,19,0.14959464846455955,failed,False
tests/data/csd_families/TAVKUX/TAVKUX06.cif,tests/data/csd_families/TAVKUX/TAVKUX09.cif,150,0.13169207237660885,19,0.14959464846455955,failed,False
tests/data/csd_families/TILRAJ/TILRAJ.cif,tests/data/csd_families/TILRAJ/TILRAJ01.cif,1,0.00464955810457468,1,0.4947610208961664,full,False
tests/data/csd_families/TILRAJ/TILRAJ.cif,tests/data/csd_families/TILRAJ/TILRAJ01.cif,2,0.004094189032912254,1,0.4947610208961664,partial,False
tests/data/csd_families/TILRAJ/TILRAJ.cif,tests/data/csd_families/TILRAJ/TILRAJ01.cif,3,0.004051387310028076,1,0.4947610208961664,failed,False
tests/data/csd_families/TILRAJ/TILRAJ.cif,tests/data/csd_families/TILRAJ/TILRAJ01.cif,5,0.004110909067094326,1,0.4947610208961664,failed,False
tests/data/csd_families/TILRAJ/TILRAJ.cif,tests/data/csd_families/TILRAJ/TILRAJ01.cif,8,0.004294383339583874,1,0.4947610208961664,failed,False
tests/data/csd_families/TILRAJ/TILRAJ.cif,tests/data/csd_families/TILRAJ/TILRAJ01.cif,10,0.0049726152792572975,1,0.4947610208961664,failed,False
tests/data/csd_families/TILRAJ/TILRAJ.cif,tests/data/csd_families/TILRAJ/TILRAJ01.cif,15,0.0047714002430438995,1,0.4947610208961664,failed,False
tests/data/csd_families/TILRAJ/TILRAJ.cif,tests/data/csd_families/TILRAJ/TILRAJ01.cif,20,0.005424061790108681,1,0.4947610208961664,failed,False
tests/data/csd_families/TILRAJ/TILRAJ.cif,tests/data/csd_families/TILRAJ/TILRAJ01.cif,25,0.006011961959302425,1,0.4947610208961664,failed,False
tests/data/csd_families/TILRAJ/TILRAJ.cif,tests/data/csd_families/TILRAJ/TILRAJ01.cif,30,0.006379718892276287,1,0.4947610208961664,failed,False
tests/data/csd_families/TILRAJ/TILRAJ.cif,tests/data/csd_families/TILRAJ/TILRAJ01.cif,40,0.007399116642773151,1,0.4947610208961664,failed,False
tests/data/csd_families/TILRAJ/TILRAJ.cif,tests/data/csd_families/TILRAJ/TILRAJ01.cif,50,0.008333161473274231,1,0.4947610208961664,failed,False
tests/data/csd_families/TILRAJ/TILRAJ.cif,tests/data/csd_families/TILRAJ/TILRAJ01.cif,75,0.01238435972481966,1,0.4947610208961664,failed,False
tests/data/csd_families/TILRAJ/TILRAJ.cif,tests/data/csd_families/TILRAJ/TILRAJ01.cif,100,0.01621418446302414,1,0.4947610208961664,failed,False
tests/data/csd_families/TILRAJ/TILRAJ.cif,tests/data/csd_families/TILRAJ/TILRAJ01.cif,150,0.030515486374497414,1,0.4947610208961664,failed,False
tests/data/csd_families/IDODIQ/IDODIQ.cif,tests/data/csd_families/IDODIQ/IDODIQ01.cif,1,2.8320588171482086e-05,0,nan,failed,False
tests/data/csd_families/IDODIQ/IDODIQ.cif,tests/data/csd_families/IDODIQ/IDODIQ01.cif,2,4.719942808151245e-06,0,nan,failed,False
tests/data/csd_families/IDODIQ/IDODIQ.cif,tests/data/csd_families/IDODIQ/IDODIQ01.cif,3,2.969987690448761e-06,0,nan,failed,False
tests/data/csd_families/IDODIQ/IDODIQ.cif,tests/data/csd_families/IDODIQ/IDODIQ01.cif,5,2.5993213057518005e-06,0,nan,failed,False
tests/data/csd_families/IDODIQ/IDODIQ.cif,tests/data/csd_families/IDODIQ/IDODIQ01.cif,8,2.310611307621002e-06,0,nan,failed,False
tests/data/csd_families/IDODIQ/IDODIQ.cif,tests/data/csd_families/IDODIQ/IDODIQ01.cif,10,3.450550138950348e-06,0,nan,failed,False
tests/data/csd_families/IDODIQ/IDODIQ.cif,tests/data/csd_families/IDODIQ/IDODIQ01.cif,15,2.8405338525772095e-06,0,nan,failed,False
tests/data/csd_families/IDODIQ/IDODIQ.cif,tests/data/csd_families/IDODIQ/IDODIQ01.cif,20,2.4493783712387085e-06,0,nan,failed,False
tests/data/csd_families/IDODIQ/IDODIQ.cif,tests/data/csd_families/IDODIQ/IDODIQ01.cif,25,2.2007152438163757e-06,0,nan,failed,False
tests/data/csd_families/IDODIQ/IDODIQ.cif,tests/data/csd_families/IDODIQ/IDODIQ01.cif,30,2.400018274784088e-06,0,nan,failed,False
tests/data/csd_families/IDODIQ/IDODIQ.cif,tests/data/csd_families/IDODIQ/IDODIQ01.cif,40,2.9802322387695312e-06,0,nan,failed,False
tests/data/csd_families/IDODIQ/IDODIQ.cif,tests/data/csd_families/IDODIQ/IDODIQ01.cif,50,2.4205073714256287e-06,0,nan,failed,False
tests/data/csd_families/IDODIQ/IDODIQ.cif,tests/data/csd_families/IDODIQ/IDODIQ01.cif,75,2.259388566017151e-06,0,nan,failed,False
tests/data/csd_families/IDODIQ/IDODIQ.cif,tests/data/csd_families/IDODIQ/IDODIQ01.cif,100,2.239830791950226e-06,0,nan,failed,False
tests/data/csd_families/IDODIQ/IDODIQ.cif,tests/data/csd_families/IDODIQ/IDODIQ01.cif,150,2.3404136300086975e-06,0,nan,failed,False
tests/data/csd_families/FINSOK/FINSOK11.cif,tests/data/csd_families/FINSOK/FINSOK12.cif,1,2.6360154151916504e-05,0,nan,failed,False
tests/data/csd_families/FINSOK/FINSOK11.cif,tests/data/csd_families/FINSOK/FINSOK12.cif,2,2.2100284695625305e-06,0,nan,failed,False
tests/data/csd_families/FINSOK/FINSOK11.cif,tests/data/csd_families/FINSOK/FINSOK12.cif,3,2.000480890274048e-06,0,nan,failed,False
tests/data/csd_families/FINSOK/FINSOK11.cif,tests/data/csd_families/FINSOK/FINSOK12.cif,5,1.8095597624778748e-06,0,nan,failed,False
tests/data/csd_families/FINSOK/FINSOK11.cif,tests/data/csd_families/FINSOK/FINSOK12.cif,8,1.8207356333732605e-06,0,nan,failed,False
tests/data/csd_families/FINSOK/FINSOK11.cif,tests/data/csd_families/FINSOK/FINSOK12.cif,10,2.4493783712387085e-06,0,nan,failed,False
tests/data/csd_families/FINSOK/FINSOK11.cif,tests/data/csd_families/FINSOK/FINSOK12.cif,15,1.8598511815071106e-06,0,nan,failed,False
tests/data/csd_families/FINSOK/FINSOK11.cif,tests/data/csd_families/FINSOK/FINSOK12.cif,20,1.8691644072532654e-06,0,nan,failed,False
tests/data/csd_families/FINSOK/FINSOK11.cif,tests/data/csd_families/FINSOK/FINSOK12.cif,25,1.7099082469940186e-06,0,nan,failed,False
tests/data/csd_families/FINSOK/FINSOK11.cif,tests/data/csd_families/FINSOK/FINSOK12.cif,30,1.819804310798645e-06,0,nan,failed,False
tests/data/csd_families/FINSOK/FINSOK11.cif,tests/data/csd_families/FINSOK/FINSOK12.cif,40,2.1597370505332947e-06,0,nan,failed,False
tests/data/csd_families/FINSOK/FINSOK11.cif,tests/data/csd_families/FINSOK/FINSOK12.cif,50,1.8496066331863403e-06,0,nan,failed,False
tests/data/csd_families/FINSOK/FINSOK11.cif,tests/data/csd_families/FINSOK/FINSOK12.cif,75,1.8505379557609558e-06,0,nan,failed,False
tests/data/csd_families/FINSOK/FINSOK11.cif,tests/data/csd_families/FINSOK/FINSOK12.cif,100,1.8300488591194153e-06,0,nan,failed,False
tests/data/csd_families/FINSOK/FINSOK11.cif,tests/data/csd_families/FINSOK/FINSOK12.cif,150,1.780688762664795e-06,0,nan,failed,False
tests/data/experimental/Ritonavir/YIGPIO03.cif,tests/data/experimental/Ritonavir/YIGPIO04.cif,1,0.008759468793869019,0,nan,failed,False
tests/data/experimental/Ritonavir/YIGPIO03.cif,tests/data/experimental/Ritonavir/YIGPIO06.cif,1,0.021043136715888977,0,nan,failed,False
tests/data/experimental/Ritonavir/YIGPIO03.cif,tests/data/experimental/Ritonavir/YIGPIO04.cif,2,0.008559934794902802,0,nan,failed,False
tests/data/experimental/Ritonavir/YIGPIO03.cif,tests/data/experimental/Ritonavir/YIGPIO06.cif,2,0.021178409457206726,0,nan,failed,False
tests/data/experimental/Ritonavir/YIGPIO03.cif,tests/data/experimental/Ritonavir/YIGPIO04.cif,3,0.008553004823625088,0,nan,failed,False
tests/data/experimental/Ritonavir/YIGPIO03.cif,tests/data/experimental/Ritonavir/YIGPIO06.cif,3,0.023712712340056896,0,nan,failed,False
tests/data/experimental/Ritonavir/YIGPIO03.cif,tests/data/experimental/Ritonavir/YIGPIO04.cif,5,0.008924352005124092,0,nan,failed,False
tests/data/experimental/Ritonavir/YIGPIO03.cif,tests/data/experimental/Ritonavir/YIGPIO06.cif,5,0.021458743140101433,0,nan,failed,False
tests/data/experimental/Ritonavir/YIGPIO03.cif,tests/data/experimental/Ritonavir/YIGPIO04.cif,8,0.009986668825149536,0,nan,failed,False
tests/data/experimental/Ritonavir/YIGPIO03.cif,tests/data/experimental/Ritonavir/YIGPIO06.cif,8,0.023376845754683018,0,nan,failed,False
tests/data/experimental/Ritonavir/YIGPIO03.cif,tests/data/experimental/Ritonavir/YIGPIO04.cif,10,0.010619009844958782,0,nan,failed,False
tests/data/experimental/Ritonavir/YIGPIO03.cif,tests/data/experimental/Ritonavir/YIGPIO06.cif,10,0.024132179096341133,0,nan,failed,False
tests/data/experimental/Ritonavir/YIGPIO03.cif,tests/data/experimental/Ritonavir/YIGPIO04.cif,15,0.009620914235711098,0,nan,failed,False
tests/data/experimental/Ritonavir/YIGPIO03.cif,tests/data/experimental/Ritonavir/YIGPIO06.cif,15,0.024069366976618767,0,nan,failed,False
tests/data/experimental/Ritonavir/YIGPIO03.cif,tests/data/experimental/Ritonavir/YIGPIO04.cif,20,0.010669971816241741,0,nan,failed,False
tests/data/experimental/Ritonavir/YIGPIO03.cif,tests/data/experimental/Ritonavir/YIGPIO06.cif,20,0.029434138908982277,0,nan,failed,False
tests/data/experimental/Ritonavir/YIGPIO03.cif,tests/data/experimental/Ritonavir/YIGPIO04.cif,25,0.012484442442655563,0,nan,failed,False
tests/data/experimental/Ritonavir/YIGPIO03.cif,tests/data/experimental/Ritonavir/YIGPIO06.cif,25,0.02780111040920019,0,nan,failed,False
tests/data/experimental/Ritonavir/YIGPIO03.cif,tests/data/experimental/Ritonavir/YIGPIO04.cif,30,0.013159443624317646,0,nan,failed,False
tests/data/experimental/Ritonavir/YIGPIO03.cif,tests/data/experimental/Ritonavir/YIGPIO06.cif,30,0.03017516154795885,0,nan,failed,False
tests/data/experimental/Ritonavir/YIGPIO03.cif,tests/data/experimental/Ritonavir/YIGPIO04.cif,40,0.013836833648383617,0,nan,failed,False
tests/data/experimental/Ritonavir/YIGPIO03.cif,tests/data/experimental/Ritonavir/YIGPIO06.cif,40,0.033021120354533195,0,nan,failed,False
tests/data/experimental/Ritonavir/YIGPIO03.cif,tests/data/experimental/Ritonavir/YIGPIO04.cif,50,0.017368854023516178,0,nan,failed,False
tests/data/experimental/Ritonavir/YIGPIO03.cif,tests/data/experimental/Ritonavir/YIGPIO06.cif,50,0.04193645156919956,0,nan,failed,False
tests/data/experimental/Ritonavir/YIGPIO03.cif,tests/data/experimental/Ritonavir/YIGPIO04.cif,75,0.024684788659214973,0,nan,failed,False
tests/data/experimental/Ritonavir/YIGPIO03.cif,tests/data/experimental/Ritonavir/YIGPIO06.cif,75,0.06906685046851635,0,nan,failed,False
tests/data/experimental/Ritonavir/YIGPIO03.cif,tests/data/experimental/Ritonavir/YIGPIO04.cif,100,0.032548341900110245,0,nan,failed,False
tests/data/experimental/Ritonavir/YIGPIO03.cif,tests/data/experimental/Ritonavir/YIGPIO06.cif,100,0.08473619632422924,0,nan,failed,False
tests/data/experimental/Ritonavir/YIGPIO03.cif,tests/data/experimental/Ritonavir/YIGPIO04.cif,150,0.05519466660916805,0,nan,failed,False
tests/data/experimental/Ritonavir/YIGPIO03.cif,tests/data/experimental/Ritonavir/YIGPIO06.cif,150,0.1633247472345829,0,nan,failed,False
tests/data/csd_families/WULMOJ/WULMOJ.cif,tests/data/csd_families/WULMOJ/WULMOJ04.cif,1,0.007760530337691307,1,0.06774331140803622,full,False
tests/data/csd_families/WULMOJ/WULMOJ.cif,tests/data/csd_families/WULMOJ/WULMOJ01.cif,1,0.006704594008624554,1,0.07143039674821146,full,False
tests/data/csd_families/WULMOJ/WULMOJ.cif,tests/data/csd_families/WULMOJ/WULMOJ04.cif,2,0.007383774966001511,2,0.2084589941883698,full,False
tests/data/csd_families/WULMOJ/WULMOJ.cif,tests/data/csd_families/WULMOJ/WULMOJ01.cif,2,0.006603161804378033,2,0.20452097388947865,full,False
tests/data/csd_families/WULMOJ/WULMOJ.cif,tests/data/csd_families/WULMOJ/WULMOJ04.cif,3,0.007499286904931068,2,0.2084589941883698,partial,False
tests/data/csd_families/WULMOJ/WULMOJ.cif,tests/data/csd_families/WULMOJ/WULMOJ01.cif,3,0.008065146394073963,2,0.20452097388947865,partial,False
tests/data/csd_families/WULMOJ/WULMOJ.cif,tests/data/csd_families/WULMOJ/WULMOJ04.cif,5,0.00807480700314045,2,0.2084589941883698,failed,False
tests/data/csd_families/WULMOJ/WULMOJ.cif,tests/data/csd_families/WULMOJ/WULMOJ01.cif,5,0.007136460393667221,2,0.20452097388947865,failed,False
tests/data/csd_families/WULMOJ/WULMOJ.cif,tests/data/csd_families/WULMOJ/WULMOJ04.cif,8,0.009235805831849575,2,0.2084589941883698,failed,False
tests/data/csd_families/WULMOJ/WULMOJ.cif,tests/data/csd_families/WULMOJ/WULMOJ01.cif,8,0.00846004392951727,2,0.20452097388947865,failed,False
tests/data/csd_families/WULMOJ/WULMOJ.cif,tests/data/csd_families/WULMOJ/WULMOJ04.cif,10,0.009968250058591366,2,0.2084589941883698,failed,False
tests/data/csd_families/WULMOJ/WULMOJ.cif,tests/data/csd_families/WULMOJ/WULMOJ01.cif,10,0.008878280408680439,2,0.20452097388947865,failed,False
tests/data/csd_families/WULMOJ/WULMOJ.cif,tests/data/csd_families/WULMOJ/WULMOJ04.cif,15,0.010603690519928932,2,0.2084589941883698,failed,False
tests/data/csd_families/WULMOJ/WULMOJ.cif,tests/data/csd_families/WULMOJ/WULMOJ01.cif,15,0.009813145734369755,2,0.20452097388947865,failed,False
tests/data/csd_families/WULMOJ/WULMOJ.cif,tests/data/csd_families/WULMOJ/WULMOJ04.cif,20,0.011979113332927227,2,0.2084589941883698,failed,False
tests/data/csd_families/WULMOJ/WULMOJ.cif,tests/data/csd_families/WULMOJ/WULMOJ01.cif,20,0.012303909286856651,2,0.20452097388947865,failed,False
tests/data/csd_families/WULMOJ/WULMOJ.cif,tests/data/csd_families/WULMOJ/WULMOJ04.cif,25,0.012752176262438297,2,0.2084589941883698,failed,False
tests/data/csd_families/WULMOJ/WULMOJ.cif,tests/data/csd_families/WULMOJ/WULMOJ01.cif,25,0.01148182526230812,2,0.20452097388947865,failed,False
tests/data/csd_families/WULMOJ/WULMOJ.cif,tests/data/csd_families/WULMOJ/WULMOJ04.cif,30,0.013713591732084751,2,0.2084589941883698,failed,False
tests/data/csd_families/WULMOJ/WULMOJ.cif,tests/data/csd_families/WULMOJ/WULMOJ01.cif,30,0.012384929694235325,2,0.20452097388947865,failed,False
tests/data/csd_families/WULMOJ/WULMOJ.cif,tests/data/csd_families/WULMOJ/WULMOJ04.cif,40,0.018652545288205147,2,0.2084589941883698,failed,False
tests/data/csd_families/WULMOJ/WULMOJ.cif,tests/data/csd_families/WULMOJ/WULMOJ01.cif,40,0.017025147564709187,2,0.20452097388947865,failed,False
tests/data/csd_families/WULMOJ/WULMOJ.cif,tests/data/csd_families/WULMOJ/WULMOJ04.cif,50,0.021979523822665215,2,0.2084589941883698,failed,False
tests/data/csd_families/WULMOJ/WULMOJ.cif,tests/data/csd_families/WULMOJ/WULMOJ01.cif,50,0.019986399449408054,2,0.20452097388947865,failed,False
tests/data/csd_families/WULMOJ/WULMOJ.cif,tests/data/csd_families/WULMOJ/WULMOJ04.cif,75,0.0372663913294673,2,0.2084589941883698,failed,False
tests/data/csd_families/WULMOJ/WULMOJ.cif,tests/data/csd_families/WULMOJ/WULMOJ01.cif,75,0.03830645885318518,2,0.20452097388947865,failed,False
tests/data/csd_families/WULMOJ/WULMOJ.cif,tests/data/csd_families/WULMOJ/WULMOJ04.cif,100,0.05794504191726446,2,0.2084589941883698,failed,False
tests/data/csd_families/WULMOJ/WULMOJ.cif,tests/data/csd_families/WULMOJ/WULMOJ01.cif,100,0.05382727365940809,2,0.20452097388947865,failed,False
tests/data/csd_families/WULMOJ/WULMOJ.cif,tests/data/csd_families/WULMOJ/WULMOJ04.cif,150,0.09889437537640333,2,0.2084589941883698,failed,False
tests/data/csd_families/WULMOJ/WULMOJ.cif,tests/data/csd_families/WULMOJ/WULMOJ01.cif,150,0.09195320773869753,2,0.20452097388947865,failed,False
tests/data/csd_families/FINSOK/FINSOK01.cif,tests/data/csd_families/FINSOK/FINSOK12.cif,1,2.2159889340400696e-05,0,nan,failed,False
tests/data/csd_families/FINSOK/FINSOK01.cif,tests/data/csd_families/FINSOK/FINSOK12.cif,2,3.8100406527519226e-06,0,nan,failed,False
tests/data/csd_families/FINSOK/FINSOK01.cif,tests/data/csd_families/FINSOK/FINSOK12.cif,3,2.380460500717163e-06,0,nan,failed,False
tests/data/csd_families/FINSOK/FINSOK01.cif,tests/data/csd_families/FINSOK/FINSOK12.cif,5,2.0693987607955933e-06,0,nan,failed,False
tests/data/csd_families/FINSOK/FINSOK01.cif,tests/data/csd_families/FINSOK/FINSOK12.cif,8,1.9902363419532776e-06,0,nan,failed,False
tests/data/csd_families/FINSOK/FINSOK01.cif,tests/data/csd_families/FINSOK/FINSOK12.cif,10,3.200024366378784e-06,0,nan,failed,False
tests/data/csd_families/FINSOK/FINSOK01.cif,tests/data/csd_families/FINSOK/FINSOK12.cif,15,2.3497268557548523e-06,0,nan,failed,False
tests/data/csd_families/FINSOK/FINSOK01.cif,tests/data/csd_families/FINSOK/FINSOK12.cif,20,1.8998980522155762e-06,0,nan,failed,False
tests/data/csd_families/FINSOK/FINSOK01.cif,tests/data/csd_families/FINSOK/FINSOK12.cif,25,1.989305019378662e-06,0,nan,failed,False
tests/data/csd_families/FINSOK/FINSOK01.cif,tests/data/csd_families/FINSOK/FINSOK12.cif,30,1.9799917936325073e-06,0,nan,failed,False
tests/data/csd_families/FINSOK/FINSOK01.cif,tests/data/csd_families/FINSOK/FINSOK12.cif,40,2.8600916266441345e-06,0,nan,failed,False
tests/data/csd_families/FINSOK/FINSOK01.cif,tests/data/csd_families/FINSOK/FINSOK12.cif,50,2.230517566204071e-06,0,nan,failed,False
tests/data/csd_families/FINSOK/FINSOK01.cif,tests/data/csd_families/FINSOK/FINSOK12.cif,75,1.969747245311737e-06,0,nan,failed,False
tests/data/csd_families/FINSOK/FINSOK01.cif,tests/data/csd_families/FINSOK/FINSOK12.cif,100,1.8803402781486511e-06,0,nan,failed,False
tests/data/csd_families/FINSOK/FINSOK01.cif,tests/data/csd_families/FINSOK/FINSOK12.cif,150,1.8998980522155762e-06,0,nan,failed,False
tests/data/csd_families/AVOWUD/AVOWUD.cif,tests/data/csd_families/AVOWUD/AVOWUD02.cif,1,0.005042835138738155,1,0.0752875353987222,full,False
tests/data/csd_families/TOJHIK/TOJHIK01.cif,tests/data/csd_families/TOJHIK/TOJHIK02.cif,1,0.028650525957345963,1,0.004476744267031034,full,True
tests/data/csd_families/AVOWUD/AVOWUD.cif,tests/data/csd_families/AVOWUD/AVOWUD02.cif,2,0.005386700853705406,2,0.09447030693594538,full,False
tests/data/csd_families/TOJHIK/TOJHIK01.cif,tests/data/csd_families/TOJHIK/TOJHIK02.cif,2,0.030126851052045822,2,0.01391031580736291,full,True
tests/data/csd_families/AVOWUD/AVOWUD.cif,tests/data/csd_families/AVOWUD/AVOWUD02.cif,3,0.005936990492045879,3,0.09889411207934054,full,False
tests/data/csd_families/TOJHIK/TOJHIK01.cif,tests/data/csd_families/TOJHIK/TOJHIK02.cif,3,0.032918368466198444,3,0.01554109616227625,full,True
tests/data/csd_families/AVOWUD/AVOWUD.cif,tests/data/csd_families/AVOWUD/AVOWUD02.cif,5,0.007030600681900978,5,0.11076759349124679,full,False
tests/data/csd_families/TOJHIK/TOJHIK01.cif,tests/data/csd_families/TOJHIK/TOJHIK02.cif,5,0.03465637657791376,5,0.019090544301387763,full,True
tests/data/csd_families/AVOWUD/AVOWUD.cif,tests/data/csd_families/AVOWUD/AVOWUD02.cif,8,0.007189611904323101,8,0.17147888839524927,full,False
tests/data/csd_families/TOJHIK/TOJHIK01.cif,tests/data/csd_families/TOJHIK/TOJHIK02.cif,8,0.03852132335305214,8,0.022247878946386693,full,True
tests/data/csd_families/AVOWUD/AVOWUD.cif,tests/data/csd_families/AVOWUD/AVOWUD02.cif,10,0.008242719806730747,10,0.20278067252307766,full,False
tests/data/csd_families/TOJHIK/TOJHIK01.cif,tests/data/csd_families/TOJHIK/TOJHIK02.cif,10,0.04211062379181385,10,0.021986795259007177,full,False
tests/data/csd_families/AVOWUD/AVOWUD.cif,tests/data/csd_families/AVOWUD/AVOWUD02.cif,15,0.008845009841024876,15,0.20580260903132105,full,False
tests/data/csd_families/TOJHIK/TOJHIK01.cif,tests/data/csd_families/TOJHIK/TOJHIK02.cif,15,0.05186630878597498,15,0.028234405907498376,full,False
tests/data/csd_families/AVOWUD/AVOWUD.cif,tests/data/csd_families/AVOWUD/AVOWUD02.cif,20,0.010109101422131062,20,0.20147543445457783,full,False
tests/data/csd_families/TOJHIK/TOJHIK01.cif,tests/data/csd_families/TOJHIK/TOJHIK02.cif,20,0.06518141366541386,20,0.030775269081250643,full,False
tests/data/csd_families/AVOWUD/AVOWUD.cif,tests/data/csd_families/AVOWUD/AVOWUD02.cif,25,0.013600971549749374,25,0.21659511957619565,full,False
tests/data/csd_families/TOJHIK/TOJHIK01.cif,tests/data/csd_families/TOJHIK/TOJHIK02.cif,25,0.07508642226457596,25,0.032295462561580585,full,False
tests/data/csd_families/AVOWUD/AVOWUD.cif,tests/data/csd_families/AVOWUD/AVOWUD02.cif,30,0.014328442513942719,30,0.2247946074700471,full,False
tests/data/csd_families/TOJHIK/TOJHIK01.cif,tests/data/csd_families/TOJHIK/TOJHIK02.cif,30,0.08674385026097298,30,0.033241141446882554,full,True
tests/data/csd_families/AVOWUD/AVOWUD.cif,tests/data/csd_families/AVOWUD/AVOWUD02.cif,40,0.018595815636217594,40,0.2589441683697486,full,False
tests/data/csd_families/TOJHIK/TOJHIK01.cif,tests/data/csd_families/TOJHIK/TOJHIK02.cif,40,0.11317501869052649,40,0.036167764164219976,full,False
tests/data/csd_families/AVOWUD/AVOWUD.cif,tests/data/csd_families/AVOWUD/AVOWUD02.cif,50,0.022886437363922596,50,0.27497613910407126,full,False
tests/data/csd_families/TOJHIK/TOJHIK01.cif,tests/data/csd_families/TOJHIK/TOJHIK02.cif,50,0.1523620719090104,50,0.03771834298903088,full,True
tests/data/csd_families/AVOWUD/AVOWUD.cif,tests/data/csd_families/AVOWUD/AVOWUD02.cif,75,0.04568670503795147,75,0.31629913967528966,full,False
tests/data/csd_families/TOJHIK/TOJHIK01.cif,tests/data/csd_families/TOJHIK/TOJHIK02.cif,75,0.2795625776052475,75,0.04308052240241787,full,True
tests/data/csd_families/AVOWUD/AVOWUD.cif,tests/data/csd_families/AVOWUD/AVOWUD02.cif,100,0.056835953146219254,100,0.34490412506439616,full,False
tests/data/csd_families/TOJHIK/TOJHIK01.cif,tests/data/csd_families/TOJHIK/TOJHIK02.cif,100,0.4576028250157833,100,0.046296915324213324,full,True
tests/data/csd_families/AVOWUD/AVOWUD.cif,tests/data/csd_families/AVOWUD/AVOWUD02.cif,150,0.09759991336613894,150,0.3791683546775764,full,False
tests/data/csd_families/TOJHIK/TOJHIK01.cif,tests/data/csd_families/TOJHIK/TOJHIK02.cif,150,0.8685606392100453,150,0.052465100280272216,full,False
tests/data/csd_families/ILUTIV/ILUTIV.cif,tests/data/csd_families/ILUTIV/ILUTIV01.cif,1,0.008475433103740215,1,0.5395029857605916,full,True
tests/data/csd_families/ILUTIV/ILUTIV.cif,tests/data/csd_families/ILUTIV/ILUTIV01.cif,2,0.008322001434862614,1,0.5395029857605916,partial,True
tests/data/csd_families/ILUTIV/ILUTIV.cif,tests/data/csd_families/ILUTIV/ILUTIV01.cif,3,0.009039794094860554,2,0.56203170985237,partial,True
tests/data/csd_families/ILUTIV/ILUTIV.cif,tests/data/csd_families/ILUTIV/ILUTIV01.cif,5,0.009955018758773804,3,0.5821983065894484,partial,True
tests/data/csd_families/ILUTIV/ILUTIV.cif,tests/data/csd_families/ILUTIV/ILUTIV01.cif,8,0.01079858373850584,3,0.5821983065894484,failed,True
tests/data/csd_families/ILUTIV/ILUTIV.cif,tests/data/csd_families/ILUTIV/ILUTIV01.cif,10,0.011982522904872894,3,0.5821983065894484,failed,True
tests/data/csd_families/ILUTIV/ILUTIV.cif,tests/data/csd_families/ILUTIV/ILUTIV01.cif,15,0.011179380118846893,3,0.5821983065894484,failed,True
tests/data/csd_families/ILUTIV/ILUTIV.cif,tests/data/csd_families/ILUTIV/ILUTIV01.cif,20,0.011885881423950195,3,0.5821983065894484,failed,True
tests/data/csd_families/ILUTIV/ILUTIV.cif,tests/data/csd_families/ILUTIV/ILUTIV01.cif,25,0.01288255862891674,3,0.5821983065894484,failed,True
tests/data/csd_families/ILUTIV/ILUTIV.cif,tests/data/csd_families/ILUTIV/ILUTIV01.cif,30,0.01512659527361393,4,0.6385933324446076,failed,True
tests/data/csd_families/ILUTIV/ILUTIV.cif,tests/data/csd_families/ILUTIV/ILUTIV01.cif,40,0.020556927658617496,8,0.6967154758860136,failed,True
tests/data/csd_families/ILUTIV/ILUTIV.cif,tests/data/csd_families/ILUTIV/ILUTIV01.cif,50,0.02168874815106392,8,0.6967154758860136,failed,True
tests/data/csd_families/ILUTIV/ILUTIV.cif,tests/data/csd_families/ILUTIV/ILUTIV01.cif,75,0.03355218842625618,10,0.735059479163926,failed,True
tests/data/csd_families/ILUTIV/ILUTIV.cif,tests/data/csd_families/ILUTIV/ILUTIV01.cif,100,0.04451082367449999,12,0.7483261630020309,failed,True
tests/data/csd_families/ILUTIV/ILUTIV.cif,tests/data/csd_families/ILUTIV/ILUTIV01.cif,150,0.09157918207347393,18,0.7976643721334875,failed,True
tests/data/experimental/galunisertib/Galunisertib_FORM_II.cif,tests/data/experimental/galunisertib/Galunisertib_FORM_X.cif,1,0.004957674071192741,0,nan,failed,False
tests/data/experimental/galunisertib/Galunisertib_FORM_VIII.cif,tests/data/experimental/galunisertib/Galunisertib_FORM_X.cif,1,0.004808611236512661,0,nan,failed,False
tests/data/experimental/galunisertib/Galunisertib_FORM_II.cif,tests/data/experimental/galunisertib/Galunisertib_FORM_X.cif,2,0.004996613599359989,0,nan,failed,False
tests/data/experimental/galunisertib/Galunisertib_FORM_VIII.cif,tests/data/experimental/galunisertib/Galunisertib_FORM_X.cif,2,0.005262140184640884,0,nan,failed,False
tests/data/experimental/galunisertib/Galunisertib_FORM_II.cif,tests/data/experimental/galunisertib/Galunisertib_FORM_X.cif,3,0.005052904598414898,0,nan,failed,False
tests/data/experimental/galunisertib/Galunisertib_FORM_VIII.cif,tests/data/experimental/galunisertib/Galunisertib_FORM_X.cif,3,0.0062159644439816475,0,nan,failed,False
tests/data/experimental/galunisertib/Galunisertib_FORM_II.cif,tests/data/experimental/galunisertib/Galunisertib_FORM_X.cif,5,0.005582654848694801,0,nan,failed,False
tests/data/experimental/galunisertib/Galunisertib_FORM_VIII.cif,tests/data/experimental/galunisertib/Galunisertib_FORM_X.cif,5,0.005769887939095497,0,nan,failed,False
tests/data/experimental/galunisertib/Galunisertib_FORM_II.cif,tests/data/experimental/galunisertib/Galunisertib_FORM_X.cif,8,0.005699587054550648,0,nan,failed,False
tests/data/experimental/galunisertib/Galunisertib_FORM_VIII.cif,tests/data/experimental/galunisertib/Galunisertib_FORM_X.cif,8,0.00583012867718935,0,nan,failed,False
tests/data/experimental/galunisertib/Galunisertib_FORM_II.cif,tests/data/experimental/galunisertib/Galunisertib_FORM_X.cif,10,0.006276557222008705,0,nan,failed,False
tests/data/experimental/galunisertib/Galunisertib_FORM_VIII.cif,tests/data/experimental/galunisertib/Galunisertib_FORM_X.cif,10,0.006291085854172707,0,nan,failed,False
tests/data/experimental/galunisertib/Galunisertib_FORM_II.cif,tests/data/experimental/galunisertib/Galunisertib_FORM_X.cif,15,0.005915230140089989,0,nan,failed,False
tests/data/experimental/galunisertib/Galunisertib_FORM_VIII.cif,tests/data/experimental/galunisertib/Galunisertib_FORM_X.cif,15,0.00656875129789114,0,nan,failed,False
tests/data/experimental/galunisertib/Galunisertib_FORM_II.cif,tests/data/experimental/galunisertib/Galunisertib_FORM_X.cif,20,0.006558410823345184,0,nan,failed,False
tests/data/experimental/galunisertib/Galunisertib_FORM_VIII.cif,tests/data/experimental/galunisertib/Galunisertib_FORM_X.cif,20,0.007865053601562977,0,nan,failed,False
tests/data/experimental/galunisertib/Galunisertib_FORM_II.cif,tests/data/experimental/galunisertib/Galunisertib_FORM_X.cif,25,0.00828615017235279,0,nan,failed,False
tests/data/experimental/galunisertib/Galunisertib_FORM_VIII.cif,tests/data/experimental/galunisertib/Galunisertib_FORM_X.cif,25,0.007959315553307533,0,nan,failed,False
tests/data/experimental/galunisertib/Galunisertib_FORM_II.cif,tests/data/experimental/galunisertib/Galunisertib_FORM_X.cif,30,0.008519514463841915,0,nan,failed,False
tests/data/experimental/galunisertib/Galunisertib_FORM_VIII.cif,tests/data/experimental/galunisertib/Galunisertib_FORM_X.cif,30,0.008903191424906254,0,nan,failed,False
tests/data/experimental/galunisertib/Galunisertib_FORM_II.cif,tests/data/experimental/galunisertib/Galunisertib_FORM_X.cif,40,0.010479018092155457,0,nan,failed,False
tests/data/experimental/galunisertib/Galunisertib_FORM_VIII.cif,tests/data/experimental/galunisertib/Galunisertib_FORM_X.cif,40,0.012090474367141724,0,nan,failed,False
tests/data/experimental/galunisertib/Galunisertib_FORM_II.cif,tests/data/experimental/galunisertib/Galunisertib_FORM_X.cif,50,0.0122693981975317,0,nan,failed,False
tests/data/experimental/galunisertib/Galunisertib_FORM_VIII.cif,tests/data/experimental/galunisertib/Galunisertib_FORM_X.cif,50,0.013715512119233608,0,nan,failed,False
tests/data/experimental/galunisertib/Galunisertib_FORM_II.cif,tests/data/experimental/galunisertib/Galunisertib_FORM_X.cif,75,0.020287513732910156,0,nan,failed,False
tests/data/experimental/galunisertib/Galunisertib_FORM_VIII.cif,tests/data/experimental/galunisertib/Galunisertib_FORM_X.cif,75,0.023570260033011436,0,nan,failed,False
tests/data/experimental/galunisertib/Galunisertib_FORM_II.cif,tests/data/experimental/galunisertib/Galunisertib_FORM_X.cif,100,0.029434189200401306,0,nan,failed,False
tests/data/experimental/galunisertib/Galunisertib_FORM_VIII.cif,tests/data/experimental/galunisertib/Galunisertib_FORM_X.cif,100,0.03230013698339462,0,nan,failed,False
tests/data/experimental/galunisertib/Galunisertib_FORM_II.cif,tests/data/experimental/galunisertib/Galunisertib_FORM_X.cif,150,0.04875501710921526,0,nan,failed,False
tests/data/experimental/galunisertib/Galunisertib_FORM_VIII.cif,tests/data/experimental/galunisertib/Galunisertib_FORM_X.cif,150,0.05655619781464338,0,nan,failed,False
tests/data/experimental/ROY/QAXMEH29.cif,tests/data/experimental/ROY/ROY_R05.cif,1,0.005036785267293453,1,0.1839430850977817,full,False
tests/data/experimental/ROY/QAXMEH29.cif,tests/data/experimental/ROY/YT04.cif,1,0.001958422362804413,1,0.9468962378937893,full,True
tests/data/experimental/ROY/QAXMEH29.cif,tests/data/experimental/ROY/ROY_Y_ambient.cif,1,0.0019274326041340828,1,0.940517236968466,full,False
tests/data/experimental/ROY/QAXMEH29.cif,tests/data/experimental/ROY/ROY_R05.cif,2,0.004928473383188248,1,0.1839430850977817,partial,False
tests/data/experimental/ROY/QAXMEH29.cif,tests/data/experimental/ROY/YT04.cif,2,0.0018236516043543816,1,0.9468962378937893,partial,True
tests/data/experimental/ROY/QAXMEH29.cif,tests/data/experimental/ROY/ROY_Y_ambient.cif,2,0.003192134201526642,1,0.940517236968466,partial,False
tests/data/experimental/ROY/QAXMEH29.cif,tests/data/experimental/ROY/ROY_R05.cif,3,0.005796288140118122,1,0.1839430850977817,failed,False
tests/data/experimental/ROY/QAXMEH29.cif,tests/data/experimental/ROY/YT04.cif,3,0.002036724239587784,1,0.9468962378937893,failed,True
tests/data/experimental/ROY/QAXMEH29.cif,tests/data/experimental/ROY/ROY_Y_ambient.cif,3,0.0018241312354803085,1,0.940517236968466,failed,False
tests/data/experimental/ROY/QAXMEH29.cif,tests/data/experimental/ROY/ROY_R05.cif,5,0.005688437260687351,1,0.1839430850977817,failed,False
tests/data/experimental/ROY/QAXMEH29.cif,tests/data/experimental/ROY/YT04.cif,5,0.0035680215805768967,1,0.9468962378937893,failed,True
tests/data/experimental/ROY/QAXMEH29.cif,tests/data/experimental/ROY/ROY_Y_ambient.cif,5,0.0021002665162086487,1,0.940517236968466,failed,False
tests/data/experimental/ROY/QAXMEH29.cif,tests/data/experimental/ROY/ROY_R05.cif,8,0.005803748033940792,1,0.1839430850977817,failed,False
tests/data/experimental/ROY/QAXMEH29.cif,tests/data/experimental/ROY/YT04.cif,8,0.0020453250035643578,1,0.9468962378937893,failed,True
tests/data/experimental/ROY/QAXMEH29.cif,tests/data/experimental/ROY/ROY_Y_ambient.cif,8,0.0020126737654209137,1,0.940517236968466,failed,False
tests/data/experimental/ROY/QAXMEH29.cif,tests/data/experimental/ROY/ROY_R05.cif,10,0.005919300019741058,1,0.1839430850977817,failed,False
tests/data/experimental/ROY/QAXMEH29.cif,tests/data/experimental/ROY/YT04.cif,10,0.0022571776062250137,1,0.9468962378937893,failed,True
tests/data/experimental/ROY/QAXMEH29.cif,tests/data/experimental/ROY/ROY_Y_ambient.cif,10,0.0023000789806246758,1,0.940517236968466,failed,False
tests/data/experimental/ROY/QAXMEH29.cif,tests/data/experimental/ROY/ROY_R05.cif,15,0.006282086484134197,1,0.1839430850977817,failed,False
tests/data/experimental/ROY/QAXMEH29.cif,tests/data/experimental/ROY/YT04.cif,15,0.00224886741489172,1,0.9468962378937893,failed,True
tests/data/experimental/ROY/QAXMEH29.cif,tests/data/experimental/ROY/ROY_Y_ambient.cif,15,0.0031154928728938103,1,0.940517236968466,failed,False
tests/data/experimental/ROY/QAXMEH29.cif,tests/data/experimental/ROY/ROY_R05.cif,20,0.006358647719025612,1,0.1839430850977817,failed,False
tests/data/experimental/ROY/QAXMEH29.cif,tests/data/experimental/ROY/YT04.cif,20,0.002389950677752495,1,0.9468962378937893,failed,True
tests/data/experimental/ROY/QAXMEH29.cif,tests/data/experimental/ROY/ROY_Y_ambient.cif,20,0.002482801675796509,1,0.940517236968466,failed,False
tests/data/experimental/ROY/QAXMEH29.cif,tests/data/experimental/ROY/ROY_R05.cif,25,0.007071990519762039,1,0.1839430850977817,failed,False
tests/data/experimental/ROY/QAXMEH29.cif,tests/data/experimental/ROY/YT04.cif,25,0.004149231128394604,1,0.9468962378937893,failed,True
tests/data/experimental/ROY/QAXMEH29.cif,tests/data/experimental/ROY/ROY_Y_ambient.cif,25,0.0028779692947864532,1,0.940517236968466,failed,False
tests/data/experimental/ROY/QAXMEH29.cif,tests/data/experimental/ROY/ROY_R05.cif,30,0.007733561098575592,1,0.1839430850977817,failed,False
tests/data/experimental/ROY/QAXMEH29.cif,tests/data/experimental/ROY/YT04.cif,30,0.0028676986694335938,1,0.9468962378937893,failed,True
tests/data/experimental/ROY/QAXMEH29.cif,tests/data/experimental/ROY/ROY_Y_ambient.cif,30,0.002972550690174103,1,0.940517236968466,failed,False
tests/data/experimental/ROY/QAXMEH29.cif,tests/data/experimental/ROY/ROY_R05.cif,40,0.008660636842250824,1,0.1839430850977817,failed,False
tests/data/experimental/ROY/QAXMEH29.cif,tests/data/experimental/ROY/YT04.cif,40,0.0033266665413975716,1,0.9468962378937893,failed,True
tests/data/experimental/ROY/QAXMEH29.cif,tests/data/experimental/ROY/ROY_Y_ambient.cif,40,0.0032721953466534615,1,0.940517236968466,failed,False
tests/data/experimental/ROY/QAXMEH29.cif,tests/data/experimental/ROY/ROY_R05.cif,50,0.011303680948913097,1,0.1839430850977817,failed,False
tests/data/experimental/ROY/QAXMEH29.cif,tests/data/experimental/ROY/YT04.cif,50,0.004476617090404034,1,0.9468962378937893,failed,True
tests/data/experimental/ROY/QAXMEH29.cif,tests/data/experimental/ROY/ROY_Y_ambient.cif,50,0.00647445023059845,1,0.940517236968466,failed,False
tests/data/experimental/ROY/QAXMEH29.cif,tests/data/experimental/ROY/ROY_R05.cif,75,0.01656832080334425,1,0.1839430850977817,failed,False
tests/data/experimental/ROY/QAXMEH29.cif,tests/data/experimental/ROY/YT04.cif,75,0.006442119367420673,1,0.9468962378937893,failed,True
tests/data/experimental/ROY/QAXMEH29.cif,tests/data/experimental/ROY/ROY_Y_ambient.cif,75,0.006471820175647736,1,0.940517236968466,failed,False
tests/data/experimental/ROY/QAXMEH29.cif,tests/data/experimental/ROY/ROY_R05.cif,100,0.025584573857486248,1,0.1839430850977817,failed,False
tests/data/experimental/ROY/QAXMEH29.cif,tests/data/experimental/ROY/YT04.cif,100,0.012304287403821945,1,0.9468962378937893,failed,True
tests/data/experimental/ROY/QAXMEH29.cif,tests/data/experimental/ROY/ROY_Y_ambient.cif,100,0.009728584438562393,1,0.940517236968466,failed,False
tests/data/experimental/ROY/QAXMEH29.cif,tests/data/experimental/ROY/ROY_R05.cif,150,0.039759814739227295,1,0.1839430850977817,failed,False
tests/data/experimental/ROY/QAXMEH29.cif,tests/data/experimental/ROY/YT04.cif,150,0.015812858007848263,1,0.9468962378937893,failed,True
tests/data/experimental/ROY/QAXMEH29.cif,tests/data/experimental/ROY/ROY_Y_ambient.cif,150,0.014653177931904793,1,0.940517236968466,failed,False
tests/data/csd_families/ONITAN/ONITAN01.cif,tests/data/csd_families/ONITAN/ONITAN02.cif,1,0.010075939819216728,1,0.01831778770484082,full,True
tests/data/csd_families/ONITAN/ONITAN02.cif,tests/data/csd_families/ONITAN/ONITAN04.cif,1,0.00948674138635397,1,0.018971532796653586,full,True
tests/data/csd_families/ONITAN/ONITAN.cif,tests/data/csd_families/ONITAN/ONITAN03.cif,1,0.00999716017395258,1,0.030786482043580116,full,False
tests/data/csd_families/ONITAN/ONITAN02.cif,tests/data/csd_families/ONITAN/ONITAN03.cif,1,0.00864027626812458,1,0.01848786250552737,full,True
tests/data/csd_families/ONITAN/ONITAN03.cif,tests/data/csd_families/ONITAN/ONITAN04.cif,1,0.009344639256596565,1,0.013917333609791513,full,False
tests/data/csd_families/ONITAN/ONITAN01.cif,tests/data/csd_families/ONITAN/ONITAN02.cif,2,0.011204439215362072,2,0.0291439378715853,full,True
tests/data/csd_families/ONITAN/ONITAN02.cif,tests/data/csd_families/ONITAN/ONITAN04.cif,2,0.010879285633563995,2,0.027444020560741852,full,True
tests/data/csd_families/ONITAN/ONITAN.cif,tests/data/csd_families/ONITAN/ONITAN03.cif,2,0.011405672878026962,2,0.12221445109502313,full,True
tests/data/csd_families/ONITAN/ONITAN02.cif,tests/data/csd_families/ONITAN/ONITAN03.cif,2,0.00942269992083311,2,0.1203796860762442,full,True
tests/data/csd_families/ONITAN/ONITAN03.cif,tests/data/csd_families/ONITAN/ONITAN04.cif,2,0.010910925455391407,1,0.013917333609791513,partial,False
tests/data/csd_families/ONITAN/ONITAN01.cif,tests/data/csd_families/ONITAN/ONITAN02.cif,3,0.011832641437649727,3,0.04804890321406407,full,True
tests/data/csd_families/ONITAN/ONITAN02.cif,tests/data/csd_families/ONITAN/ONITAN04.cif,3,0.011469705030322075,3,0.04201698802946798,full,True
tests/data/csd_families/ONITAN/ONITAN.cif,tests/data/csd_families/ONITAN/ONITAN03.cif,3,0.01250178087502718,2,0.12221445109502313,partial,True
tests/data/csd_families/ONITAN/ONITAN02.cif,tests/data/csd_families/ONITAN/ONITAN03.cif,3,0.010080900974571705,2,0.1203796860762442,partial,True
tests/data/csd_families/ONITAN/ONITAN03.cif,tests/data/csd_families/ONITAN/ONITAN04.cif,3,0.01199802290648222,2,0.11248963029518078,partial,False
tests/data/csd_families/ONITAN/ONITAN01.cif,tests/data/csd_families/ONITAN/ONITAN02.cif,5,0.012880547903478146,5,0.06021396532481335,full,True
tests/data/csd_families/ONITAN/ONITAN02.cif,tests/data/csd_families/ONITAN/ONITAN04.cif,5,0.01251074206084013,5,0.053902823573935776,full,True
tests/data/csd_families/ONITAN/ONITAN.cif,tests/data/csd_families/ONITAN/ONITAN03.cif,5,0.012928368523716927,2,0.12221445109502313,failed,True
tests/data/csd_families/ONITAN/ONITAN02.cif,tests/data/csd_families/ONITAN/ONITAN03.cif,5,0.010772433131933212,2,0.1203796860762442,failed,True
tests/data/csd_families/ONITAN/ONITAN03.cif,tests/data/csd_families/ONITAN/ONITAN04.cif,5,0.012282188050448895,2,0.11248963029518078,failed,False
tests/data/csd_families/ONITAN/ONITAN01.cif,tests/data/csd_families/ONITAN/ONITAN02.cif,8,0.01410301961004734,8,0.07473712832295087,full,True
tests/data/csd_families/ONITAN/ONITAN02.cif,tests/data/csd_families/ONITAN/ONITAN04.cif,8,0.01362127996981144,8,0.05950024220048114,full,True
tests/data/csd_families/ONITAN/ONITAN.cif,tests/data/csd_families/ONITAN/ONITAN03.cif,8,0.01374441385269165,2,0.12221445109502313,failed,True
tests/data/csd_families/ONITAN/ONITAN02.cif,tests/data/csd_families/ONITAN/ONITAN03.cif,8,0.012129285372793674,2,0.1203796860762442,failed,True
tests/data/csd_families/ONITAN/ONITAN03.cif,tests/data/csd_families/ONITAN/ONITAN04.cif,8,0.012982410378754139,2,0.11248963029518078,failed,False
tests/data/csd_families/ONITAN/ONITAN01.cif,tests/data/csd_families/ONITAN/ONITAN02.cif,10,0.014732440002262592,10,0.0796234185341222,full,True
tests/data/csd_families/ONITAN/ONITAN02.cif,tests/data/csd_families/ONITAN/ONITAN04.cif,10,0.01422893162816763,10,0.07041692836134199,full,True
tests/data/csd_families/ONITAN/ONITAN.cif,tests/data/csd_families/ONITAN/ONITAN03.cif,10,0.013845955021679401,2,0.12221445109502313,failed,True
tests/data/csd_families/ONITAN/ONITAN02.cif,tests/data/csd_families/ONITAN/ONITAN03.cif,10,0.012258067727088928,2,0.1203796860762442,failed,True
tests/data/csd_families/ONITAN/ONITAN03.cif,tests/data/csd_families/ONITAN/ONITAN04.cif,10,0.01325316447764635,2,0.11248963029518078,failed,False
tests/data/csd_families/ONITAN/ONITAN01.cif,tests/data/csd_families/ONITAN/ONITAN02.cif,15,0.01672772318124771,15,0.08272898056175099,full,True
tests/data/csd_families/ONITAN/ONITAN02.cif,tests/data/csd_families/ONITAN/ONITAN04.cif,15,0.01631065644323826,15,0.07295856521786555,full,True
tests/data/csd_families/ONITAN/ONITAN.cif,tests/data/csd_families/ONITAN/ONITAN03.cif,15,0.015116696245968342,2,0.12221445109502313,failed,True
tests/data/csd_families/ONITAN/ONITAN02.cif,tests/data/csd_families/ONITAN/ONITAN03.cif,15,0.013140343129634857,2,0.1203796860762442,failed,True
tests/data/csd_families/ONITAN/ONITAN03.cif,tests/data/csd_families/ONITAN/ONITAN04.cif,15,0.01426016166806221,2,0.11248963029518078,failed,False
tests/data/csd_families/ONITAN/ONITAN01.cif,tests/data/csd_families/ONITAN/ONITAN02.cif,20,0.01998463924974203,20,0.09880216387826145,full,True
tests/data/csd_families/ONITAN/ONITAN02.cif,tests/data/csd_families/ONITAN/ONITAN04.cif,20,0.019679113291203976,20,0.08788613026448391,full,True
tests/data/csd_families/ONITAN/ONITAN.cif,tests/data/csd_families/ONITAN/ONITAN03.cif,20,0.017453216016292572,2,0.12221445109502313,failed,True
tests/data/csd_families/ONITAN/ONITAN02.cif,tests/data/csd_families/ONITAN/ONITAN03.cif,20,0.014926821924746037,2,0.1203796860762442,failed,True
tests/data/csd_families/ONITAN/ONITAN03.cif,tests/data/csd_families/ONITAN/ONITAN04.cif,20,0.015983320772647858,2,0.11248963029518078,failed,False
tests/data/csd_families/ONITAN/ONITAN01.cif,tests/data/csd_families/ONITAN/ONITAN02.cif,25,0.026064272038638592,25,0.10412018055679415,full,True
tests/data/csd_families/ONITAN/ONITAN02.cif,tests/data/csd_families/ONITAN/ONITAN04.cif,25,0.02266424335539341,25,0.09169098001102158,full,True
tests/data/csd_families/ONITAN/ONITAN.cif,tests/data/csd_families/ONITAN/ONITAN03.cif,25,0.018378731794655323,2,0.12221445109502313,failed,True
tests/data/csd_families/ONITAN/ONITAN02.cif,tests/data/csd_families/ONITAN/ONITAN03.cif,25,0.016509389504790306,2,0.1203796860762442,failed,True
tests/data/csd_families/ONITAN/ONITAN03.cif,tests/data/csd_families/ONITAN/ONITAN04.cif,25,0.01764401886612177,2,0.11248963029518078,failed,False
tests/data/csd_families/ONITAN/ONITAN01.cif,tests/data/csd_families/ONITAN/ONITAN02.cif,30,0.025384490378201008,30,0.11697874598830073,full,True
tests/data/csd_families/ONITAN/ONITAN02.cif,tests/data/csd_families/ONITAN/ONITAN04.cif,30,0.025215676985681057,30,0.10403498401243828,full,True
tests/data/csd_families/ONITAN/ONITAN.cif,tests/data/csd_families/ONITAN/ONITAN03.cif,30,0.021029855124652386,2,0.12221445109502313,failed,True
tests/data/csd_families/ONITAN/ONITAN02.cif,tests/data/csd_families/ONITAN/ONITAN03.cif,30,0.01813562773168087,2,0.1203796860762442,failed,True
tests/data/csd_families/ONITAN/ONITAN03.cif,tests/data/csd_families/ONITAN/ONITAN04.cif,30,0.021479563787579536,2,0.11248963029518078,failed,False
tests/data/csd_families/ONITAN/ONITAN01.cif,tests/data/csd_families/ONITAN/ONITAN02.cif,40,0.03419021051377058,40,0.11651666691954965,full,True
tests/data/csd_families/ONITAN/ONITAN02.cif,tests/data/csd_families/ONITAN/ONITAN04.cif,40,0.03368034027516842,40,0.10225580606334415,full,True
tests/data/csd_families/ONITAN/ONITAN.cif,tests/data/csd_families/ONITAN/ONITAN03.cif,40,0.026857835240662098,3,0.3051556542792694,failed,True
tests/data/csd_families/ONITAN/ONITAN02.cif,tests/data/csd_families/ONITAN/ONITAN03.cif,40,0.02446642518043518,3,0.33252395618698904,failed,True
tests/data/csd_families/ONITAN/ONITAN03.cif,tests/data/csd_families/ONITAN/ONITAN04.cif,40,0.025188066996634007,2,0.11248963029518078,failed,False
tests/data/csd_families/ONITAN/ONITAN01.cif,tests/data/csd_families/ONITAN/ONITAN02.cif,50,0.043168951757252216,50,0.12617605755819442,full,True
tests/data/csd_families/ONITAN/ONITAN02.cif,tests/data/csd_families/ONITAN/ONITAN04.cif,50,0.04333267454057932,50,0.10402801971174427,full,True
tests/data/csd_families/ONITAN/ONITAN.cif,tests/data/csd_families/ONITAN/ONITAN03.cif,50,0.0330966105684638,3,0.3051556542792694,failed,True
tests/data/csd_families/ONITAN/ONITAN02.cif,tests/data/csd_families/ONITAN/ONITAN03.cif,50,0.029932537116110325,3,0.33101670422982377,failed,True
tests/data/csd_families/ONITAN/ONITAN03.cif,tests/data/csd_families/ONITAN/ONITAN04.cif,50,0.031640056520700455,3,0.37500549791275,failed,False
tests/data/csd_families/ONITAN/ONITAN01.cif,tests/data/csd_families/ONITAN/ONITAN02.cif,75,0.06345610599964857,75,0.1472911006820097,full,True
tests/data/csd_families/ONITAN/ONITAN02.cif,tests/data/csd_families/ONITAN/ONITAN04.cif,75,0.06391265336424112,75,0.12793494815621942,full,True
tests/data/csd_families/ONITAN/ONITAN.cif,tests/data/csd_families/ONITAN/ONITAN03.cif,75,0.04874700587242842,3,0.3051556542792694,failed,True
tests/data/csd_families/ONITAN/ONITAN02.cif,tests/data/csd_families/ONITAN/ONITAN03.cif,75,0.044046007096767426,3,0.33101670422982377,failed,True
tests/data/csd_families/ONITAN/ONITAN03.cif,tests/data/csd_families/ONITAN/ONITAN04.cif,75,0.04843114037066698,3,0.37500549791275,failed,False
tests/data/csd_families/ONITAN/ONITAN01.cif,tests/data/csd_families/ONITAN/ONITAN02.cif,100,0.09534669574350119,100,0.15528645133006047,full,True
tests/data/csd_families/ONITAN/ONITAN02.cif,tests/data/csd_families/ONITAN/ONITAN04.cif,100,0.09297135658562183,100,0.13802807802698505,full,True
tests/data/csd_families/ONITAN/ONITAN.cif,tests/data/csd_families/ONITAN/ONITAN03.cif,100,0.06923524476587772,5,0.3868487755526579,failed,False
tests/data/csd_families/ONITAN/ONITAN02.cif,tests/data/csd_families/ONITAN/ONITAN03.cif,100,0.06696704495698214,5,0.4624060020570266,failed,True
tests/data/csd_families/ONITAN/ONITAN03.cif,tests/data/csd_families/ONITAN/ONITAN04.cif,100,0.07388600241392851,5,0.5291945536159125,failed,False
tests/data/csd_families/ONITAN/ONITAN01.cif,tests/data/csd_families/ONITAN/ONITAN02.cif,150,0.15836049430072308,150,0.18227321810909858,full,True
tests/data/csd_families/ONITAN/ONITAN02.cif,tests/data/csd_families/ONITAN/ONITAN04.cif,150,0.15184345375746489,150,0.1616183781494465,full,True
tests/data/csd_families/ONITAN/ONITAN.cif,tests/data/csd_families/ONITAN/ONITAN03.cif,150,0.12232614308595657,5,0.3868487755526579,failed,False
tests/data/csd_families/ONITAN/ONITAN02.cif,tests/data/csd_families/ONITAN/ONITAN03.cif,150,0.11974422074854374,5,0.4624060020570266,failed,True
tests/data/csd_families/ONITAN/ONITAN03.cif,tests/data/csd_families/ONITAN/ONITAN04.cif,150,0.12814076151698828,5,0.5291945536159125,failed,False
tests/data/csd_families/ESAXAA/ESAXAA01.cif,tests/data/csd_families/ESAXAA/ESAXAA03.cif,1,0.01544992160052061,1,0.012217660486132778,full,False
tests/data/csd_families/ESAXAA/ESAXAA01.cif,tests/data/csd_families/ESAXAA/ESAXAA03.cif,2,0.016754484735429287,2,0.020245722982092096,full,True
tests/data/csd_families/ESAXAA/ESAXAA01.cif,tests/data/csd_families/ESAXAA/ESAXAA03.cif,3,0.019019252620637417,3,0.028477075858206455,full,True
tests/data/csd_families/ESAXAA/ESAXAA01.cif,tests/data/csd_families/ESAXAA/ESAXAA03.cif,5,0.021181458607316017,5,0.0364488401921998,full,False
tests/data/csd_families/ESAXAA/ESAXAA01.cif,tests/data/csd_families/ESAXAA/ESAXAA03.cif,8,0.024416173808276653,8,0.03217492111263526,full,True
tests/data/csd_families/ESAXAA/ESAXAA01.cif,tests/data/csd_families/ESAXAA/ESAXAA03.cif,10,0.026859546080231667,10,0.03397520472131053,full,False
tests/data/csd_families/ESAXAA/ESAXAA01.cif,tests/data/csd_families/ESAXAA/ESAXAA03.cif,15,0.032250565476715565,15,0.0402111429948136,full,False
tests/data/csd_families/ESAXAA/ESAXAA01.cif,tests/data/csd_families/ESAXAA/ESAXAA03.cif,20,0.037198299542069435,20,0.04158921960073496,full,True
tests/data/csd_families/ESAXAA/ESAXAA01.cif,tests/data/csd_families/ESAXAA/ESAXAA03.cif,25,0.04223031643778086,25,0.042991203577695564,full,False
tests/data/csd_families/ESAXAA/ESAXAA01.cif,tests/data/csd_families/ESAXAA/ESAXAA03.cif,30,0.050477515906095505,30,0.04609356383155727,full,True
tests/data/csd_families/ESAXAA/ESAXAA01.cif,tests/data/csd_families/ESAXAA/ESAXAA03.cif,40,0.07838083803653717,40,0.04846698506525742,full,False
tests/data/csd_families/ESAXAA/ESAXAA01.cif,tests/data/csd_families/ESAXAA/ESAXAA03.cif,50,0.0940861850976944,50,0.0511919006138946,full,True
tests/data/csd_families/ESAXAA/ESAXAA01.cif,tests/data/csd_families/ESAXAA/ESAXAA03.cif,75,0.17102610785514116,75,0.054159302343274464,full,False
tests/data/csd_families/ESAXAA/ESAXAA01.cif,tests/data/csd_families/ESAXAA/ESAXAA03.cif,100,0.26086574140936136,100,0.06098135859254716,full,False
tests/data/csd_families/ESAXAA/ESAXAA01.cif,tests/data/csd_families/ESAXAA/ESAXAA03.cif,150,0.45310294907540083,150,0.06794755622356123,full,False
tests/data/csd_families/AWENUO/AWENUO01.cif,tests/data/csd_families/AWENUO/AWENUO02.cif,1,0.01679974514991045,1,0.008184073090515996,full,True
tests/data/csd_families/AWENUO/AWENUO02.cif,tests/data/csd_families/AWENUO/AWENUO03.cif,1,0.016690152697265148,1,0.018756612516649004,full,True
tests/data/csd_families/AWENUO/AWENUO02.cif,tests/data/csd_families/AWENUO/AWENUO04.cif,1,0.015878649428486824,1,0.010177520663801074,full,True
tests/data/csd_families/AWENUO/AWENUO01.cif,tests/data/csd_families/AWENUO/AWENUO02.cif,2,0.018385770730674267,2,0.014759862303017486,full,False
tests/data/csd_families/AWENUO/AWENUO02.cif,tests/data/csd_families/AWENUO/AWENUO03.cif,2,0.018215078860521317,2,0.03399775482131097,full,True
tests/data/csd_families/AWENUO/AWENUO02.cif,tests/data/csd_families/AWENUO/AWENUO04.cif,2,0.019018322229385376,2,0.01563039954103654,full,True
tests/data/csd_families/AWENUO/AWENUO01.cif,tests/data/csd_families/AWENUO/AWENUO02.cif,3,0.019817786291241646,3,0.01796964165076092,full,False
tests/data/csd_families/AWENUO/AWENUO02.cif,tests/data/csd_families/AWENUO/AWENUO03.cif,3,0.019625183194875717,3,0.04052704927397565,full,False
tests/data/csd_families/AWENUO/AWENUO02.cif,tests/data/csd_families/AWENUO/AWENUO04.cif,3,0.01768898032605648,3,0.018732075457159745,full,False
tests/data/csd_families/AWENUO/AWENUO01.cif,tests/data/csd_families/AWENUO/AWENUO02.cif,5,0.022481800988316536,5,0.02440992492923568,full,False
tests/data/csd_families/AWENUO/AWENUO02.cif,tests/data/csd_families/AWENUO/AWENUO03.cif,5,0.023378266021609306,5,0.06780714144122439,full,False
tests/data/csd_families/AWENUO/AWENUO02.cif,tests/data/csd_families/AWENUO/AWENUO04.cif,5,0.020145362243056297,5,0.028342768925279496,full,True
tests/data/csd_families/AWENUO/AWENUO01.cif,tests/data/csd_families/AWENUO/AWENUO02.cif,8,0.025406700558960438,8,0.03172530566105607,full,True
tests/data/csd_families/AWENUO/AWENUO02.cif,tests/data/csd_families/AWENUO/AWENUO03.cif,8,0.025415769778192043,8,0.08409898491913255,full,False
tests/data/csd_families/AWENUO/AWENUO02.cif,tests/data/csd_families/AWENUO/AWENUO04.cif,8,0.02331803645938635,8,0.0354862979171309,full,False
tests/data/csd_families/AWENUO/AWENUO01.cif,tests/data/csd_families/AWENUO/AWENUO02.cif,10,0.02877269685268402,10,0.03186983100429801,full,False
tests/data/csd_families/AWENUO/AWENUO02.cif,tests/data/csd_families/AWENUO/AWENUO03.cif,10,0.028572704643011093,10,0.08617127295237091,full,False
tests/data/csd_families/AWENUO/AWENUO02.cif,tests/data/csd_families/AWENUO/AWENUO04.cif,10,0.02712665032595396,10,0.036217035545232076,full,False
tests/data/csd_families/AWENUO/AWENUO01.cif,tests/data/csd_families/AWENUO/AWENUO02.cif,15,0.03574479557573795,15,0.03201132536496745,full,False
tests/data/csd_families/AWENUO/AWENUO02.cif,tests/data/csd_families/AWENUO/AWENUO03.cif,15,0.036670261062681675,15,0.08602823989751883,full,True
tests/data/csd_families/AWENUO/AWENUO02.cif,tests/data/csd_families/AWENUO/AWENUO04.cif,15,0.036692301742732525,15,0.03661814397313004,full,False
tests/data/csd_families/AWENUO/AWENUO01.cif,tests/data/csd_families/AWENUO/AWENUO02.cif,20,0.04498352203518152,20,0.03553210054272762,full,False
tests/data/csd_families/AWENUO/AWENUO02.cif,tests/data/csd_families/AWENUO/AWENUO03.cif,20,0.04562198370695114,20,0.0963964564906578,full,True
tests/data/csd_families/AWENUO/AWENUO02.cif,tests/data/csd_families/AWENUO/AWENUO04.cif,20,0.04243400879204273,20,0.040314315287016046,full,False
tests/data/csd_families/AWENUO/AWENUO01.cif,tests/data/csd_families/AWENUO/AWENUO02.cif,25,0.054044876247644424,25,0.03944847931090009,full,False
tests/data/csd_families/AWENUO/AWENUO02.cif,tests/data/csd_families/AWENUO/AWENUO03.cif,25,0.05497432127594948,25,0.10855758910558176,full,False
tests/data/csd_families/AWENUO/AWENUO02.cif,tests/data/csd_families/AWENUO/AWENUO04.cif,25,0.0530009176582098,25,0.04521804263805765,full,False
tests/data/csd_families/AWENUO/AWENUO01.cif,tests/data/csd_families/AWENUO/AWENUO02.cif,30,0.0645215529948473,30,0.03943080099210052,full,False
tests/data/csd_families/AWENUO/AWENUO02.cif,tests/data/csd_families/AWENUO/AWENUO03.cif,30,0.06569725275039673,30,0.11025200659501487,full,False
tests/data/csd_families/AWENUO/AWENUO02.cif,tests/data/csd_families/AWENUO/AWENUO04.cif,30,0.063115319237113,30,0.04556317727479488,full,False
tests/data/csd_families/AWENUO/AWENUO01.cif,tests/data/csd_families/AWENUO/AWENUO02.cif,40,0.08284091390669346,40,0.0445294677502841,full,False
tests/data/csd_families/AWENUO/AWENUO02.cif,tests/data/csd_families/AWENUO/AWENUO03.cif,40,0.08840994816273451,40,0.12203330147205008,full,True
tests/data/csd_families/AWENUO/AWENUO02.cif,tests/data/csd_families/AWENUO/AWENUO04.cif,40,0.07999037485569715,40,0.051567937411226866,full,False
tests/data/csd_families/AWENUO/AWENUO01.cif,tests/data/csd_families/AWENUO/AWENUO02.cif,50,0.10435377899557352,50,0.05082141087894015,full,True
tests/data/csd_families/AWENUO/AWENUO02.cif,tests/data/csd_families/AWENUO/AWENUO03.cif,50,0.11091226991266012,50,0.13883686692887692,full,False
tests/data/csd_families/AWENUO/AWENUO02.cif,tests/data/csd_families/AWENUO/AWENUO04.cif,50,0.10258557926863432,50,0.05900210619787978,full,False
tests/data/csd_families/AWENUO/AWENUO01.cif,tests/data/csd_families/AWENUO/AWENUO02.cif,75,0.18564780615270138,75,0.055863710737209846,full,False
tests/data/csd_families/AWENUO/AWENUO02.cif,tests/data/csd_families/AWENUO/AWENUO03.cif,75,0.19265257567167282,75,0.15006831139151114,full,False
tests/data/csd_families/AWENUO/AWENUO02.cif,tests/data/csd_families/AWENUO/AWENUO04.cif,75,0.1823887312784791,75,0.06361061900056492,full,False
tests/data/csd_families/AWENUO/AWENUO01.cif,tests/data/csd_families/AWENUO/AWENUO02.cif,100,0.2746994961053133,100,0.05998444477828301,full,False
tests/data/csd_families/AWENUO/AWENUO02.cif,tests/data/csd_families/AWENUO/AWENUO03.cif,100,0.2988581955432892,100,0.1606405973601862,full,False
tests/data/csd_families/AWENUO/AWENUO02.cif,tests/data/csd_families/AWENUO/AWENUO04.cif,100,0.2735771359875798,100,0.06904599545554574,full,False
tests/data/csd_families/AWENUO/AWENUO01.cif,tests/data/csd_families/AWENUO/AWENUO02.cif,150,0.4871024051681161,150,0.07043684329191775,full,False
tests/data/csd_families/AWENUO/AWENUO02.cif,tests/data/csd_families/AWENUO/AWENUO03.cif,150,0.545530404895544,150,0.18891765066310792,full,False
tests/data/csd_families/AWENUO/AWENUO02.cif,tests/data/csd_families/AWENUO/AWENUO04.cif,150,0.5004565296694636,150,0.08137176464006789,full,False
tests/data/csd_families/ZAPFED/ZAPFED.cif,tests/data/csd_families/ZAPFED/ZAPFED01.cif,1,1.4270655810832977e-05,0,nan,failed,False
tests/data/csd_families/ZAPFED/ZAPFED.cif,tests/data/csd_families/ZAPFED/ZAPFED01.cif,2,3.97954136133194e-06,0,nan,failed,False
tests/data/csd_families/ZAPFED/ZAPFED.cif,tests/data/csd_families/ZAPFED/ZAPFED01.cif,3,2.6496127247810364e-06,0,nan,failed,False
tests/data/csd_families/ZAPFED/ZAPFED.cif,tests/data/csd_families/ZAPFED/ZAPFED01.cif,5,1.9902363419532776e-06,0,nan,failed,False
tests/data/csd_families/ZAPFED/ZAPFED.cif,tests/data/csd_families/ZAPFED/ZAPFED01.cif,8,1.9203871488571167e-06,0,nan,failed,False
tests/data/csd_families/ZAPFED/ZAPFED.cif,tests/data/csd_families/ZAPFED/ZAPFED01.cif,10,3.25031578540802e-06,0,nan,failed,False
tests/data/csd_families/ZAPFED/ZAPFED.cif,tests/data/csd_families/ZAPFED/ZAPFED01.cif,15,2.169981598854065e-06,0,nan,failed,False
tests/data/csd_families/ZAPFED/ZAPFED.cif,tests/data/csd_families/ZAPFED/ZAPFED01.cif,20,2.0908191800117493e-06,0,nan,failed,False
tests/data/csd_families/ZAPFED/ZAPFED.cif,tests/data/csd_families/ZAPFED/ZAPFED01.cif,25,1.9604340195655823e-06,0,nan,failed,False
tests/data/csd_families/ZAPFED/ZAPFED.cif,tests/data/csd_families/ZAPFED/ZAPFED01.cif,30,1.819804310798645e-06,0,nan,failed,False
tests/data/csd_families/ZAPFED/ZAPFED.cif,tests/data/csd_families/ZAPFED/ZAPFED01.cif,40,2.7492642402648926e-06,0,nan,failed,False
tests/data/csd_families/ZAPFED/ZAPFED.cif,tests/data/csd_families/ZAPFED/ZAPFED01.cif,50,2.969987690448761e-06,0,nan,failed,False
tests/data/csd_families/ZAPFED/ZAPFED.cif,tests/data/csd_families/ZAPFED/ZAPFED01.cif,75,3.0100345611572266e-06,0,nan,failed,False
tests/data/csd_families/ZAPFED/ZAPFED.cif,tests/data/csd_families/ZAPFED/ZAPFED01.cif,100,2.830289304256439e-06,0,nan,failed,False
tests/data/csd_families/ZAPFED/ZAPFED.cif,tests/data/csd_families/ZAPFED/ZAPFED01.cif,150,3.010965883731842e-06,0,nan,failed,False
tests/data/csd_families/HAGWAP/HAGWAP01.cif,tests/data/csd_families/HAGWAP/HAGWAP03.cif,1,0.00434347428381443,1,0.005137159918350609,full,True
tests/data/csd_families/VELBOD/VELBOD10.cif,tests/data/csd_families/VELBOD/VELBOD11.cif,1,0.005403381772339344,1,0.03536132815450481,full,False
tests/data/csd_families/HAGWAP/HAGWAP01.cif,tests/data/csd_families/HAGWAP/HAGWAP03.cif,2,0.004145210608839989,2,0.030396906308513105,full,True
tests/data/csd_families/VELBOD/VELBOD10.cif,tests/data/csd_families/VELBOD/VELBOD11.cif,2,0.005490732379257679,2,0.05272934427076137,full,False
tests/data/csd_families/HAGWAP/HAGWAP01.cif,tests/data/csd_families/HAGWAP/HAGWAP03.cif,3,0.004530806094408035,3,0.04695806003253923,full,True
tests/data/csd_families/VELBOD/VELBOD10.cif,tests/data/csd_families/VELBOD/VELBOD11.cif,3,0.0062002744525671005,3,0.06060012456228089,full,False
tests/data/csd_families/HAGWAP/HAGWAP01.cif,tests/data/csd_families/HAGWAP/HAGWAP03.cif,5,0.0056443847715854645,5,0.059496441417804365,full,True
tests/data/csd_families/VELBOD/VELBOD10.cif,tests/data/csd_families/VELBOD/VELBOD11.cif,5,0.006596432067453861,5,0.06236085554983694,full,False
tests/data/csd_families/HAGWAP/HAGWAP01.cif,tests/data/csd_families/HAGWAP/HAGWAP03.cif,8,0.00598378200083971,8,0.06400046100245668,full,True
tests/data/csd_families/VELBOD/VELBOD10.cif,tests/data/csd_families/VELBOD/VELBOD11.cif,8,0.008140908554196358,8,0.06888490481435894,full,False
tests/data/csd_families/HAGWAP/HAGWAP01.cif,tests/data/csd_families/HAGWAP/HAGWAP03.cif,10,0.006814425811171532,10,0.07001818672352139,full,True
tests/data/csd_families/VELBOD/VELBOD10.cif,tests/data/csd_families/VELBOD/VELBOD11.cif,10,0.009596702642738819,10,0.09249768502482338,full,False
tests/data/csd_families/HAGWAP/HAGWAP01.cif,tests/data/csd_families/HAGWAP/HAGWAP03.cif,15,0.007163492031395435,15,0.06949762519443656,full,True
tests/data/csd_families/VELBOD/VELBOD10.cif,tests/data/csd_families/VELBOD/VELBOD11.cif,15,0.00837430264800787,15,0.10930442191182158,full,False
tests/data/csd_families/HAGWAP/HAGWAP01.cif,tests/data/csd_families/HAGWAP/HAGWAP03.cif,20,0.009082993492484093,20,0.07528947787744873,full,True
tests/data/csd_families/VELBOD/VELBOD10.cif,tests/data/csd_families/VELBOD/VELBOD11.cif,20,0.010162301361560822,20,0.11485771534990637,full,False
tests/data/csd_families/HAGWAP/HAGWAP01.cif,tests/data/csd_families/HAGWAP/HAGWAP03.cif,25,0.01061865035444498,25,0.08732617031691335,full,True
tests/data/csd_families/VELBOD/VELBOD10.cif,tests/data/csd_families/VELBOD/VELBOD11.cif,25,0.013038931414484978,25,0.11281790706525988,full,False
tests/data/csd_families/HAGWAP/HAGWAP01.cif,tests/data/csd_families/HAGWAP/HAGWAP03.cif,30,0.01220091711729765,30,0.09774054107177037,full,True
tests/data/csd_families/VELBOD/VELBOD10.cif,tests/data/csd_families/VELBOD/VELBOD11.cif,30,0.01426251046359539,30,0.11756201211441208,full,False
tests/data/csd_families/HAGWAP/HAGWAP01.cif,tests/data/csd_families/HAGWAP/HAGWAP03.cif,40,0.015676265582442284,40,0.10569395095497676,full,True
tests/data/csd_families/VELBOD/VELBOD10.cif,tests/data/csd_families/VELBOD/VELBOD11.cif,40,0.0214887335896492,40,0.13074332549504514,full,False
tests/data/csd_families/HAGWAP/HAGWAP01.cif,tests/data/csd_families/HAGWAP/HAGWAP03.cif,50,0.025036693550646305,50,0.11146948858192977,full,True
tests/data/csd_families/VELBOD/VELBOD10.cif,tests/data/csd_families/VELBOD/VELBOD11.cif,50,0.026461228728294373,50,0.1383444237170818,full,False
tests/data/csd_families/HAGWAP/HAGWAP01.cif,tests/data/csd_families/HAGWAP/HAGWAP03.cif,75,0.03863269556313753,75,0.1263961812263378,full,True
tests/data/csd_families/VELBOD/VELBOD10.cif,tests/data/csd_families/VELBOD/VELBOD11.cif,75,0.04216384515166283,75,0.162467392715368,full,False
tests/data/csd_families/HAGWAP/HAGWAP01.cif,tests/data/csd_families/HAGWAP/HAGWAP03.cif,100,0.05097593367099762,100,0.1362591004420209,full,True
tests/data/csd_families/VELBOD/VELBOD10.cif,tests/data/csd_families/VELBOD/VELBOD11.cif,100,0.05366798955947161,100,0.17627923472900908,full,False
tests/data/csd_families/HAGWAP/HAGWAP01.cif,tests/data/csd_families/HAGWAP/HAGWAP03.cif,150,0.10156569164246321,150,0.14674837274780686,full,True
tests/data/csd_families/VELBOD/VELBOD10.cif,tests/data/csd_families/VELBOD/VELBOD11.cif,150,0.0879410495981574,150,0.1975133839766958,full,False
tests/data/experimental/Ritonavir/YIGPIO06.cif,tests/data/experimental/Ritonavir/YIGPIO10.cif,1,0.021934881806373596,0,nan,failed,False
tests/data/experimental/Ritonavir/YIGPIO05.cif,tests/data/experimental/Ritonavir/YIGPIO10.cif,1,0.007017488591372967,0,nan,failed,False
tests/data/experimental/Ritonavir/YIGPIO06.cif,tests/data/experimental/Ritonavir/YIGPIO10.cif,2,0.02403581701219082,0,nan,failed,False
tests/data/experimental/Ritonavir/YIGPIO05.cif,tests/data/experimental/Ritonavir/YIGPIO10.cif,2,0.008982403203845024,0,nan,failed,False
tests/data/experimental/Ritonavir/YIGPIO06.cif,tests/data/experimental/Ritonavir/YIGPIO10.cif,3,0.024564385414123535,0,nan,failed,False
tests/data/experimental/Ritonavir/YIGPIO05.cif,tests/data/experimental/Ritonavir/YIGPIO10.cif,3,0.01011546142399311,0,nan,failed,False
tests/data/experimental/Ritonavir/YIGPIO06.cif,tests/data/experimental/Ritonavir/YIGPIO10.cif,5,0.025407740846276283,0,nan,failed,False
tests/data/experimental/Ritonavir/YIGPIO05.cif,tests/data/experimental/Ritonavir/YIGPIO10.cif,5,0.009362048469483852,0,nan,failed,False
tests/data/experimental/Ritonavir/YIGPIO06.cif,tests/data/experimental/Ritonavir/YIGPIO10.cif,8,0.02657249942421913,0,nan,failed,False
tests/data/experimental/Ritonavir/YIGPIO05.cif,tests/data/experimental/Ritonavir/YIGPIO10.cif,8,0.009705244563519955,0,nan,failed,False
tests/data/experimental/Ritonavir/YIGPIO06.cif,tests/data/experimental/Ritonavir/YIGPIO10.cif,10,0.02893868088722229,0,nan,failed,False
tests/data/experimental/Ritonavir/YIGPIO05.cif,tests/data/experimental/Ritonavir/YIGPIO10.cif,10,0.011685797944664955,0,nan,failed,False
tests/data/experimental/Ritonavir/YIGPIO06.cif,tests/data/experimental/Ritonavir/YIGPIO10.cif,15,0.029083482921123505,0,nan,failed,False
tests/data/experimental/Ritonavir/YIGPIO05.cif,tests/data/experimental/Ritonavir/YIGPIO10.cif,15,0.011742799542844296,0,nan,failed,False
tests/data/experimental/Ritonavir/YIGPIO06.cif,tests/data/experimental/Ritonavir/YIGPIO10.cif,20,0.03407434746623039,0,nan,failed,False
tests/data/experimental/Ritonavir/YIGPIO05.cif,tests/data/experimental/Ritonavir/YIGPIO10.cif,20,0.013907656073570251,0,nan,failed,False
tests/data/experimental/Ritonavir/YIGPIO06.cif,tests/data/experimental/Ritonavir/YIGPIO10.cif,25,0.036519648507237434,0,nan,failed,False
tests/data/experimental/Ritonavir/YIGPIO05.cif,tests/data/experimental/Ritonavir/YIGPIO10.cif,25,0.014636929146945477,0,nan,failed,False
tests/data/experimental/Ritonavir/YIGPIO06.cif,tests/data/experimental/Ritonavir/YIGPIO10.cif,30,0.03550391085445881,0,nan,failed,False
tests/data/experimental/Ritonavir/YIGPIO05.cif,tests/data/experimental/Ritonavir/YIGPIO10.cif,30,0.0154913030564785,0,nan,failed,False
tests/data/experimental/Ritonavir/YIGPIO06.cif,tests/data/experimental/Ritonavir/YIGPIO10.cif,40,0.037982664071023464,0,nan,failed,False
tests/data/experimental/Ritonavir/YIGPIO05.cif,tests/data/experimental/Ritonavir/YIGPIO10.cif,40,0.012881428003311157,0,nan,failed,False
tests/data/experimental/Ritonavir/YIGPIO06.cif,tests/data/experimental/Ritonavir/YIGPIO10.cif,50,0.04478666931390762,0,nan,failed,False
tests/data/experimental/Ritonavir/YIGPIO05.cif,tests/data/experimental/Ritonavir/YIGPIO10.cif,50,0.01517412718385458,0,nan,failed,False
tests/data/experimental/Ritonavir/YIGPIO06.cif,tests/data/experimental/Ritonavir/YIGPIO10.cif,75,0.07602554839104414,0,nan,failed,False
tests/data/experimental/Ritonavir/YIGPIO05.cif,tests/data/experimental/Ritonavir/YIGPIO10.cif,75,0.024848842062056065,0,nan,failed,False
tests/data/experimental/Ritonavir/YIGPIO06.cif,tests/data/experimental/Ritonavir/YIGPIO10.cif,100,0.09779352694749832,0,nan,failed,False
tests/data/experimental/Ritonavir/YIGPIO05.cif,tests/data/experimental/Ritonavir/YIGPIO10.cif,100,0.03039324562996626,0,nan,failed,False
tests/data/experimental/Ritonavir/YIGPIO06.cif,tests/data/experimental/Ritonavir/YIGPIO10.cif,150,0.15861204732209444,0,nan,failed,False
tests/data/experimental/Ritonavir/YIGPIO05.cif,tests/data/experimental/Ritonavir/YIGPIO10.cif,150,0.04540900979191065,0,nan,failed,False
tests/data/csd_families/BAZGOY/BAZGOY01.cif,tests/data/csd_families/BAZGOY/BAZGOY04.cif,1,0.00923201721161604,1,0.02315753236091074,full,True
tests/data/csd_families/BAZGOY/BAZGOY.cif,tests/data/csd_families/BAZGOY/BAZGOY04.cif,1,0.008821388706564903,1,0.022929406154499912,full,True
tests/data/experimental/galunisertib/Galunisertib_FORM_I.cif,tests/data/experimental/galunisertib/Galunisertib_FORM_IX.cif,1,0.004629169590771198,0,nan,failed,False
tests/data/csd_families/BAZGOY/BAZGOY01.cif,tests/data/csd_families/BAZGOY/BAZGOY04.cif,2,0.009254476055502892,2,0.2135862436977683,full,True
tests/data/csd_families/BAZGOY/BAZGOY.cif,tests/data/csd_families/BAZGOY/BAZGOY04.cif,2,0.008938562124967575,2,0.23627019043481165,full,False
tests/data/experimental/galunisertib/Galunisertib_FORM_I.cif,tests/data/experimental/galunisertib/Galunisertib_FORM_IX.cif,2,0.005130937322974205,0,nan,failed,False
tests/data/csd_families/BAZGOY/BAZGOY01.cif,tests/data/csd_families/BAZGOY/BAZGOY04.cif,3,0.009949808940291405,3,0.2261139364426479,full,True
tests/data/csd_families/BAZGOY/BAZGOY.cif,tests/data/csd_families/BAZGOY/BAZGOY04.cif,3,0.009394528344273567,3,0.252639745243594,full,True
tests/data/experimental/galunisertib/Galunisertib_FORM_I.cif,tests/data/experimental/galunisertib/Galunisertib_FORM_IX.cif,3,0.004589688032865524,0,nan,failed,False
tests/data/csd_families/BAZGOY/BAZGOY01.cif,tests/data/csd_families/BAZGOY/BAZGOY04.cif,5,0.010673251003026962,5,0.3575957979739735,full,True
tests/data/csd_families/BAZGOY/BAZGOY.cif,tests/data/csd_families/BAZGOY/BAZGOY04.cif,5,0.011339032091200352,5,0.3707076444907187,full,False
tests/data/experimental/galunisertib/Galunisertib_FORM_I.cif,tests/data/experimental/galunisertib/Galunisertib_FORM_IX.cif,5,0.005248368717730045,0,nan,failed,False
tests/data/csd_families/BAZGOY/BAZGOY01.cif,tests/data/csd_families/BAZGOY/BAZGOY04.cif,8,0.012218878604471684,8,0.42817724768229587,full,True
tests/data/csd_families/BAZGOY/BAZGOY.cif,tests/data/csd_families/BAZGOY/BAZGOY04.cif,8,0.01203941460698843,8,0.4578396075305298,full,True
tests/data/experimental/galunisertib/Galunisertib_FORM_I.cif,tests/data/experimental/galunisertib/Galunisertib_FORM_IX.cif,8,0.004586107097566128,0,nan,failed,False
tests/data/csd_families/BAZGOY/BAZGOY01.cif,tests/data/csd_families/BAZGOY/BAZGOY04.cif,10,0.014101889915764332,10,0.45706505228359456,full,True
tests/data/csd_families/BAZGOY/BAZGOY.cif,tests/data/csd_families/BAZGOY/BAZGOY04.cif,10,0.013426256366074085,10,0.5051250812087709,full,True
tests/data/experimental/galunisertib/Galunisertib_FORM_I.cif,tests/data/experimental/galunisertib/Galunisertib_FORM_IX.cif,10,0.005383921787142754,0,nan,failed,False
tests/data/csd_families/BAZGOY/BAZGOY01.cif,tests/data/csd_families/BAZGOY/BAZGOY04.cif,15,0.01679893396794796,15,0.49498739082141396,full,True
tests/data/csd_families/BAZGOY/BAZGOY.cif,tests/data/csd_families/BAZGOY/BAZGOY04.cif,15,0.016393507830798626,15,0.5596827540578921,full,True
tests/data/experimental/galunisertib/Galunisertib_FORM_I.cif,tests/data/experimental/galunisertib/Galunisertib_FORM_IX.cif,15,0.005588275380432606,0,nan,failed,False
tests/data/csd_families/BAZGOY/BAZGOY01.cif,tests/data/csd_families/BAZGOY/BAZGOY04.cif,20,0.01996436808258295,20,0.5676989756460312,full,True
tests/data/csd_families/BAZGOY/BAZGOY.cif,tests/data/csd_families/BAZGOY/BAZGOY04.cif,20,0.01981260534375906,20,0.64231600155571,full,True
tests/data/experimental/galunisertib/Galunisertib_FORM_I.cif,tests/data/experimental/galunisertib/Galunisertib_FORM_IX.cif,20,0.005931010469794273,0,nan,failed,False
tests/data/csd_families/BAZGOY/BAZGOY01.cif,tests/data/csd_families/BAZGOY/BAZGOY04.cif,25,0.023228143341839314,25,0.6145773929253276,full,True
tests/data/csd_families/BAZGOY/BAZGOY.cif,tests/data/csd_families/BAZGOY/BAZGOY04.cif,25,0.02481126133352518,25,0.6943838073613836,full,True
tests/data/experimental/galunisertib/Galunisertib_FORM_I.cif,tests/data/experimental/galunisertib/Galunisertib_FORM_IX.cif,25,0.00707996916025877,0,nan,failed,False
tests/data/csd_families/BAZGOY/BAZGOY01.cif,tests/data/csd_families/BAZGOY/BAZGOY04.cif,30,0.02721927221864462,30,0.6726890520614951,full,True
tests/data/csd_families/BAZGOY/BAZGOY.cif,tests/data/csd_families/BAZGOY/BAZGOY04.cif,30,0.029958516359329224,29,0.7290253416903336,partial,True
tests/data/experimental/galunisertib/Galunisertib_FORM_I.cif,tests/data/experimental/galunisertib/Galunisertib_FORM_IX.cif,30,0.007491907104849815,0,nan,failed,False
tests/data/csd_families/BAZGOY/BAZGOY01.cif,tests/data/csd_families/BAZGOY/BAZGOY04.cif,40,0.0371602401137352,39,0.7320055926217304,partial,True
tests/data/csd_families/BAZGOY/BAZGOY.cif,tests/data/csd_families/BAZGOY/BAZGOY04.cif,40,0.03954753000289202,31,0.744412468979304,partial,True
tests/data/experimental/galunisertib/Galunisertib_FORM_I.cif,tests/data/experimental/galunisertib/Galunisertib_FORM_IX.cif,40,0.008627166971564293,0,nan,failed,False
tests/data/csd_families/BAZGOY/BAZGOY01.cif,tests/data/csd_families/BAZGOY/BAZGOY04.cif,50,0.05109332501888275,42,0.736075534483393,partial,True
tests/data/csd_families/BAZGOY/BAZGOY.cif,tests/data/csd_families/BAZGOY/BAZGOY04.cif,50,0.04836944956332445,31,0.745574041887305,partial,False
tests/data/experimental/galunisertib/Galunisertib_FORM_I.cif,tests/data/experimental/galunisertib/Galunisertib_FORM_IX.cif,50,0.010475028306245804,0,nan,failed,False
tests/data/csd_families/BAZGOY/BAZGOY01.cif,tests/data/csd_families/BAZGOY/BAZGOY04.cif,75,0.0881020724773407,48,0.7662024015765294,partial,False
tests/data/csd_families/BAZGOY/BAZGOY.cif,tests/data/csd_families/BAZGOY/BAZGOY04.cif,75,0.08753658272325993,32,0.7441807714613786,failed,False
tests/data/experimental/galunisertib/Galunisertib_FORM_I.cif,tests/data/experimental/galunisertib/Galunisertib_FORM_IX.cif,75,0.013478548265993595,0,nan,failed,False
tests/data/csd_families/BAZGOY/BAZGOY01.cif,tests/data/csd_families/BAZGOY/BAZGOY04.cif,100,0.11580041330307722,47,0.7608943079064029,failed,True
tests/data/csd_families/BAZGOY/BAZGOY.cif,tests/data/csd_families/BAZGOY/BAZGOY04.cif,100,0.10928162187337875,32,0.7441807714613786,failed,False
tests/data/experimental/galunisertib/Galunisertib_FORM_I.cif,tests/data/experimental/galunisertib/Galunisertib_FORM_IX.cif,100,0.020426925271749496,0,nan,failed,False
tests/data/csd_families/BAZGOY/BAZGOY01.cif,tests/data/csd_families/BAZGOY/BAZGOY04.cif,150,0.18848227337002754,48,0.7674205015313109,failed,True
tests/data/csd_families/BAZGOY/BAZGOY.cif,tests/data/csd_families/BAZGOY/BAZGOY04.cif,150,0.1886320374906063,32,0.7441807714613786,failed,False
tests/data/experimental/galunisertib/Galunisertib_FORM_I.cif,tests/data/experimental/galunisertib/Galunisertib_FORM_IX.cif,150,0.03280991595238447,0,nan,failed,False
tests/data/csd_families/JEXKUS/JEXKUS.cif,tests/data/csd_families/JEXKUS/JEXKUS03.cif,1,0.004659658297896385,1,0.015856412756088383,full,False
tests/data/csd_families/JEXKUS/JEXKUS.cif,tests/data/csd_families/JEXKUS/JEXKUS03.cif,2,0.004924853332340717,2,0.017077122364707948,full,False
tests/data/csd_families/JEXKUS/JEXKUS.cif,tests/data/csd_families/JEXKUS/JEXKUS03.cif,3,0.0050664059817790985,3,0.017336330600057164,full,False
tests/data/csd_families/JEXKUS/JEXKUS.cif,tests/data/csd_families/JEXKUS/JEXKUS03.cif,5,0.005335149355232716,5,0.028895062451297852,full,False
tests/data/csd_families/JEXKUS/JEXKUS.cif,tests/data/csd_families/JEXKUS/JEXKUS03.cif,8,0.006030063144862652,8,0.03348723965811526,full,False
tests/data/csd_families/JEXKUS/JEXKUS.cif,tests/data/csd_families/JEXKUS/JEXKUS03.cif,10,0.006554760970175266,10,0.03230166850308647,full,False
tests/data/csd_families/JEXKUS/JEXKUS.cif,tests/data/csd_families/JEXKUS/JEXKUS03.cif,15,0.0069476766511797905,15,0.039016976566102556,full,False
tests/data/csd_families/JEXKUS/JEXKUS.cif,tests/data/csd_families/JEXKUS/JEXKUS03.cif,20,0.007790941745042801,20,0.03717638937393326,full,False
tests/data/csd_families/JEXKUS/JEXKUS.cif,tests/data/csd_families/JEXKUS/JEXKUS03.cif,25,0.008944042026996613,25,0.04026716197206992,full,False
tests/data/csd_families/JEXKUS/JEXKUS.cif,tests/data/csd_families/JEXKUS/JEXKUS03.cif,30,0.0105796093121171,30,0.041957347840539005,full,False
tests/data/csd_families/JEXKUS/JEXKUS.cif,tests/data/csd_families/JEXKUS/JEXKUS03.cif,40,0.013079511933028698,40,0.0445458539223443,full,False
tests/data/csd_families/JEXKUS/JEXKUS.cif,tests/data/csd_families/JEXKUS/JEXKUS03.cif,50,0.014630808494985104,50,0.051668500853835585,full,False
tests/data/csd_families/JEXKUS/JEXKUS.cif,tests/data/csd_families/JEXKUS/JEXKUS03.cif,75,0.022472450509667397,75,0.057986898418862294,full,False
tests/data/csd_families/JEXKUS/JEXKUS.cif,tests/data/csd_families/JEXKUS/JEXKUS03.cif,100,0.029540210962295532,100,0.06216311405646502,full,False
tests/data/csd_families/JEXKUS/JEXKUS.cif,tests/data/csd_families/JEXKUS/JEXKUS03.cif,150,0.05175653658807278,150,0.0720538905245961,full,False
tests/data/csd_families/IYEBUJ/IYEBUJ01.cif,tests/data/csd_families/IYEBUJ/IYEBUJ03.cif,1,0.008837319910526276,0,nan,failed,False
tests/data/csd_families/IYEBUJ/IYEBUJ.cif,tests/data/csd_families/IYEBUJ/IYEBUJ01.cif,1,0.008891789242625237,0,nan,failed,False
tests/data/csd_families/IYEBUJ/IYEBUJ01.cif,tests/data/csd_families/IYEBUJ/IYEBUJ03.cif,2,0.008626136928796768,0,nan,failed,False
tests/data/csd_families/IYEBUJ/IYEBUJ.cif,tests/data/csd_families/IYEBUJ/IYEBUJ01.cif,2,0.009124884381890297,0,nan,failed,False
tests/data/csd_families/IYEBUJ/IYEBUJ01.cif,tests/data/csd_families/IYEBUJ/IYEBUJ03.cif,3,0.008846189826726913,0,nan,failed,False
tests/data/csd_families/IYEBUJ/IYEBUJ.cif,tests/data/csd_families/IYEBUJ/IYEBUJ01.cif,3,0.009983799420297146,0,nan,failed,False
tests/data/csd_families/IYEBUJ/IYEBUJ01.cif,tests/data/csd_families/IYEBUJ/IYEBUJ03.cif,5,0.009417380206286907,0,nan,failed,False
tests/data/csd_families/IYEBUJ/IYEBUJ.cif,tests/data/csd_families/IYEBUJ/IYEBUJ01.cif,5,0.009752635844051838,0,nan,failed,False
tests/data/csd_families/IYEBUJ/IYEBUJ01.cif,tests/data/csd_families/IYEBUJ/IYEBUJ03.cif,8,0.009291176684200764,0,nan,failed,False
tests/data/csd_families/IYEBUJ/IYEBUJ.cif,tests/data/csd_families/IYEBUJ/IYEBUJ01.cif,8,0.009639052674174309,0,nan,failed,False
tests/data/csd_families/IYEBUJ/IYEBUJ01.cif,tests/data/csd_families/IYEBUJ/IYEBUJ03.cif,10,0.00986640714108944,0,nan,failed,False
tests/data/csd_families/IYEBUJ/IYEBUJ.cif,tests/data/csd_families/IYEBUJ/IYEBUJ01.cif,10,0.010121311992406845,0,nan,failed,False
tests/data/csd_families/IYEBUJ/IYEBUJ01.cif,tests/data/csd_families/IYEBUJ/IYEBUJ03.cif,15,0.010475627146661282,0,nan,failed,False
tests/data/csd_families/IYEBUJ/IYEBUJ.cif,tests/data/csd_families/IYEBUJ/IYEBUJ01.cif,15,0.010865393094718456,0,nan,failed,False
tests/data/csd_families/IYEBUJ/IYEBUJ01.cif,tests/data/csd_families/IYEBUJ/IYEBUJ03.cif,20,0.011580437421798706,0,nan,failed,False
tests/data/csd_families/IYEBUJ/IYEBUJ.cif,tests/data/csd_families/IYEBUJ/IYEBUJ01.cif,20,0.012491281144320965,0,nan,failed,False
tests/data/csd_families/IYEBUJ/IYEBUJ01.cif,tests/data/csd_families/IYEBUJ/IYEBUJ03.cif,25,0.012623334303498268,0,nan,failed,False
tests/data/csd_families/IYEBUJ/IYEBUJ.cif,tests/data/csd_families/IYEBUJ/IYEBUJ01.cif,25,0.012896808795630932,0,nan,failed,False
tests/data/csd_families/IYEBUJ/IYEBUJ01.cif,tests/data/csd_families/IYEBUJ/IYEBUJ03.cif,30,0.01403430663049221,0,nan,failed,False
tests/data/csd_families/IYEBUJ/IYEBUJ.cif,tests/data/csd_families/IYEBUJ/IYEBUJ01.cif,30,0.01476628053933382,0,nan,failed,False
tests/data/csd_families/IYEBUJ/IYEBUJ01.cif,tests/data/csd_families/IYEBUJ/IYEBUJ03.cif,40,0.017865103669464588,0,nan,failed,False
tests/data/csd_families/IYEBUJ/IYEBUJ.cif,tests/data/csd_families/IYEBUJ/IYEBUJ01.cif,40,0.017073869705200195,0,nan,failed,False
tests/data/csd_families/IYEBUJ/IYEBUJ01.cif,tests/data/csd_families/IYEBUJ/IYEBUJ03.cif,50,0.02061342913657427,0,nan,failed,False
tests/data/csd_families/IYEBUJ/IYEBUJ.cif,tests/data/csd_families/IYEBUJ/IYEBUJ01.cif,50,0.021719548851251602,0,nan,failed,False
tests/data/csd_families/IYEBUJ/IYEBUJ01.cif,tests/data/csd_families/IYEBUJ/IYEBUJ03.cif,75,0.031624975614249706,0,nan,failed,False
tests/data/csd_families/IYEBUJ/IYEBUJ.cif,tests/data/csd_families/IYEBUJ/IYEBUJ01.cif,75,0.032387140206992626,0,nan,failed,False
tests/data/csd_families/IYEBUJ/IYEBUJ01.cif,tests/data/csd_families/IYEBUJ/IYEBUJ03.cif,100,0.04721979983150959,0,nan,failed,False
tests/data/csd_families/IYEBUJ/IYEBUJ.cif,tests/data/csd_families/IYEBUJ/IYEBUJ01.cif,100,0.04738799296319485,0,nan,failed,False
tests/data/csd_families/IYEBUJ/IYEBUJ01.cif,tests/data/csd_families/IYEBUJ/IYEBUJ03.cif,150,0.0887353839352727,0,nan,failed,False
tests/data/csd_families/IYEBUJ/IYEBUJ.cif,tests/data/csd_families/IYEBUJ/IYEBUJ01.cif,150,0.08219885360449553,0,nan,failed,False
tests/data/csd_families/YAKNUU/YAKNUU.cif,tests/data/csd_families/YAKNUU/YAKNUU01.cif,1,0.008398272097110748,0,nan,failed,False
tests/data/csd_families/YAKNUU/YAKNUU01.cif,tests/data/csd_families/YAKNUU/YAKNUU02.cif,1,0.007604578509926796,0,nan,failed,False
tests/data/csd_families/YAKNUU/YAKNUU.cif,tests/data/csd_families/YAKNUU/YAKNUU01.cif,2,0.008103298023343086,0,nan,failed,False
tests/data/csd_families/YAKNUU/YAKNUU01.cif,tests/data/csd_families/YAKNUU/YAKNUU02.cif,2,0.007578837685286999,0,nan,failed,False
tests/data/csd_families/YAKNUU/YAKNUU.cif,tests/data/csd_families/YAKNUU/YAKNUU01.cif,3,0.008173088543117046,0,nan,failed,False
tests/data/csd_families/YAKNUU/YAKNUU01.cif,tests/data/csd_families/YAKNUU/YAKNUU02.cif,3,0.00857157539576292,0,nan,failed,False
tests/data/csd_families/YAKNUU/YAKNUU.cif,tests/data/csd_families/YAKNUU/YAKNUU01.cif,5,0.008684507571160793,0,nan,failed,False
tests/data/csd_families/YAKNUU/YAKNUU01.cif,tests/data/csd_families/YAKNUU/YAKNUU02.cif,5,0.007467756047844887,0,nan,failed,False
tests/data/csd_families/YAKNUU/YAKNUU.cif,tests/data/csd_families/YAKNUU/YAKNUU01.cif,8,0.009544871747493744,0,nan,failed,False
tests/data/csd_families/YAKNUU/YAKNUU01.cif,tests/data/csd_families/YAKNUU/YAKNUU02.cif,8,0.008849840611219406,0,nan,failed,False
tests/data/csd_families/YAKNUU/YAKNUU.cif,tests/data/csd_families/YAKNUU/YAKNUU01.cif,10,0.010684520937502384,0,nan,failed,False
tests/data/csd_families/YAKNUU/YAKNUU01.cif,tests/data/csd_families/YAKNUU/YAKNUU02.cif,10,0.010214902460575104,0,nan,failed,False
tests/data/csd_families/YAKNUU/YAKNUU.cif,tests/data/csd_families/YAKNUU/YAKNUU01.cif,15,0.010609179735183716,0,nan,failed,False
tests/data/csd_families/YAKNUU/YAKNUU01.cif,tests/data/csd_families/YAKNUU/YAKNUU02.cif,15,0.010979045182466507,0,nan,failed,False
tests/data/csd_families/YAKNUU/YAKNUU.cif,tests/data/csd_families/YAKNUU/YAKNUU01.cif,20,0.012212316505610943,0,nan,failed,False
tests/data/csd_families/YAKNUU/YAKNUU01.cif,tests/data/csd_families/YAKNUU/YAKNUU02.cif,20,0.013726302422583103,0,nan,failed,False
tests/data/csd_families/YAKNUU/YAKNUU.cif,tests/data/csd_families/YAKNUU/YAKNUU01.cif,25,0.016144903376698494,0,nan,failed,False
tests/data/csd_families/YAKNUU/YAKNUU01.cif,tests/data/csd_families/YAKNUU/YAKNUU02.cif,25,0.015639265067875385,0,nan,failed,False
tests/data/csd_families/YAKNUU/YAKNUU.cif,tests/data/csd_families/YAKNUU/YAKNUU01.cif,30,0.01620965451002121,0,nan,failed,False
tests/data/csd_families/YAKNUU/YAKNUU01.cif,tests/data/csd_families/YAKNUU/YAKNUU02.cif,30,0.015818128362298012,0,nan,failed,False
tests/data/csd_families/YAKNUU/YAKNUU.cif,tests/data/csd_families/YAKNUU/YAKNUU01.cif,40,0.019806286320090294,0,nan,failed,False
tests/data/csd_families/YAKNUU/YAKNUU01.cif,tests/data/csd_families/YAKNUU/YAKNUU02.cif,40,0.019585023634135723,0,nan,failed,False
tests/data/csd_families/YAKNUU/YAKNUU.cif,tests/data/csd_families/YAKNUU/YAKNUU01.cif,50,0.022171654738485813,0,nan,failed,False
tests/data/csd_families/YAKNUU/YAKNUU01.cif,tests/data/csd_families/YAKNUU/YAKNUU02.cif,50,0.021705087274312973,0,nan,failed,False
tests/data/csd_families/YAKNUU/YAKNUU.cif,tests/data/csd_families/YAKNUU/YAKNUU01.cif,75,0.029808225110173225,0,nan,failed,False
tests/data/csd_families/YAKNUU/YAKNUU01.cif,tests/data/csd_families/YAKNUU/YAKNUU02.cif,75,0.03039606474339962,0,nan,failed,False
tests/data/csd_families/YAKNUU/YAKNUU.cif,tests/data/csd_families/YAKNUU/YAKNUU01.cif,100,0.041599283926188946,0,nan,failed,False
tests/data/csd_families/YAKNUU/YAKNUU01.cif,tests/data/csd_families/YAKNUU/YAKNUU02.cif,100,0.04115620721131563,0,nan,failed,False
tests/data/csd_families/YAKNUU/YAKNUU.cif,tests/data/csd_families/YAKNUU/YAKNUU01.cif,150,0.06702690571546555,0,nan,failed,False
tests/data/csd_families/YAKNUU/YAKNUU01.cif,tests/data/csd_families/YAKNUU/YAKNUU02.cif,150,0.06599537935107946,0,nan,failed,False
tests/data/csd_families/CYOCPD/CYOCPD.cif,tests/data/csd_families/CYOCPD/CYOCPD02.cif,1,0.0034547289833426476,1,0.05717179559069028,full,True
tests/data/csd_families/CYOCPD/CYOCPD.cif,tests/data/csd_families/CYOCPD/CYOCPD03.cif,1,0.0027884570881724358,1,0.061199608121626975,full,True
tests/data/csd_families/ABEKUN/ABEKUN02.cif,tests/data/csd_families/ABEKUN/ABEKUN04.cif,1,0.0044963061809539795,1,0.06399776769494095,full,True
tests/data/csd_families/ABEKUN/ABEKUN.cif,tests/data/csd_families/ABEKUN/ABEKUN02.cif,1,0.0040911901742219925,1,0.06266175208197411,full,False
tests/data/csd_families/CYOCPD/CYOCPD.cif,tests/data/csd_families/CYOCPD/CYOCPD02.cif,2,0.003323526121675968,1,0.05717179559069028,partial,True
tests/data/csd_families/CYOCPD/CYOCPD.cif,tests/data/csd_families/CYOCPD/CYOCPD03.cif,2,0.003732893615961075,1,0.061199608121626975,partial,True
tests/data/csd_families/ABEKUN/ABEKUN02.cif,tests/data/csd_families/ABEKUN/ABEKUN04.cif,2,0.005024724639952183,1,0.06399776769494095,partial,True
tests/data/csd_families/ABEKUN/ABEKUN.cif,tests/data/csd_families/ABEKUN/ABEKUN02.cif,2,0.004709269851446152,1,0.06266175208197411,partial,False
tests/data/csd_families/CYOCPD/CYOCPD.cif,tests/data/csd_families/CYOCPD/CYOCPD02.cif,3,0.003761143423616886,1,0.05717179559069028,failed,True
tests/data/csd_families/CYOCPD/CYOCPD.cif,tests/data/csd_families/CYOCPD/CYOCPD03.cif,3,0.0037607839331030846,1,0.061199608121626975,failed,True
tests/data/csd_families/ABEKUN/ABEKUN02.cif,tests/data/csd_families/ABEKUN/ABEKUN04.cif,3,0.006075463257730007,1,0.06399776769494095,failed,True
tests/data/csd_families/ABEKUN/ABEKUN.cif,tests/data/csd_families/ABEKUN/ABEKUN02.cif,3,0.005223429761826992,1,0.06266175208197411,failed,False
tests/data/csd_families/CYOCPD/CYOCPD.cif,tests/data/csd_families/CYOCPD/CYOCPD02.cif,5,0.004532436840236187,1,0.05717179559069028,failed,True
tests/data/csd_families/CYOCPD/CYOCPD.cif,tests/data/csd_families/CYOCPD/CYOCPD03.cif,5,0.003322605974972248,1,0.061199608121626975,failed,True
tests/data/csd_families/ABEKUN/ABEKUN02.cif,tests/data/csd_families/ABEKUN/ABEKUN04.cif,5,0.006155704148113728,1,0.06399776769494095,failed,True
tests/data/csd_families/ABEKUN/ABEKUN.cif,tests/data/csd_families/ABEKUN/ABEKUN02.cif,5,0.006093553267419338,2,0.35274871402199437,failed,True
tests/data/csd_families/CYOCPD/CYOCPD.cif,tests/data/csd_families/CYOCPD/CYOCPD02.cif,8,0.004445715807378292,1,0.05717179559069028,failed,True
tests/data/csd_families/CYOCPD/CYOCPD.cif,tests/data/csd_families/CYOCPD/CYOCPD03.cif,8,0.0033062761649489403,1,0.061199608121626975,failed,True
tests/data/csd_families/ABEKUN/ABEKUN02.cif,tests/data/csd_families/ABEKUN/ABEKUN04.cif,8,0.006553030572831631,1,0.06399776769494095,failed,True
tests/data/csd_families/ABEKUN/ABEKUN.cif,tests/data/csd_families/ABEKUN/ABEKUN02.cif,8,0.005728906951844692,2,0.35274871402199437,failed,True
tests/data/csd_families/CYOCPD/CYOCPD.cif,tests/data/csd_families/CYOCPD/CYOCPD02.cif,10,0.005090396851301193,1,0.05717179559069028,failed,True
tests/data/csd_families/CYOCPD/CYOCPD.cif,tests/data/csd_families/CYOCPD/CYOCPD03.cif,10,0.0036693327128887177,1,0.061199608121626975,failed,True
tests/data/csd_families/ABEKUN/ABEKUN02.cif,tests/data/csd_families/ABEKUN/ABEKUN04.cif,10,0.007348043844103813,2,0.34779901860878865,failed,False
tests/data/csd_families/ABEKUN/ABEKUN.cif,tests/data/csd_families/ABEKUN/ABEKUN02.cif,10,0.006267336197197437,2,0.35274871402199437,failed,True
tests/data/csd_families/CYOCPD/CYOCPD.cif,tests/data/csd_families/CYOCPD/CYOCPD02.cif,15,0.004643348976969719,1,0.05717179559069028,failed,True
tests/data/csd_families/CYOCPD/CYOCPD.cif,tests/data/csd_families/CYOCPD/CYOCPD03.cif,15,0.0056699663400650024,1,0.061199608121626975,failed,True
tests/data/csd_families/ABEKUN/ABEKUN02.cif,tests/data/csd_families/ABEKUN/ABEKUN04.cif,15,0.008222279138863087,3,0.7195322650196845,failed,True
tests/data/csd_families/ABEKUN/ABEKUN.cif,tests/data/csd_families/ABEKUN/ABEKUN02.cif,15,0.007794082164764404,3,0.7232248279122968,failed,False
tests/data/csd_families/CYOCPD/CYOCPD.cif,tests/data/csd_families/CYOCPD/CYOCPD02.cif,20,0.005331670865416527,1,0.05717179559069028,failed,True
tests/data/csd_families/CYOCPD/CYOCPD.cif,tests/data/csd_families/CYOCPD/CYOCPD03.cif,20,0.004385104402899742,1,0.061199608121626975,failed,True
tests/data/csd_families/ABEKUN/ABEKUN02.cif,tests/data/csd_families/ABEKUN/ABEKUN04.cif,20,0.009448040276765823,3,0.7195322650196845,failed,True
tests/data/csd_families/ABEKUN/ABEKUN.cif,tests/data/csd_families/ABEKUN/ABEKUN02.cif,20,0.010661879554390907,3,0.7232248279122968,failed,False
tests/data/csd_families/CYOCPD/CYOCPD.cif,tests/data/csd_families/CYOCPD/CYOCPD02.cif,25,0.005526515655219555,1,0.05717179559069028,failed,True
tests/data/csd_families/CYOCPD/CYOCPD.cif,tests/data/csd_families/CYOCPD/CYOCPD03.cif,25,0.004914892837405205,1,0.061199608121626975,failed,True
tests/data/csd_families/ABEKUN/ABEKUN02.cif,tests/data/csd_families/ABEKUN/ABEKUN04.cif,25,0.010122771374881268,3,0.7195322650196845,failed,True
tests/data/csd_families/ABEKUN/ABEKUN.cif,tests/data/csd_families/ABEKUN/ABEKUN02.cif,25,0.012885699048638344,4,0.7326288674505376,failed,False
tests/data/csd_families/CYOCPD/CYOCPD.cif,tests/data/csd_families/CYOCPD/CYOCPD02.cif,30,0.00585032906383276,1,0.05717179559069028,failed,True
tests/data/csd_families/CYOCPD/CYOCPD.cif,tests/data/csd_families/CYOCPD/CYOCPD03.cif,30,0.005135697312653065,1,0.061199608121626975,failed,True
tests/data/csd_families/ABEKUN/ABEKUN02.cif,tests/data/csd_families/ABEKUN/ABEKUN04.cif,30,0.011802279390394688,4,0.7305276044131027,failed,True
tests/data/csd_families/ABEKUN/ABEKUN.cif,tests/data/csd_families/ABEKUN/ABEKUN02.cif,30,0.013513348996639252,4,0.7326288674505376,failed,False
tests/data/csd_families/CYOCPD/CYOCPD.cif,tests/data/csd_families/CYOCPD/CYOCPD02.cif,40,0.007938414812088013,1,0.05717179559069028,failed,True
tests/data/csd_families/CYOCPD/CYOCPD.cif,tests/data/csd_families/CYOCPD/CYOCPD03.cif,40,0.00689200684428215,1,0.061199608121626975,failed,True
tests/data/csd_families/ABEKUN/ABEKUN02.cif,tests/data/csd_families/ABEKUN/ABEKUN04.cif,40,0.018887920305132866,4,0.7305276044131027,failed,True
tests/data/csd_families/ABEKUN/ABEKUN.cif,tests/data/csd_families/ABEKUN/ABEKUN02.cif,40,0.018440302461385727,4,0.7326288674505376,failed,False
tests/data/csd_families/CYOCPD/CYOCPD.cif,tests/data/csd_families/CYOCPD/CYOCPD02.cif,50,0.008293580263853073,1,0.05717179559069028,failed,True
tests/data/csd_families/CYOCPD/CYOCPD.cif,tests/data/csd_families/CYOCPD/CYOCPD03.cif,50,0.008910761214792728,1,0.061199608121626975,failed,True
tests/data/csd_families/ABEKUN/ABEKUN02.cif,tests/data/csd_families/ABEKUN/ABEKUN04.cif,50,0.022978318855166435,4,0.7305276044131027,failed,True
tests/data/csd_families/ABEKUN/ABEKUN.cif,tests/data/csd_families/ABEKUN/ABEKUN02.cif,50,0.021831930615007877,4,0.7326288674505376,failed,False
tests/data/csd_families/CYOCPD/CYOCPD.cif,tests/data/csd_families/CYOCPD/CYOCPD02.cif,75,0.012874958105385303,1,0.05717179559069028,failed,True
tests/data/csd_families/CYOCPD/CYOCPD.cif,tests/data/csd_families/CYOCPD/CYOCPD03.cif,75,0.011380483396351337,1,0.061199608121626975,failed,True
tests/data/csd_families/ABEKUN/ABEKUN02.cif,tests/data/csd_families/ABEKUN/ABEKUN04.cif,75,0.039942107163369656,4,0.7305276044131027,failed,True
tests/data/csd_families/ABEKUN/ABEKUN.cif,tests/data/csd_families/ABEKUN/ABEKUN02.cif,75,0.03650008887052536,4,0.7326288674505376,failed,False
tests/data/csd_families/CYOCPD/CYOCPD.cif,tests/data/csd_families/CYOCPD/CYOCPD02.cif,100,0.018886899575591087,3,0.07833485032585265,failed,True
tests/data/csd_families/CYOCPD/CYOCPD.cif,tests/data/csd_families/CYOCPD/CYOCPD03.cif,100,0.01730126328766346,3,0.09999532562012114,failed,True
tests/data/csd_families/ABEKUN/ABEKUN02.cif,tests/data/csd_families/ABEKUN/ABEKUN04.cif,100,0.06568253319710493,4,0.7305276044131027,failed,True
tests/data/csd_families/ABEKUN/ABEKUN.cif,tests/data/csd_families/ABEKUN/ABEKUN02.cif,100,0.0642818883061409,4,0.6747448260335607,failed,False
tests/data/csd_families/CYOCPD/CYOCPD.cif,tests/data/csd_families/CYOCPD/CYOCPD02.cif,150,0.03619649447500706,3,0.07833485032585265,failed,True
tests/data/csd_families/CYOCPD/CYOCPD.cif,tests/data/csd_families/CYOCPD/CYOCPD03.cif,150,0.031679876148700714,3,0.09999532562012114,failed,True
tests/data/csd_families/ABEKUN/ABEKUN02.cif,tests/data/csd_families/ABEKUN/ABEKUN04.cif,150,0.11539756506681442,4,0.4061786457890361,failed,False
tests/data/csd_families/ABEKUN/ABEKUN.cif,tests/data/csd_families/ABEKUN/ABEKUN02.cif,150,0.14334147050976753,4,0.4170890970148002,failed,True
tests/data/csd_families/MPECXP/MPECXP.cif,tests/data/csd_families/MPECXP/MPECXP01.cif,1,0.004679248668253422,1,0.017957541675421573,full,True
tests/data/csd_families/MPECXP/MPECXP.cif,tests/data/csd_families/MPECXP/MPECXP01.cif,2,0.004906603135168552,2,0.020000612812200207,full,True
tests/data/csd_families/MPECXP/MPECXP.cif,tests/data/csd_families/MPECXP/MPECXP01.cif,3,0.005103726871311665,3,0.02151289640801078,full,True
tests/data/csd_families/MPECXP/MPECXP.cif,tests/data/csd_families/MPECXP/MPECXP01.cif,5,0.0053456006571650505,5,0.022767053451337532,full,True
tests/data/csd_families/MPECXP/MPECXP.cif,tests/data/csd_families/MPECXP/MPECXP01.cif,8,0.006133364513516426,8,0.02620791614908322,full,True
tests/data/csd_families/MPECXP/MPECXP.cif,tests/data/csd_families/MPECXP/MPECXP01.cif,10,0.006424959748983383,10,0.027904239405614064,full,True
tests/data/csd_families/MPECXP/MPECXP.cif,tests/data/csd_families/MPECXP/MPECXP01.cif,15,0.0072291819378733635,15,0.030085107653603168,full,True
tests/data/csd_families/MPECXP/MPECXP.cif,tests/data/csd_families/MPECXP/MPECXP01.cif,20,0.008325152099132538,20,0.03233085973671609,full,True
tests/data/csd_families/MPECXP/MPECXP.cif,tests/data/csd_families/MPECXP/MPECXP01.cif,25,0.00936707854270935,25,0.033420873826343414,full,True
tests/data/csd_families/MPECXP/MPECXP.cif,tests/data/csd_families/MPECXP/MPECXP01.cif,30,0.010798671282827854,30,0.03674830730366319,full,True
tests/data/csd_families/MPECXP/MPECXP.cif,tests/data/csd_families/MPECXP/MPECXP01.cif,40,0.013380096293985844,40,0.03693503625856905,full,True
tests/data/csd_families/MPECXP/MPECXP.cif,tests/data/csd_families/MPECXP/MPECXP01.cif,50,0.01552532333880663,50,0.03803756933674568,full,True
tests/data/csd_families/MPECXP/MPECXP.cif,tests/data/csd_families/MPECXP/MPECXP01.cif,75,0.02400857675820589,75,0.041950293911442504,full,True
tests/data/csd_families/MPECXP/MPECXP.cif,tests/data/csd_families/MPECXP/MPECXP01.cif,100,0.03315563127398491,100,0.04501373542394383,full,True
tests/data/csd_families/MPECXP/MPECXP.cif,tests/data/csd_families/MPECXP/MPECXP01.cif,150,0.05718758888542652,150,0.05026383878279196,full,True
tests/data/csd_families/QAPNAZ/QAPNAZ01.cif,tests/data/csd_families/QAPNAZ/QAPNAZ03.cif,1,0.005799148231744766,1,0.018077614038841318,full,True
tests/data/csd_families/AMBNAC/AMBNAC01.cif,tests/data/csd_families/AMBNAC/AMBNAC04.cif,1,0.0061005838215351105,1,0.06473491875830595,full,False
tests/data/csd_families/AMBACO/AMBACO05.cif,tests/data/csd_families/AMBACO/AMBACO06.cif,1,0.003049432300031185,1,0.032502840492303516,full,True
tests/data/csd_families/MATRNO/MATRNO01.cif,tests/data/csd_families/MATRNO/MATRNO02.cif,1,0.004444614984095097,1,0.07263503165233472,full,False
tests/data/csd_families/AMBNAC/AMBNAC04.cif,tests/data/csd_families/AMBNAC/AMBNAC07.cif,1,0.005282750353217125,1,0.0715429652252797,full,True
tests/data/csd_families/QAPNAZ/QAPNAZ01.cif,tests/data/csd_families/QAPNAZ/QAPNAZ03.cif,2,0.006205426529049873,2,0.03553287176184642,full,True
tests/data/csd_families/AMBNAC/AMBNAC01.cif,tests/data/csd_families/AMBNAC/AMBNAC04.cif,2,0.006834924221038818,1,0.06473491875830595,partial,False
tests/data/csd_families/AMBACO/AMBACO05.cif,tests/data/csd_families/AMBACO/AMBACO06.cif,2,0.0031461426988244057,2,0.03819344972439774,full,True
tests/data/csd_families/MATRNO/MATRNO01.cif,tests/data/csd_families/MATRNO/MATRNO02.cif,2,0.004745829850435257,2,0.15323669093602638,full,False
tests/data/csd_families/AMBNAC/AMBNAC04.cif,tests/data/csd_families/AMBNAC/AMBNAC07.cif,2,0.005643045529723167,1,0.0715429652252797,partial,True
tests/data/csd_families/QAPNAZ/QAPNAZ01.cif,tests/data/csd_families/QAPNAZ/QAPNAZ03.cif,3,0.006470809690654278,3,0.0475927644763769,full,True
tests/data/csd_families/AMBNAC/AMBNAC01.cif,tests/data/csd_families/AMBNAC/AMBNAC04.cif,3,0.008115217089653015,1,0.06473491875830595,failed,False
tests/data/csd_families/AMBACO/AMBACO05.cif,tests/data/csd_families/AMBACO/AMBACO06.cif,3,0.0033938372507691383,2,0.03819344972439774,partial,True
tests/data/csd_families/MATRNO/MATRNO01.cif,tests/data/csd_families/MATRNO/MATRNO02.cif,3,0.004922832362353802,2,0.15323669093602638,partial,False
tests/data/csd_families/AMBNAC/AMBNAC04.cif,tests/data/csd_families/AMBNAC/AMBNAC07.cif,3,0.00619878526777029,1,0.0715429652252797,failed,True
tests/data/csd_families/QAPNAZ/QAPNAZ01.cif,tests/data/csd_families/QAPNAZ/QAPNAZ03.cif,5,0.0066858334466814995,5,0.05700672459398279,full,True
tests/data/csd_families/AMBNAC/AMBNAC01.cif,tests/data/csd_families/AMBNAC/AMBNAC04.cif,5,0.009114563465118408,1,0.06473491875830595,failed,False
tests/data/csd_families/AMBACO/AMBACO05.cif,tests/data/csd_families/AMBACO/AMBACO06.cif,5,0.0033271070569753647,3,0.16184872045339638,partial,False
tests/data/csd_families/MATRNO/MATRNO01.cif,tests/data/csd_families/MATRNO/MATRNO02.cif,5,0.005167867988348007,2,0.15323669093602638,failed,False
tests/data/csd_families/AMBNAC/AMBNAC04.cif,tests/data/csd_families/AMBNAC/AMBNAC07.cif,5,0.006524350494146347,1,0.0715429652252797,failed,True
tests/data/csd_families/QAPNAZ/QAPNAZ01.cif,tests/data/csd_families/QAPNAZ/QAPNAZ03.cif,8,0.00872509740293026,8,0.05864684551266186,full,True
tests/data/csd_families/AMBNAC/AMBNAC01.cif,tests/data/csd_families/AMBNAC/AMBNAC04.cif,8,0.00795755535364151,1,0.06473491875830595,failed,False
tests/data/csd_families/AMBACO/AMBACO05.cif,tests/data/csd_families/AMBACO/AMBACO06.cif,8,0.003515549935400486,3,0.16184872045339638,failed,False
tests/data/csd_families/MATRNO/MATRNO01.cif,tests/data/csd_families/MATRNO/MATRNO02.cif,8,0.005452541634440422,3,0.18121848321939965,failed,False
tests/data/csd_families/AMBNAC/AMBNAC04.cif,tests/data/csd_families/AMBNAC/AMBNAC07.cif,8,0.006572210229933262,1,0.0715429652252797,failed,True
tests/data/csd_families/QAPNAZ/QAPNAZ01.cif,tests/data/csd_families/QAPNAZ/QAPNAZ03.cif,10,0.009314557537436485,10,0.055216814550340644,full,True
tests/data/csd_families/AMBNAC/AMBNAC01.cif,tests/data/csd_families/AMBNAC/AMBNAC04.cif,10,0.007905073463916779,1,0.06473491875830595,failed,False
tests/data/csd_families/AMBACO/AMBACO05.cif,tests/data/csd_families/AMBACO/AMBACO06.cif,10,0.0032807262614369392,3,0.16184872045339638,failed,False
tests/data/csd_families/MATRNO/MATRNO01.cif,tests/data/csd_families/MATRNO/MATRNO02.cif,10,0.0054166922345757484,3,0.18121848321939965,failed,False
tests/data/csd_families/AMBNAC/AMBNAC04.cif,tests/data/csd_families/AMBNAC/AMBNAC07.cif,10,0.0066755227744579315,1,0.0715429652252797,failed,True
tests/data/csd_families/QAPNAZ/QAPNAZ01.cif,tests/data/csd_families/QAPNAZ/QAPNAZ03.cif,15,0.01080241333693266,15,0.057754001391135096,full,True
tests/data/csd_families/AMBNAC/AMBNAC01.cif,tests/data/csd_families/AMBNAC/AMBNAC04.cif,15,0.008325901813805103,1,0.06473491875830595,failed,False
tests/data/csd_families/AMBACO/AMBACO05.cif,tests/data/csd_families/AMBACO/AMBACO06.cif,15,0.004060419276356697,5,0.18098354795104238,failed,False
tests/data/csd_families/MATRNO/MATRNO01.cif,tests/data/csd_families/MATRNO/MATRNO02.cif,15,0.0064017279073596,3,0.18121848321939965,failed,False
tests/data/csd_families/AMBNAC/AMBNAC04.cif,tests/data/csd_families/AMBNAC/AMBNAC07.cif,15,0.007967344485223293,1,0.0715429652252797,failed,True
tests/data/csd_families/QAPNAZ/QAPNAZ01.cif,tests/data/csd_families/QAPNAZ/QAPNAZ03.cif,20,0.012937240302562714,20,0.06119160027275439,full,True
tests/data/csd_families/AMBNAC/AMBNAC01.cif,tests/data/csd_families/AMBNAC/AMBNAC04.cif,20,0.009961557574570179,1,0.06473491875830595,failed,False
tests/data/csd_families/AMBACO/AMBACO05.cif,tests/data/csd_families/AMBACO/AMBACO06.cif,20,0.004593757912516594,5,0.18098354795104238,failed,False
tests/data/csd_families/MATRNO/MATRNO01.cif,tests/data/csd_families/MATRNO/MATRNO02.cif,20,0.007245573215186596,3,0.18121848321939965,failed,False
tests/data/csd_families/AMBNAC/AMBNAC04.cif,tests/data/csd_families/AMBNAC/AMBNAC07.cif,20,0.009299138560891151,1,0.0715429652252797,failed,True
tests/data/csd_families/QAPNAZ/QAPNAZ01.cif,tests/data/csd_families/QAPNAZ/QAPNAZ03.cif,25,0.01444370485842228,25,0.0659351251298449,full,True
tests/data/csd_families/AMBNAC/AMBNAC01.cif,tests/data/csd_families/AMBNAC/AMBNAC04.cif,25,0.011246050707995892,1,0.06473491875830595,failed,False
tests/data/csd_families/AMBACO/AMBACO05.cif,tests/data/csd_families/AMBACO/AMBACO06.cif,25,0.004502885974943638,5,0.18098354795104238,failed,False
tests/data/csd_families/MATRNO/MATRNO01.cif,tests/data/csd_families/MATRNO/MATRNO02.cif,25,0.008133837953209877,3,0.18121848321939965,failed,False
tests/data/csd_families/AMBNAC/AMBNAC04.cif,tests/data/csd_families/AMBNAC/AMBNAC07.cif,25,0.010692381300032139,1,0.0715429652252797,failed,True
tests/data/csd_families/QAPNAZ/QAPNAZ01.cif,tests/data/csd_families/QAPNAZ/QAPNAZ03.cif,30,0.01788212452083826,30,0.07145978261518812,full,True
tests/data/csd_families/AMBNAC/AMBNAC01.cif,tests/data/csd_families/AMBNAC/AMBNAC04.cif,30,0.012779765762388706,1,0.06473491875830595,failed,False
tests/data/csd_families/AMBACO/AMBACO05.cif,tests/data/csd_families/AMBACO/AMBACO06.cif,30,0.00528974924236536,6,0.1930833213374645,failed,False
tests/data/csd_families/MATRNO/MATRNO01.cif,tests/data/csd_families/MATRNO/MATRNO02.cif,30,0.0101004708558321,3,0.18121848321939965,failed,False
tests/data/csd_families/AMBNAC/AMBNAC04.cif,tests/data/csd_families/AMBNAC/AMBNAC07.cif,30,0.012046903371810913,1,0.0715429652252797,failed,True
tests/data/csd_families/QAPNAZ/QAPNAZ01.cif,tests/data/csd_families/QAPNAZ/QAPNAZ03.cif,40,0.022381208837032318,40,0.07631222145686062,full,True
tests/data/csd_families/AMBNAC/AMBNAC01.cif,tests/data/csd_families/AMBNAC/AMBNAC04.cif,40,0.016111012548208237,1,0.06473491875830595,failed,False
tests/data/csd_families/AMBACO/AMBACO05.cif,tests/data/csd_families/AMBACO/AMBACO06.cif,40,0.005668396130204201,6,0.1930833213374645,failed,False
tests/data/csd_families/MATRNO/MATRNO01.cif,tests/data/csd_families/MATRNO/MATRNO02.cif,40,0.012098175473511219,5,0.5505821412134578,failed,True
tests/data/csd_families/AMBNAC/AMBNAC04.cif,tests/data/csd_families/AMBNAC/AMBNAC07.cif,40,0.013533229008316994,1,0.0715429652252797,failed,True
tests/data/csd_families/QAPNAZ/QAPNAZ01.cif,tests/data/csd_families/QAPNAZ/QAPNAZ03.cif,50,0.026290745474398136,50,0.08091269966151227,full,True
tests/data/csd_families/AMBNAC/AMBNAC01.cif,tests/data/csd_families/AMBNAC/AMBNAC04.cif,50,0.02106051705777645,1,0.06473491875830595,failed,False
tests/data/csd_families/AMBACO/AMBACO05.cif,tests/data/csd_families/AMBACO/AMBACO06.cif,50,0.006266707554459572,6,0.1930833213374645,failed,False
tests/data/csd_families/MATRNO/MATRNO01.cif,tests/data/csd_families/MATRNO/MATRNO02.cif,50,0.014527305960655212,4,0.45342044185681385,failed,False
tests/data/csd_families/AMBNAC/AMBNAC04.cif,tests/data/csd_families/AMBNAC/AMBNAC07.cif,50,0.019700024276971817,1,0.0715429652252797,failed,True
tests/data/csd_families/QAPNAZ/QAPNAZ01.cif,tests/data/csd_families/QAPNAZ/QAPNAZ03.cif,75,0.04286826588213444,75,0.09037278919206276,full,True
tests/data/csd_families/AMBNAC/AMBNAC01.cif,tests/data/csd_families/AMBNAC/AMBNAC04.cif,75,0.030274412594735622,1,0.06473491875830595,failed,False
tests/data/csd_families/AMBACO/AMBACO05.cif,tests/data/csd_families/AMBACO/AMBACO06.cif,75,0.008821829222142696,9,0.2101690480146799,failed,False
tests/data/csd_families/MATRNO/MATRNO01.cif,tests/data/csd_families/MATRNO/MATRNO02.cif,75,0.029379047453403473,7,0.4983921795805221,failed,False
tests/data/csd_families/AMBNAC/AMBNAC04.cif,tests/data/csd_families/AMBNAC/AMBNAC07.cif,75,0.029132094234228134,3,0.515734724578628,failed,False
tests/data/csd_families/QAPNAZ/QAPNAZ01.cif,tests/data/csd_families/QAPNAZ/QAPNAZ03.cif,100,0.064596195705235,100,0.10139507485173505,full,True
tests/data/csd_families/AMBNAC/AMBNAC01.cif,tests/data/csd_families/AMBNAC/AMBNAC04.cif,100,0.04354141838848591,2,0.733600274628051,failed,True
tests/data/csd_families/AMBACO/AMBACO05.cif,tests/data/csd_families/AMBACO/AMBACO06.cif,100,0.012838577851653099,10,0.22107708922032884,failed,False
tests/data/csd_families/MATRNO/MATRNO01.cif,tests/data/csd_families/MATRNO/MATRNO02.cif,100,0.03659413009881973,5,0.5057249196586607,failed,False
tests/data/csd_families/AMBNAC/AMBNAC04.cif,tests/data/csd_families/AMBNAC/AMBNAC07.cif,100,0.043635400012135506,3,0.515734724578628,failed,False
tests/data/csd_families/QAPNAZ/QAPNAZ01.cif,tests/data/csd_families/QAPNAZ/QAPNAZ03.cif,150,0.11273841001093388,150,0.11199765405144269,full,True
tests/data/csd_families/AMBNAC/AMBNAC01.cif,tests/data/csd_families/AMBNAC/AMBNAC04.cif,150,0.09010503627359867,3,0.7346057346146172,failed,True
tests/data/csd_families/AMBACO/AMBACO05.cif,tests/data/csd_families/AMBACO/AMBACO06.cif,150,0.019621871411800385,10,0.22107708922032884,failed,False
tests/data/csd_families/MATRNO/MATRNO01.cif,tests/data/csd_families/MATRNO/MATRNO02.cif,150,0.08391300309449434,7,0.5893663032658555,failed,False
tests/data/csd_families/AMBNAC/AMBNAC04.cif,tests/data/csd_families/AMBNAC/AMBNAC07.cif,150,0.08077296894043684,3,0.515734724578628,failed,False
tests/data/csd_families/IPTCNI/IPTCNI10.cif,tests/data/csd_families/IPTCNI/IPTCNI13.cif,1,0.016976158134639263,1,0.037362591206251586,full,True
tests/data/csd_families/IPTCNI/IPTCNI10.cif,tests/data/csd_families/IPTCNI/IPTCNI13.cif,2,0.01750178635120392,2,0.5332482874037908,full,True
tests/data/csd_families/IPTCNI/IPTCNI10.cif,tests/data/csd_families/IPTCNI/IPTCNI13.cif,3,0.018788469024002552,3,0.6079819059345271,full,False
tests/data/csd_families/IPTCNI/IPTCNI10.cif,tests/data/csd_families/IPTCNI/IPTCNI13.cif,5,0.02015777211636305,5,0.759342834259844,full,True
tests/data/csd_families/IPTCNI/IPTCNI10.cif,tests/data/csd_families/IPTCNI/IPTCNI13.cif,8,0.021822850219905376,8,0.837522380678894,full,False
tests/data/csd_families/IPTCNI/IPTCNI10.cif,tests/data/csd_families/IPTCNI/IPTCNI13.cif,10,0.02435317263007164,10,0.8389358097972006,full,True
tests/data/csd_families/IPTCNI/IPTCNI10.cif,tests/data/csd_families/IPTCNI/IPTCNI13.cif,15,0.028964821249246597,13,0.7899414261933568,partial,True
tests/data/csd_families/IPTCNI/IPTCNI10.cif,tests/data/csd_families/IPTCNI/IPTCNI13.cif,20,0.034055846743285656,17,0.7529456918289741,partial,False
tests/data/csd_families/IPTCNI/IPTCNI10.cif,tests/data/csd_families/IPTCNI/IPTCNI13.cif,25,0.04204838257282972,23,0.7327780407457845,partial,False
tests/data/csd_families/IPTCNI/IPTCNI10.cif,tests/data/csd_families/IPTCNI/IPTCNI13.cif,30,0.05138950143009424,23,0.7327780407457845,partial,False
tests/data/csd_families/IPTCNI/IPTCNI10.cif,tests/data/csd_families/IPTCNI/IPTCNI13.cif,40,0.05583077576011419,25,0.7422736733480051,partial,False
tests/data/csd_families/IPTCNI/IPTCNI10.cif,tests/data/csd_families/IPTCNI/IPTCNI13.cif,50,0.06313494965434074,28,0.7543856825375953,partial,False
tests/data/csd_families/IPTCNI/IPTCNI10.cif,tests/data/csd_families/IPTCNI/IPTCNI13.cif,75,0.11453269142657518,31,0.7687356497109297,failed,True
tests/data/csd_families/IPTCNI/IPTCNI10.cif,tests/data/csd_families/IPTCNI/IPTCNI13.cif,100,0.1510657500475645,39,0.7487601807559549,failed,True
tests/data/csd_families/IPTCNI/IPTCNI10.cif,tests/data/csd_families/IPTCNI/IPTCNI13.cif,150,0.2670310754328966,53,0.7270219249546112,failed,False
tests/data/csd_families/AQACNI/AQACNI01.cif,tests/data/csd_families/AQACNI/AQACNI02.cif,1,0.005210218019783497,1,0.07058409132848185,full,True
tests/data/csd_families/AQACNI/AQACNI01.cif,tests/data/csd_families/AQACNI/AQACNI02.cif,2,0.005172106437385082,2,0.08224704219933138,full,False
tests/data/csd_families/AQACNI/AQACNI01.cif,tests/data/csd_families/AQACNI/AQACNI02.cif,3,0.005395521409809589,3,0.09281917806477132,full,True
tests/data/csd_families/AQACNI/AQACNI01.cif,tests/data/csd_families/AQACNI/AQACNI02.cif,5,0.0059515610337257385,5,0.11479021035728339,full,False
tests/data/csd_families/AQACNI/AQACNI01.cif,tests/data/csd_families/AQACNI/AQACNI02.cif,8,0.008357991464436054,8,0.13033937344232166,full,True
tests/data/csd_families/AQACNI/AQACNI01.cif,tests/data/csd_families/AQACNI/AQACNI02.cif,10,0.009915768168866634,10,0.1356435654409785,full,True
tests/data/csd_families/AQACNI/AQACNI01.cif,tests/data/csd_families/AQACNI/AQACNI02.cif,15,0.011445123702287674,15,0.5562324423891689,full,False
tests/data/csd_families/AQACNI/AQACNI01.cif,tests/data/csd_families/AQACNI/AQACNI02.cif,20,0.01420695148408413,18,0.16965642922631138,partial,True
tests/data/csd_families/AQACNI/AQACNI01.cif,tests/data/csd_families/AQACNI/AQACNI02.cif,25,0.016522319987416267,19,0.17089272225857532,partial,False
tests/data/csd_families/AQACNI/AQACNI01.cif,tests/data/csd_families/AQACNI/AQACNI02.cif,30,0.018842260353267193,24,0.1779558862946229,partial,True
tests/data/csd_families/AQACNI/AQACNI01.cif,tests/data/csd_families/AQACNI/AQACNI02.cif,40,0.02555021271109581,34,0.5119038763190631,partial,False
tests/data/csd_families/AQACNI/AQACNI01.cif,tests/data/csd_families/AQACNI/AQACNI02.cif,50,0.0320520531386137,38,0.19872972347861959,partial,False
tests/data/csd_families/AQACNI/AQACNI01.cif,tests/data/csd_families/AQACNI/AQACNI02.cif,75,0.048652284778654575,55,0.2046986666237348,partial,True
tests/data/csd_families/AQACNI/AQACNI01.cif,tests/data/csd_families/AQACNI/AQACNI02.cif,100,0.07001529540866613,72,0.22699766008473346,partial,True
tests/data/csd_families/AQACNI/AQACNI01.cif,tests/data/csd_families/AQACNI/AQACNI02.cif,150,0.12694700248539448,103,0.23860162263543608,partial,True
tests/data/csd_families/KIXKAD/KIXKAD.cif,tests/data/csd_families/KIXKAD/KIXKAD03.cif,1,0.005102956667542458,1,0.0037511364147678884,full,False
tests/data/csd_families/LAGHOQ/LAGHOQ02.cif,tests/data/csd_families/LAGHOQ/LAGHOQ03.cif,1,0.005024614743888378,1,0.0037989079787026335,full,False
tests/data/csd_families/KIXKAD/KIXKAD.cif,tests/data/csd_families/KIXKAD/KIXKAD03.cif,2,0.004965505562722683,2,0.004131556799108901,full,False
tests/data/csd_families/LAGHOQ/LAGHOQ02.cif,tests/data/csd_families/LAGHOQ/LAGHOQ03.cif,2,0.00515641737729311,2,0.005338677778390238,full,False
tests/data/csd_families/KIXKAD/KIXKAD.cif,tests/data/csd_families/KIXKAD/KIXKAD03.cif,3,0.004872151650488377,3,0.004394964111838224,full,False
tests/data/csd_families/LAGHOQ/LAGHOQ02.cif,tests/data/csd_families/LAGHOQ/LAGHOQ03.cif,3,0.005869770422577858,3,0.006900393286729536,full,False
tests/data/csd_families/KIXKAD/KIXKAD.cif,tests/data/csd_families/KIXKAD/KIXKAD03.cif,5,0.005147507414221764,5,0.005115500783954836,full,False
tests/data/csd_families/LAGHOQ/LAGHOQ02.cif,tests/data/csd_families/LAGHOQ/LAGHOQ03.cif,5,0.0062020448967814445,5,0.008313983884888791,full,False
tests/data/csd_families/KIXKAD/KIXKAD.cif,tests/data/csd_families/KIXKAD/KIXKAD03.cif,8,0.006170875392854214,8,0.005886400033436982,full,False
tests/data/csd_families/LAGHOQ/LAGHOQ02.cif,tests/data/csd_families/LAGHOQ/LAGHOQ03.cif,8,0.007184331305325031,8,0.008155834500984277,full,False
tests/data/csd_families/KIXKAD/KIXKAD.cif,tests/data/csd_families/KIXKAD/KIXKAD03.cif,10,0.0067178839817643166,10,0.005603010361086576,full,False
tests/data/csd_families/LAGHOQ/LAGHOQ02.cif,tests/data/csd_families/LAGHOQ/LAGHOQ03.cif,10,0.008335710503160954,10,0.008744532331586417,full,False
tests/data/csd_families/KIXKAD/KIXKAD.cif,tests/data/csd_families/KIXKAD/KIXKAD03.cif,15,0.007282973267138004,15,0.005547501404298098,full,False
tests/data/csd_families/LAGHOQ/LAGHOQ02.cif,tests/data/csd_families/LAGHOQ/LAGHOQ03.cif,15,0.010384956374764442,15,0.00885911032124433,full,False
tests/data/csd_families/KIXKAD/KIXKAD.cif,tests/data/csd_families/KIXKAD/KIXKAD03.cif,20,0.008902871049940586,20,0.005594557361100318,full,False
tests/data/csd_families/LAGHOQ/LAGHOQ02.cif,tests/data/csd_families/LAGHOQ/LAGHOQ03.cif,20,0.01373201236128807,20,0.009250752674711926,full,False
tests/data/csd_families/KIXKAD/KIXKAD.cif,tests/data/csd_families/KIXKAD/KIXKAD03.cif,25,0.01054309867322445,25,0.005787166471630691,full,False
tests/data/csd_families/LAGHOQ/LAGHOQ02.cif,tests/data/csd_families/LAGHOQ/LAGHOQ03.cif,25,0.016198103316128254,25,0.009518516018812376,full,False
tests/data/csd_families/KIXKAD/KIXKAD.cif,tests/data/csd_families/KIXKAD/KIXKAD03.cif,30,0.011348413303494453,30,0.006275097994221292,full,False
tests/data/csd_families/LAGHOQ/LAGHOQ02.cif,tests/data/csd_families/LAGHOQ/LAGHOQ03.cif,30,0.01885921973735094,30,0.010054331917155327,full,False
tests/data/csd_families/KIXKAD/KIXKAD.cif,tests/data/csd_families/KIXKAD/KIXKAD03.cif,40,0.013781962916254997,40,0.006438097283055829,full,False
tests/data/csd_families/LAGHOQ/LAGHOQ02.cif,tests/data/csd_families/LAGHOQ/LAGHOQ03.cif,40,0.024697349406778812,40,0.011035679849697777,full,False
tests/data/csd_families/KIXKAD/KIXKAD.cif,tests/data/csd_families/KIXKAD/KIXKAD03.cif,50,0.018123537302017212,50,0.006914564579624366,full,False
tests/data/csd_families/LAGHOQ/LAGHOQ02.cif,tests/data/csd_families/LAGHOQ/LAGHOQ03.cif,50,0.029489640146493912,50,0.011652299286844962,full,False
tests/data/csd_families/KIXKAD/KIXKAD.cif,tests/data/csd_families/KIXKAD/KIXKAD03.cif,75,0.027555507607758045,75,0.007112320817674248,full,False
tests/data/csd_families/LAGHOQ/LAGHOQ02.cif,tests/data/csd_families/LAGHOQ/LAGHOQ03.cif,75,0.04954451974481344,75,0.012792945144855293,full,False
tests/data/csd_families/KIXKAD/KIXKAD.cif,tests/data/csd_families/KIXKAD/KIXKAD03.cif,100,0.04328468441963196,100,0.007688328922514903,full,False
tests/data/csd_families/LAGHOQ/LAGHOQ02.cif,tests/data/csd_families/LAGHOQ/LAGHOQ03.cif,100,0.0722575644031167,100,0.013764315524891402,full,False
tests/data/csd_families/KIXKAD/KIXKAD.cif,tests/data/csd_families/KIXKAD/KIXKAD03.cif,150,0.09029117040336132,150,0.008520471911412078,full,False
tests/data/csd_families/LAGHOQ/LAGHOQ02.cif,tests/data/csd_families/LAGHOQ/LAGHOQ03.cif,150,0.12210516911000013,150,0.015059707091581073,full,False
tests/data/csd_families/ZEYVAA/ZEYVAA02.cif,tests/data/csd_families/ZEYVAA/ZEYVAA10.cif,1,0.0044697243720293045,1,0.013939322750481665,full,True
tests/data/csd_families/HEZQIN/HEZQIN01.cif,tests/data/csd_families/HEZQIN/HEZQIN04.cif,1,0.003937656991183758,0,nan,failed,False
tests/data/csd_families/ZEYVAA/ZEYVAA02.cif,tests/data/csd_families/ZEYVAA/ZEYVAA10.cif,2,0.00431305356323719,2,0.01439441378478143,full,False
tests/data/csd_families/HEZQIN/HEZQIN01.cif,tests/data/csd_families/HEZQIN/HEZQIN04.cif,2,0.0037333928048610687,0,nan,failed,False
tests/data/csd_families/ZEYVAA/ZEYVAA02.cif,tests/data/csd_families/ZEYVAA/ZEYVAA10.cif,3,0.00471092015504837,3,0.014462945689997977,full,True
tests/data/csd_families/HEZQIN/HEZQIN01.cif,tests/data/csd_families/HEZQIN/HEZQIN04.cif,3,0.004186791367828846,0,nan,failed,False
tests/data/csd_families/ZEYVAA/ZEYVAA02.cif,tests/data/csd_families/ZEYVAA/ZEYVAA10.cif,5,0.0055681150406599045,5,0.017740516682653758,full,False
tests/data/csd_families/HEZQIN/HEZQIN01.cif,tests/data/csd_families/HEZQIN/HEZQIN04.cif,5,0.003966347314417362,0,nan,failed,False
tests/data/csd_families/ZEYVAA/ZEYVAA02.cif,tests/data/csd_families/ZEYVAA/ZEYVAA10.cif,8,0.006393797695636749,8,0.017112871167295544,full,True
tests/data/csd_families/HEZQIN/HEZQIN01.cif,tests/data/csd_families/HEZQIN/HEZQIN04.cif,8,0.004246262833476067,0,nan,failed,False
tests/data/csd_families/ZEYVAA/ZEYVAA02.cif,tests/data/csd_families/ZEYVAA/ZEYVAA10.cif,10,0.007299403659999371,10,0.01725144956518332,full,False
tests/data/csd_families/HEZQIN/HEZQIN01.cif,tests/data/csd_families/HEZQIN/HEZQIN04.cif,10,0.0051009561866521835,0,nan,failed,False
tests/data/csd_families/ZEYVAA/ZEYVAA02.cif,tests/data/csd_families/ZEYVAA/ZEYVAA10.cif,15,0.009949898347258568,15,0.017345630301978443,full,True
tests/data/csd_families/HEZQIN/HEZQIN01.cif,tests/data/csd_families/HEZQIN/HEZQIN04.cif,15,0.005520433187484741,0,nan,failed,False
tests/data/csd_families/ZEYVAA/ZEYVAA02.cif,tests/data/csd_families/ZEYVAA/ZEYVAA10.cif,20,0.011246700771152973,20,0.01782770695985446,full,False
tests/data/csd_families/HEZQIN/HEZQIN01.cif,tests/data/csd_families/HEZQIN/HEZQIN04.cif,20,0.005792797543108463,0,nan,failed,False
tests/data/csd_families/ZEYVAA/ZEYVAA02.cif,tests/data/csd_families/ZEYVAA/ZEYVAA10.cif,25,0.013069321401417255,25,0.01783421038130738,full,True
tests/data/csd_families/HEZQIN/HEZQIN01.cif,tests/data/csd_families/HEZQIN/HEZQIN04.cif,25,0.006189264357089996,0,nan,failed,False
tests/data/csd_families/ZEYVAA/ZEYVAA02.cif,tests/data/csd_families/ZEYVAA/ZEYVAA10.cif,30,0.014641718938946724,30,0.01783381301079537,full,False
tests/data/csd_families/HEZQIN/HEZQIN01.cif,tests/data/csd_families/HEZQIN/HEZQIN04.cif,30,0.006777393631637096,0,nan,failed,False
tests/data/csd_families/ZEYVAA/ZEYVAA02.cif,tests/data/csd_families/ZEYVAA/ZEYVAA10.cif,40,0.018234719522297382,40,0.0178907246162909,full,False
tests/data/csd_families/HEZQIN/HEZQIN01.cif,tests/data/csd_families/HEZQIN/HEZQIN04.cif,40,0.007708330638706684,0,nan,failed,False
tests/data/csd_families/ZEYVAA/ZEYVAA02.cif,tests/data/csd_families/ZEYVAA/ZEYVAA10.cif,50,0.021422692574560642,50,0.01788817209690367,full,False
tests/data/csd_families/HEZQIN/HEZQIN01.cif,tests/data/csd_families/HEZQIN/HEZQIN04.cif,50,0.009321298450231552,0,nan,failed,False
tests/data/csd_families/ZEYVAA/ZEYVAA02.cif,tests/data/csd_families/ZEYVAA/ZEYVAA10.cif,75,0.03370096068829298,75,0.017882242916096414,full,True
tests/data/csd_families/HEZQIN/HEZQIN01.cif,tests/data/csd_families/HEZQIN/HEZQIN04.cif,75,0.012741615064442158,0,nan,failed,False
tests/data/csd_families/ZEYVAA/ZEYVAA02.cif,tests/data/csd_families/ZEYVAA/ZEYVAA10.cif,100,0.04626507591456175,100,0.017895406535590273,full,True
tests/data/csd_families/HEZQIN/HEZQIN01.cif,tests/data/csd_families/HEZQIN/HEZQIN04.cif,100,0.017573697492480278,0,nan,failed,False
tests/data/csd_families/ZEYVAA/ZEYVAA02.cif,tests/data/csd_families/ZEYVAA/ZEYVAA10.cif,150,0.0739832641556859,150,0.017894350595733525,full,True
tests/data/csd_families/HEZQIN/HEZQIN01.cif,tests/data/csd_families/HEZQIN/HEZQIN04.cif,150,0.038206277415156364,0,nan,failed,False
tests/data/csd_families/TEYDAC/TEYDAC.cif,tests/data/csd_families/TEYDAC/TEYDAC06.cif,1,0.006666223518550396,1,0.07063859422872143,full,False
tests/data/csd_families/TEYDAC/TEYDAC.cif,tests/data/csd_families/TEYDAC/TEYDAC06.cif,2,0.006695023737847805,1,0.07063859422872143,partial,False
tests/data/csd_families/TEYDAC/TEYDAC.cif,tests/data/csd_families/TEYDAC/TEYDAC06.cif,3,0.00684637576341629,1,0.07063859422872143,failed,False
tests/data/csd_families/TEYDAC/TEYDAC.cif,tests/data/csd_families/TEYDAC/TEYDAC06.cif,5,0.007279123179614544,1,0.07063859422872143,failed,False
tests/data/csd_families/TEYDAC/TEYDAC.cif,tests/data/csd_families/TEYDAC/TEYDAC06.cif,8,0.006790715269744396,3,0.08215831050833611,failed,False
tests/data/csd_families/TEYDAC/TEYDAC.cif,tests/data/csd_families/TEYDAC/TEYDAC06.cif,10,0.007490156218409538,3,0.08215831050833611,failed,False
tests/data/csd_families/TEYDAC/TEYDAC.cif,tests/data/csd_families/TEYDAC/TEYDAC06.cif,15,0.00822144839912653,7,0.08246730285233836,failed,False
tests/data/csd_families/TEYDAC/TEYDAC.cif,tests/data/csd_families/TEYDAC/TEYDAC06.cif,20,0.010125981643795967,9,0.08549802928463905,failed,False
tests/data/csd_families/TEYDAC/TEYDAC.cif,tests/data/csd_families/TEYDAC/TEYDAC06.cif,25,0.010971205309033394,11,0.09647700508058407,failed,False
tests/data/csd_families/TEYDAC/TEYDAC.cif,tests/data/csd_families/TEYDAC/TEYDAC06.cif,30,0.01248716190457344,15,0.09658753141415229,partial,False
tests/data/csd_families/TEYDAC/TEYDAC.cif,tests/data/csd_families/TEYDAC/TEYDAC06.cif,40,0.016500568948686123,20,0.10282352136172343,partial,False
tests/data/csd_families/TEYDAC/TEYDAC.cif,tests/data/csd_families/TEYDAC/TEYDAC06.cif,50,0.022540291771292686,27,0.1015624273324615,partial,False
tests/data/csd_families/TEYDAC/TEYDAC.cif,tests/data/csd_families/TEYDAC/TEYDAC06.cif,75,0.03838606085628271,38,0.11270488495243777,partial,False
tests/data/csd_families/TEYDAC/TEYDAC.cif,tests/data/csd_families/TEYDAC/TEYDAC06.cif,100,0.054280209355056286,47,0.11519030420589127,failed,False
tests/data/csd_families/TEYDAC/TEYDAC.cif,tests/data/csd_families/TEYDAC/TEYDAC06.cif,150,0.1399435419589281,72,0.1317376923958935,failed,False
tests/data/csd_families/BOBVIY/BOBVIY04.cif,tests/data/csd_families/BOBVIY/BOBVIY05.cif,1,0.005721155554056168,1,0.05106067216598377,full,True
tests/data/csd_families/DBEZPO/DBEZPO.cif,tests/data/csd_families/DBEZPO/DBEZPO01.cif,1,0.005269029177725315,1,0.02669134854158313,full,False
tests/data/csd_families/TRIPHE/TRIPHE.cif,tests/data/csd_families/TRIPHE/TRIPHE15.cif,1,0.006562221795320511,1,0.017691595303359044,full,False
tests/data/csd_families/TRIPHE/TRIPHE12.cif,tests/data/csd_families/TRIPHE/TRIPHE13.cif,1,0.006624381989240646,1,0.007947379094384022,full,False
tests/data/experimental/ROY/QAXMEH27.cif,tests/data/experimental/ROY/ROY_Y_ambient.cif,1,0.002441592514514923,1,0.8229213648181634,full,True
tests/data/experimental/ROY/QAXMEH24.cif,tests/data/experimental/ROY/QAXMEH90_O22.cif,1,0.0036547426134347916,1,0.04586858336198836,full,True
tests/data/experimental/ROY/QAXMEH24.cif,tests/data/experimental/ROY/QAXMEH27.cif,1,0.002466002479195595,1,0.15741925598851675,full,False
tests/data/experimental/ROY/QAXMEH90_O22.cif,tests/data/experimental/ROY/mrp180010_fa.cif,1,0.0037043942138552666,1,0.7143083100089126,full,False
tests/data/experimental/ROY/QAXMEH24.cif,tests/data/experimental/ROY/ROY_R05.cif,1,0.004139070399105549,1,0.18879170239229606,full,False
tests/data/experimental/ROY/QAXMEH90_O22.cif,tests/data/experimental/ROY/ROY_PO13.cif,1,0.0019779130816459656,1,0.9631891066392488,full,False
tests/data/experimental/ROY/QAXMEH24.cif,tests/data/experimental/ROY/ROY_PO13.cif,1,0.003512849099934101,1,0.9725608927259188,full,True
tests/data/csd_families/KHMALA/KHMALA.cif,tests/data/csd_families/KHMALA/KHMALA12.cif,1,0.003261716105043888,1,0.007081135565397508,full,False
tests/data/experimental/ROY/QAXMEH27.cif,tests/data/experimental/ROY/ROY_PO13.cif,1,0.0021167155355215073,0,nan,failed,False
tests/data/experimental/ROY/ROY_Y19.cif,tests/data/experimental/ROY/mrp180010_fa.cif,1,0.004588828422129154,1,0.804993291396293,full,True
tests/data/csd_families/BOBVIY/BOBVIY04.cif,tests/data/csd_families/BOBVIY/BOBVIY05.cif,2,0.006569310091435909,2,0.21459288611682012,full,False
tests/data/csd_families/DBEZPO/DBEZPO.cif,tests/data/csd_families/DBEZPO/DBEZPO01.cif,2,0.005343680270016193,2,0.03843197535344555,full,False
tests/data/csd_families/TRIPHE/TRIPHE.cif,tests/data/csd_families/TRIPHE/TRIPHE15.cif,2,0.005471951328217983,2,0.02884108303097822,full,True
tests/data/csd_families/TRIPHE/TRIPHE12.cif,tests/data/csd_families/TRIPHE/TRIPHE13.cif,2,0.005542484112083912,2,0.009815312019791333,full,False
tests/data/experimental/ROY/QAXMEH27.cif,tests/data/experimental/ROY/ROY_Y_ambient.cif,2,0.0027779769152402878,1,0.8229213648181634,partial,True
tests/data/experimental/ROY/QAXMEH24.cif,tests/data/experimental/ROY/QAXMEH90_O22.cif,2,0.003534579649567604,1,0.04586858336198836,partial,True
tests/data/experimental/ROY/QAXMEH24.cif,tests/data/experimental/ROY/QAXMEH27.cif,2,0.003896416164934635,1,0.15741925598851675,partial,False
tests/data/experimental/ROY/QAXMEH90_O22.cif,tests/data/experimental/ROY/mrp180010_fa.cif,2,0.004424075596034527,1,0.7143083100089126,partial,False
tests/data/experimental/ROY/QAXMEH24.cif,tests/data/experimental/ROY/ROY_R05.cif,2,0.004238791763782501,1,0.18879170239229606,partial,False
tests/data/experimental/ROY/QAXMEH90_O22.cif,tests/data/experimental/ROY/ROY_PO13.cif,2,0.002128986641764641,1,0.9631891066392488,partial,False
tests/data/experimental/ROY/QAXMEH24.cif,tests/data/experimental/ROY/ROY_PO13.cif,2,0.0016215881332755089,1,0.9725608927259188,partial,True
tests/data/csd_families/KHMALA/KHMALA.cif,tests/data/csd_families/KHMALA/KHMALA12.cif,2,0.0038504544645547867,2,0.010531188336085481,full,False
tests/data/experimental/ROY/QAXMEH27.cif,tests/data/experimental/ROY/ROY_PO13.cif,2,0.003101872280240059,0,nan,failed,False
tests/data/experimental/ROY/ROY_Y19.cif,tests/data/experimental/ROY/mrp180010_fa.cif,2,0.004691789858043194,1,0.804993291396293,partial,True
tests/data/csd_families/BOBVIY/BOBVIY04.cif,tests/data/csd_families/BOBVIY/BOBVIY05.cif,3,0.00747766625136137,3,0.2072360441743674,full,True
tests/data/csd_families/DBEZPO/DBEZPO.cif,tests/data/csd_families/DBEZPO/DBEZPO01.cif,3,0.0054925233125686646,3,0.04638327376702757,full,False
tests/data/csd_families/TRIPHE/TRIPHE.cif,tests/data/csd_families/TRIPHE/TRIPHE15.cif,3,0.005837498232722282,3,0.03164300218458187,full,True
tests/data/csd_families/TRIPHE/TRIPHE12.cif,tests/data/csd_families/TRIPHE/TRIPHE13.cif,3,0.005901860073208809,3,0.012030797518127016,full,False
tests/data/experimental/ROY/QAXMEH27.cif,tests/data/experimental/ROY/ROY_Y_ambient.cif,3,0.002827698364853859,1,0.8229213648181634,failed,True
tests/data/experimental/ROY/QAXMEH24.cif,tests/data/experimental/ROY/QAXMEH90_O22.cif,3,0.004092119634151459,1,0.04586858336198836,failed,True
tests/data/experimental/ROY/QAXMEH24.cif,tests/data/experimental/ROY/QAXMEH27.cif,3,0.002218227833509445,1,0.15741925598851675,failed,False
tests/data/experimental/ROY/QAXMEH90_O22.cif,tests/data/experimental/ROY/mrp180010_fa.cif,3,0.004691849462687969,1,0.7143083100089126,failed,False
tests/data/experimental/ROY/QAXMEH24.cif,tests/data/experimental/ROY/ROY_R05.cif,3,0.006336516700685024,1,0.18879170239229606,failed,False
tests/data/experimental/ROY/QAXMEH90_O22.cif,tests/data/experimental/ROY/ROY_PO13.cif,3,0.0022916989400982857,1,0.9631891066392488,failed,False
tests/data/experimental/ROY/QAXMEH24.cif,tests/data/experimental/ROY/ROY_PO13.cif,3,0.001734740100800991,1,0.9725608927259188,failed,True
tests/data/csd_families/KHMALA/KHMALA.cif,tests/data/csd_families/KHMALA/KHMALA12.cif,3,0.004771381616592407,3,0.013160924081710108,full,True
tests/data/experimental/ROY/QAXMEH27.cif,tests/data/experimental/ROY/ROY_PO13.cif,3,0.003079412505030632,0,nan,failed,False
tests/data/experimental/ROY/ROY_Y19.cif,tests/data/experimental/ROY/mrp180010_fa.cif,3,0.005143666639924049,1,0.804993291396293,failed,True
tests/data/csd_families/BOBVIY/BOBVIY04.cif,tests/data/csd_families/BOBVIY/BOBVIY05.cif,5,0.007854893803596497,5,0.20368115885949165,full,False
tests/data/csd_families/DBEZPO/DBEZPO.cif,tests/data/csd_families/DBEZPO/DBEZPO01.cif,5,0.006497410126030445,5,0.050469653369379336,full,False
tests/data/csd_families/TRIPHE/TRIPHE.cif,tests/data/csd_families/TRIPHE/TRIPHE15.cif,5,0.006283106282353401,5,0.07156197278932558,full,True
tests/data/csd_families/TRIPHE/TRIPHE12.cif,tests/data/csd_families/TRIPHE/TRIPHE13.cif,5,0.0061119431629776955,5,0.01201987823006523,full,False
tests/data/experimental/ROY/QAXMEH27.cif,tests/data/experimental/ROY/ROY_Y_ambient.cif,5,0.002991100773215294,1,0.8229213648181634,failed,True
tests/data/experimental/ROY/QAXMEH24.cif,tests/data/experimental/ROY/QAXMEH90_O22.cif,5,0.004214291460812092,1,0.04586858336198836,failed,True
tests/data/experimental/ROY/QAXMEH24.cif,tests/data/experimental/ROY/QAXMEH27.cif,5,0.0023058494552969933,1,0.15741925598851675,failed,False
tests/data/experimental/ROY/QAXMEH90_O22.cif,tests/data/experimental/ROY/mrp180010_fa.cif,5,0.00420726090669632,1,0.7143083100089126,failed,False
tests/data/experimental/ROY/QAXMEH24.cif,tests/data/experimental/ROY/ROY_R05.cif,5,0.006212254986166954,1,0.18879170239229606,failed,False
tests/data/experimental/ROY/QAXMEH90_O22.cif,tests/data/experimental/ROY/ROY_PO13.cif,5,0.003201673738658428,1,0.9631891066392488,failed,False
tests/data/experimental/ROY/QAXMEH24.cif,tests/data/experimental/ROY/ROY_PO13.cif,5,0.0018153004348278046,0,nan,failed,False
tests/data/csd_families/KHMALA/KHMALA.cif,tests/data/csd_families/KHMALA/KHMALA12.cif,5,0.004770610481500626,5,0.020908960334290072,full,False
tests/data/experimental/ROY/QAXMEH27.cif,tests/data/experimental/ROY/ROY_PO13.cif,5,0.0024965116754174232,0,nan,failed,False
tests/data/experimental/ROY/ROY_Y19.cif,tests/data/experimental/ROY/mrp180010_fa.cif,5,0.005340340547263622,1,0.804993291396293,failed,True
tests/data/csd_families/BOBVIY/BOBVIY04.cif,tests/data/csd_families/BOBVIY/BOBVIY05.cif,8,0.008273271843791008,8,0.20969757926640956,full,True
tests/data/csd_families/DBEZPO/DBEZPO.cif,tests/data/csd_families/DBEZPO/DBEZPO01.cif,8,0.006711403839290142,8,0.04814011286055967,full,False
tests/data/csd_families/TRIPHE/TRIPHE.cif,tests/data/csd_families/TRIPHE/TRIPHE15.cif,8,0.006331237033009529,8,0.08389143384233302,full,True
tests/data/csd_families/TRIPHE/TRIPHE12.cif,tests/data/csd_families/TRIPHE/TRIPHE13.cif,8,0.006651313044130802,8,0.01209754106247405,full,False
tests/data/experimental/ROY/QAXMEH27.cif,tests/data/experimental/ROY/ROY_Y_ambient.cif,8,0.003236285410821438,1,0.8229213648181634,failed,True
tests/data/experimental/ROY/QAXMEH24.cif,tests/data/experimental/ROY/QAXMEH90_O22.cif,8,0.004206032492220402,1,0.04586858336198836,failed,True
tests/data/experimental/ROY/QAXMEH24.cif,tests/data/experimental/ROY/QAXMEH27.cif,8,0.002372010610997677,1,0.15741925598851675,failed,False
tests/data/experimental/ROY/QAXMEH90_O22.cif,tests/data/experimental/ROY/mrp180010_fa.cif,8,0.004585428163409233,1,0.7143083100089126,failed,False
tests/data/experimental/ROY/QAXMEH24.cif,tests/data/experimental/ROY/ROY_R05.cif,8,0.004463896155357361,1,0.18879170239229606,failed,False
tests/data/experimental/ROY/QAXMEH90_O22.cif,tests/data/experimental/ROY/ROY_PO13.cif,8,0.003404826857149601,1,0.9631891066392488,failed,False
tests/data/experimental/ROY/QAXMEH24.cif,tests/data/experimental/ROY/ROY_PO13.cif,8,0.0038077738136053085,0,nan,failed,False
tests/data/csd_families/KHMALA/KHMALA.cif,tests/data/csd_families/KHMALA/KHMALA12.cif,8,0.005226479843258858,8,0.03269547191046005,full,True
tests/data/experimental/ROY/QAXMEH27.cif,tests/data/experimental/ROY/ROY_PO13.cif,8,0.002669544890522957,0,nan,failed,False
tests/data/experimental/ROY/ROY_Y19.cif,tests/data/experimental/ROY/mrp180010_fa.cif,8,0.005862509831786156,1,0.804993291396293,failed,True
tests/data/csd_families/BOBVIY/BOBVIY04.cif,tests/data/csd_families/BOBVIY/BOBVIY05.cif,10,0.009452670812606812,10,0.24767240682547947,full,True
tests/data/csd_families/DBEZPO/DBEZPO.cif,tests/data/csd_families/DBEZPO/DBEZPO01.cif,10,0.00736580416560173,10,0.0498505017300955,full,False
tests/data/csd_families/TRIPHE/TRIPHE.cif,tests/data/csd_families/TRIPHE/TRIPHE15.cif,10,0.007779681123793125,10,0.08439822736907301,full,True
tests/data/csd_families/TRIPHE/TRIPHE12.cif,tests/data/csd_families/TRIPHE/TRIPHE13.cif,10,0.007819713093340397,10,0.012333613039583283,full,False
tests/data/experimental/ROY/QAXMEH27.cif,tests/data/experimental/ROY/ROY_Y_ambient.cif,10,0.0029128501191735268,1,0.8229213648181634,failed,True
tests/data/experimental/ROY/QAXMEH24.cif,tests/data/experimental/ROY/QAXMEH90_O22.cif,10,0.00415492057800293,1,0.04586858336198836,failed,True
tests/data/experimental/ROY/QAXMEH24.cif,tests/data/experimental/ROY/QAXMEH27.cif,10,0.0026267431676387787,1,0.15741925598851675,failed,False
tests/data/experimental/ROY/QAXMEH90_O22.cif,tests/data/experimental/ROY/mrp180010_fa.cif,10,0.004143930040299892,1,0.7143083100089126,failed,False
tests/data/experimental/ROY/QAXMEH24.cif,tests/data/experimental/ROY/ROY_R05.cif,10,0.004720740020275116,1,0.18879170239229606,failed,False
tests/data/experimental/ROY/QAXMEH90_O22.cif,tests/data/experimental/ROY/ROY_PO13.cif,10,0.0024831723421812057,1,0.9631891066392488,failed,False
tests/data/experimental/ROY/QAXMEH24.cif,tests/data/experimental/ROY/ROY_PO13.cif,10,0.0036409106105566025,0,nan,failed,False
tests/data/csd_families/KHMALA/KHMALA.cif,tests/data/csd_families/KHMALA/KHMALA12.cif,10,0.005729277618229389,10,0.050235279293207584,full,True
tests/data/experimental/ROY/QAXMEH27.cif,tests/data/experimental/ROY/ROY_PO13.cif,10,0.0025045927613973618,0,nan,failed,False
tests/data/experimental/ROY/ROY_Y19.cif,tests/data/experimental/ROY/mrp180010_fa.cif,10,0.005287569016218185,1,0.804993291396293,failed,True
tests/data/csd_families/BOBVIY/BOBVIY04.cif,tests/data/csd_families/BOBVIY/BOBVIY05.cif,15,0.01069594081491232,13,0.2624319051328507,partial,False
tests/data/csd_families/DBEZPO/DBEZPO.cif,tests/data/csd_families/DBEZPO/DBEZPO01.cif,15,0.009416839107871056,15,0.06133361687068906,full,False
tests/data/csd_families/TRIPHE/TRIPHE.cif,tests/data/csd_families/TRIPHE/TRIPHE15.cif,15,0.010038349777460098,15,0.08594432904482081,full,True
tests/data/csd_families/TRIPHE/TRIPHE12.cif,tests/data/csd_families/TRIPHE/TRIPHE13.cif,15,0.009085484780371189,15,0.012619056382331765,full,False
tests/data/experimental/ROY/QAXMEH27.cif,tests/data/experimental/ROY/ROY_Y_ambient.cif,15,0.0031144823879003525,1,0.8229213648181634,failed,True
tests/data/experimental/ROY/QAXMEH24.cif,tests/data/experimental/ROY/QAXMEH90_O22.cif,15,0.004403814673423767,1,0.04586858336198836,failed,True
tests/data/experimental/ROY/QAXMEH24.cif,tests/data/experimental/ROY/QAXMEH27.cif,15,0.004651688039302826,2,0.2656559940878457,failed,False
tests/data/experimental/ROY/QAXMEH90_O22.cif,tests/data/experimental/ROY/mrp180010_fa.cif,15,0.004847872070968151,2,0.9377629695629218,failed,True
tests/data/experimental/ROY/QAXMEH24.cif,tests/data/experimental/ROY/ROY_R05.cif,15,0.004786631092429161,1,0.18879170239229606,failed,False
tests/data/experimental/ROY/QAXMEH90_O22.cif,tests/data/experimental/ROY/ROY_PO13.cif,15,0.00277800764888525,1,0.9631891066392488,failed,False
tests/data/experimental/ROY/QAXMEH24.cif,tests/data/experimental/ROY/ROY_PO13.cif,15,0.002039914019405842,0,nan,failed,False
tests/data/csd_families/KHMALA/KHMALA.cif,tests/data/csd_families/KHMALA/KHMALA12.cif,15,0.007857153192162514,15,0.048940852108369924,full,False
tests/data/experimental/ROY/QAXMEH27.cif,tests/data/experimental/ROY/ROY_PO13.cif,15,0.003601090982556343,0,nan,failed,False
tests/data/experimental/ROY/ROY_Y19.cif,tests/data/experimental/ROY/mrp180010_fa.cif,15,0.006458839401602745,2,0.835309037964252,failed,True
tests/data/csd_families/BOBVIY/BOBVIY04.cif,tests/data/csd_families/BOBVIY/BOBVIY05.cif,20,0.013691172003746033,16,0.2731262504092425,partial,False
tests/data/csd_families/DBEZPO/DBEZPO.cif,tests/data/csd_families/DBEZPO/DBEZPO01.cif,20,0.011118859052658081,20,0.05956887337233238,full,False
tests/data/csd_families/TRIPHE/TRIPHE.cif,tests/data/csd_families/TRIPHE/TRIPHE15.cif,20,0.011770849116146564,20,0.08514657825527511,full,True
tests/data/csd_families/TRIPHE/TRIPHE12.cif,tests/data/csd_families/TRIPHE/TRIPHE13.cif,20,0.010528919287025928,20,0.014302390604646121,full,False
tests/data/experimental/ROY/QAXMEH27.cif,tests/data/experimental/ROY/ROY_Y_ambient.cif,20,0.003066372126340866,1,0.8229213648181634,failed,True
tests/data/experimental/ROY/QAXMEH24.cif,tests/data/experimental/ROY/QAXMEH90_O22.cif,20,0.004653838463127613,1,0.04586858336198836,failed,True
tests/data/experimental/ROY/QAXMEH24.cif,tests/data/experimental/ROY/QAXMEH27.cif,20,0.0028514275327324867,2,0.2656559940878457,failed,False
tests/data/experimental/ROY/QAXMEH90_O22.cif,tests/data/experimental/ROY/mrp180010_fa.cif,20,0.0056868260726332664,1,0.7143083100089126,failed,False
tests/data/experimental/ROY/QAXMEH24.cif,tests/data/experimental/ROY/ROY_R05.cif,20,0.007929054088890553,1,0.18879170239229606,failed,False
tests/data/experimental/ROY/QAXMEH90_O22.cif,tests/data/experimental/ROY/ROY_PO13.cif,20,0.0027759475633502007,1,0.9631891066392488,failed,False
tests/data/experimental/ROY/QAXMEH24.cif,tests/data/experimental/ROY/ROY_PO13.cif,20,0.0022198883816599846,0,nan,failed,False
tests/data/csd_families/KHMALA/KHMALA.cif,tests/data/csd_families/KHMALA/KHMALA12.cif,20,0.010475247167050838,20,0.04932939715161721,full,True
tests/data/experimental/ROY/QAXMEH27.cif,tests/data/experimental/ROY/ROY_PO13.cif,20,0.0036998530849814415,0,nan,failed,False
tests/data/experimental/ROY/ROY_Y19.cif,tests/data/experimental/ROY/mrp180010_fa.cif,20,0.006497509777545929,2,0.835309037964252,failed,True
tests/data/csd_families/BOBVIY/BOBVIY04.cif,tests/data/csd_families/BOBVIY/BOBVIY05.cif,25,0.015263358131051064,17,0.2743961200841302,partial,False
tests/data/csd_families/DBEZPO/DBEZPO.cif,tests/data/csd_families/DBEZPO/DBEZPO01.cif,25,0.011740289628505707,25,0.06198067730307533,full,False
tests/data/csd_families/TRIPHE/TRIPHE.cif,tests/data/csd_families/TRIPHE/TRIPHE15.cif,25,0.013471907936036587,25,0.08160953428592936,full,True
tests/data/csd_families/TRIPHE/TRIPHE12.cif,tests/data/csd_families/TRIPHE/TRIPHE13.cif,25,0.01251230202615261,25,0.015924609458214157,full,False
tests/data/experimental/ROY/QAXMEH27.cif,tests/data/experimental/ROY/ROY_Y_ambient.cif,25,0.0033430065959692,1,0.8229213648181634,failed,True
tests/data/experimental/ROY/QAXMEH24.cif,tests/data/experimental/ROY/QAXMEH90_O22.cif,25,0.005270669236779213,3,0.3043467905069878,failed,True
tests/data/experimental/ROY/QAXMEH24.cif,tests/data/experimental/ROY/QAXMEH27.cif,25,0.0032007237896323204,2,0.2656559940878457,failed,False
tests/data/experimental/ROY/QAXMEH90_O22.cif,tests/data/experimental/ROY/mrp180010_fa.cif,25,0.005637886002659798,1,0.7143083100089126,failed,False
tests/data/experimental/ROY/QAXMEH24.cif,tests/data/experimental/ROY/ROY_R05.cif,25,0.007949435152113438,1,0.18879170239229606,failed,False
tests/data/experimental/ROY/QAXMEH90_O22.cif,tests/data/experimental/ROY/ROY_PO13.cif,25,0.004001897759735584,1,0.9631891066392488,failed,False
tests/data/experimental/ROY/QAXMEH24.cif,tests/data/experimental/ROY/ROY_PO13.cif,25,0.0024335207417607307,0,nan,failed,False
tests/data/csd_families/KHMALA/KHMALA.cif,tests/data/csd_families/KHMALA/KHMALA12.cif,25,0.011141967959702015,25,0.050617603871683715,full,False
tests/data/experimental/ROY/QAXMEH27.cif,tests/data/experimental/ROY/ROY_PO13.cif,25,0.0034487294033169746,0,nan,failed,False
tests/data/experimental/ROY/ROY_Y19.cif,tests/data/experimental/ROY/mrp180010_fa.cif,25,0.0069528184831142426,2,0.835309037964252,failed,True
tests/data/csd_families/BOBVIY/BOBVIY04.cif,tests/data/csd_families/BOBVIY/BOBVIY05.cif,30,0.01883296947926283,20,0.2719834586223112,partial,False
tests/data/csd_families/DBEZPO/DBEZPO.cif,tests/data/csd_families/DBEZPO/DBEZPO01.cif,30,0.015208818018436432,30,0.06661333508596182,full,False
tests/data/csd_families/TRIPHE/TRIPHE.cif,tests/data/csd_families/TRIPHE/TRIPHE15.cif,30,0.017531827092170715,30,0.08733798998306609,full,True
tests/data/csd_families/TRIPHE/TRIPHE12.cif,tests/data/csd_families/TRIPHE/TRIPHE13.cif,30,0.014058869332075119,30,0.01661906862500231,full,False
tests/data/experimental/ROY/QAXMEH27.cif,tests/data/experimental/ROY/ROY_Y_ambient.cif,30,0.0042642224580049515,1,0.8229213648181634,failed,True
tests/data/experimental/ROY/QAXMEH24.cif,tests/data/experimental/ROY/QAXMEH90_O22.cif,30,0.0054538436233997345,3,0.3043467905069878,failed,True
tests/data/experimental/ROY/QAXMEH24.cif,tests/data/experimental/ROY/QAXMEH27.cif,30,0.003429417498409748,2,0.2656559940878457,failed,False
tests/data/experimental/ROY/QAXMEH90_O22.cif,tests/data/experimental/ROY/mrp180010_fa.cif,30,0.006430458277463913,1,0.7143083100089126,failed,False
tests/data/experimental/ROY/QAXMEH24.cif,tests/data/experimental/ROY/ROY_R05.cif,30,0.006802934221923351,1,0.18879170239229606,failed,False
tests/data/experimental/ROY/QAXMEH90_O22.cif,tests/data/experimental/ROY/ROY_PO13.cif,30,0.00472554937005043,1,0.9631891066392488,failed,False
tests/data/experimental/ROY/QAXMEH24.cif,tests/data/experimental/ROY/ROY_PO13.cif,30,0.004619047977030277,0,nan,failed,False
tests/data/csd_families/KHMALA/KHMALA.cif,tests/data/csd_families/KHMALA/KHMALA12.cif,30,0.013720031827688217,30,0.057797372780430775,full,False
tests/data/experimental/ROY/QAXMEH27.cif,tests/data/experimental/ROY/ROY_PO13.cif,30,0.0042874738574028015,0,nan,failed,False
tests/data/experimental/ROY/ROY_Y19.cif,tests/data/experimental/ROY/mrp180010_fa.cif,30,0.008149347268044949,2,0.835309037964252,failed,True
tests/data/csd_families/BOBVIY/BOBVIY04.cif,tests/data/csd_families/BOBVIY/BOBVIY05.cif,40,0.02630581520497799,26,0.27052406017867725,partial,False
tests/data/csd_families/DBEZPO/DBEZPO.cif,tests/data/csd_families/DBEZPO/DBEZPO01.cif,40,0.021250040270388126,40,0.07195146215148673,full,False
tests/data/csd_families/TRIPHE/TRIPHE.cif,tests/data/csd_families/TRIPHE/TRIPHE15.cif,40,0.022894778288900852,40,0.11596322714585638,full,True
tests/data/csd_families/TRIPHE/TRIPHE12.cif,tests/data/csd_families/TRIPHE/TRIPHE13.cif,40,0.019534381106495857,40,0.016750636134308647,full,False
tests/data/experimental/ROY/QAXMEH27.cif,tests/data/experimental/ROY/ROY_Y_ambient.cif,40,0.004629119299352169,1,0.8229213648181634,failed,True
tests/data/experimental/ROY/QAXMEH24.cif,tests/data/experimental/ROY/QAXMEH90_O22.cif,40,0.0072420816868543625,3,0.3043467905069878,failed,True
tests/data/experimental/ROY/QAXMEH24.cif,tests/data/experimental/ROY/QAXMEH27.cif,40,0.005189008079469204,2,0.2656559940878457,failed,False
tests/data/experimental/ROY/QAXMEH90_O22.cif,tests/data/experimental/ROY/mrp180010_fa.cif,40,0.008047256618738174,1,0.7143083100089126,failed,False
tests/data/experimental/ROY/QAXMEH24.cif,tests/data/experimental/ROY/ROY_R05.cif,40,0.00950436107814312,1,0.18879170239229606,failed,False
tests/data/experimental/ROY/QAXMEH90_O22.cif,tests/data/experimental/ROY/ROY_PO13.cif,40,0.004566327668726444,1,0.9631891066392488,failed,False
tests/data/experimental/ROY/QAXMEH24.cif,tests/data/experimental/ROY/ROY_PO13.cif,40,0.007944715209305286,0,nan,failed,False
tests/data/csd_families/KHMALA/KHMALA.cif,tests/data/csd_families/KHMALA/KHMALA12.cif,40,0.017446456477046013,40,0.07004079606091385,full,False
tests/data/experimental/ROY/QAXMEH27.cif,tests/data/experimental/ROY/ROY_PO13.cif,40,0.005028304643929005,0,nan,failed,False
tests/data/experimental/ROY/ROY_Y19.cif,tests/data/experimental/ROY/mrp180010_fa.cif,40,0.009553181938827038,2,0.835309037964252,failed,True
tests/data/csd_families/BOBVIY/BOBVIY04.cif,tests/data/csd_families/BOBVIY/BOBVIY05.cif,50,0.031329670920968056,32,0.2712035551555159,partial,False
tests/data/csd_families/DBEZPO/DBEZPO.cif,tests/data/csd_families/DBEZPO/DBEZPO01.cif,50,0.026632370427250862,50,0.07624014641673237,full,False
tests/data/csd_families/TRIPHE/TRIPHE.cif,tests/data/csd_families/TRIPHE/TRIPHE15.cif,50,0.030984015204012394,50,0.12530637055650845,full,True
tests/data/csd_families/TRIPHE/TRIPHE12.cif,tests/data/csd_families/TRIPHE/TRIPHE13.cif,50,0.02549137268215418,50,0.018023268096526376,full,False
tests/data/experimental/ROY/QAXMEH27.cif,tests/data/experimental/ROY/ROY_Y_ambient.cif,50,0.0054086726158857346,1,0.8229213648181634,failed,True
tests/data/experimental/ROY/QAXMEH24.cif,tests/data/experimental/ROY/QAXMEH90_O22.cif,50,0.007670499384403229,3,0.3043467905069878,failed,True
tests/data/experimental/ROY/QAXMEH24.cif,tests/data/experimental/ROY/QAXMEH27.cif,50,0.008610855787992477,2,0.2656559940878457,failed,False
tests/data/experimental/ROY/QAXMEH90_O22.cif,tests/data/experimental/ROY/mrp180010_fa.cif,50,0.009365948848426342,1,0.7143083100089126,failed,False
tests/data/experimental/ROY/QAXMEH24.cif,tests/data/experimental/ROY/ROY_R05.cif,50,0.010825223289430141,1,0.18879170239229606,failed,False
tests/data/experimental/ROY/QAXMEH90_O22.cif,tests/data/experimental/ROY/ROY_PO13.cif,50,0.005065406672656536,1,0.9631891066392488,failed,False
tests/data/experimental/ROY/QAXMEH24.cif,tests/data/experimental/ROY/ROY_PO13.cif,50,0.004343683831393719,0,nan,failed,False
tests/data/csd_families/KHMALA/KHMALA.cif,tests/data/csd_families/KHMALA/KHMALA12.cif,50,0.020811622962355614,50,0.0765685965809638,full,False
tests/data/experimental/ROY/QAXMEH27.cif,tests/data/experimental/ROY/ROY_PO13.cif,50,0.00679397489875555,0,nan,failed,False
tests/data/experimental/ROY/ROY_Y19.cif,tests/data/experimental/ROY/mrp180010_fa.cif,50,0.011665727011859417,2,0.835309037964252,failed,True
tests/data/csd_families/BOBVIY/BOBVIY04.cif,tests/data/csd_families/BOBVIY/BOBVIY05.cif,75,0.052550360560417175,51,0.2731051198166155,partial,False
tests/data/csd_families/DBEZPO/DBEZPO.cif,tests/data/csd_families/DBEZPO/DBEZPO01.cif,75,0.039620062336325645,75,0.08058668821701764,full,False
tests/data/csd_families/TRIPHE/TRIPHE.cif,tests/data/csd_families/TRIPHE/TRIPHE15.cif,75,0.0479856226593256,75,0.1282023830388162,full,True
tests/data/csd_families/TRIPHE/TRIPHE12.cif,tests/data/csd_families/TRIPHE/TRIPHE13.cif,75,0.03755182772874832,75,0.020133300508298445,full,False
tests/data/experimental/ROY/QAXMEH27.cif,tests/data/experimental/ROY/ROY_Y_ambient.cif,75,0.007608719170093536,1,0.8229213648181634,failed,True
tests/data/experimental/ROY/QAXMEH24.cif,tests/data/experimental/ROY/QAXMEH90_O22.cif,75,0.010862703435122967,3,0.3043467905069878,failed,True
tests/data/experimental/ROY/QAXMEH24.cif,tests/data/experimental/ROY/QAXMEH27.cif,75,0.008875150233507156,2,0.2656559940878457,failed,False
tests/data/experimental/ROY/QAXMEH90_O22.cif,tests/data/experimental/ROY/mrp180010_fa.cif,75,0.016333656385540962,1,0.7143083100089126,failed,False
tests/data/experimental/ROY/QAXMEH24.cif,tests/data/experimental/ROY/ROY_R05.cif,75,0.02145962417125702,1,0.18879170239229606,failed,False
tests/data/experimental/ROY/QAXMEH90_O22.cif,tests/data/experimental/ROY/ROY_PO13.cif,75,0.006877025589346886,1,0.9631891066392488,failed,False
tests/data/experimental/ROY/QAXMEH24.cif,tests/data/experimental/ROY/ROY_PO13.cif,75,0.00657719187438488,0,nan,failed,False
tests/data/csd_families/KHMALA/KHMALA.cif,tests/data/csd_families/KHMALA/KHMALA12.cif,75,0.02973102405667305,75,0.09471562750215008,full,True
tests/data/experimental/ROY/QAXMEH27.cif,tests/data/experimental/ROY/ROY_PO13.cif,75,0.008799400180578232,0,nan,failed,False
tests/data/experimental/ROY/ROY_Y19.cif,tests/data/experimental/ROY/mrp180010_fa.cif,75,0.01707351952791214,2,0.835309037964252,failed,True
tests/data/csd_families/BOBVIY/BOBVIY04.cif,tests/data/csd_families/BOBVIY/BOBVIY05.cif,100,0.09413600619882345,65,0.2884783955102717,partial,False
tests/data/csd_families/DBEZPO/DBEZPO.cif,tests/data/csd_families/DBEZPO/DBEZPO01.cif,100,0.05974849220365286,100,0.0890074266173819,full,False
tests/data/csd_families/TRIPHE/TRIPHE.cif,tests/data/csd_families/TRIPHE/TRIPHE15.cif,100,0.08113817498087883,100,0.14265465611775216,full,True
tests/data/csd_families/TRIPHE/TRIPHE12.cif,tests/data/csd_families/TRIPHE/TRIPHE13.cif,100,0.06063385773450136,100,0.020920033300310305,full,False
tests/data/experimental/ROY/QAXMEH27.cif,tests/data/experimental/ROY/ROY_Y_ambient.cif,100,0.010367926210165024,1,0.8229213648181634,failed,True
tests/data/experimental/ROY/QAXMEH24.cif,tests/data/experimental/ROY/QAXMEH90_O22.cif,100,0.013604511506855488,4,0.34526136654668105,failed,True
tests/data/experimental/ROY/QAXMEH24.cif,tests/data/experimental/ROY/QAXMEH27.cif,100,0.010108881630003452,2,0.2656559940878457,failed,False
tests/data/experimental/ROY/QAXMEH90_O22.cif,tests/data/experimental/ROY/mrp180010_fa.cif,100,0.02280924655497074,1,0.7143083100089126,failed,False
tests/data/experimental/ROY/QAXMEH24.cif,tests/data/experimental/ROY/ROY_R05.cif,100,0.026225815527141094,1,0.18879170239229606,failed,False
tests/data/experimental/ROY/QAXMEH90_O22.cif,tests/data/experimental/ROY/ROY_PO13.cif,100,0.012609094381332397,1,0.9631891066392488,failed,False
tests/data/experimental/ROY/QAXMEH24.cif,tests/data/experimental/ROY/ROY_PO13.cif,100,0.008289619348943233,0,nan,failed,False
tests/data/csd_families/KHMALA/KHMALA.cif,tests/data/csd_families/KHMALA/KHMALA12.cif,100,0.03535726945847273,100,0.0995915869588835,full,False
tests/data/experimental/ROY/QAXMEH27.cif,tests/data/experimental/ROY/ROY_PO13.cif,100,0.01103539764881134,0,nan,failed,False
tests/data/experimental/ROY/ROY_Y19.cif,tests/data/experimental/ROY/mrp180010_fa.cif,100,0.02506971452385187,2,0.835309037964252,failed,True
tests/data/csd_families/BOBVIY/BOBVIY04.cif,tests/data/csd_families/BOBVIY/BOBVIY05.cif,150,0.17650071065872908,108,0.30313080528888436,partial,False
tests/data/csd_families/DBEZPO/DBEZPO.cif,tests/data/csd_families/DBEZPO/DBEZPO01.cif,150,0.10408565495163202,150,0.09805764984692107,full,False
tests/data/csd_families/TRIPHE/TRIPHE.cif,tests/data/csd_families/TRIPHE/TRIPHE15.cif,150,0.14753060042858124,150,0.15955421923601892,full,True
tests/data/csd_families/TRIPHE/TRIPHE12.cif,tests/data/csd_families/TRIPHE/TRIPHE13.cif,150,0.10552196763455868,150,0.023736573729575047,full,False
tests/data/experimental/ROY/QAXMEH27.cif,tests/data/experimental/ROY/ROY_Y_ambient.cif,150,0.020467166788876057,1,0.8229213648181634,failed,True
tests/data/experimental/ROY/QAXMEH24.cif,tests/data/experimental/ROY/QAXMEH90_O22.cif,150,0.02563801407814026,5,0.3874737528280284,failed,True
tests/data/experimental/ROY/QAXMEH24.cif,tests/data/experimental/ROY/QAXMEH27.cif,150,0.02191558014601469,2,0.2656559940878457,failed,False
tests/data/experimental/ROY/QAXMEH90_O22.cif,tests/data/experimental/ROY/mrp180010_fa.cif,150,0.04222578555345535,1,0.7143083100089126,failed,False
tests/data/experimental/ROY/QAXMEH24.cif,tests/data/experimental/ROY/ROY_R05.cif,150,0.049615190364420414,1,0.18879170239229606,failed,False
tests/data/experimental/ROY/QAXMEH90_O22.cif,tests/data/experimental/ROY/ROY_PO13.cif,150,0.02042174618691206,1,0.9631891066392488,failed,False
tests/data/experimental/ROY/QAXMEH24.cif,tests/data/experimental/ROY/ROY_PO13.cif,150,0.021742448210716248,0,nan,failed,False
tests/data/csd_families/KHMALA/KHMALA.cif,tests/data/csd_families/KHMALA/KHMALA12.cif,150,0.08876297529786825,150,0.10924800957311492,full,True
tests/data/experimental/ROY/QAXMEH27.cif,tests/data/experimental/ROY/ROY_PO13.cif,150,0.017219791188836098,0,nan,failed,False
tests/data/experimental/ROY/ROY_Y19.cif,tests/data/experimental/ROY/mrp180010_fa.cif,150,0.054672567173838615,3,0.8101809382017462,failed,True
tests/data/csd_families/TUXFIC/TUXFIC02.cif,tests/data/csd_families/TUXFIC/TUXFIC03.cif,1,0.004217442125082016,1,0.004588812639699714,full,False
tests/data/csd_families/SAQTOT/SAQTOT02.cif,tests/data/csd_families/SAQTOT/SAQTOT03.cif,1,0.0036614425480365753,1,0.008685296348639189,full,True
tests/data/csd_families/SAQTOT/SAQTOT01.cif,tests/data/csd_families/SAQTOT/SAQTOT02.cif,1,0.0034032966941595078,1,0.013971340997499113,full,True
tests/data/csd_families/SAQTOT/SAQTOT02.cif,tests/data/csd_families/SAQTOT/SAQTOT04.cif,1,0.0028046071529388428,1,0.016035903622872823,full,True
tests/data/csd_families/CEWNEZ/CEWNEZ01.cif,tests/data/csd_families/CEWNEZ/CEWNEZ02.cif,1,0.003217514604330063,1,0.18928004938383744,full,False
tests/data/csd_families/CEWNEZ/CEWNEZ.cif,tests/data/csd_families/CEWNEZ/CEWNEZ01.cif,1,0.0033091166988015175,1,0.1794366099634897,full,True
tests/data/csd_families/TUXFIC/TUXFIC02.cif,tests/data/csd_families/TUXFIC/TUXFIC03.cif,2,0.0052542490884661674,2,0.004734867199771652,full,False
tests/data/csd_families/SAQTOT/SAQTOT02.cif,tests/data/csd_families/SAQTOT/SAQTOT03.cif,2,0.004132380709052086,2,0.018943350540939246,full,True
tests/data/csd_families/SAQTOT/SAQTOT01.cif,tests/data/csd_families/SAQTOT/SAQTOT02.cif,2,0.0038367146626114845,2,0.026798351030116633,full,True
tests/data/csd_families/SAQTOT/SAQTOT02.cif,tests/data/csd_families/SAQTOT/SAQTOT04.cif,2,0.0030043115839362144,2,0.030809958941797607,full,True
tests/data/csd_families/CEWNEZ/CEWNEZ01.cif,tests/data/csd_families/CEWNEZ/CEWNEZ02.cif,2,0.003177613951265812,1,0.18928004938383744,partial,False
tests/data/csd_families/CEWNEZ/CEWNEZ.cif,tests/data/csd_families/CEWNEZ/CEWNEZ01.cif,2,0.0030962321907281876,1,0.1794366099634897,partial,True
tests/data/csd_families/TUXFIC/TUXFIC02.cif,tests/data/csd_families/TUXFIC/TUXFIC03.cif,3,0.005291919223964214,3,0.005628180909713933,full,False
tests/data/csd_families/SAQTOT/SAQTOT02.cif,tests/data/csd_families/SAQTOT/SAQTOT03.cif,3,0.004041467793285847,3,0.03200777382111146,full,True
tests/data/csd_families/SAQTOT/SAQTOT01.cif,tests/data/csd_families/SAQTOT/SAQTOT02.cif,3,0.0038633765652775764,3,0.04490627173377363,full,True
tests/data/csd_families/SAQTOT/SAQTOT02.cif,tests/data/csd_families/SAQTOT/SAQTOT04.cif,3,0.004517527297139168,3,0.0548761412659228,full,True
tests/data/csd_families/CEWNEZ/CEWNEZ01.cif,tests/data/csd_families/CEWNEZ/CEWNEZ02.cif,3,0.0035889707505702972,1,0.18928004938383744,failed,False
tests/data/csd_families/CEWNEZ/CEWNEZ.cif,tests/data/csd_families/CEWNEZ/CEWNEZ01.cif,3,0.0031191324815154076,1,0.1794366099634897,failed,True
tests/data/csd_families/TUXFIC/TUXFIC02.cif,tests/data/csd_families/TUXFIC/TUXFIC03.cif,5,0.006337358616292477,5,0.005402009890430804,full,False
tests/data/csd_families/SAQTOT/SAQTOT02.cif,tests/data/csd_families/SAQTOT/SAQTOT03.cif,5,0.0044123344123363495,5,0.030622076055308232,full,True
tests/data/csd_families/SAQTOT/SAQTOT01.cif,tests/data/csd_families/SAQTOT/SAQTOT02.cif,5,0.004835131578147411,5,0.04352687863239272,full,True
tests/data/csd_families/SAQTOT/SAQTOT02.cif,tests/data/csd_families/SAQTOT/SAQTOT04.cif,5,0.00426128227263689,5,0.05297344265929874,full,True
tests/data/csd_families/CEWNEZ/CEWNEZ01.cif,tests/data/csd_families/CEWNEZ/CEWNEZ02.cif,5,0.003502138890326023,1,0.18928004938383744,failed,False
tests/data/csd_families/CEWNEZ/CEWNEZ.cif,tests/data/csd_families/CEWNEZ/CEWNEZ01.cif,5,0.0033040158450603485,1,0.1794366099634897,failed,True
tests/data/csd_families/TUXFIC/TUXFIC02.cif,tests/data/csd_families/TUXFIC/TUXFIC03.cif,8,0.008446833118796349,8,0.0062944273247243,full,False
tests/data/csd_families/SAQTOT/SAQTOT02.cif,tests/data/csd_families/SAQTOT/SAQTOT03.cif,8,0.005511634051799774,8,0.03227053461989006,full,True
tests/data/csd_families/SAQTOT/SAQTOT01.cif,tests/data/csd_families/SAQTOT/SAQTOT02.cif,8,0.005085035227239132,8,0.04630514571344151,full,True
tests/data/csd_families/SAQTOT/SAQTOT02.cif,tests/data/csd_families/SAQTOT/SAQTOT04.cif,8,0.004350453615188599,8,0.05679041221533158,full,True
tests/data/csd_families/CEWNEZ/CEWNEZ01.cif,tests/data/csd_families/CEWNEZ/CEWNEZ02.cif,8,0.003614431247115135,1,0.18928004938383744,failed,False
tests/data/csd_families/CEWNEZ/CEWNEZ.cif,tests/data/csd_families/CEWNEZ/CEWNEZ01.cif,8,0.0031746840104460716,1,0.1794366099634897,failed,True
tests/data/csd_families/TUXFIC/TUXFIC02.cif,tests/data/csd_families/TUXFIC/TUXFIC03.cif,10,0.009283558465540409,10,0.00628890272670196,full,False
tests/data/csd_families/SAQTOT/SAQTOT02.cif,tests/data/csd_families/SAQTOT/SAQTOT03.cif,10,0.0057313768193125725,10,0.0354853718744076,full,True
tests/data/csd_families/SAQTOT/SAQTOT01.cif,tests/data/csd_families/SAQTOT/SAQTOT02.cif,10,0.005359111353754997,10,0.049262374955048246,full,True
tests/data/csd_families/SAQTOT/SAQTOT02.cif,tests/data/csd_families/SAQTOT/SAQTOT04.cif,10,0.004597477614879608,10,0.0626347278148491,full,True
tests/data/csd_families/CEWNEZ/CEWNEZ01.cif,tests/data/csd_families/CEWNEZ/CEWNEZ02.cif,10,0.0037582041695713997,1,0.18928004938383744,failed,False
tests/data/csd_families/CEWNEZ/CEWNEZ.cif,tests/data/csd_families/CEWNEZ/CEWNEZ01.cif,10,0.0036248406395316124,1,0.1794366099634897,failed,True
tests/data/csd_families/TUXFIC/TUXFIC02.cif,tests/data/csd_families/TUXFIC/TUXFIC03.cif,15,0.011638226918876171,15,0.0067096228370108705,full,False
tests/data/csd_families/SAQTOT/SAQTOT02.cif,tests/data/csd_families/SAQTOT/SAQTOT03.cif,15,0.006028102710843086,15,0.03689920171291831,full,True
tests/data/csd_families/SAQTOT/SAQTOT01.cif,tests/data/csd_families/SAQTOT/SAQTOT02.cif,15,0.006050922907888889,15,0.05350322660285347,full,True
tests/data/csd_families/SAQTOT/SAQTOT02.cif,tests/data/csd_families/SAQTOT/SAQTOT04.cif,15,0.005209348164498806,15,0.06585492628155548,full,True
tests/data/csd_families/CEWNEZ/CEWNEZ01.cif,tests/data/csd_families/CEWNEZ/CEWNEZ02.cif,15,0.00380900502204895,1,0.18928004938383744,failed,False
tests/data/csd_families/CEWNEZ/CEWNEZ.cif,tests/data/csd_families/CEWNEZ/CEWNEZ01.cif,15,0.003506588749587536,1,0.1794366099634897,failed,True
tests/data/csd_families/TUXFIC/TUXFIC02.cif,tests/data/csd_families/TUXFIC/TUXFIC03.cif,20,0.013936186209321022,20,0.006741574616476972,full,False
tests/data/csd_families/SAQTOT/SAQTOT02.cif,tests/data/csd_families/SAQTOT/SAQTOT03.cif,20,0.007691051810979843,20,0.043830400152476745,full,True
tests/data/csd_families/SAQTOT/SAQTOT01.cif,tests/data/csd_families/SAQTOT/SAQTOT02.cif,20,0.007378244772553444,20,0.06165798666943919,full,True
tests/data/csd_families/SAQTOT/SAQTOT02.cif,tests/data/csd_families/SAQTOT/SAQTOT04.cif,20,0.007381635718047619,20,0.0770328061754862,full,True
tests/data/csd_families/CEWNEZ/CEWNEZ01.cif,tests/data/csd_families/CEWNEZ/CEWNEZ02.cif,20,0.003942746669054031,1,0.18928004938383744,failed,False
tests/data/csd_families/CEWNEZ/CEWNEZ.cif,tests/data/csd_families/CEWNEZ/CEWNEZ01.cif,20,0.003733833320438862,1,0.1794366099634897,failed,True
tests/data/csd_families/TUXFIC/TUXFIC02.cif,tests/data/csd_families/TUXFIC/TUXFIC03.cif,25,0.015016324818134308,25,0.006747689386995974,full,False
tests/data/csd_families/SAQTOT/SAQTOT02.cif,tests/data/csd_families/SAQTOT/SAQTOT03.cif,25,0.007819682359695435,25,0.0496358601250974,full,True
tests/data/csd_families/SAQTOT/SAQTOT01.cif,tests/data/csd_families/SAQTOT/SAQTOT02.cif,25,0.0077271005138754845,25,0.0683968436403873,full,True
tests/data/csd_families/SAQTOT/SAQTOT02.cif,tests/data/csd_families/SAQTOT/SAQTOT04.cif,25,0.00737906526774168,25,0.08715127966290714,full,True
tests/data/csd_families/CEWNEZ/CEWNEZ01.cif,tests/data/csd_families/CEWNEZ/CEWNEZ02.cif,25,0.004198730923235416,1,0.18928004938383744,failed,False
tests/data/csd_families/CEWNEZ/CEWNEZ.cif,tests/data/csd_families/CEWNEZ/CEWNEZ01.cif,25,0.004175061360001564,1,0.1794366099634897,failed,True
tests/data/csd_families/TUXFIC/TUXFIC02.cif,tests/data/csd_families/TUXFIC/TUXFIC03.cif,30,0.017283032648265362,30,0.006818654757192562,full,False
tests/data/csd_families/SAQTOT/SAQTOT02.cif,tests/data/csd_families/SAQTOT/SAQTOT03.cif,30,0.010377855040133,30,0.0534820372916228,full,True
tests/data/csd_families/SAQTOT/SAQTOT01.cif,tests/data/csd_families/SAQTOT/SAQTOT02.cif,30,0.009876446798443794,30,0.07302046093146501,full,True
tests/data/csd_families/SAQTOT/SAQTOT02.cif,tests/data/csd_families/SAQTOT/SAQTOT04.cif,30,0.009047194384038448,30,0.09370250545687545,full,True
tests/data/csd_families/CEWNEZ/CEWNEZ01.cif,tests/data/csd_families/CEWNEZ/CEWNEZ02.cif,30,0.0050150249153375626,1,0.18928004938383744,failed,False
tests/data/csd_families/CEWNEZ/CEWNEZ.cif,tests/data/csd_families/CEWNEZ/CEWNEZ01.cif,30,0.004823391325771809,1,0.1794366099634897,failed,True
tests/data/csd_families/TUXFIC/TUXFIC02.cif,tests/data/csd_families/TUXFIC/TUXFIC03.cif,40,0.023444737307727337,40,0.007396921908808877,full,False
tests/data/csd_families/SAQTOT/SAQTOT02.cif,tests/data/csd_families/SAQTOT/SAQTOT03.cif,40,0.011644937098026276,40,0.059360460062266814,full,True
tests/data/csd_families/SAQTOT/SAQTOT01.cif,tests/data/csd_families/SAQTOT/SAQTOT02.cif,40,0.01130733173340559,40,0.08106516154235899,full,True
tests/data/csd_families/SAQTOT/SAQTOT02.cif,tests/data/csd_families/SAQTOT/SAQTOT04.cif,40,0.010371166281402111,40,0.10418579996417496,full,True
tests/data/csd_families/CEWNEZ/CEWNEZ01.cif,tests/data/csd_families/CEWNEZ/CEWNEZ02.cif,40,0.005723986774682999,1,0.18928004938383744,failed,False
tests/data/csd_families/CEWNEZ/CEWNEZ.cif,tests/data/csd_families/CEWNEZ/CEWNEZ01.cif,40,0.005645975470542908,1,0.1794366099634897,failed,True
tests/data/csd_families/TUXFIC/TUXFIC02.cif,tests/data/csd_families/TUXFIC/TUXFIC03.cif,50,0.029050021432340145,50,0.007636865965998634,full,False
tests/data/csd_families/SAQTOT/SAQTOT02.cif,tests/data/csd_families/SAQTOT/SAQTOT03.cif,50,0.013041451573371887,50,0.06644806993155841,full,True
tests/data/csd_families/SAQTOT/SAQTOT01.cif,tests/data/csd_families/SAQTOT/SAQTOT02.cif,50,0.013003240339457989,50,0.08969710202463413,full,True
tests/data/csd_families/SAQTOT/SAQTOT02.cif,tests/data/csd_families/SAQTOT/SAQTOT04.cif,50,0.011706788092851639,50,0.1165300086719236,full,True
tests/data/csd_families/CEWNEZ/CEWNEZ01.cif,tests/data/csd_families/CEWNEZ/CEWNEZ02.cif,50,0.007047799415886402,1,0.18928004938383744,failed,False
tests/data/csd_families/CEWNEZ/CEWNEZ.cif,tests/data/csd_families/CEWNEZ/CEWNEZ01.cif,50,0.005956452339887619,1,0.1794366099634897,failed,True
tests/data/csd_families/TUXFIC/TUXFIC02.cif,tests/data/csd_families/TUXFIC/TUXFIC03.cif,75,0.04770162794739008,75,0.00804046690157474,full,False
tests/data/csd_families/SAQTOT/SAQTOT02.cif,tests/data/csd_families/SAQTOT/SAQTOT03.cif,75,0.023715692572295666,75,0.07528366950440746,full,True
tests/data/csd_families/SAQTOT/SAQTOT01.cif,tests/data/csd_families/SAQTOT/SAQTOT02.cif,75,0.023139161989092827,75,0.10189948771448414,full,True
tests/data/csd_families/SAQTOT/SAQTOT02.cif,tests/data/csd_families/SAQTOT/SAQTOT04.cif,75,0.023358596488833427,75,0.131863517498771,full,True
tests/data/csd_families/CEWNEZ/CEWNEZ01.cif,tests/data/csd_families/CEWNEZ/CEWNEZ02.cif,75,0.00902149174362421,1,0.18928004938383744,failed,False
tests/data/csd_families/CEWNEZ/CEWNEZ.cif,tests/data/csd_families/CEWNEZ/CEWNEZ01.cif,75,0.008750448003411293,1,0.1794366099634897,failed,True
tests/data/csd_families/TUXFIC/TUXFIC02.cif,tests/data/csd_families/TUXFIC/TUXFIC03.cif,100,0.07182564679533243,100,0.008608808175595563,full,False
tests/data/csd_families/SAQTOT/SAQTOT02.cif,tests/data/csd_families/SAQTOT/SAQTOT03.cif,100,0.029895296320319176,100,0.08552121428944752,full,True
tests/data/csd_families/SAQTOT/SAQTOT01.cif,tests/data/csd_families/SAQTOT/SAQTOT02.cif,100,0.030589918605983257,100,0.11508435248589151,full,True
tests/data/csd_families/SAQTOT/SAQTOT02.cif,tests/data/csd_families/SAQTOT/SAQTOT04.cif,100,0.029118084348738194,100,0.1496216228629486,full,True
tests/data/csd_families/CEWNEZ/CEWNEZ01.cif,tests/data/csd_families/CEWNEZ/CEWNEZ02.cif,100,0.013103622011840343,1,0.18928004938383744,failed,False
tests/data/csd_families/CEWNEZ/CEWNEZ.cif,tests/data/csd_families/CEWNEZ/CEWNEZ01.cif,100,0.012057913467288017,1,0.1794366099634897,failed,True
tests/data/csd_families/TUXFIC/TUXFIC02.cif,tests/data/csd_families/TUXFIC/TUXFIC03.cif,150,0.12238776497542858,150,0.009238453458114646,full,False
tests/data/csd_families/SAQTOT/SAQTOT02.cif,tests/data/csd_families/SAQTOT/SAQTOT03.cif,150,0.055760095827281475,150,0.09802282975923118,full,True
tests/data/csd_families/SAQTOT/SAQTOT01.cif,tests/data/csd_families/SAQTOT/SAQTOT02.cif,150,0.05104471556842327,150,0.1338470853165356,full,True
tests/data/csd_families/SAQTOT/SAQTOT02.cif,tests/data/csd_families/SAQTOT/SAQTOT04.cif,150,0.050741069950163364,150,0.1714174175167314,full,True
tests/data/csd_families/CEWNEZ/CEWNEZ01.cif,tests/data/csd_families/CEWNEZ/CEWNEZ02.cif,150,0.020348714664578438,1,0.18928004938383744,failed,False
tests/data/csd_families/CEWNEZ/CEWNEZ.cif,tests/data/csd_families/CEWNEZ/CEWNEZ01.cif,150,0.01967504248023033,1,0.1794366099634897,failed,True
tests/data/csd_families/ECUTUR/ECUTUR01.cif,tests/data/csd_families/ECUTUR/ECUTUR02.cif,1,0.004441085271537304,1,0.031051355732359766,full,False
tests/data/csd_families/HEWRAD/HEWRAD.cif,tests/data/csd_families/HEWRAD/HEWRAD03.cif,1,0.004054558463394642,1,0.0030291488118223335,full,False
tests/data/csd_families/ECUTUR/ECUTUR.cif,tests/data/csd_families/ECUTUR/ECUTUR03.cif,1,0.004290692508220673,1,0.02087533878608334,full,False
tests/data/csd_families/IFUXEN/IFUXEN02.cif,tests/data/csd_families/IFUXEN/IFUXEN03.cif,1,0.003126213327050209,1,0.4234460545041538,full,True
tests/data/csd_families/IFUXEN/IFUXEN.cif,tests/data/csd_families/IFUXEN/IFUXEN03.cif,1,0.0029147304594516754,1,0.4924846002016186,full,False
tests/data/csd_families/ECUTUR/ECUTUR01.cif,tests/data/csd_families/ECUTUR/ECUTUR02.cif,2,0.004812860861420631,2,0.3336979712727003,full,True
tests/data/csd_families/HEWRAD/HEWRAD.cif,tests/data/csd_families/HEWRAD/HEWRAD03.cif,2,0.0046616289764642715,2,0.004851538525704436,full,True
tests/data/csd_families/ECUTUR/ECUTUR.cif,tests/data/csd_families/ECUTUR/ECUTUR03.cif,2,0.0046765487641096115,2,0.03083603492568833,full,True
tests/data/csd_families/IFUXEN/IFUXEN02.cif,tests/data/csd_families/IFUXEN/IFUXEN03.cif,2,0.003533249720931053,1,0.4234460545041538,partial,True
tests/data/csd_families/IFUXEN/IFUXEN.cif,tests/data/csd_families/IFUXEN/IFUXEN03.cif,2,0.003188343718647957,1,0.4924846002016186,partial,False
tests/data/csd_families/ECUTUR/ECUTUR01.cif,tests/data/csd_families/ECUTUR/ECUTUR02.cif,3,0.005183967761695385,3,0.541871677794356,full,False
tests/data/csd_families/HEWRAD/HEWRAD.cif,tests/data/csd_families/HEWRAD/HEWRAD03.cif,3,0.004811831749975681,3,0.006777369493882168,full,True
tests/data/csd_families/ECUTUR/ECUTUR.cif,tests/data/csd_families/ECUTUR/ECUTUR03.cif,3,0.004965753294527531,3,0.039689153442951944,full,False
tests/data/csd_families/IFUXEN/IFUXEN02.cif,tests/data/csd_families/IFUXEN/IFUXEN03.cif,3,0.0036265822127461433,1,0.4234460545041538,failed,True
tests/data/csd_families/IFUXEN/IFUXEN.cif,tests/data/csd_families/IFUXEN/IFUXEN03.cif,3,0.003225424326956272,1,0.4924846002016186,failed,False
tests/data/csd_families/ECUTUR/ECUTUR01.cif,tests/data/csd_families/ECUTUR/ECUTUR02.cif,5,0.0058662183582782745,5,0.5489127246794979,full,False
tests/data/csd_families/HEWRAD/HEWRAD.cif,tests/data/csd_families/HEWRAD/HEWRAD03.cif,5,0.005021196790039539,5,0.00597446652178399,full,True
tests/data/csd_families/ECUTUR/ECUTUR.cif,tests/data/csd_families/ECUTUR/ECUTUR03.cif,5,0.00565570592880249,5,0.037795170118697756,full,True
tests/data/csd_families/IFUXEN/IFUXEN02.cif,tests/data/csd_families/IFUXEN/IFUXEN03.cif,5,0.0033385353162884712,1,0.4234460545041538,failed,True
tests/data/csd_families/IFUXEN/IFUXEN.cif,tests/data/csd_families/IFUXEN/IFUXEN03.cif,5,0.0031184833496809006,1,0.4924846002016186,failed,False
tests/data/csd_families/ECUTUR/ECUTUR01.cif,tests/data/csd_families/ECUTUR/ECUTUR02.cif,8,0.0072571029886603355,8,0.5108911756460731,full,False
tests/data/csd_families/HEWRAD/HEWRAD.cif,tests/data/csd_families/HEWRAD/HEWRAD03.cif,8,0.00610040407627821,8,0.00697440000914199,full,False
tests/data/csd_families/ECUTUR/ECUTUR.cif,tests/data/csd_families/ECUTUR/ECUTUR03.cif,8,0.007002967409789562,8,0.041410857953589036,full,False
tests/data/csd_families/IFUXEN/IFUXEN02.cif,tests/data/csd_families/IFUXEN/IFUXEN03.cif,8,0.00382885430008173,1,0.4234460545041538,failed,True
tests/data/csd_families/IFUXEN/IFUXEN.cif,tests/data/csd_families/IFUXEN/IFUXEN03.cif,8,0.004032517783343792,1,0.4924846002016186,failed,False
tests/data/csd_families/ECUTUR/ECUTUR01.cif,tests/data/csd_families/ECUTUR/ECUTUR02.cif,10,0.007735862396657467,10,0.5122474424314479,full,False
tests/data/csd_families/HEWRAD/HEWRAD.cif,tests/data/csd_families/HEWRAD/HEWRAD03.cif,10,0.0061500342562794685,10,0.008419227002400912,full,False
tests/data/csd_families/ECUTUR/ECUTUR.cif,tests/data/csd_families/ECUTUR/ECUTUR03.cif,10,0.007609529420733452,10,0.04272091676515015,full,True
tests/data/csd_families/IFUXEN/IFUXEN02.cif,tests/data/csd_families/IFUXEN/IFUXEN03.cif,10,0.003802684135735035,1,0.4234460545041538,failed,True
tests/data/csd_families/IFUXEN/IFUXEN.cif,tests/data/csd_families/IFUXEN/IFUXEN03.cif,10,0.003964057192206383,1,0.4924846002016186,failed,False
tests/data/csd_families/ECUTUR/ECUTUR01.cif,tests/data/csd_families/ECUTUR/ECUTUR02.cif,15,0.010018340311944485,15,0.5171532480958227,full,False
tests/data/csd_families/HEWRAD/HEWRAD.cif,tests/data/csd_families/HEWRAD/HEWRAD03.cif,15,0.008613795973360538,15,0.01132492943401451,full,False
tests/data/csd_families/ECUTUR/ECUTUR.cif,tests/data/csd_families/ECUTUR/ECUTUR03.cif,15,0.009619353339076042,15,0.045143756625493886,full,True
tests/data/csd_families/IFUXEN/IFUXEN02.cif,tests/data/csd_families/IFUXEN/IFUXEN03.cif,15,0.00411619059741497,1,0.4234460545041538,failed,True
tests/data/csd_families/IFUXEN/IFUXEN.cif,tests/data/csd_families/IFUXEN/IFUXEN03.cif,15,0.0035351095721125603,1,0.4924846002016186,failed,False
tests/data/csd_families/ECUTUR/ECUTUR01.cif,tests/data/csd_families/ECUTUR/ECUTUR02.cif,20,0.011823530308902264,20,0.5799255074968884,full,True
tests/data/csd_families/HEWRAD/HEWRAD.cif,tests/data/csd_families/HEWRAD/HEWRAD03.cif,20,0.010091900825500488,20,0.013024778386246659,full,False
tests/data/csd_families/ECUTUR/ECUTUR.cif,tests/data/csd_families/ECUTUR/ECUTUR03.cif,20,0.011427544057369232,20,0.0497255411524643,full,False
tests/data/csd_families/IFUXEN/IFUXEN02.cif,tests/data/csd_families/IFUXEN/IFUXEN03.cif,20,0.004400534555315971,1,0.4234460545041538,failed,True
tests/data/csd_families/IFUXEN/IFUXEN.cif,tests/data/csd_families/IFUXEN/IFUXEN03.cif,20,0.003787003457546234,1,0.4924846002016186,failed,False
tests/data/csd_families/ECUTUR/ECUTUR01.cif,tests/data/csd_families/ECUTUR/ECUTUR02.cif,25,0.01365223154425621,25,0.6356645132622123,full,False
tests/data/csd_families/HEWRAD/HEWRAD.cif,tests/data/csd_families/HEWRAD/HEWRAD03.cif,25,0.011435474269092083,25,0.012899091658886367,full,True
tests/data/csd_families/ECUTUR/ECUTUR.cif,tests/data/csd_families/ECUTUR/ECUTUR03.cif,25,0.013098832219839096,25,0.05496313049972586,full,False
tests/data/csd_families/IFUXEN/IFUXEN02.cif,tests/data/csd_families/IFUXEN/IFUXEN03.cif,25,0.004130510613322258,1,0.4234460545041538,failed,True
tests/data/csd_families/IFUXEN/IFUXEN.cif,tests/data/csd_families/IFUXEN/IFUXEN03.cif,25,0.003757704049348831,1,0.4924846002016186,failed,False
tests/data/csd_families/ECUTUR/ECUTUR01.cif,tests/data/csd_families/ECUTUR/ECUTUR02.cif,30,0.01760780718177557,30,0.6674234853739608,full,False
tests/data/csd_families/HEWRAD/HEWRAD.cif,tests/data/csd_families/HEWRAD/HEWRAD03.cif,30,0.012985150329768658,30,0.0135175454917017,full,True
tests/data/csd_families/ECUTUR/ECUTUR.cif,tests/data/csd_families/ECUTUR/ECUTUR03.cif,30,0.01591077819466591,30,0.05670992338507727,full,False
tests/data/csd_families/IFUXEN/IFUXEN02.cif,tests/data/csd_families/IFUXEN/IFUXEN03.cif,30,0.004656738601624966,1,0.4234460545041538,failed,True
tests/data/csd_families/IFUXEN/IFUXEN.cif,tests/data/csd_families/IFUXEN/IFUXEN03.cif,30,0.004989485256373882,1,0.4924846002016186,failed,False
tests/data/csd_families/ECUTUR/ECUTUR01.cif,tests/data/csd_families/ECUTUR/ECUTUR02.cif,40,0.023109090514481068,34,0.7077097402407236,partial,False
tests/data/csd_families/HEWRAD/HEWRAD.cif,tests/data/csd_families/HEWRAD/HEWRAD03.cif,40,0.01602144166827202,40,0.014191045119664392,full,False
tests/data/csd_families/ECUTUR/ECUTUR.cif,tests/data/csd_families/ECUTUR/ECUTUR03.cif,40,0.02256405260413885,40,0.06387178897351026,full,True
tests/data/csd_families/IFUXEN/IFUXEN02.cif,tests/data/csd_families/IFUXEN/IFUXEN03.cif,40,0.00661047175526619,1,0.4234460545041538,failed,True
tests/data/csd_families/IFUXEN/IFUXEN.cif,tests/data/csd_families/IFUXEN/IFUXEN03.cif,40,0.005604694597423077,1,0.4924846002016186,failed,False
tests/data/csd_families/ECUTUR/ECUTUR01.cif,tests/data/csd_families/ECUTUR/ECUTUR02.cif,50,0.027863051742315292,38,0.732422360680037,partial,True
tests/data/csd_families/HEWRAD/HEWRAD.cif,tests/data/csd_families/HEWRAD/HEWRAD03.cif,50,0.019148854538798332,50,0.015043481506866588,full,True
tests/data/csd_families/ECUTUR/ECUTUR.cif,tests/data/csd_families/ECUTUR/ECUTUR03.cif,50,0.025836697779595852,50,0.066905941987885,full,True
tests/data/csd_families/IFUXEN/IFUXEN02.cif,tests/data/csd_families/IFUXEN/IFUXEN03.cif,50,0.007049449719488621,1,0.4234460545041538,failed,True
tests/data/csd_families/IFUXEN/IFUXEN.cif,tests/data/csd_families/IFUXEN/IFUXEN03.cif,50,0.006417527794837952,1,0.4924846002016186,failed,False
tests/data/csd_families/ECUTUR/ECUTUR01.cif,tests/data/csd_families/ECUTUR/ECUTUR02.cif,75,0.0503320824354887,43,0.7454965843875184,partial,False
tests/data/csd_families/HEWRAD/HEWRAD.cif,tests/data/csd_families/HEWRAD/HEWRAD03.cif,75,0.031097657047212124,75,0.016061921432269935,full,False
tests/data/csd_families/ECUTUR/ECUTUR.cif,tests/data/csd_families/ECUTUR/ECUTUR03.cif,75,0.04404792655259371,75,0.0735082773615604,full,False
tests/data/csd_families/IFUXEN/IFUXEN02.cif,tests/data/csd_families/IFUXEN/IFUXEN03.cif,75,0.010341424494981766,1,0.4234460545041538,failed,True
tests/data/csd_families/IFUXEN/IFUXEN.cif,tests/data/csd_families/IFUXEN/IFUXEN03.cif,75,0.010696761310100555,3,0.580575521170363,failed,True
tests/data/csd_families/ECUTUR/ECUTUR01.cif,tests/data/csd_families/ECUTUR/ECUTUR02.cif,100,0.07145385071635246,47,0.7593770980177028,failed,False
tests/data/csd_families/HEWRAD/HEWRAD.cif,tests/data/csd_families/HEWRAD/HEWRAD03.cif,100,0.046798632480204105,100,0.017629180105208107,full,True
tests/data/csd_families/ECUTUR/ECUTUR.cif,tests/data/csd_families/ECUTUR/ECUTUR03.cif,100,0.06037627346813679,100,0.08439901786012391,full,True
tests/data/csd_families/IFUXEN/IFUXEN02.cif,tests/data/csd_families/IFUXEN/IFUXEN03.cif,100,0.01400699745863676,1,0.4234460545041538,failed,True
tests/data/csd_families/IFUXEN/IFUXEN.cif,tests/data/csd_families/IFUXEN/IFUXEN03.cif,100,0.014933972619473934,3,0.580575521170363,failed,True
tests/data/csd_families/ECUTUR/ECUTUR01.cif,tests/data/csd_families/ECUTUR/ECUTUR02.cif,150,0.1070161834359169,49,0.7674539194365855,failed,True
tests/data/csd_families/HEWRAD/HEWRAD.cif,tests/data/csd_families/HEWRAD/HEWRAD03.cif,150,0.0808898201212287,150,0.021094905511935498,full,False
tests/data/csd_families/ECUTUR/ECUTUR.cif,tests/data/csd_families/ECUTUR/ECUTUR03.cif,150,0.09966708905994892,150,0.09510786549780152,full,True
tests/data/csd_families/IFUXEN/IFUXEN02.cif,tests/data/csd_families/IFUXEN/IFUXEN03.cif,150,0.022983979433774948,1,0.4234460545041538,failed,True
tests/data/csd_families/IFUXEN/IFUXEN.cif,tests/data/csd_families/IFUXEN/IFUXEN03.cif,150,0.026686793193221092,3,0.580575521170363,failed,True
tests/data/experimental/galunisertib/Galunisertib_FORM_V.cif,tests/data/experimental/galunisertib/Galunisertib_FORM_VIII.cif,1,0.004999763332307339,1,0.21684024107485728,full,False
tests/data/experimental/galunisertib/Galunisertib_FORM_II.cif,tests/data/experimental/galunisertib/Galunisertib_Form_VII.cif,1,0.008073797449469566,1,0.5752160722816991,full,True
tests/data/experimental/galunisertib/Galunisertib_FORM_II.cif,tests/data/experimental/galunisertib/Galunisertib_FORM_V.cif,1,0.003727514296770096,1,0.500138393715409,full,False
tests/data/experimental/galunisertib/Galunisertib_FORM_II.cif,tests/data/experimental/galunisertib/Galunisertib_FORM_IX.cif,1,0.0037942733615636826,1,0.3335274321313708,full,True
tests/data/experimental/galunisertib/Galunisertib_FORM_III.cif,tests/data/experimental/galunisertib/Galunisertib_FORM_VI.cif,1,0.004727549850940704,0,nan,failed,False
tests/data/experimental/galunisertib/Galunisertib_FORM_VI.cif,tests/data/experimental/galunisertib/Galunisertib_FORM_VIII.cif,1,0.004387423396110535,1,0.7036985837214564,full,True
tests/data/experimental/galunisertib/Galunisertib_FORM_V.cif,tests/data/experimental/galunisertib/Galunisertib_FORM_VIII.cif,2,0.0054975030943751335,2,0.2566086231734211,full,False
tests/data/experimental/galunisertib/Galunisertib_FORM_II.cif,tests/data/experimental/galunisertib/Galunisertib_Form_VII.cif,2,0.008566184900701046,1,0.5752160722816991,partial,True
tests/data/experimental/galunisertib/Galunisertib_FORM_II.cif,tests/data/experimental/galunisertib/Galunisertib_FORM_V.cif,2,0.0038393456488847733,1,0.500138393715409,partial,False
tests/data/experimental/galunisertib/Galunisertib_FORM_II.cif,tests/data/experimental/galunisertib/Galunisertib_FORM_IX.cif,2,0.004119468852877617,2,0.35726457900638214,full,True
tests/data/experimental/galunisertib/Galunisertib_FORM_III.cif,tests/data/experimental/galunisertib/Galunisertib_FORM_VI.cif,2,0.0051911380141973495,0,nan,failed,False
tests/data/experimental/galunisertib/Galunisertib_FORM_VI.cif,tests/data/experimental/galunisertib/Galunisertib_FORM_VIII.cif,2,0.004290253855288029,1,0.7036985837214564,partial,True
tests/data/experimental/galunisertib/Galunisertib_FORM_V.cif,tests/data/experimental/galunisertib/Galunisertib_FORM_VIII.cif,3,0.00563044473528862,2,0.2566086231734211,partial,False
tests/data/experimental/galunisertib/Galunisertib_FORM_II.cif,tests/data/experimental/galunisertib/Galunisertib_Form_VII.cif,3,0.008913430385291576,2,0.6017842672196957,partial,True
tests/data/experimental/galunisertib/Galunisertib_FORM_II.cif,tests/data/experimental/galunisertib/Galunisertib_FORM_V.cif,3,0.003911986947059631,1,0.500138393715409,failed,False
tests/data/experimental/galunisertib/Galunisertib_FORM_II.cif,tests/data/experimental/galunisertib/Galunisertib_FORM_IX.cif,3,0.00488987285643816,3,0.47705918845403866,full,True
tests/data/experimental/galunisertib/Galunisertib_FORM_III.cif,tests/data/experimental/galunisertib/Galunisertib_FORM_VI.cif,3,0.004957173950970173,0,nan,failed,False
tests/data/experimental/galunisertib/Galunisertib_FORM_VI.cif,tests/data/experimental/galunisertib/Galunisertib_FORM_VIII.cif,3,0.0041717709973454475,1,0.7036985837214564,failed,True
tests/data/experimental/galunisertib/Galunisertib_FORM_V.cif,tests/data/experimental/galunisertib/Galunisertib_FORM_VIII.cif,5,0.005904419347643852,3,0.2797899555888962,partial,False
tests/data/experimental/galunisertib/Galunisertib_FORM_II.cif,tests/data/experimental/galunisertib/Galunisertib_Form_VII.cif,5,0.00898366142064333,2,0.6017842672196957,failed,True
tests/data/experimental/galunisertib/Galunisertib_FORM_II.cif,tests/data/experimental/galunisertib/Galunisertib_FORM_V.cif,5,0.005397232249379158,1,0.500138393715409,failed,False
tests/data/experimental/galunisertib/Galunisertib_FORM_II.cif,tests/data/experimental/galunisertib/Galunisertib_FORM_IX.cif,5,0.004147989675402641,3,0.47705918845403866,partial,True
tests/data/experimental/galunisertib/Galunisertib_FORM_III.cif,tests/data/experimental/galunisertib/Galunisertib_FORM_VI.cif,5,0.004935022443532944,0,nan,failed,False
tests/data/experimental/galunisertib/Galunisertib_FORM_VI.cif,tests/data/experimental/galunisertib/Galunisertib_FORM_VIII.cif,5,0.004630168899893761,1,0.7036985837214564,failed,True
tests/data/experimental/galunisertib/Galunisertib_FORM_V.cif,tests/data/experimental/galunisertib/Galunisertib_FORM_VIII.cif,8,0.006387269124388695,4,0.2995188612663662,partial,False
tests/data/experimental/galunisertib/Galunisertib_FORM_II.cif,tests/data/experimental/galunisertib/Galunisertib_Form_VII.cif,8,0.009317628107964993,2,0.6017842672196957,failed,True
tests/data/experimental/galunisertib/Galunisertib_FORM_II.cif,tests/data/experimental/galunisertib/Galunisertib_FORM_V.cif,8,0.004855122417211533,1,0.500138393715409,failed,False
tests/data/experimental/galunisertib/Galunisertib_FORM_II.cif,tests/data/experimental/galunisertib/Galunisertib_FORM_IX.cif,8,0.004780811257660389,5,0.5438254178099666,partial,True
tests/data/experimental/galunisertib/Galunisertib_FORM_III.cif,tests/data/experimental/galunisertib/Galunisertib_FORM_VI.cif,8,0.00520549900829792,0,nan,failed,False
tests/data/experimental/galunisertib/Galunisertib_FORM_VI.cif,tests/data/experimental/galunisertib/Galunisertib_FORM_VIII.cif,8,0.005052555352449417,2,0.7941446825898857,failed,True
tests/data/experimental/galunisertib/Galunisertib_FORM_V.cif,tests/data/experimental/galunisertib/Galunisertib_FORM_VIII.cif,10,0.006372198462486267,5,0.3308088144640521,partial,False
tests/data/experimental/galunisertib/Galunisertib_FORM_II.cif,tests/data/experimental/galunisertib/Galunisertib_Form_VII.cif,10,0.009785465896129608,2,0.6017842672196957,failed,True
tests/data/experimental/galunisertib/Galunisertib_FORM_II.cif,tests/data/experimental/galunisertib/Galunisertib_FORM_V.cif,10,0.004677030257880688,1,0.500138393715409,failed,False
tests/data/experimental/galunisertib/Galunisertib_FORM_II.cif,tests/data/experimental/galunisertib/Galunisertib_FORM_IX.cif,10,0.00486364122480154,5,0.5438254178099666,partial,True
tests/data/experimental/galunisertib/Galunisertib_FORM_III.cif,tests/data/experimental/galunisertib/Galunisertib_FORM_VI.cif,10,0.005211717449128628,0,nan,failed,False
tests/data/experimental/galunisertib/Galunisertib_FORM_VI.cif,tests/data/experimental/galunisertib/Galunisertib_FORM_VIII.cif,10,0.005513164214789867,2,0.7941446825898857,failed,True
tests/data/experimental/galunisertib/Galunisertib_FORM_V.cif,tests/data/experimental/galunisertib/Galunisertib_FORM_VIII.cif,15,0.007390905171632767,6,0.49510477857022167,failed,False
tests/data/experimental/galunisertib/Galunisertib_FORM_II.cif,tests/data/experimental/galunisertib/Galunisertib_Form_VII.cif,15,0.010743502527475357,2,0.6017842672196957,failed,True
tests/data/experimental/galunisertib/Galunisertib_FORM_II.cif,tests/data/experimental/galunisertib/Galunisertib_FORM_V.cif,15,0.004804722033441067,1,0.500138393715409,failed,False
tests/data/experimental/galunisertib/Galunisertib_FORM_II.cif,tests/data/experimental/galunisertib/Galunisertib_FORM_IX.cif,15,0.005008145235478878,5,0.5438254178099666,failed,True
tests/data/experimental/galunisertib/Galunisertib_FORM_III.cif,tests/data/experimental/galunisertib/Galunisertib_FORM_VI.cif,15,0.005774207413196564,0,nan,failed,False
tests/data/experimental/galunisertib/Galunisertib_FORM_VI.cif,tests/data/experimental/galunisertib/Galunisertib_FORM_VIII.cif,15,0.005324260331690311,2,0.7941446825898857,failed,True
tests/data/experimental/galunisertib/Galunisertib_FORM_V.cif,tests/data/experimental/galunisertib/Galunisertib_FORM_VIII.cif,20,0.008767527528107166,10,0.5729279719746931,partial,False
tests/data/experimental/galunisertib/Galunisertib_FORM_II.cif,tests/data/experimental/galunisertib/Galunisertib_Form_VII.cif,20,0.011461223475635052,2,0.6017842672196957,failed,True
tests/data/experimental/galunisertib/Galunisertib_FORM_II.cif,tests/data/experimental/galunisertib/Galunisertib_FORM_V.cif,20,0.005334841087460518,1,0.500138393715409,failed,False
tests/data/experimental/galunisertib/Galunisertib_FORM_II.cif,tests/data/experimental/galunisertib/Galunisertib_FORM_IX.cif,20,0.006786813959479332,5,0.5438254178099666,failed,True
tests/data/experimental/galunisertib/Galunisertib_FORM_III.cif,tests/data/experimental/galunisertib/Galunisertib_FORM_VI.cif,20,0.006589873693883419,0,nan,failed,False
tests/data/experimental/galunisertib/Galunisertib_FORM_VI.cif,tests/data/experimental/galunisertib/Galunisertib_FORM_VIII.cif,20,0.005685565993189812,2,0.7941446825898857,failed,True
tests/data/experimental/galunisertib/Galunisertib_FORM_V.cif,tests/data/experimental/galunisertib/Galunisertib_FORM_VIII.cif,25,0.00958144199103117,11,0.5917829718519984,failed,False
tests/data/experimental/galunisertib/Galunisertib_FORM_II.cif,tests/data/experimental/galunisertib/Galunisertib_Form_VII.cif,25,0.01257389411330223,2,0.6017842672196957,failed,True
tests/data/experimental/galunisertib/Galunisertib_FORM_II.cif,tests/data/experimental/galunisertib/Galunisertib_FORM_V.cif,25,0.007820593193173409,1,0.500138393715409,failed,False
tests/data/experimental/galunisertib/Galunisertib_FORM_II.cif,tests/data/experimental/galunisertib/Galunisertib_FORM_IX.cif,25,0.006085013039410114,5,0.5438254178099666,failed,True
tests/data/experimental/galunisertib/Galunisertib_FORM_III.cif,tests/data/experimental/galunisertib/Galunisertib_FORM_VI.cif,25,0.00692414678633213,0,nan,failed,False
tests/data/experimental/galunisertib/Galunisertib_FORM_VI.cif,tests/data/experimental/galunisertib/Galunisertib_FORM_VIII.cif,25,0.006414108909666538,2,0.7941446825898857,failed,True
tests/data/experimental/galunisertib/Galunisertib_FORM_V.cif,tests/data/experimental/galunisertib/Galunisertib_FORM_VIII.cif,30,0.011269710958003998,14,0.5964382009090705,failed,False
tests/data/experimental/galunisertib/Galunisertib_FORM_II.cif,tests/data/experimental/galunisertib/Galunisertib_Form_VII.cif,30,0.013868934474885464,2,0.6017842672196957,failed,True
tests/data/experimental/galunisertib/Galunisertib_FORM_II.cif,tests/data/experimental/galunisertib/Galunisertib_FORM_V.cif,30,0.006954806856811047,2,0.5330213019613963,failed,False
tests/data/experimental/galunisertib/Galunisertib_FORM_II.cif,tests/data/experimental/galunisertib/Galunisertib_FORM_IX.cif,30,0.006361258216202259,5,0.5438254178099666,failed,True
tests/data/experimental/galunisertib/Galunisertib_FORM_III.cif,tests/data/experimental/galunisertib/Galunisertib_FORM_VI.cif,30,0.007843484170734882,0,nan,failed,False
tests/data/experimental/galunisertib/Galunisertib_FORM_VI.cif,tests/data/experimental/galunisertib/Galunisertib_FORM_VIII.cif,30,0.0070366691797971725,2,0.7941446825898857,failed,True
tests/data/experimental/galunisertib/Galunisertib_FORM_V.cif,tests/data/experimental/galunisertib/Galunisertib_FORM_VIII.cif,40,0.014320563524961472,21,0.6021890534922814,partial,False
tests/data/experimental/galunisertib/Galunisertib_FORM_II.cif,tests/data/experimental/galunisertib/Galunisertib_Form_VII.cif,40,0.01616955455392599,2,0.6017842672196957,failed,True
tests/data/experimental/galunisertib/Galunisertib_FORM_II.cif,tests/data/experimental/galunisertib/Galunisertib_FORM_V.cif,40,0.00791845377534628,2,0.5330213019613963,failed,False
tests/data/experimental/galunisertib/Galunisertib_FORM_II.cif,tests/data/experimental/galunisertib/Galunisertib_FORM_IX.cif,40,0.008018125779926777,6,0.5690226476735052,failed,True
tests/data/experimental/galunisertib/Galunisertib_FORM_III.cif,tests/data/experimental/galunisertib/Galunisertib_FORM_VI.cif,40,0.009844676591455936,0,nan,failed,False
tests/data/experimental/galunisertib/Galunisertib_FORM_VI.cif,tests/data/experimental/galunisertib/Galunisertib_FORM_VIII.cif,40,0.009495490230619907,2,0.7941446825898857,failed,True
tests/data/experimental/galunisertib/Galunisertib_FORM_V.cif,tests/data/experimental/galunisertib/Galunisertib_FORM_VIII.cif,50,0.01780825201421976,25,0.6149582124436108,partial,False
tests/data/experimental/galunisertib/Galunisertib_FORM_II.cif,tests/data/experimental/galunisertib/Galunisertib_Form_VII.cif,50,0.01971743442118168,2,0.6017842672196957,failed,True
tests/data/experimental/galunisertib/Galunisertib_FORM_II.cif,tests/data/experimental/galunisertib/Galunisertib_FORM_V.cif,50,0.010155363008379936,2,0.5330213019613963,failed,False
tests/data/experimental/galunisertib/Galunisertib_FORM_II.cif,tests/data/experimental/galunisertib/Galunisertib_FORM_IX.cif,50,0.009345107711851597,6,0.6611777398995526,failed,True
tests/data/experimental/galunisertib/Galunisertib_FORM_III.cif,tests/data/experimental/galunisertib/Galunisertib_FORM_VI.cif,50,0.011558985337615013,0,nan,failed,False
tests/data/experimental/galunisertib/Galunisertib_FORM_VI.cif,tests/data/experimental/galunisertib/Galunisertib_FORM_VIII.cif,50,0.010885864496231079,2,0.7941446825898857,failed,True
tests/data/experimental/galunisertib/Galunisertib_FORM_V.cif,tests/data/experimental/galunisertib/Galunisertib_FORM_VIII.cif,75,0.029723284766077995,31,0.6003732679194245,failed,False
tests/data/experimental/galunisertib/Galunisertib_FORM_II.cif,tests/data/experimental/galunisertib/Galunisertib_Form_VII.cif,75,0.03262052219361067,2,0.6017842672196957,failed,True
tests/data/experimental/galunisertib/Galunisertib_FORM_II.cif,tests/data/experimental/galunisertib/Galunisertib_FORM_V.cif,75,0.018133247271180153,2,0.5330213019613963,failed,False
tests/data/experimental/galunisertib/Galunisertib_FORM_II.cif,tests/data/experimental/galunisertib/Galunisertib_FORM_IX.cif,75,0.01814192719757557,8,0.6466358358675824,failed,True
tests/data/experimental/galunisertib/Galunisertib_FORM_III.cif,tests/data/experimental/galunisertib/Galunisertib_FORM_VI.cif,75,0.016816025599837303,0,nan,failed,False
tests/data/experimental/galunisertib/Galunisertib_FORM_VI.cif,tests/data/experimental/galunisertib/Galunisertib_FORM_VIII.cif,75,0.0159326596185565,2,0.7941446825898857,failed,True
tests/data/experimental/galunisertib/Galunisertib_FORM_V.cif,tests/data/experimental/galunisertib/Galunisertib_FORM_VIII.cif,100,0.03856330364942551,44,0.6789546877777157,failed,False
tests/data/experimental/galunisertib/Galunisertib_FORM_II.cif,tests/data/experimental/galunisertib/Galunisertib_Form_VII.cif,100,0.04373631160706282,2,0.6017842672196957,failed,True
tests/data/experimental/galunisertib/Galunisertib_FORM_II.cif,tests/data/experimental/galunisertib/Galunisertib_FORM_V.cif,100,0.025190657004714012,2,0.5330213019613963,failed,False
tests/data/experimental/galunisertib/Galunisertib_FORM_II.cif,tests/data/experimental/galunisertib/Galunisertib_FORM_IX.cif,100,0.021501234732568264,9,0.6723890555894058,failed,True
tests/data/experimental/galunisertib/Galunisertib_FORM_III.cif,tests/data/experimental/galunisertib/Galunisertib_FORM_VI.cif,100,0.024256250821053982,0,nan,failed,False
tests/data/experimental/galunisertib/Galunisertib_FORM_VI.cif,tests/data/experimental/galunisertib/Galunisertib_FORM_VIII.cif,100,0.025013284757733345,2,0.7941446825898857,failed,True
tests/data/experimental/galunisertib/Galunisertib_FORM_V.cif,tests/data/experimental/galunisertib/Galunisertib_FORM_VIII.cif,150,0.06976030208170414,60,0.666911006930815,failed,False
tests/data/experimental/galunisertib/Galunisertib_FORM_II.cif,tests/data/experimental/galunisertib/Galunisertib_Form_VII.cif,150,0.07085001096129417,2,0.6017842672196957,failed,True
tests/data/experimental/galunisertib/Galunisertib_FORM_II.cif,tests/data/experimental/galunisertib/Galunisertib_FORM_V.cif,150,0.041437133215367794,2,0.5330213019613963,failed,False
tests/data/experimental/galunisertib/Galunisertib_FORM_II.cif,tests/data/experimental/galunisertib/Galunisertib_FORM_IX.cif,150,0.03773196879774332,12,0.7057223157005837,failed,True
tests/data/experimental/galunisertib/Galunisertib_FORM_III.cif,tests/data/experimental/galunisertib/Galunisertib_FORM_VI.cif,150,0.04221937619149685,0,nan,failed,False
tests/data/experimental/galunisertib/Galunisertib_FORM_VI.cif,tests/data/experimental/galunisertib/Galunisertib_FORM_VIII.cif,150,0.043072329834103584,3,0.7867142009908195,failed,True
tests/data/csd_families/CATDAE/CATDAE.cif,tests/data/csd_families/CATDAE/CATDAE02.cif,1,0.004497886635363102,1,0.13151059303953955,full,False
tests/data/csd_families/CATDAE/CATDAE.cif,tests/data/csd_families/CATDAE/CATDAE01.cif,1,0.004073678515851498,1,0.12003953386296626,full,False
tests/data/csd_families/CATDAE/CATDAE.cif,tests/data/csd_families/CATDAE/CATDAE02.cif,2,0.004658388905227184,1,0.13151059303953955,partial,False
tests/data/csd_families/CATDAE/CATDAE.cif,tests/data/csd_families/CATDAE/CATDAE01.cif,2,0.004125379957258701,1,0.12003953386296626,partial,False
tests/data/csd_families/CATDAE/CATDAE.cif,tests/data/csd_families/CATDAE/CATDAE02.cif,3,0.004971594549715519,1,0.13151059303953955,failed,False
tests/data/csd_families/CATDAE/CATDAE.cif,tests/data/csd_families/CATDAE/CATDAE01.cif,3,0.0054410118609666824,1,0.12003953386296626,failed,False
tests/data/csd_families/CATDAE/CATDAE.cif,tests/data/csd_families/CATDAE/CATDAE02.cif,5,0.00547703355550766,1,0.13151059303953955,failed,False
tests/data/csd_families/CATDAE/CATDAE.cif,tests/data/csd_families/CATDAE/CATDAE01.cif,5,0.004824021831154823,1,0.12003953386296626,failed,False
tests/data/csd_families/CATDAE/CATDAE.cif,tests/data/csd_families/CATDAE/CATDAE02.cif,8,0.005751616321504116,1,0.13151059303953955,failed,False
tests/data/csd_families/CATDAE/CATDAE.cif,tests/data/csd_families/CATDAE/CATDAE01.cif,8,0.005304899998009205,1,0.12003953386296626,failed,False
tests/data/csd_families/CATDAE/CATDAE.cif,tests/data/csd_families/CATDAE/CATDAE02.cif,10,0.0065180398523807526,1,0.13151059303953955,failed,False
tests/data/csd_families/CATDAE/CATDAE.cif,tests/data/csd_families/CATDAE/CATDAE01.cif,10,0.005911059677600861,1,0.12003953386296626,failed,False
tests/data/csd_families/CATDAE/CATDAE.cif,tests/data/csd_families/CATDAE/CATDAE02.cif,15,0.0066250525414943695,1,0.13151059303953955,failed,False
tests/data/csd_families/CATDAE/CATDAE.cif,tests/data/csd_families/CATDAE/CATDAE01.cif,15,0.00616026483476162,1,0.12003953386296626,failed,False
tests/data/csd_families/CATDAE/CATDAE.cif,tests/data/csd_families/CATDAE/CATDAE02.cif,20,0.007911274209618568,1,0.13151059303953955,failed,False
tests/data/csd_families/CATDAE/CATDAE.cif,tests/data/csd_families/CATDAE/CATDAE01.cif,20,0.008234819397330284,1,0.12003953386296626,failed,False
tests/data/csd_families/CATDAE/CATDAE.cif,tests/data/csd_families/CATDAE/CATDAE02.cif,25,0.008441833779215813,1,0.13151059303953955,failed,False
tests/data/csd_families/CATDAE/CATDAE.cif,tests/data/csd_families/CATDAE/CATDAE01.cif,25,0.007743961177766323,1,0.12003953386296626,failed,False
tests/data/csd_families/CATDAE/CATDAE.cif,tests/data/csd_families/CATDAE/CATDAE02.cif,30,0.011171039193868637,1,0.13151059303953955,failed,False
tests/data/csd_families/CATDAE/CATDAE.cif,tests/data/csd_families/CATDAE/CATDAE01.cif,30,0.010692881420254707,1,0.12003953386296626,failed,False
tests/data/csd_families/CATDAE/CATDAE.cif,tests/data/csd_families/CATDAE/CATDAE02.cif,40,0.014491716399788857,1,0.13151059303953955,failed,False
tests/data/csd_families/CATDAE/CATDAE.cif,tests/data/csd_families/CATDAE/CATDAE01.cif,40,0.013976646587252617,1,0.12003953386296626,failed,False
tests/data/csd_families/CATDAE/CATDAE.cif,tests/data/csd_families/CATDAE/CATDAE02.cif,50,0.016880475915968418,1,0.13151059303953955,failed,False
tests/data/csd_families/CATDAE/CATDAE.cif,tests/data/csd_families/CATDAE/CATDAE01.cif,50,0.01695051696151495,1,0.12003953386296626,failed,False
tests/data/csd_families/CATDAE/CATDAE.cif,tests/data/csd_families/CATDAE/CATDAE02.cif,75,0.025059955194592476,3,0.6083029447078189,failed,True
tests/data/csd_families/CATDAE/CATDAE.cif,tests/data/csd_families/CATDAE/CATDAE01.cif,75,0.026597830466926098,3,0.5055283231882288,failed,True
tests/data/csd_families/CATDAE/CATDAE.cif,tests/data/csd_families/CATDAE/CATDAE02.cif,100,0.040320923551917076,3,0.6083029447078189,failed,True
tests/data/csd_families/CATDAE/CATDAE.cif,tests/data/csd_families/CATDAE/CATDAE01.cif,100,0.04128256905823946,3,0.5055283231882288,failed,True
tests/data/csd_families/CATDAE/CATDAE.cif,tests/data/csd_families/CATDAE/CATDAE02.cif,150,0.0722860349342227,3,0.24245585533954667,failed,False
tests/data/csd_families/CATDAE/CATDAE.cif,tests/data/csd_families/CATDAE/CATDAE01.cif,150,0.07985683251172304,3,0.2672009966496428,failed,False
tests/data/csd_families/SETNEO/SETNEO.cif,tests/data/csd_families/SETNEO/SETNEO01.cif,1,0.00561558548361063,1,0.0027937902272096925,full,True
tests/data/csd_families/SETNEO/SETNEO03.cif,tests/data/csd_families/SETNEO/SETNEO04.cif,1,0.005636475048959255,1,0.0018390195808674348,full,True
tests/data/csd_families/SETNEO/SETNEO.cif,tests/data/csd_families/SETNEO/SETNEO01.cif,2,0.0059029702097177505,2,0.00327277959115002,full,False
tests/data/csd_families/SETNEO/SETNEO03.cif,tests/data/csd_families/SETNEO/SETNEO04.cif,2,0.005806468427181244,2,0.00257134260861417,full,False
tests/data/csd_families/SETNEO/SETNEO.cif,tests/data/csd_families/SETNEO/SETNEO01.cif,3,0.006366118788719177,3,0.003164086769825191,full,False
tests/data/csd_families/SETNEO/SETNEO03.cif,tests/data/csd_families/SETNEO/SETNEO04.cif,3,0.006761614233255386,3,0.002639650029767375,full,False
tests/data/csd_families/SETNEO/SETNEO.cif,tests/data/csd_families/SETNEO/SETNEO01.cif,5,0.007216181606054306,5,0.006620189992537834,full,True
tests/data/csd_families/SETNEO/SETNEO03.cif,tests/data/csd_families/SETNEO/SETNEO04.cif,5,0.0068962667137384415,5,0.006715229252396797,full,True
tests/data/csd_families/SETNEO/SETNEO.cif,tests/data/csd_families/SETNEO/SETNEO01.cif,8,0.007826872169971466,8,0.006838531168059619,full,True
tests/data/csd_families/SETNEO/SETNEO03.cif,tests/data/csd_families/SETNEO/SETNEO04.cif,8,0.007663620635867119,8,0.006861092863528413,full,False
tests/data/csd_families/SETNEO/SETNEO.cif,tests/data/csd_families/SETNEO/SETNEO01.cif,10,0.009092194028198719,10,0.007169036167530711,full,False
tests/data/csd_families/SETNEO/SETNEO03.cif,tests/data/csd_families/SETNEO/SETNEO04.cif,10,0.008805719204246998,10,0.007464653002014572,full,True
tests/data/csd_families/SETNEO/SETNEO.cif,tests/data/csd_families/SETNEO/SETNEO01.cif,15,0.010949215851724148,15,0.008222061868005143,full,False
tests/data/csd_families/SETNEO/SETNEO03.cif,tests/data/csd_families/SETNEO/SETNEO04.cif,15,0.010625289753079414,15,0.008807256256958064,full,False
tests/data/csd_families/SETNEO/SETNEO.cif,tests/data/csd_families/SETNEO/SETNEO01.cif,20,0.012327829375863075,20,0.011028336814666353,full,False
tests/data/csd_families/SETNEO/SETNEO03.cif,tests/data/csd_families/SETNEO/SETNEO04.cif,20,0.01264527440071106,20,0.011826940140772334,full,True
tests/data/csd_families/SETNEO/SETNEO.cif,tests/data/csd_families/SETNEO/SETNEO01.cif,25,0.015227207913994789,25,0.011687872136992431,full,True
tests/data/csd_families/SETNEO/SETNEO03.cif,tests/data/csd_families/SETNEO/SETNEO04.cif,25,0.01489753182977438,25,0.012574032615400849,full,True
tests/data/csd_families/SETNEO/SETNEO.cif,tests/data/csd_families/SETNEO/SETNEO01.cif,30,0.01728220283985138,30,0.013853258474410195,full,False
tests/data/csd_families/SETNEO/SETNEO03.cif,tests/data/csd_families/SETNEO/SETNEO04.cif,30,0.017487716861069202,30,0.014742222820528344,full,False
tests/data/csd_families/SETNEO/SETNEO.cif,tests/data/csd_families/SETNEO/SETNEO01.cif,40,0.022943648509681225,40,0.014992615451111432,full,False
tests/data/csd_families/SETNEO/SETNEO03.cif,tests/data/csd_families/SETNEO/SETNEO04.cif,40,0.022774426266551018,40,0.01570180542674788,full,True
tests/data/csd_families/SETNEO/SETNEO.cif,tests/data/csd_families/SETNEO/SETNEO01.cif,50,0.02548197191208601,50,0.015565967453734295,full,False
tests/data/csd_families/SETNEO/SETNEO03.cif,tests/data/csd_families/SETNEO/SETNEO04.cif,50,0.02518479712307453,50,0.01655040475772506,full,True
tests/data/csd_families/SETNEO/SETNEO.cif,tests/data/csd_families/SETNEO/SETNEO01.cif,75,0.06399246491491795,75,0.020570066676004792,full,False
tests/data/csd_families/SETNEO/SETNEO03.cif,tests/data/csd_families/SETNEO/SETNEO04.cif,75,0.06461576465517282,75,0.02187276129646074,full,True
tests/data/csd_families/SETNEO/SETNEO.cif,tests/data/csd_families/SETNEO/SETNEO01.cif,100,0.08716649655252695,100,0.021500076750078374,full,False
tests/data/csd_families/SETNEO/SETNEO03.cif,tests/data/csd_families/SETNEO/SETNEO04.cif,100,0.08872460387647152,100,0.022802799024125672,full,False
tests/data/csd_families/SETNEO/SETNEO.cif,tests/data/csd_families/SETNEO/SETNEO01.cif,150,0.18097328674048185,150,0.024494942412452262,full,True
tests/data/csd_families/SETNEO/SETNEO03.cif,tests/data/csd_families/SETNEO/SETNEO04.cif,150,0.18011567275971174,150,0.026082440537582383,full,True
tests/data/csd_families/NPOFNP/NPOFNP.cif,tests/data/csd_families/NPOFNP/NPOFNP02.cif,1,0.004427144303917885,1,0.020572203904919432,full,False
tests/data/csd_families/NPOFNP/NPOFNP.cif,tests/data/csd_families/NPOFNP/NPOFNP02.cif,2,0.004497337155044079,2,0.10577169427119719,full,False
tests/data/csd_families/NPOFNP/NPOFNP.cif,tests/data/csd_families/NPOFNP/NPOFNP02.cif,3,0.00487931165844202,3,0.16313802886174825,full,False
tests/data/csd_families/NPOFNP/NPOFNP.cif,tests/data/csd_families/NPOFNP/NPOFNP02.cif,5,0.0055392226204276085,5,0.24288323050167118,full,True
tests/data/csd_families/NPOFNP/NPOFNP.cif,tests/data/csd_families/NPOFNP/NPOFNP02.cif,8,0.005973830819129944,8,0.2701030458176498,full,False
tests/data/csd_families/NPOFNP/NPOFNP.cif,tests/data/csd_families/NPOFNP/NPOFNP02.cif,10,0.006854536011815071,10,0.2697998695578338,full,True
tests/data/csd_families/NPOFNP/NPOFNP.cif,tests/data/csd_families/NPOFNP/NPOFNP02.cif,15,0.007863824255764484,15,0.2683283230961941,full,False
tests/data/csd_families/NPOFNP/NPOFNP.cif,tests/data/csd_families/NPOFNP/NPOFNP02.cif,20,0.009710433892905712,20,0.29529923008799064,full,True
tests/data/csd_families/NPOFNP/NPOFNP.cif,tests/data/csd_families/NPOFNP/NPOFNP02.cif,25,0.011225441470742226,25,0.32092891819695546,full,False
tests/data/csd_families/NPOFNP/NPOFNP.cif,tests/data/csd_families/NPOFNP/NPOFNP02.cif,30,0.014549585990607738,30,0.3485786580003946,full,False
tests/data/csd_families/NPOFNP/NPOFNP.cif,tests/data/csd_families/NPOFNP/NPOFNP02.cif,40,0.01877426914870739,40,0.39682922623635986,full,False
tests/data/csd_families/NPOFNP/NPOFNP.cif,tests/data/csd_families/NPOFNP/NPOFNP02.cif,50,0.02211571577936411,50,0.4405318467287344,full,True
tests/data/csd_families/NPOFNP/NPOFNP.cif,tests/data/csd_families/NPOFNP/NPOFNP02.cif,75,0.03802786394953728,75,0.4776231850701243,full,True
tests/data/csd_families/NPOFNP/NPOFNP.cif,tests/data/csd_families/NPOFNP/NPOFNP02.cif,100,0.05666474066674709,100,0.5295771249782124,full,True
tests/data/csd_families/NPOFNP/NPOFNP.cif,tests/data/csd_families/NPOFNP/NPOFNP02.cif,150,0.16169304959475994,146,0.6064614607427957,partial,False
tests/data/csd_families/YAXYUV/YAXYUV.cif,tests/data/csd_families/YAXYUV/YAXYUV02.cif,1,0.008956641890108585,1,0.03057648011995581,full,True
tests/data/csd_families/YAXYUV/YAXYUV.cif,tests/data/csd_families/YAXYUV/YAXYUV02.cif,2,0.006455978378653526,2,0.02324989136476555,full,True
tests/data/csd_families/YAXYUV/YAXYUV.cif,tests/data/csd_families/YAXYUV/YAXYUV02.cif,3,0.007087919861078262,3,0.020412244208511454,full,True
tests/data/csd_families/YAXYUV/YAXYUV.cif,tests/data/csd_families/YAXYUV/YAXYUV02.cif,5,0.008556435815989971,5,0.0175615558669921,full,True
tests/data/csd_families/YAXYUV/YAXYUV.cif,tests/data/csd_families/YAXYUV/YAXYUV02.cif,8,0.01053598802536726,8,0.021777340920422588,full,True
tests/data/csd_families/YAXYUV/YAXYUV.cif,tests/data/csd_families/YAXYUV/YAXYUV02.cif,10,0.011936471797525883,10,0.024352910410202815,full,True
tests/data/csd_families/YAXYUV/YAXYUV.cif,tests/data/csd_families/YAXYUV/YAXYUV02.cif,15,0.01674028392881155,15,0.0245904533225648,full,True
tests/data/csd_families/YAXYUV/YAXYUV.cif,tests/data/csd_families/YAXYUV/YAXYUV02.cif,20,0.021130898036062717,20,0.023228268878868932,full,True
tests/data/csd_families/YAXYUV/YAXYUV.cif,tests/data/csd_families/YAXYUV/YAXYUV02.cif,25,0.025627424009144306,25,0.02513495907105982,full,True
tests/data/csd_families/YAXYUV/YAXYUV.cif,tests/data/csd_families/YAXYUV/YAXYUV02.cif,30,0.029700512997806072,30,0.025258747686150065,full,True
tests/data/csd_families/YAXYUV/YAXYUV.cif,tests/data/csd_families/YAXYUV/YAXYUV02.cif,40,0.0387168163433671,40,0.02448261981386976,full,True
tests/data/csd_families/YAXYUV/YAXYUV.cif,tests/data/csd_families/YAXYUV/YAXYUV02.cif,50,0.05092495307326317,50,0.026800725676186292,full,True
tests/data/csd_families/YAXYUV/YAXYUV.cif,tests/data/csd_families/YAXYUV/YAXYUV02.cif,75,0.07888571731746197,75,0.02833923791051456,full,True
tests/data/csd_families/YAXYUV/YAXYUV.cif,tests/data/csd_families/YAXYUV/YAXYUV02.cif,100,0.11553167831152678,100,0.030066051771823955,full,True
tests/data/csd_families/YAXYUV/YAXYUV.cif,tests/data/csd_families/YAXYUV/YAXYUV02.cif,150,0.20487355161458254,150,0.030062563140111347,full,True
tests/data/csd_families/FOHCOU/FOHCOU01.cif,tests/data/csd_families/FOHCOU/FOHCOU02.cif,1,0.013269754126667976,1,0.0034457203145966935,full,True
tests/data/csd_families/CITRAC/CITRAC11.cif,tests/data/csd_families/CITRAC/CITRAC12.cif,1,0.004779580980539322,1,0.046377577787038674,full,True
tests/data/csd_families/VITDEL/VITDEL.cif,tests/data/csd_families/VITDEL/VITDEL01.cif,1,0.0025753844529390335,1,0.7357817234845028,full,True
tests/data/csd_families/FOHCOU/FOHCOU01.cif,tests/data/csd_families/FOHCOU/FOHCOU02.cif,2,0.007936153560876846,2,0.0035222113807417597,full,True
tests/data/csd_families/CITRAC/CITRAC11.cif,tests/data/csd_families/CITRAC/CITRAC12.cif,2,0.005289290100336075,2,0.04904616787012616,full,True
tests/data/csd_families/VITDEL/VITDEL.cif,tests/data/csd_families/VITDEL/VITDEL01.cif,2,0.003143012523651123,2,0.7452791857346869,full,True
tests/data/csd_families/FOHCOU/FOHCOU01.cif,tests/data/csd_families/FOHCOU/FOHCOU02.cif,3,0.006687983870506287,3,0.003520192162248581,full,False
tests/data/csd_families/CITRAC/CITRAC11.cif,tests/data/csd_families/CITRAC/CITRAC12.cif,3,0.005739486776292324,3,0.06183564221309361,full,True
tests/data/csd_families/VITDEL/VITDEL.cif,tests/data/csd_families/VITDEL/VITDEL01.cif,3,0.002767777070403099,2,0.7452791857346869,partial,True
tests/data/csd_families/FOHCOU/FOHCOU01.cif,tests/data/csd_families/FOHCOU/FOHCOU02.cif,5,0.00692139845341444,5,0.003519230920299057,full,False
tests/data/csd_families/CITRAC/CITRAC11.cif,tests/data/csd_families/CITRAC/CITRAC12.cif,5,0.006515800021588802,5,0.077132959658186,full,True
tests/data/csd_families/VITDEL/VITDEL.cif,tests/data/csd_families/VITDEL/VITDEL01.cif,5,0.0034890584647655487,2,0.7452791857346869,failed,True
tests/data/csd_families/FOHCOU/FOHCOU01.cif,tests/data/csd_families/FOHCOU/FOHCOU02.cif,8,0.008112337440252304,8,0.003529922987395292,full,False
tests/data/csd_families/CITRAC/CITRAC11.cif,tests/data/csd_families/CITRAC/CITRAC12.cif,8,0.0066500334069132805,8,0.07749229551353555,full,True
tests/data/csd_families/VITDEL/VITDEL.cif,tests/data/csd_families/VITDEL/VITDEL01.cif,8,0.0032119136303663254,2,0.7452791857346869,failed,True
tests/data/csd_families/FOHCOU/FOHCOU01.cif,tests/data/csd_families/FOHCOU/FOHCOU02.cif,10,0.008798648603260517,10,0.003533449586515202,full,False
tests/data/csd_families/CITRAC/CITRAC11.cif,tests/data/csd_families/CITRAC/CITRAC12.cif,10,0.007354254834353924,10,0.0824541015900836,full,True
tests/data/csd_families/VITDEL/VITDEL.cif,tests/data/csd_families/VITDEL/VITDEL01.cif,10,0.0032651247456669807,2,0.7452791857346869,failed,True
tests/data/csd_families/FOHCOU/FOHCOU01.cif,tests/data/csd_families/FOHCOU/FOHCOU02.cif,15,0.010409307666122913,15,0.0035342128488118248,full,False
tests/data/csd_families/CITRAC/CITRAC11.cif,tests/data/csd_families/CITRAC/CITRAC12.cif,15,0.008302269503474236,15,0.0860108287509656,full,True
tests/data/csd_families/VITDEL/VITDEL.cif,tests/data/csd_families/VITDEL/VITDEL01.cif,15,0.0037003429606556892,2,0.7452791857346869,failed,True
tests/data/csd_families/FOHCOU/FOHCOU01.cif,tests/data/csd_families/FOHCOU/FOHCOU02.cif,20,0.012909789569675922,20,0.0035330936943939054,full,False
tests/data/csd_families/CITRAC/CITRAC11.cif,tests/data/csd_families/CITRAC/CITRAC12.cif,20,0.010876154527068138,20,0.09527817485753909,full,True
tests/data/csd_families/VITDEL/VITDEL.cif,tests/data/csd_families/VITDEL/VITDEL01.cif,20,0.004077158868312836,2,0.7452791857346869,failed,True
tests/data/csd_families/FOHCOU/FOHCOU01.cif,tests/data/csd_families/FOHCOU/FOHCOU02.cif,25,0.014390903525054455,25,0.003533117676438943,full,False
tests/data/csd_families/CITRAC/CITRAC11.cif,tests/data/csd_families/CITRAC/CITRAC12.cif,25,0.012227857485413551,25,0.10264983703149026,full,True
tests/data/csd_families/VITDEL/VITDEL.cif,tests/data/csd_families/VITDEL/VITDEL01.cif,25,0.004320583306252956,2,0.7452791857346869,failed,True
tests/data/csd_families/FOHCOU/FOHCOU01.cif,tests/data/csd_families/FOHCOU/FOHCOU02.cif,30,0.01697829831391573,30,0.0035324712050771668,full,False
tests/data/csd_families/CITRAC/CITRAC11.cif,tests/data/csd_families/CITRAC/CITRAC12.cif,30,0.013126391917467117,30,0.10432501730170206,full,True
tests/data/csd_families/VITDEL/VITDEL.cif,tests/data/csd_families/VITDEL/VITDEL01.cif,30,0.004722810350358486,2,0.7452791857346869,failed,True
tests/data/csd_families/FOHCOU/FOHCOU01.cif,tests/data/csd_families/FOHCOU/FOHCOU02.cif,40,0.021893410943448544,40,0.003533994719340925,full,True
tests/data/csd_families/CITRAC/CITRAC11.cif,tests/data/csd_families/CITRAC/CITRAC12.cif,40,0.016952477395534515,40,0.11084977659605957,full,True
tests/data/csd_families/VITDEL/VITDEL.cif,tests/data/csd_families/VITDEL/VITDEL01.cif,40,0.004999455064535141,2,0.7452791857346869,failed,True
tests/data/csd_families/FOHCOU/FOHCOU01.cif,tests/data/csd_families/FOHCOU/FOHCOU02.cif,50,0.028355990536510944,50,0.0035344090171310688,full,True
tests/data/csd_families/CITRAC/CITRAC11.cif,tests/data/csd_families/CITRAC/CITRAC12.cif,50,0.020159811712801456,50,0.11614146815998759,full,True
tests/data/csd_families/VITDEL/VITDEL.cif,tests/data/csd_families/VITDEL/VITDEL01.cif,50,0.006957158446311951,2,0.7452791857346869,failed,True
tests/data/csd_families/FOHCOU/FOHCOU01.cif,tests/data/csd_families/FOHCOU/FOHCOU02.cif,75,0.048839038237929344,75,0.0035343783300604797,full,False
tests/data/csd_families/CITRAC/CITRAC11.cif,tests/data/csd_families/CITRAC/CITRAC12.cif,75,0.032436950132250786,75,0.1277482560372452,full,True
tests/data/csd_families/VITDEL/VITDEL.cif,tests/data/csd_families/VITDEL/VITDEL01.cif,75,0.008665195666253567,2,0.7452791857346869,failed,True
tests/data/csd_families/FOHCOU/FOHCOU01.cif,tests/data/csd_families/FOHCOU/FOHCOU02.cif,100,0.06719359941780567,100,0.0035344664477484733,full,True
tests/data/csd_families/CITRAC/CITRAC11.cif,tests/data/csd_families/CITRAC/CITRAC12.cif,100,0.048244248144328594,100,0.1375406236322061,full,True
tests/data/csd_families/VITDEL/VITDEL.cif,tests/data/csd_families/VITDEL/VITDEL01.cif,100,0.011802420020103455,2,0.7452791857346869,failed,True
tests/data/csd_families/FOHCOU/FOHCOU01.cif,tests/data/csd_families/FOHCOU/FOHCOU02.cif,150,0.11981965135782957,150,0.003534466619946609,full,True
tests/data/csd_families/CITRAC/CITRAC11.cif,tests/data/csd_families/CITRAC/CITRAC12.cif,150,0.08548322785645723,150,0.15106546367209917,full,True
tests/data/csd_families/VITDEL/VITDEL.cif,tests/data/csd_families/VITDEL/VITDEL01.cif,150,0.021610776893794537,2,0.7452791857346869,failed,True
tests/data/csd_families/VILGAC/VILGAC.cif,tests/data/csd_families/VILGAC/VILGAC03.cif,1,1.952052116394043e-05,0,nan,failed,False
tests/data/csd_families/VILGAC/VILGAC.cif,tests/data/csd_families/VILGAC/VILGAC03.cif,2,4.201196134090424e-06,0,nan,failed,False
tests/data/csd_families/VILGAC/VILGAC.cif,tests/data/csd_families/VILGAC/VILGAC03.cif,3,2.6300549507141113e-06,0,nan,failed,False
tests/data/csd_families/VILGAC/VILGAC.cif,tests/data/csd_families/VILGAC/VILGAC03.cif,5,2.0600855350494385e-06,0,nan,failed,False
tests/data/csd_families/VILGAC/VILGAC.cif,tests/data/csd_families/VILGAC/VILGAC03.cif,8,2.0097941160202026e-06,0,nan,failed,False
tests/data/csd_families/VILGAC/VILGAC.cif,tests/data/csd_families/VILGAC/VILGAC03.cif,10,3.0705705285072327e-06,0,nan,failed,False
tests/data/csd_families/VILGAC/VILGAC.cif,tests/data/csd_families/VILGAC/VILGAC03.cif,15,2.169981598854065e-06,0,nan,failed,False
tests/data/csd_families/VILGAC/VILGAC.cif,tests/data/csd_families/VILGAC/VILGAC03.cif,20,2.4400651454925537e-06,0,nan,failed,False
tests/data/csd_families/VILGAC/VILGAC.cif,tests/data/csd_families/VILGAC/VILGAC03.cif,25,2.1299347281455994e-06,0,nan,failed,False
tests/data/csd_families/VILGAC/VILGAC.cif,tests/data/csd_families/VILGAC/VILGAC03.cif,30,1.751817762851715e-06,0,nan,failed,False
tests/data/csd_families/VILGAC/VILGAC.cif,tests/data/csd_families/VILGAC/VILGAC03.cif,40,2.5602057576179504e-06,0,nan,failed,False
tests/data/csd_families/VILGAC/VILGAC.cif,tests/data/csd_families/VILGAC/VILGAC03.cif,50,2.119690179824829e-06,0,nan,failed,False
tests/data/csd_families/VILGAC/VILGAC.cif,tests/data/csd_families/VILGAC/VILGAC03.cif,75,1.889653503894806e-06,0,nan,failed,False
tests/data/csd_families/VILGAC/VILGAC.cif,tests/data/csd_families/VILGAC/VILGAC03.cif,100,1.8700957298278809e-06,0,nan,failed,False
tests/data/csd_families/VILGAC/VILGAC.cif,tests/data/csd_families/VILGAC/VILGAC03.cif,150,1.6996636986732483e-06,0,nan,failed,False
tests/data/csd_families/VILGAC/VILGAC01.cif,tests/data/csd_families/VILGAC/VILGAC02.cif,1,0.006606912240386009,1,0.1059923432696615,full,False
tests/data/experimental/Ritonavir/YIGPIO07.cif,tests/data/experimental/Ritonavir/YIGPIO10.cif,1,0.0068238358944654465,0,nan,failed,False
tests/data/csd_families/VILGAC/VILGAC01.cif,tests/data/csd_families/VILGAC/VILGAC02.cif,2,0.0067289043217897415,2,0.11464618138720802,full,False
tests/data/experimental/Ritonavir/YIGPIO07.cif,tests/data/experimental/Ritonavir/YIGPIO10.cif,2,0.006602222099900246,0,nan,failed,False
tests/data/csd_families/VILGAC/VILGAC01.cif,tests/data/csd_families/VILGAC/VILGAC02.cif,3,0.00699078943580389,3,0.11886662795300318,full,False
tests/data/experimental/Ritonavir/YIGPIO07.cif,tests/data/experimental/Ritonavir/YIGPIO10.cif,3,0.007439145818352699,0,nan,failed,False
tests/data/csd_families/VILGAC/VILGAC01.cif,tests/data/csd_families/VILGAC/VILGAC02.cif,5,0.00840288307517767,5,0.12181877110293704,full,False
tests/data/experimental/Ritonavir/YIGPIO07.cif,tests/data/experimental/Ritonavir/YIGPIO10.cif,5,0.007800142280757427,0,nan,failed,False
tests/data/csd_families/VILGAC/VILGAC01.cif,tests/data/csd_families/VILGAC/VILGAC02.cif,8,0.00939025916159153,8,0.13063866685505804,full,False
tests/data/experimental/Ritonavir/YIGPIO07.cif,tests/data/experimental/Ritonavir/YIGPIO10.cif,8,0.008229069411754608,0,nan,failed,False
tests/data/csd_families/VILGAC/VILGAC01.cif,tests/data/csd_families/VILGAC/VILGAC02.cif,10,0.009885827079415321,10,0.1322946515164674,full,False
tests/data/experimental/Ritonavir/YIGPIO07.cif,tests/data/experimental/Ritonavir/YIGPIO10.cif,10,0.008837409317493439,0,nan,failed,False
tests/data/csd_families/VILGAC/VILGAC01.cif,tests/data/csd_families/VILGAC/VILGAC02.cif,15,0.01095565501600504,15,0.14329322949081963,full,False
tests/data/experimental/Ritonavir/YIGPIO07.cif,tests/data/experimental/Ritonavir/YIGPIO10.cif,15,0.008212658576667309,0,nan,failed,False
tests/data/csd_families/VILGAC/VILGAC01.cif,tests/data/csd_families/VILGAC/VILGAC02.cif,20,0.01248831208795309,20,0.14520358450770612,full,False
tests/data/experimental/Ritonavir/YIGPIO07.cif,tests/data/experimental/Ritonavir/YIGPIO10.cif,20,0.009207637049257755,0,nan,failed,False
tests/data/csd_families/VILGAC/VILGAC01.cif,tests/data/csd_families/VILGAC/VILGAC02.cif,25,0.015443430282175541,25,0.15838236424480895,full,False
tests/data/experimental/Ritonavir/YIGPIO07.cif,tests/data/experimental/Ritonavir/YIGPIO10.cif,25,0.009560652077198029,0,nan,failed,False
tests/data/csd_families/VILGAC/VILGAC01.cif,tests/data/csd_families/VILGAC/VILGAC02.cif,30,0.016812565736472607,30,0.1660911703628676,full,False
tests/data/experimental/Ritonavir/YIGPIO07.cif,tests/data/experimental/Ritonavir/YIGPIO10.cif,30,0.01058105006814003,0,nan,failed,False
tests/data/csd_families/VILGAC/VILGAC01.cif,tests/data/csd_families/VILGAC/VILGAC02.cif,40,0.020908143371343613,40,0.173334166439918,full,False
tests/data/experimental/Ritonavir/YIGPIO07.cif,tests/data/experimental/Ritonavir/YIGPIO10.cif,40,0.012064103968441486,0,nan,failed,False
tests/data/csd_families/VILGAC/VILGAC01.cif,tests/data/csd_families/VILGAC/VILGAC02.cif,50,0.024610617198050022,50,0.17643708978582084,full,False
tests/data/experimental/Ritonavir/YIGPIO07.cif,tests/data/experimental/Ritonavir/YIGPIO10.cif,50,0.01370923314243555,0,nan,failed,False
tests/data/csd_families/VILGAC/VILGAC01.cif,tests/data/csd_families/VILGAC/VILGAC02.cif,75,0.038453711196780205,75,0.19185452324239735,full,False
tests/data/experimental/Ritonavir/YIGPIO07.cif,tests/data/experimental/Ritonavir/YIGPIO10.cif,75,0.017625048756599426,0,nan,failed,False
tests/data/csd_families/VILGAC/VILGAC01.cif,tests/data/csd_families/VILGAC/VILGAC02.cif,100,0.05046314559876919,100,0.20475583112635654,full,False
tests/data/experimental/Ritonavir/YIGPIO07.cif,tests/data/experimental/Ritonavir/YIGPIO10.cif,100,0.022097624838352203,0,nan,failed,False
tests/data/csd_families/VILGAC/VILGAC01.cif,tests/data/csd_families/VILGAC/VILGAC02.cif,150,0.08616218995302916,150,0.22460411265234428,full,False
tests/data/experimental/Ritonavir/YIGPIO07.cif,tests/data/experimental/Ritonavir/YIGPIO10.cif,150,0.039590450935065746,0,nan,failed,False
tests/data/csd_families/BACKOK/BACKOK01.cif,tests/data/csd_families/BACKOK/BACKOK02.cif,1,0.008039496839046478,1,0.031041106091490595,full,True
tests/data/csd_families/BACKOK/BACKOK01.cif,tests/data/csd_families/BACKOK/BACKOK02.cif,2,0.008774017915129662,2,0.0312562278732053,full,True
tests/data/csd_families/BACKOK/BACKOK01.cif,tests/data/csd_families/BACKOK/BACKOK02.cif,3,0.009339598938822746,3,0.0313098009877691,full,True
tests/data/csd_families/BACKOK/BACKOK01.cif,tests/data/csd_families/BACKOK/BACKOK02.cif,5,0.010369985364377499,5,0.0333506724099084,full,True
tests/data/csd_families/BACKOK/BACKOK01.cif,tests/data/csd_families/BACKOK/BACKOK02.cif,8,0.0113933514803648,8,0.033623313850751735,full,True
tests/data/csd_families/BACKOK/BACKOK01.cif,tests/data/csd_families/BACKOK/BACKOK02.cif,10,0.012948159128427505,10,0.033605061922125666,full,False
tests/data/csd_families/BACKOK/BACKOK01.cif,tests/data/csd_families/BACKOK/BACKOK02.cif,15,0.015041494742035866,15,0.033957268215995866,full,True
tests/data/csd_families/BACKOK/BACKOK01.cif,tests/data/csd_families/BACKOK/BACKOK02.cif,20,0.017965284176170826,20,0.03469310108824099,full,True
tests/data/csd_families/BACKOK/BACKOK01.cif,tests/data/csd_families/BACKOK/BACKOK02.cif,25,0.022517632693052292,25,0.03524641976996891,full,False
tests/data/csd_families/BACKOK/BACKOK01.cif,tests/data/csd_families/BACKOK/BACKOK02.cif,30,0.025850008241832256,30,0.03538981523961241,full,False
tests/data/csd_families/BACKOK/BACKOK01.cif,tests/data/csd_families/BACKOK/BACKOK02.cif,40,0.03452263493090868,40,0.03594764093270623,full,False
tests/data/csd_families/BACKOK/BACKOK01.cif,tests/data/csd_families/BACKOK/BACKOK02.cif,50,0.042388918809592724,50,0.03623402144001331,full,True
tests/data/csd_families/BACKOK/BACKOK01.cif,tests/data/csd_families/BACKOK/BACKOK02.cif,75,0.06773618888109922,75,0.03682814416301474,full,False
tests/data/csd_families/BACKOK/BACKOK01.cif,tests/data/csd_families/BACKOK/BACKOK02.cif,100,0.09664455708116293,100,0.03798981371531424,full,True
tests/data/csd_families/BACKOK/BACKOK01.cif,tests/data/csd_families/BACKOK/BACKOK02.cif,150,0.16318208537995815,150,0.03906933155905645,full,False
tests/data/csd_families/ALOCOW/ALOCOW01.cif,tests/data/csd_families/ALOCOW/ALOCOW03.cif,1,0.0037349145859479904,1,0.015084294595680305,full,False
tests/data/csd_families/ALOCOW/ALOCOW03.cif,tests/data/csd_families/ALOCOW/ALOCOW04.cif,1,0.0034604473039507866,1,0.06730179370370805,full,False
tests/data/csd_families/ALOCOW/ALOCOW01.cif,tests/data/csd_families/ALOCOW/ALOCOW03.cif,2,0.0037335343658924103,2,0.038953585132167526,full,False
tests/data/csd_families/ALOCOW/ALOCOW03.cif,tests/data/csd_families/ALOCOW/ALOCOW04.cif,2,0.0035085994750261307,1,0.06730179370370805,partial,False
tests/data/csd_families/ALOCOW/ALOCOW01.cif,tests/data/csd_families/ALOCOW/ALOCOW03.cif,3,0.003879895433783531,3,0.04028373222145727,full,False
tests/data/csd_families/ALOCOW/ALOCOW03.cif,tests/data/csd_families/ALOCOW/ALOCOW04.cif,3,0.004295282997190952,1,0.06730179370370805,failed,False
tests/data/csd_families/ALOCOW/ALOCOW01.cif,tests/data/csd_families/ALOCOW/ALOCOW03.cif,5,0.004903002642095089,5,0.06203620565175183,full,False
tests/data/csd_families/ALOCOW/ALOCOW03.cif,tests/data/csd_families/ALOCOW/ALOCOW04.cif,5,0.004614468663930893,3,0.11043961181396054,partial,False
tests/data/csd_families/ALOCOW/ALOCOW01.cif,tests/data/csd_families/ALOCOW/ALOCOW03.cif,8,0.005725107155740261,8,0.06546236296854774,full,False
tests/data/csd_families/ALOCOW/ALOCOW03.cif,tests/data/csd_families/ALOCOW/ALOCOW04.cif,8,0.004768890328705311,3,0.11043961181396054,failed,False
tests/data/csd_families/ALOCOW/ALOCOW01.cif,tests/data/csd_families/ALOCOW/ALOCOW03.cif,10,0.006179004907608032,10,0.06785972295578672,full,False
tests/data/csd_families/ALOCOW/ALOCOW03.cif,tests/data/csd_families/ALOCOW/ALOCOW04.cif,10,0.004967633634805679,3,0.11043961181396054,failed,False
tests/data/csd_families/ALOCOW/ALOCOW01.cif,tests/data/csd_families/ALOCOW/ALOCOW03.cif,15,0.00661633163690567,15,0.08601139912707548,full,False
tests/data/csd_families/ALOCOW/ALOCOW03.cif,tests/data/csd_families/ALOCOW/ALOCOW04.cif,15,0.004928452894091606,3,0.11043961181396054,failed,False
tests/data/csd_families/ALOCOW/ALOCOW01.cif,tests/data/csd_families/ALOCOW/ALOCOW03.cif,20,0.00800656620413065,20,0.0945466372984752,full,False
tests/data/csd_families/ALOCOW/ALOCOW03.cif,tests/data/csd_families/ALOCOW/ALOCOW04.cif,20,0.006429828703403473,3,0.11043961181396054,failed,False
tests/data/csd_families/ALOCOW/ALOCOW01.cif,tests/data/csd_families/ALOCOW/ALOCOW03.cif,25,0.00993665773421526,25,0.10211697260585596,full,False
tests/data/csd_families/ALOCOW/ALOCOW03.cif,tests/data/csd_families/ALOCOW/ALOCOW04.cif,25,0.006355617195367813,3,0.11043961181396054,failed,False
tests/data/csd_families/ALOCOW/ALOCOW01.cif,tests/data/csd_families/ALOCOW/ALOCOW03.cif,30,0.010873354971408844,30,0.10115087741812429,full,False
tests/data/csd_families/ALOCOW/ALOCOW03.cif,tests/data/csd_families/ALOCOW/ALOCOW04.cif,30,0.007130280137062073,3,0.11043961181396054,failed,False
tests/data/csd_families/ALOCOW/ALOCOW01.cif,tests/data/csd_families/ALOCOW/ALOCOW03.cif,40,0.014123189263045788,40,0.11429247328859783,full,False
tests/data/csd_families/ALOCOW/ALOCOW03.cif,tests/data/csd_families/ALOCOW/ALOCOW04.cif,40,0.008839898742735386,5,0.19695230396193497,failed,False
tests/data/csd_families/ALOCOW/ALOCOW01.cif,tests/data/csd_families/ALOCOW/ALOCOW03.cif,50,0.016689072363078594,50,0.12463701969294963,full,False
tests/data/csd_families/ALOCOW/ALOCOW03.cif,tests/data/csd_families/ALOCOW/ALOCOW04.cif,50,0.010153782553970814,5,0.19695230396193497,failed,False
tests/data/csd_families/ALOCOW/ALOCOW01.cif,tests/data/csd_families/ALOCOW/ALOCOW03.cif,75,0.028115957044065,75,0.13656597527143727,full,False
tests/data/csd_families/ALOCOW/ALOCOW03.cif,tests/data/csd_families/ALOCOW/ALOCOW04.cif,75,0.01781259197741747,9,0.2449468191924784,failed,False
tests/data/csd_families/ALOCOW/ALOCOW01.cif,tests/data/csd_families/ALOCOW/ALOCOW03.cif,100,0.03559336345642805,100,0.14856710801540315,full,False
tests/data/csd_families/ALOCOW/ALOCOW03.cif,tests/data/csd_families/ALOCOW/ALOCOW04.cif,100,0.0237876633182168,9,0.2449468191924784,failed,False
tests/data/csd_families/ALOCOW/ALOCOW01.cif,tests/data/csd_families/ALOCOW/ALOCOW03.cif,150,0.0663310345262289,150,0.16704762340147422,full,False
tests/data/csd_families/ALOCOW/ALOCOW03.cif,tests/data/csd_families/ALOCOW/ALOCOW04.cif,150,0.04775280877947807,13,0.6518001508558079,failed,True
tests/data/csd_families/IYEBUJ/IYEBUJ02.cif,tests/data/csd_families/IYEBUJ/IYEBUJ03.cif,1,0.007316034287214279,1,0.07650269864315448,full,True
tests/data/csd_families/IYEBUJ/IYEBUJ02.cif,tests/data/csd_families/IYEBUJ/IYEBUJ03.cif,2,0.007864522747695446,2,0.09044200279690433,full,True
tests/data/csd_families/IYEBUJ/IYEBUJ02.cif,tests/data/csd_families/IYEBUJ/IYEBUJ03.cif,3,0.008045937865972519,3,0.11919023740478472,full,True
tests/data/csd_families/IYEBUJ/IYEBUJ02.cif,tests/data/csd_families/IYEBUJ/IYEBUJ03.cif,5,0.008716738782823086,5,0.15446243002225282,full,True
tests/data/csd_families/IYEBUJ/IYEBUJ02.cif,tests/data/csd_families/IYEBUJ/IYEBUJ03.cif,8,0.009186645038425922,8,0.15801320456175252,full,True
tests/data/csd_families/IYEBUJ/IYEBUJ02.cif,tests/data/csd_families/IYEBUJ/IYEBUJ03.cif,10,0.010059659369289875,10,0.15732680686007938,full,True
tests/data/csd_families/IYEBUJ/IYEBUJ02.cif,tests/data/csd_families/IYEBUJ/IYEBUJ03.cif,15,0.011399812996387482,15,0.1646966389719849,full,True
tests/data/csd_families/IYEBUJ/IYEBUJ02.cif,tests/data/csd_families/IYEBUJ/IYEBUJ03.cif,20,0.013182763941586018,20,0.17501751272417,full,True
tests/data/csd_families/IYEBUJ/IYEBUJ02.cif,tests/data/csd_families/IYEBUJ/IYEBUJ03.cif,25,0.014961093664169312,25,0.19710504757067704,full,True
tests/data/csd_families/IYEBUJ/IYEBUJ02.cif,tests/data/csd_families/IYEBUJ/IYEBUJ03.cif,30,0.01765519753098488,30,0.2091157655187314,full,True
tests/data/csd_families/IYEBUJ/IYEBUJ02.cif,tests/data/csd_families/IYEBUJ/IYEBUJ03.cif,40,0.021861299872398376,40,0.2377289723612211,full,True
tests/data/csd_families/IYEBUJ/IYEBUJ02.cif,tests/data/csd_families/IYEBUJ/IYEBUJ03.cif,50,0.025935349985957146,50,0.2505531792413793,full,True
tests/data/csd_families/IYEBUJ/IYEBUJ02.cif,tests/data/csd_families/IYEBUJ/IYEBUJ03.cif,75,0.03798644430935383,75,0.2779063063419516,full,True
tests/data/csd_families/IYEBUJ/IYEBUJ02.cif,tests/data/csd_families/IYEBUJ/IYEBUJ03.cif,100,0.05475338734686375,100,0.2858063231702074,full,True
tests/data/csd_families/IYEBUJ/IYEBUJ02.cif,tests/data/csd_families/IYEBUJ/IYEBUJ03.cif,150,0.08908000960946083,150,0.32807324773152524,full,True
tests/data/csd_families/NIRJAA/NIRJAA03.cif,tests/data/csd_families/NIRJAA/NIRJAA04.cif,1,0.0030690720304846764,1,0.01818846240066473,full,False
tests/data/csd_families/NIRJAA/NIRJAA03.cif,tests/data/csd_families/NIRJAA/NIRJAA04.cif,2,0.0031456928700208664,2,0.027108544734116103,full,False
tests/data/csd_families/NIRJAA/NIRJAA03.cif,tests/data/csd_families/NIRJAA/NIRJAA04.cif,3,0.0031868545338511467,3,0.04459627658215575,full,False
tests/data/csd_families/NIRJAA/NIRJAA03.cif,tests/data/csd_families/NIRJAA/NIRJAA04.cif,5,0.0036329710856080055,5,0.054296908267030326,full,False
tests/data/csd_families/NIRJAA/NIRJAA03.cif,tests/data/csd_families/NIRJAA/NIRJAA04.cif,8,0.004819721914827824,8,0.0628007159272438,full,False
tests/data/csd_families/NIRJAA/NIRJAA03.cif,tests/data/csd_families/NIRJAA/NIRJAA04.cif,10,0.004232332110404968,10,0.07548154290319323,full,False
tests/data/csd_families/NIRJAA/NIRJAA03.cif,tests/data/csd_families/NIRJAA/NIRJAA04.cif,15,0.004541747272014618,15,0.078839101757314,full,False
tests/data/csd_families/NIRJAA/NIRJAA03.cif,tests/data/csd_families/NIRJAA/NIRJAA04.cif,20,0.005078956484794617,20,0.08963892275893294,full,False
tests/data/csd_families/NIRJAA/NIRJAA03.cif,tests/data/csd_families/NIRJAA/NIRJAA04.cif,25,0.0057044364511966705,25,0.10413773761964262,full,False
tests/data/csd_families/NIRJAA/NIRJAA03.cif,tests/data/csd_families/NIRJAA/NIRJAA04.cif,30,0.007092529907822609,30,0.10819257447386972,full,False
tests/data/csd_families/NIRJAA/NIRJAA03.cif,tests/data/csd_families/NIRJAA/NIRJAA04.cif,40,0.009180055931210518,40,0.11575383943158264,full,False
tests/data/csd_families/NIRJAA/NIRJAA03.cif,tests/data/csd_families/NIRJAA/NIRJAA04.cif,50,0.009929218329489231,50,0.12829743714343134,full,False
tests/data/csd_families/NIRJAA/NIRJAA03.cif,tests/data/csd_families/NIRJAA/NIRJAA04.cif,75,0.013836903497576714,75,0.14370969813783918,full,False
tests/data/csd_families/NIRJAA/NIRJAA03.cif,tests/data/csd_families/NIRJAA/NIRJAA04.cif,100,0.019430109299719334,100,0.15455353944243932,full,False
tests/data/csd_families/NIRJAA/NIRJAA03.cif,tests/data/csd_families/NIRJAA/NIRJAA04.cif,150,0.035397451370954514,150,0.18528067377113905,full,False
tests/data/csd_families/OFESAL/OFESAL.cif,tests/data/csd_families/OFESAL/OFESAL04.cif,1,0.005988322198390961,0,nan,failed,False
tests/data/csd_families/QAHVIE/QAHVIE01.cif,tests/data/csd_families/QAHVIE/QAHVIE12.cif,1,0.00629044696688652,1,0.3062199938934748,full,False
tests/data/csd_families/OFESAL/OFESAL.cif,tests/data/csd_families/OFESAL/OFESAL04.cif,2,0.005989160388708115,0,nan,failed,False
tests/data/csd_families/QAHVIE/QAHVIE01.cif,tests/data/csd_families/QAHVIE/QAHVIE12.cif,2,0.006428909488022327,1,0.3062199938934748,partial,False
tests/data/csd_families/OFESAL/OFESAL.cif,tests/data/csd_families/OFESAL/OFESAL04.cif,3,0.006127714179456234,0,nan,failed,False
tests/data/csd_families/QAHVIE/QAHVIE01.cif,tests/data/csd_families/QAHVIE/QAHVIE12.cif,3,0.006939226761460304,1,0.3062199938934748,failed,False
tests/data/csd_families/OFESAL/OFESAL.cif,tests/data/csd_families/OFESAL/OFESAL04.cif,5,0.00653471052646637,0,nan,failed,False
tests/data/csd_families/QAHVIE/QAHVIE01.cif,tests/data/csd_families/QAHVIE/QAHVIE12.cif,5,0.007029379718005657,1,0.3062199938934748,failed,False
tests/data/csd_families/OFESAL/OFESAL.cif,tests/data/csd_families/OFESAL/OFESAL04.cif,8,0.006261806003749371,0,nan,failed,False
tests/data/csd_families/QAHVIE/QAHVIE01.cif,tests/data/csd_families/QAHVIE/QAHVIE12.cif,8,0.0071448711678385735,1,0.3062199938934748,failed,False
tests/data/csd_families/OFESAL/OFESAL.cif,tests/data/csd_families/OFESAL/OFESAL04.cif,10,0.00691398698836565,0,nan,failed,False
tests/data/csd_families/QAHVIE/QAHVIE01.cif,tests/data/csd_families/QAHVIE/QAHVIE12.cif,10,0.007565057836472988,1,0.3062199938934748,failed,False
tests/data/csd_families/OFESAL/OFESAL.cif,tests/data/csd_families/OFESAL/OFESAL04.cif,15,0.0073117539286613464,0,nan,failed,False
tests/data/csd_families/QAHVIE/QAHVIE01.cif,tests/data/csd_families/QAHVIE/QAHVIE12.cif,15,0.007276793941855431,1,0.3062199938934748,failed,False
tests/data/csd_families/OFESAL/OFESAL.cif,tests/data/csd_families/OFESAL/OFESAL04.cif,20,0.007801932282745838,0,nan,failed,False
tests/data/csd_families/QAHVIE/QAHVIE01.cif,tests/data/csd_families/QAHVIE/QAHVIE12.cif,20,0.008593755774199963,1,0.3062199938934748,failed,False
tests/data/csd_families/OFESAL/OFESAL.cif,tests/data/csd_families/OFESAL/OFESAL04.cif,25,0.009333648718893528,0,nan,failed,False
tests/data/csd_families/QAHVIE/QAHVIE01.cif,tests/data/csd_families/QAHVIE/QAHVIE12.cif,25,0.008816399611532688,1,0.3062199938934748,failed,False
tests/data/csd_families/OFESAL/OFESAL.cif,tests/data/csd_families/OFESAL/OFESAL04.cif,30,0.010242762975394726,0,nan,failed,False
tests/data/csd_families/QAHVIE/QAHVIE01.cif,tests/data/csd_families/QAHVIE/QAHVIE12.cif,30,0.009509832598268986,1,0.3062199938934748,failed,False
tests/data/csd_families/OFESAL/OFESAL.cif,tests/data/csd_families/OFESAL/OFESAL04.cif,40,0.012388349510729313,0,nan,failed,False
tests/data/csd_families/QAHVIE/QAHVIE01.cif,tests/data/csd_families/QAHVIE/QAHVIE12.cif,40,0.012783316895365715,1,0.3062199938934748,failed,False
tests/data/csd_families/OFESAL/OFESAL.cif,tests/data/csd_families/OFESAL/OFESAL04.cif,50,0.014529425650835037,0,nan,failed,False
tests/data/csd_families/QAHVIE/QAHVIE01.cif,tests/data/csd_families/QAHVIE/QAHVIE12.cif,50,0.016449288465082645,1,0.3062199938934748,failed,False
tests/data/csd_families/OFESAL/OFESAL.cif,tests/data/csd_families/OFESAL/OFESAL04.cif,75,0.022860107012093067,0,nan,failed,False
tests/data/csd_families/QAHVIE/QAHVIE01.cif,tests/data/csd_families/QAHVIE/QAHVIE12.cif,75,0.02559513319283724,1,0.3062199938934748,failed,False
tests/data/csd_families/OFESAL/OFESAL.cif,tests/data/csd_families/OFESAL/OFESAL04.cif,100,0.03570490516722202,0,nan,failed,False
tests/data/csd_families/QAHVIE/QAHVIE01.cif,tests/data/csd_families/QAHVIE/QAHVIE12.cif,100,0.032392279244959354,1,0.3062199938934748,failed,False
tests/data/csd_families/OFESAL/OFESAL.cif,tests/data/csd_families/OFESAL/OFESAL04.cif,150,0.059597909450531006,0,nan,failed,False
tests/data/csd_families/QAHVIE/QAHVIE01.cif,tests/data/csd_families/QAHVIE/QAHVIE12.cif,150,0.05536037776619196,1,0.3062199938934748,failed,False
tests/data/csd_families/CIKLOZ/CIKLOZ.cif,tests/data/csd_families/CIKLOZ/CIKLOZ02.cif,1,0.004487206228077412,1,0.009938284615499367,full,False
tests/data/csd_families/CIKLOZ/CIKLOZ.cif,tests/data/csd_families/CIKLOZ/CIKLOZ02.cif,2,0.004823352210223675,2,0.013784667324660606,full,False
tests/data/csd_families/CIKLOZ/CIKLOZ.cif,tests/data/csd_families/CIKLOZ/CIKLOZ02.cif,3,0.005254148505628109,3,0.03674285153254263,full,False
tests/data/csd_families/CIKLOZ/CIKLOZ.cif,tests/data/csd_families/CIKLOZ/CIKLOZ02.cif,5,0.005854948423802853,5,0.045753757877110036,full,False
tests/data/csd_families/CIKLOZ/CIKLOZ.cif,tests/data/csd_families/CIKLOZ/CIKLOZ02.cif,8,0.006592262536287308,8,0.046212627708759196,full,False
tests/data/csd_families/CIKLOZ/CIKLOZ.cif,tests/data/csd_families/CIKLOZ/CIKLOZ02.cif,10,0.008061227388679981,10,0.0522028044124238,full,False
tests/data/csd_families/CIKLOZ/CIKLOZ.cif,tests/data/csd_families/CIKLOZ/CIKLOZ02.cif,15,0.009751005098223686,15,0.05358955777857458,full,False
tests/data/csd_families/CIKLOZ/CIKLOZ.cif,tests/data/csd_families/CIKLOZ/CIKLOZ02.cif,20,0.010180042125284672,20,0.06726570575523962,full,False
tests/data/csd_families/CIKLOZ/CIKLOZ.cif,tests/data/csd_families/CIKLOZ/CIKLOZ02.cif,25,0.012058494612574577,25,0.07277457110672467,full,False
tests/data/csd_families/CIKLOZ/CIKLOZ.cif,tests/data/csd_families/CIKLOZ/CIKLOZ02.cif,30,0.014289072714745998,30,0.08449564535031864,full,False
tests/data/csd_families/CIKLOZ/CIKLOZ.cif,tests/data/csd_families/CIKLOZ/CIKLOZ02.cif,40,0.018411501310765743,40,0.08690432048680559,full,False
tests/data/csd_families/CIKLOZ/CIKLOZ.cif,tests/data/csd_families/CIKLOZ/CIKLOZ02.cif,50,0.022697364911437035,50,0.0985766422816334,full,False
tests/data/csd_families/CIKLOZ/CIKLOZ.cif,tests/data/csd_families/CIKLOZ/CIKLOZ02.cif,75,0.03671311121433973,75,0.11821806663303912,full,False
tests/data/csd_families/CIKLOZ/CIKLOZ.cif,tests/data/csd_families/CIKLOZ/CIKLOZ02.cif,100,0.06297805812209845,100,0.1422593638691651,full,False
tests/data/csd_families/CIKLOZ/CIKLOZ.cif,tests/data/csd_families/CIKLOZ/CIKLOZ02.cif,150,0.11303876433521509,150,0.15787552657131115,full,False
tests/data/experimental/ROY/QAXMEH28.cif,tests/data/experimental/ROY/ROY_Y19.cif,1,0.002696344628930092,1,0.6653702060045035,full,False
tests/data/experimental/ROY/QAXMEH90_O22.cif,tests/data/experimental/ROY/Y04.cif,1,0.002574353478848934,1,0.3387682438739997,full,True
tests/data/csd_families/PDHTEZ/PDHTEZ01.cif,tests/data/csd_families/PDHTEZ/PDHTEZ04.cif,1,0.004246561788022518,1,0.24353781230286897,full,False
tests/data/experimental/ROY/QAXMEH27.cif,tests/data/experimental/ROY/Y04.cif,1,0.002150917425751686,1,0.4604326148325814,full,False
tests/data/experimental/ROY/QAXMEH26.cif,tests/data/experimental/ROY/YT04.cif,1,0.002384680323302746,0,nan,failed,False
tests/data/experimental/ROY/QAXMEH26.cif,tests/data/experimental/ROY/QAXMEH90_O22.cif,1,0.0028282376006245613,1,0.3590567267861,full,False
tests/data/experimental/ROY/Y04.cif,tests/data/experimental/ROY/mrp180010_fa.cif,1,0.003379097208380699,0,nan,failed,False
tests/data/experimental/ROY/ROY_R05.cif,tests/data/experimental/ROY/Y04.cif,1,0.00412128958851099,1,0.46975467224995143,full,False
tests/data/experimental/ROY/QAXMEH28.cif,tests/data/experimental/ROY/QAXMEH90_O22.cif,1,0.0022618379443883896,1,0.7547727481449648,full,True
tests/data/experimental/ROY/QAXMEH24.cif,tests/data/experimental/ROY/QAXMEH28.cif,1,0.002979770302772522,1,0.7624562611918408,full,False
tests/data/experimental/ROY/Y04.cif,tests/data/experimental/ROY/YT04.cif,1,0.0024395110085606575,1,0.44432859204109715,full,False
tests/data/experimental/ROY/QAXMEH26.cif,tests/data/experimental/ROY/ROY_Y19.cif,1,0.0025656241923570633,1,0.44352073590653873,full,True
tests/data/csd_families/PDHTEZ/PDHTEZ01.cif,tests/data/csd_families/PDHTEZ/PDHTEZ02.cif,1,0.0043054623529314995,1,0.24320691939742625,full,True
tests/data/csd_families/PDHTEZ/PDHTEZ.cif,tests/data/csd_families/PDHTEZ/PDHTEZ01.cif,1,0.003868674859404564,1,0.24372209099806716,full,False
tests/data/experimental/ROY/QAXMEH28.cif,tests/data/experimental/ROY/ROY_Y19.cif,2,0.0029664114117622375,1,0.6653702060045035,partial,False
tests/data/experimental/ROY/QAXMEH90_O22.cif,tests/data/experimental/ROY/Y04.cif,2,0.0028576795011758804,1,0.3387682438739997,partial,True
tests/data/csd_families/PDHTEZ/PDHTEZ01.cif,tests/data/csd_families/PDHTEZ/PDHTEZ04.cif,2,0.004472346045076847,1,0.24353781230286897,partial,False
tests/data/experimental/ROY/QAXMEH27.cif,tests/data/experimental/ROY/Y04.cif,2,0.002385520376265049,1,0.4604326148325814,partial,False
tests/data/experimental/ROY/QAXMEH26.cif,tests/data/experimental/ROY/YT04.cif,2,0.002463262528181076,0,nan,failed,False
tests/data/experimental/ROY/QAXMEH26.cif,tests/data/experimental/ROY/QAXMEH90_O22.cif,2,0.002004263922572136,1,0.3590567267861,partial,False
tests/data/experimental/ROY/Y04.cif,tests/data/experimental/ROY/mrp180010_fa.cif,2,0.003752053715288639,0,nan,failed,False
tests/data/experimental/ROY/ROY_R05.cif,tests/data/experimental/ROY/Y04.cif,2,0.004529726691544056,1,0.46975467224995143,partial,False
tests/data/experimental/ROY/QAXMEH28.cif,tests/data/experimental/ROY/QAXMEH90_O22.cif,2,0.002593994140625,1,0.7547727481449648,partial,True
tests/data/experimental/ROY/QAXMEH24.cif,tests/data/experimental/ROY/QAXMEH28.cif,2,0.0029197391122579575,1,0.7624562611918408,partial,False
tests/data/experimental/ROY/Y04.cif,tests/data/experimental/ROY/YT04.cif,2,0.0017809802666306496,1,0.44432859204109715,partial,False
tests/data/experimental/ROY/QAXMEH26.cif,tests/data/experimental/ROY/ROY_Y19.cif,2,0.00291609950363636,1,0.44352073590653873,partial,True
tests/data/csd_families/PDHTEZ/PDHTEZ01.cif,tests/data/csd_families/PDHTEZ/PDHTEZ02.cif,2,0.004509136080741882,1,0.24320691939742625,partial,True
tests/data/csd_families/PDHTEZ/PDHTEZ.cif,tests/data/csd_families/PDHTEZ/PDHTEZ01.cif,2,0.004103350453078747,1,0.24372209099806716,partial,False
tests/data/experimental/ROY/QAXMEH28.cif,tests/data/experimental/ROY/ROY_Y19.cif,3,0.0032929759472608566,1,0.6653702060045035,failed,False
tests/data/experimental/ROY/QAXMEH90_O22.cif,tests/data/experimental/ROY/Y04.cif,3,0.0029901107773184776,1,0.3387682438739997,failed,True
tests/data/csd_families/PDHTEZ/PDHTEZ01.cif,tests/data/csd_families/PDHTEZ/PDHTEZ04.cif,3,0.00461419764906168,1,0.24353781230286897,failed,False
tests/data/experimental/ROY/QAXMEH27.cif,tests/data/experimental/ROY/Y04.cif,3,0.002861538901925087,1,0.4604326148325814,failed,False
tests/data/experimental/ROY/QAXMEH26.cif,tests/data/experimental/ROY/YT04.cif,3,0.0026655755937099457,0,nan,failed,False
tests/data/experimental/ROY/QAXMEH26.cif,tests/data/experimental/ROY/QAXMEH90_O22.cif,3,0.002456831745803356,1,0.3590567267861,failed,False
tests/data/experimental/ROY/Y04.cif,tests/data/experimental/ROY/mrp180010_fa.cif,3,0.003695942461490631,0,nan,failed,False
tests/data/experimental/ROY/ROY_R05.cif,tests/data/experimental/ROY/Y04.cif,3,0.0045392876490950584,1,0.46975467224995143,failed,False
tests/data/experimental/ROY/QAXMEH28.cif,tests/data/experimental/ROY/QAXMEH90_O22.cif,3,0.002783128060400486,1,0.7547727481449648,failed,True
tests/data/experimental/ROY/QAXMEH24.cif,tests/data/experimental/ROY/QAXMEH28.cif,3,0.0035341596230864525,1,0.7624562611918408,failed,False
tests/data/experimental/ROY/Y04.cif,tests/data/experimental/ROY/YT04.cif,3,0.002378590404987335,1,0.44432859204109715,failed,False
tests/data/experimental/ROY/QAXMEH26.cif,tests/data/experimental/ROY/ROY_Y19.cif,3,0.003053051419556141,1,0.44352073590653873,failed,True
tests/data/csd_families/PDHTEZ/PDHTEZ01.cif,tests/data/csd_families/PDHTEZ/PDHTEZ02.cif,3,0.004558936692774296,1,0.24320691939742625,failed,True
tests/data/csd_families/PDHTEZ/PDHTEZ.cif,tests/data/csd_families/PDHTEZ/PDHTEZ01.cif,3,0.0041807908564805984,1,0.24372209099806716,failed,False
tests/data/experimental/ROY/QAXMEH28.cif,tests/data/experimental/ROY/ROY_Y19.cif,5,0.0032404856756329536,1,0.6653702060045035,failed,False
tests/data/experimental/ROY/QAXMEH90_O22.cif,tests/data/experimental/ROY/Y04.cif,5,0.002929059788584709,1,0.3387682438739997,failed,True
tests/data/csd_families/PDHTEZ/PDHTEZ01.cif,tests/data/csd_families/PDHTEZ/PDHTEZ04.cif,5,0.0046050576493144035,1,0.24353781230286897,failed,False
tests/data/experimental/ROY/QAXMEH27.cif,tests/data/experimental/ROY/Y04.cif,5,0.002828488126397133,1,0.4604326148325814,failed,False
tests/data/experimental/ROY/QAXMEH26.cif,tests/data/experimental/ROY/YT04.cif,5,0.002683725208044052,0,nan,failed,False
tests/data/experimental/ROY/QAXMEH26.cif,tests/data/experimental/ROY/QAXMEH90_O22.cif,5,0.0027126753702759743,1,0.3590567267861,failed,False
tests/data/experimental/ROY/Y04.cif,tests/data/experimental/ROY/mrp180010_fa.cif,5,0.003805164247751236,0,nan,failed,False
tests/data/experimental/ROY/ROY_R05.cif,tests/data/experimental/ROY/Y04.cif,5,0.0043432340025901794,1,0.46975467224995143,failed,False
tests/data/experimental/ROY/QAXMEH28.cif,tests/data/experimental/ROY/QAXMEH90_O22.cif,5,0.003192565403878689,1,0.7547727481449648,failed,True
tests/data/experimental/ROY/QAXMEH24.cif,tests/data/experimental/ROY/QAXMEH28.cif,5,0.003696341998875141,1,0.7624562611918408,failed,False
tests/data/experimental/ROY/Y04.cif,tests/data/experimental/ROY/YT04.cif,5,0.0026200953871011734,1,0.44432859204109715,failed,False
tests/data/experimental/ROY/QAXMEH26.cif,tests/data/experimental/ROY/ROY_Y19.cif,5,0.0030372710898518562,1,0.44352073590653873,failed,True
tests/data/csd_families/PDHTEZ/PDHTEZ01.cif,tests/data/csd_families/PDHTEZ/PDHTEZ02.cif,5,0.004406425170600414,1,0.24320691939742625,failed,True
tests/data/csd_families/PDHTEZ/PDHTEZ.cif,tests/data/csd_families/PDHTEZ/PDHTEZ01.cif,5,0.004577397368848324,1,0.24372209099806716,failed,False
tests/data/experimental/ROY/QAXMEH28.cif,tests/data/experimental/ROY/ROY_Y19.cif,8,0.003596981056034565,1,0.6653702060045035,failed,False
tests/data/experimental/ROY/QAXMEH90_O22.cif,tests/data/experimental/ROY/Y04.cif,8,0.002920239232480526,1,0.3387682438739997,failed,True
tests/data/csd_families/PDHTEZ/PDHTEZ01.cif,tests/data/csd_families/PDHTEZ/PDHTEZ04.cif,8,0.004628488793969154,1,0.24353781230286897,failed,False
tests/data/experimental/ROY/QAXMEH27.cif,tests/data/experimental/ROY/Y04.cif,8,0.0029031895101070404,1,0.4604326148325814,failed,False
tests/data/experimental/ROY/QAXMEH26.cif,tests/data/experimental/ROY/YT04.cif,8,0.003031661733984947,0,nan,failed,False
tests/data/experimental/ROY/QAXMEH26.cif,tests/data/experimental/ROY/QAXMEH90_O22.cif,8,0.0028583481907844543,1,0.3590567267861,failed,False
tests/data/experimental/ROY/Y04.cif,tests/data/experimental/ROY/mrp180010_fa.cif,8,0.004282493144273758,0,nan,failed,False
tests/data/experimental/ROY/ROY_R05.cif,tests/data/experimental/ROY/Y04.cif,8,0.004889883100986481,1,0.46975467224995143,failed,False
tests/data/experimental/ROY/QAXMEH28.cif,tests/data/experimental/ROY/QAXMEH90_O22.cif,8,0.0030128713697195053,1,0.7547727481449648,failed,True
tests/data/experimental/ROY/QAXMEH24.cif,tests/data/experimental/ROY/QAXMEH28.cif,8,0.004211242310702801,1,0.7624562611918408,failed,False
tests/data/experimental/ROY/Y04.cif,tests/data/experimental/ROY/YT04.cif,8,0.002978869713842869,1,0.44432859204109715,failed,False
tests/data/experimental/ROY/QAXMEH26.cif,tests/data/experimental/ROY/ROY_Y19.cif,8,0.003321826457977295,1,0.44352073590653873,failed,True
tests/data/csd_families/PDHTEZ/PDHTEZ01.cif,tests/data/csd_families/PDHTEZ/PDHTEZ02.cif,8,0.004780980758368969,1,0.24320691939742625,failed,True
tests/data/csd_families/PDHTEZ/PDHTEZ.cif,tests/data/csd_families/PDHTEZ/PDHTEZ01.cif,8,0.004509906284511089,1,0.24372209099806716,failed,False
tests/data/experimental/ROY/QAXMEH28.cif,tests/data/experimental/ROY/ROY_Y19.cif,10,0.0035637905821204185,1,0.6653702060045035,failed,False
tests/data/experimental/ROY/QAXMEH90_O22.cif,tests/data/experimental/ROY/Y04.cif,10,0.0027116965502500534,2,0.5361141084587666,failed,True
tests/data/csd_families/PDHTEZ/PDHTEZ01.cif,tests/data/csd_families/PDHTEZ/PDHTEZ04.cif,10,0.004745719954371452,1,0.24353781230286897,failed,False
tests/data/experimental/ROY/QAXMEH27.cif,tests/data/experimental/ROY/Y04.cif,10,0.0025519737973809242,1,0.4604326148325814,failed,False
tests/data/experimental/ROY/QAXMEH26.cif,tests/data/experimental/ROY/YT04.cif,10,0.00254796352237463,0,nan,failed,False
tests/data/experimental/ROY/QAXMEH26.cif,tests/data/experimental/ROY/QAXMEH90_O22.cif,10,0.0032762549817562103,1,0.3590567267861,failed,False
tests/data/experimental/ROY/Y04.cif,tests/data/experimental/ROY/mrp180010_fa.cif,10,0.00401407852768898,0,nan,failed,False
tests/data/experimental/ROY/ROY_R05.cif,tests/data/experimental/ROY/Y04.cif,10,0.004852281883358955,1,0.46975467224995143,failed,False
tests/data/experimental/ROY/QAXMEH28.cif,tests/data/experimental/ROY/QAXMEH90_O22.cif,10,0.0033199870958924294,1,0.7547727481449648,failed,True
tests/data/experimental/ROY/QAXMEH24.cif,tests/data/experimental/ROY/QAXMEH28.cif,10,0.0031927544623613358,1,0.7624562611918408,failed,False
tests/data/experimental/ROY/Y04.cif,tests/data/experimental/ROY/YT04.cif,10,0.0029669804498553276,2,0.49222425637160816,failed,False
tests/data/experimental/ROY/QAXMEH26.cif,tests/data/experimental/ROY/ROY_Y19.cif,10,0.003067461773753166,1,0.44352073590653873,failed,True
tests/data/csd_families/PDHTEZ/PDHTEZ01.cif,tests/data/csd_families/PDHTEZ/PDHTEZ02.cif,10,0.00466516986489296,1,0.24320691939742625,failed,True
tests/data/csd_families/PDHTEZ/PDHTEZ.cif,tests/data/csd_families/PDHTEZ/PDHTEZ01.cif,10,0.004709550179541111,1,0.24372209099806716,failed,False
tests/data/experimental/ROY/QAXMEH28.cif,tests/data/experimental/ROY/ROY_Y19.cif,15,0.004009038209915161,1,0.6653702060045035,failed,False
tests/data/experimental/ROY/QAXMEH90_O22.cif,tests/data/experimental/ROY/Y04.cif,15,0.0034081880003213882,3,0.5435006558728777,failed,True
tests/data/csd_families/PDHTEZ/PDHTEZ01.cif,tests/data/csd_families/PDHTEZ/PDHTEZ04.cif,15,0.005340299569070339,1,0.24353781230286897,failed,False
tests/data/experimental/ROY/QAXMEH27.cif,tests/data/experimental/ROY/Y04.cif,15,0.0028467876836657524,1,0.4604326148325814,failed,False
tests/data/experimental/ROY/QAXMEH26.cif,tests/data/experimental/ROY/YT04.cif,15,0.0029507800936698914,0,nan,failed,False
tests/data/experimental/ROY/QAXMEH26.cif,tests/data/experimental/ROY/QAXMEH90_O22.cif,15,0.0027652569115161896,2,0.37821573367422234,failed,False
tests/data/experimental/ROY/Y04.cif,tests/data/experimental/ROY/mrp180010_fa.cif,15,0.004778530448675156,0,nan,failed,False
tests/data/experimental/ROY/ROY_R05.cif,tests/data/experimental/ROY/Y04.cif,15,0.005292369984090328,1,0.46975467224995143,failed,False
tests/data/experimental/ROY/QAXMEH28.cif,tests/data/experimental/ROY/QAXMEH90_O22.cif,15,0.0034262780100107193,1,0.7547727481449648,failed,True
tests/data/experimental/ROY/QAXMEH24.cif,tests/data/experimental/ROY/QAXMEH28.cif,15,0.003691352903842926,1,0.7624562611918408,failed,False
tests/data/experimental/ROY/Y04.cif,tests/data/experimental/ROY/YT04.cif,15,0.0022767474874854088,2,0.49222425637160816,failed,False
tests/data/experimental/ROY/QAXMEH26.cif,tests/data/experimental/ROY/ROY_Y19.cif,15,0.003915086388587952,1,0.44352073590653873,failed,True
tests/data/csd_families/PDHTEZ/PDHTEZ01.cif,tests/data/csd_families/PDHTEZ/PDHTEZ02.cif,15,0.005043636076152325,1,0.24320691939742625,failed,True
tests/data/csd_families/PDHTEZ/PDHTEZ.cif,tests/data/csd_families/PDHTEZ/PDHTEZ01.cif,15,0.004897993057966232,1,0.24372209099806716,failed,False
tests/data/experimental/ROY/QAXMEH28.cif,tests/data/experimental/ROY/ROY_Y19.cif,20,0.004231251776218414,1,0.6653702060045035,failed,False
tests/data/experimental/ROY/QAXMEH90_O22.cif,tests/data/experimental/ROY/Y04.cif,20,0.0036132214590907097,4,0.6777201121053477,failed,True
tests/data/csd_families/PDHTEZ/PDHTEZ01.cif,tests/data/csd_families/PDHTEZ/PDHTEZ04.cif,20,0.005862738937139511,1,0.24353781230286897,failed,False
tests/data/experimental/ROY/QAXMEH27.cif,tests/data/experimental/ROY/Y04.cif,20,0.0032842056825757027,1,0.4604326148325814,failed,False
tests/data/experimental/ROY/QAXMEH26.cif,tests/data/experimental/ROY/YT04.cif,20,0.0032591260969638824,0,nan,failed,False
tests/data/experimental/ROY/QAXMEH26.cif,tests/data/experimental/ROY/QAXMEH90_O22.cif,20,0.0032101431861519814,2,0.37821573367422234,failed,False
tests/data/experimental/ROY/Y04.cif,tests/data/experimental/ROY/mrp180010_fa.cif,20,0.0051483772695064545,0,nan,failed,False
tests/data/experimental/ROY/ROY_R05.cif,tests/data/experimental/ROY/Y04.cif,20,0.005863958969712257,1,0.46975467224995143,failed,False
tests/data/experimental/ROY/QAXMEH28.cif,tests/data/experimental/ROY/QAXMEH90_O22.cif,20,0.0033271964639425278,1,0.7547727481449648,failed,True
tests/data/experimental/ROY/QAXMEH24.cif,tests/data/experimental/ROY/QAXMEH28.cif,20,0.0036553917452692986,1,0.7624562611918408,failed,False
tests/data/experimental/ROY/Y04.cif,tests/data/experimental/ROY/YT04.cif,20,0.0030644219368696213,2,0.49222425637160816,failed,False
tests/data/experimental/ROY/QAXMEH26.cif,tests/data/experimental/ROY/ROY_Y19.cif,20,0.003568669781088829,1,0.44352073590653873,failed,True
tests/data/csd_families/PDHTEZ/PDHTEZ01.cif,tests/data/csd_families/PDHTEZ/PDHTEZ02.cif,20,0.005899690091609955,1,0.24320691939742625,failed,True
tests/data/csd_families/PDHTEZ/PDHTEZ.cif,tests/data/csd_families/PDHTEZ/PDHTEZ01.cif,20,0.005459873005747795,1,0.24372209099806716,failed,False
tests/data/experimental/ROY/QAXMEH28.cif,tests/data/experimental/ROY/ROY_Y19.cif,25,0.004625709727406502,1,0.6653702060045035,failed,False
tests/data/experimental/ROY/QAXMEH90_O22.cif,tests/data/experimental/ROY/Y04.cif,25,0.003972817212343216,4,0.6777201121053477,failed,True
tests/data/csd_families/PDHTEZ/PDHTEZ01.cif,tests/data/csd_families/PDHTEZ/PDHTEZ04.cif,25,0.006301666609942913,1,0.24353781230286897,failed,False
tests/data/experimental/ROY/QAXMEH27.cif,tests/data/experimental/ROY/Y04.cif,25,0.0038235848769545555,1,0.4604326148325814,failed,False
tests/data/experimental/ROY/QAXMEH26.cif,tests/data/experimental/ROY/YT04.cif,25,0.003625311888754368,0,nan,failed,False
tests/data/experimental/ROY/QAXMEH26.cif,tests/data/experimental/ROY/QAXMEH90_O22.cif,25,0.0038294056430459023,2,0.37821573367422234,failed,False
tests/data/experimental/ROY/Y04.cif,tests/data/experimental/ROY/mrp180010_fa.cif,25,0.005854888819158077,0,nan,failed,False
tests/data/experimental/ROY/ROY_R05.cif,tests/data/experimental/ROY/Y04.cif,25,0.006449880078434944,1,0.46975467224995143,failed,False
tests/data/experimental/ROY/QAXMEH28.cif,tests/data/experimental/ROY/QAXMEH90_O22.cif,25,0.00409667007625103,1,0.7547727481449648,failed,True
tests/data/experimental/ROY/QAXMEH24.cif,tests/data/experimental/ROY/QAXMEH28.cif,25,0.00391334667801857,1,0.7624562611918408,failed,False
tests/data/experimental/ROY/Y04.cif,tests/data/experimental/ROY/YT04.cif,25,0.003483768552541733,2,0.49222425637160816,failed,False
tests/data/experimental/ROY/QAXMEH26.cif,tests/data/experimental/ROY/ROY_Y19.cif,25,0.004014907404780388,1,0.44352073590653873,failed,True
tests/data/csd_families/PDHTEZ/PDHTEZ01.cif,tests/data/csd_families/PDHTEZ/PDHTEZ02.cif,25,0.006423848681151867,1,0.24320691939742625,failed,True
tests/data/csd_families/PDHTEZ/PDHTEZ.cif,tests/data/csd_families/PDHTEZ/PDHTEZ01.cif,25,0.006692944094538689,1,0.24372209099806716,failed,False
tests/data/experimental/ROY/QAXMEH28.cif,tests/data/experimental/ROY/ROY_Y19.cif,30,0.0050823260098695755,1,0.6653702060045035,failed,False
tests/data/experimental/ROY/QAXMEH90_O22.cif,tests/data/experimental/ROY/Y04.cif,30,0.004469376057386398,4,0.6777201121053477,failed,True
tests/data/csd_families/PDHTEZ/PDHTEZ01.cif,tests/data/csd_families/PDHTEZ/PDHTEZ04.cif,30,0.006943916901946068,1,0.24353781230286897,failed,False
tests/data/experimental/ROY/QAXMEH27.cif,tests/data/experimental/ROY/Y04.cif,30,0.004168711602687836,1,0.4604326148325814,failed,False
tests/data/experimental/ROY/QAXMEH26.cif,tests/data/experimental/ROY/YT04.cif,30,0.004095559008419514,0,nan,failed,False
tests/data/experimental/ROY/QAXMEH26.cif,tests/data/experimental/ROY/QAXMEH90_O22.cif,30,0.004042739048600197,2,0.37821573367422234,failed,False
tests/data/experimental/ROY/Y04.cif,tests/data/experimental/ROY/mrp180010_fa.cif,30,0.006455880589783192,0,nan,failed,False
tests/data/experimental/ROY/ROY_R05.cif,tests/data/experimental/ROY/Y04.cif,30,0.0077704209834337234,1,0.46975467224995143,failed,False
tests/data/experimental/ROY/QAXMEH28.cif,tests/data/experimental/ROY/QAXMEH90_O22.cif,30,0.0041932109743356705,1,0.7547727481449648,failed,True
tests/data/experimental/ROY/QAXMEH24.cif,tests/data/experimental/ROY/QAXMEH28.cif,30,0.0051880283281207085,1,0.7624562611918408,failed,False
tests/data/experimental/ROY/Y04.cif,tests/data/experimental/ROY/YT04.cif,30,0.003747234120965004,2,0.49222425637160816,failed,False
tests/data/experimental/ROY/QAXMEH26.cif,tests/data/experimental/ROY/ROY_Y19.cif,30,0.004561827518045902,1,0.44352073590653873,failed,True
tests/data/csd_families/PDHTEZ/PDHTEZ01.cif,tests/data/csd_families/PDHTEZ/PDHTEZ02.cif,30,0.006889985874295235,1,0.24320691939742625,failed,True
tests/data/csd_families/PDHTEZ/PDHTEZ.cif,tests/data/csd_families/PDHTEZ/PDHTEZ01.cif,30,0.0073641445487737656,1,0.24372209099806716,failed,False
tests/data/experimental/ROY/QAXMEH28.cif,tests/data/experimental/ROY/ROY_Y19.cif,40,0.006234235130250454,1,0.6653702060045035,failed,False
tests/data/experimental/ROY/QAXMEH90_O22.cif,tests/data/experimental/ROY/Y04.cif,40,0.004971525631844997,4,0.6777201121053477,failed,True
tests/data/csd_families/PDHTEZ/PDHTEZ01.cif,tests/data/csd_families/PDHTEZ/PDHTEZ04.cif,40,0.00857219472527504,1,0.24353781230286897,failed,False
tests/data/experimental/ROY/QAXMEH27.cif,tests/data/experimental/ROY/Y04.cif,40,0.0033649075776338577,1,0.4604326148325814,failed,False
tests/data/experimental/ROY/QAXMEH26.cif,tests/data/experimental/ROY/YT04.cif,40,0.004332893528044224,0,nan,failed,False
tests/data/experimental/ROY/QAXMEH26.cif,tests/data/experimental/ROY/QAXMEH90_O22.cif,40,0.005636376328766346,2,0.37821573367422234,failed,False
tests/data/experimental/ROY/Y04.cif,tests/data/experimental/ROY/mrp180010_fa.cif,40,0.007813561707735062,0,nan,failed,False
tests/data/experimental/ROY/ROY_R05.cif,tests/data/experimental/ROY/Y04.cif,40,0.009009231813251972,1,0.46975467224995143,failed,False
tests/data/experimental/ROY/QAXMEH28.cif,tests/data/experimental/ROY/QAXMEH90_O22.cif,40,0.004930754192173481,1,0.7547727481449648,failed,True
tests/data/experimental/ROY/QAXMEH24.cif,tests/data/experimental/ROY/QAXMEH28.cif,40,0.006673723459243774,1,0.7624562611918408,failed,False
tests/data/experimental/ROY/Y04.cif,tests/data/experimental/ROY/YT04.cif,40,0.0048996033146977425,2,0.49222425637160816,failed,False
tests/data/experimental/ROY/QAXMEH26.cif,tests/data/experimental/ROY/ROY_Y19.cif,40,0.005170848220586777,1,0.44352073590653873,failed,True
tests/data/csd_families/PDHTEZ/PDHTEZ01.cif,tests/data/csd_families/PDHTEZ/PDHTEZ02.cif,40,0.008663966320455074,1,0.24320691939742625,failed,True
tests/data/csd_families/PDHTEZ/PDHTEZ.cif,tests/data/csd_families/PDHTEZ/PDHTEZ01.cif,40,0.008497843518853188,1,0.24372209099806716,failed,False
tests/data/experimental/ROY/QAXMEH28.cif,tests/data/experimental/ROY/ROY_Y19.cif,50,0.006068672984838486,1,0.6653702060045035,failed,False
tests/data/experimental/ROY/QAXMEH90_O22.cif,tests/data/experimental/ROY/Y04.cif,50,0.005823468789458275,5,0.6441462519404454,failed,True
tests/data/csd_families/PDHTEZ/PDHTEZ01.cif,tests/data/csd_families/PDHTEZ/PDHTEZ04.cif,50,0.011143648996949196,1,0.24353781230286897,failed,False
tests/data/experimental/ROY/QAXMEH27.cif,tests/data/experimental/ROY/Y04.cif,50,0.005528533831238747,1,0.4604326148325814,failed,False
tests/data/experimental/ROY/QAXMEH26.cif,tests/data/experimental/ROY/YT04.cif,50,0.005328290164470673,0,nan,failed,False
tests/data/experimental/ROY/QAXMEH26.cif,tests/data/experimental/ROY/QAXMEH90_O22.cif,50,0.004767690785229206,2,0.37821573367422234,failed,False
tests/data/experimental/ROY/Y04.cif,tests/data/experimental/ROY/mrp180010_fa.cif,50,0.009907538071274757,0,nan,failed,False
tests/data/experimental/ROY/ROY_R05.cif,tests/data/experimental/ROY/Y04.cif,50,0.010854643769562244,1,0.46975467224995143,failed,False
tests/data/experimental/ROY/QAXMEH28.cif,tests/data/experimental/ROY/QAXMEH90_O22.cif,50,0.005937781184911728,1,0.7547727481449648,failed,True
tests/data/experimental/ROY/QAXMEH24.cif,tests/data/experimental/ROY/QAXMEH28.cif,50,0.007157210260629654,1,0.7624562611918408,failed,False
tests/data/experimental/ROY/Y04.cif,tests/data/experimental/ROY/YT04.cif,50,0.004745000973343849,2,0.49222425637160816,failed,False
tests/data/experimental/ROY/QAXMEH26.cif,tests/data/experimental/ROY/ROY_Y19.cif,50,0.006567041389644146,1,0.44352073590653873,failed,True
tests/data/csd_families/PDHTEZ/PDHTEZ01.cif,tests/data/csd_families/PDHTEZ/PDHTEZ02.cif,50,0.010835723020136356,1,0.24320691939742625,failed,True
tests/data/csd_families/PDHTEZ/PDHTEZ.cif,tests/data/csd_families/PDHTEZ/PDHTEZ01.cif,50,0.010134532116353512,1,0.24372209099806716,failed,False
tests/data/experimental/ROY/QAXMEH28.cif,tests/data/experimental/ROY/ROY_Y19.cif,75,0.01010702084749937,1,0.6653702060045035,failed,False
tests/data/experimental/ROY/QAXMEH90_O22.cif,tests/data/experimental/ROY/Y04.cif,75,0.008680487051606178,5,0.6441462519404454,failed,True
tests/data/csd_families/PDHTEZ/PDHTEZ01.cif,tests/data/csd_families/PDHTEZ/PDHTEZ04.cif,75,0.017953514121472836,3,0.4539795084671375,failed,False
tests/data/experimental/ROY/QAXMEH27.cif,tests/data/experimental/ROY/Y04.cif,75,0.00763907004147768,1,0.4604326148325814,failed,False
tests/data/experimental/ROY/QAXMEH26.cif,tests/data/experimental/ROY/YT04.cif,75,0.008345251902937889,0,nan,failed,False
tests/data/experimental/ROY/QAXMEH26.cif,tests/data/experimental/ROY/QAXMEH90_O22.cif,75,0.007898213341832161,2,0.37821573367422234,failed,False
tests/data/experimental/ROY/Y04.cif,tests/data/experimental/ROY/mrp180010_fa.cif,75,0.013667740859091282,0,nan,failed,False
tests/data/experimental/ROY/ROY_R05.cif,tests/data/experimental/ROY/Y04.cif,75,0.018037554807960987,3,0.6992294509780755,failed,True
tests/data/experimental/ROY/QAXMEH28.cif,tests/data/experimental/ROY/QAXMEH90_O22.cif,75,0.009058213792741299,2,0.7943154407873236,failed,True
tests/data/experimental/ROY/QAXMEH24.cif,tests/data/experimental/ROY/QAXMEH28.cif,75,0.010786982253193855,1,0.7624562611918408,failed,False
tests/data/experimental/ROY/Y04.cif,tests/data/experimental/ROY/YT04.cif,75,0.007846051827073097,2,0.49222425637160816,failed,False
tests/data/experimental/ROY/QAXMEH26.cif,tests/data/experimental/ROY/ROY_Y19.cif,75,0.009023933671414852,1,0.44352073590653873,failed,True
tests/data/csd_families/PDHTEZ/PDHTEZ01.cif,tests/data/csd_families/PDHTEZ/PDHTEZ02.cif,75,0.01841516327112913,3,0.4296789718187633,failed,True
tests/data/csd_families/PDHTEZ/PDHTEZ.cif,tests/data/csd_families/PDHTEZ/PDHTEZ01.cif,75,0.017041667364537716,3,0.40409428179618634,failed,False
tests/data/experimental/ROY/QAXMEH28.cif,tests/data/experimental/ROY/ROY_Y19.cif,100,0.014565716497600079,3,0.6695483394073848,failed,False
tests/data/experimental/ROY/QAXMEH90_O22.cif,tests/data/experimental/ROY/Y04.cif,100,0.014617178589105606,5,0.5573309479056422,failed,True
tests/data/csd_families/PDHTEZ/PDHTEZ01.cif,tests/data/csd_families/PDHTEZ/PDHTEZ04.cif,100,0.025596733205020428,5,0.5020182690754824,failed,False
tests/data/experimental/ROY/QAXMEH27.cif,tests/data/experimental/ROY/Y04.cif,100,0.012905148789286613,1,0.4604326148325814,failed,False
tests/data/experimental/ROY/QAXMEH26.cif,tests/data/experimental/ROY/YT04.cif,100,0.010121571831405163,0,nan,failed,False
tests/data/experimental/ROY/QAXMEH26.cif,tests/data/experimental/ROY/QAXMEH90_O22.cif,100,0.010291263461112976,2,0.37821573367422234,failed,False
tests/data/experimental/ROY/Y04.cif,tests/data/experimental/ROY/mrp180010_fa.cif,100,0.020574488677084446,0,nan,failed,False
tests/data/experimental/ROY/ROY_R05.cif,tests/data/experimental/ROY/Y04.cif,100,0.024535465985536575,3,0.6992294509780755,failed,True
tests/data/experimental/ROY/QAXMEH28.cif,tests/data/experimental/ROY/QAXMEH90_O22.cif,100,0.01475329976528883,3,0.8429180355692023,failed,True
tests/data/experimental/ROY/QAXMEH24.cif,tests/data/experimental/ROY/QAXMEH28.cif,100,0.012105874717235565,1,0.7624562611918408,failed,False
tests/data/experimental/ROY/Y04.cif,tests/data/experimental/ROY/YT04.cif,100,0.011109068058431149,2,0.49222425637160816,failed,False
tests/data/experimental/ROY/QAXMEH26.cif,tests/data/experimental/ROY/ROY_Y19.cif,100,0.012164846993982792,1,0.44352073590653873,failed,True
tests/data/csd_families/PDHTEZ/PDHTEZ01.cif,tests/data/csd_families/PDHTEZ/PDHTEZ02.cif,100,0.02573102619498968,5,0.5120514586794978,failed,True
tests/data/csd_families/PDHTEZ/PDHTEZ.cif,tests/data/csd_families/PDHTEZ/PDHTEZ01.cif,100,0.028384851291775703,5,0.5700268067807653,failed,False
tests/data/experimental/ROY/QAXMEH28.cif,tests/data/experimental/ROY/ROY_Y19.cif,150,0.022995400242507458,3,0.6695483394073848,failed,False
tests/data/experimental/ROY/QAXMEH90_O22.cif,tests/data/experimental/ROY/Y04.cif,150,0.023991296999156475,5,0.5573309479056422,failed,True
tests/data/csd_families/PDHTEZ/PDHTEZ01.cif,tests/data/csd_families/PDHTEZ/PDHTEZ04.cif,150,0.046921925619244576,5,0.5020182690754824,failed,False
tests/data/experimental/ROY/QAXMEH27.cif,tests/data/experimental/ROY/Y04.cif,150,0.01982602570205927,1,0.4604326148325814,failed,False
tests/data/experimental/ROY/QAXMEH26.cif,tests/data/experimental/ROY/YT04.cif,150,0.019170395098626614,0,nan,failed,False
tests/data/experimental/ROY/QAXMEH26.cif,tests/data/experimental/ROY/QAXMEH90_O22.cif,150,0.017752340994775295,2,0.37821573367422234,failed,False
tests/data/experimental/ROY/Y04.cif,tests/data/experimental/ROY/mrp180010_fa.cif,150,0.04116786736994982,0,nan,failed,False
tests/data/experimental/ROY/ROY_R05.cif,tests/data/experimental/ROY/Y04.cif,150,0.04329946357756853,3,0.6992294509780755,failed,True
tests/data/experimental/ROY/QAXMEH28.cif,tests/data/experimental/ROY/QAXMEH90_O22.cif,150,0.021275890059769154,3,0.8429180355692023,failed,True
tests/data/experimental/ROY/QAXMEH24.cif,tests/data/experimental/ROY/QAXMEH28.cif,150,0.026072201319038868,3,0.8430486129121486,failed,False
tests/data/experimental/ROY/Y04.cif,tests/data/experimental/ROY/YT04.cif,150,0.02058118861168623,2,0.49222425637160816,failed,False
tests/data/experimental/ROY/QAXMEH26.cif,tests/data/experimental/ROY/ROY_Y19.cif,150,0.019869357347488403,1,0.44352073590653873,failed,True
tests/data/csd_families/PDHTEZ/PDHTEZ01.cif,tests/data/csd_families/PDHTEZ/PDHTEZ02.cif,150,0.04685785435140133,5,0.5120514586794978,failed,True
tests/data/csd_families/PDHTEZ/PDHTEZ.cif,tests/data/csd_families/PDHTEZ/PDHTEZ01.cif,150,0.05298256780952215,7,0.6668687270737664,failed,False
tests/data/csd_families/XYLTOL/XYLTOL02.cif,tests/data/csd_families/XYLTOL/XYLTOL03.cif,1,0.0038747964426875114,1,0.0005427648470360843,full,False
tests/data/csd_families/XYLTOL/XYLTOL02.cif,tests/data/csd_families/XYLTOL/XYLTOL03.cif,2,0.0039774468168616295,2,0.0012292710733841725,full,False
tests/data/csd_families/XYLTOL/XYLTOL02.cif,tests/data/csd_families/XYLTOL/XYLTOL03.cif,3,0.00436361413449049,3,0.0017910806698854045,full,False
tests/data/csd_families/XYLTOL/XYLTOL02.cif,tests/data/csd_families/XYLTOL/XYLTOL03.cif,5,0.004878721199929714,5,0.002578901692556899,full,False
tests/data/csd_families/XYLTOL/XYLTOL02.cif,tests/data/csd_families/XYLTOL/XYLTOL03.cif,8,0.005376460961997509,8,0.0027311646023056293,full,False
tests/data/csd_families/XYLTOL/XYLTOL02.cif,tests/data/csd_families/XYLTOL/XYLTOL03.cif,10,0.005794958211481571,10,0.0029129845317851905,full,False
tests/data/csd_families/XYLTOL/XYLTOL02.cif,tests/data/csd_families/XYLTOL/XYLTOL03.cif,15,0.0064006382599473,15,0.003515548351263188,full,False
tests/data/csd_families/XYLTOL/XYLTOL02.cif,tests/data/csd_families/XYLTOL/XYLTOL03.cif,20,0.0074722860008478165,20,0.0036249892943461025,full,False
tests/data/csd_families/XYLTOL/XYLTOL02.cif,tests/data/csd_families/XYLTOL/XYLTOL03.cif,25,0.008911270648241043,25,0.004312893811681262,full,False
tests/data/csd_families/XYLTOL/XYLTOL02.cif,tests/data/csd_families/XYLTOL/XYLTOL03.cif,30,0.01224988792091608,30,0.00428454399513843,full,False
tests/data/csd_families/XYLTOL/XYLTOL02.cif,tests/data/csd_families/XYLTOL/XYLTOL03.cif,40,0.015033944509923458,40,0.00463870215782468,full,False
tests/data/csd_families/XYLTOL/XYLTOL02.cif,tests/data/csd_families/XYLTOL/XYLTOL03.cif,50,0.017993705347180367,50,0.004859370752423216,full,False
tests/data/csd_families/XYLTOL/XYLTOL02.cif,tests/data/csd_families/XYLTOL/XYLTOL03.cif,75,0.030390305444598198,75,0.0054422757454195,full,False
tests/data/csd_families/XYLTOL/XYLTOL02.cif,tests/data/csd_families/XYLTOL/XYLTOL03.cif,100,0.041899469681084156,100,0.0060822522490831836,full,False
tests/data/csd_families/XYLTOL/XYLTOL02.cif,tests/data/csd_families/XYLTOL/XYLTOL03.cif,150,0.07459627464413643,150,0.006836965461084395,full,False
tests/data/csd_families/HAWGAO/HAWGAO.cif,tests/data/csd_families/HAWGAO/HAWGAO03.cif,1,0.005483582615852356,1,0.008560361142386683,full,False
tests/data/csd_families/HAWGAO/HAWGAO.cif,tests/data/csd_families/HAWGAO/HAWGAO03.cif,2,0.005800287239253521,2,0.010070073420236244,full,False
tests/data/csd_families/HAWGAO/HAWGAO.cif,tests/data/csd_families/HAWGAO/HAWGAO03.cif,3,0.006228714250028133,3,0.011523536725755257,full,False
tests/data/csd_families/HAWGAO/HAWGAO.cif,tests/data/csd_families/HAWGAO/HAWGAO03.cif,5,0.00722937285900116,5,0.0127828272065104,full,False
tests/data/csd_families/HAWGAO/HAWGAO.cif,tests/data/csd_families/HAWGAO/HAWGAO03.cif,8,0.008413243107497692,8,0.01381566054964317,full,False
tests/data/csd_families/HAWGAO/HAWGAO.cif,tests/data/csd_families/HAWGAO/HAWGAO03.cif,10,0.009759894572198391,10,0.01441851793393432,full,False
tests/data/csd_families/HAWGAO/HAWGAO.cif,tests/data/csd_families/HAWGAO/HAWGAO03.cif,15,0.012218686752021313,15,0.015685281794057118,full,False
tests/data/csd_families/HAWGAO/HAWGAO.cif,tests/data/csd_families/HAWGAO/HAWGAO03.cif,20,0.015706945210695267,20,0.016521719763016956,full,False
tests/data/csd_families/HAWGAO/HAWGAO.cif,tests/data/csd_families/HAWGAO/HAWGAO03.cif,25,0.018870060332119465,25,0.0182561044161175,full,False
tests/data/csd_families/HAWGAO/HAWGAO.cif,tests/data/csd_families/HAWGAO/HAWGAO03.cif,30,0.02149863261729479,30,0.018894699216484435,full,False
tests/data/csd_families/HAWGAO/HAWGAO.cif,tests/data/csd_families/HAWGAO/HAWGAO03.cif,40,0.028305338695645332,40,0.020227730694321117,full,False
tests/data/csd_families/HAWGAO/HAWGAO.cif,tests/data/csd_families/HAWGAO/HAWGAO03.cif,50,0.03501724451780319,50,0.02140926070580511,full,False
tests/data/csd_families/HAWGAO/HAWGAO.cif,tests/data/csd_families/HAWGAO/HAWGAO03.cif,75,0.050713068805634975,75,0.023659114548300813,full,False
tests/data/csd_families/HAWGAO/HAWGAO.cif,tests/data/csd_families/HAWGAO/HAWGAO03.cif,100,0.07042925339192152,100,0.02575835789559347,full,False
tests/data/csd_families/HAWGAO/HAWGAO.cif,tests/data/csd_families/HAWGAO/HAWGAO03.cif,150,0.11150187999010086,150,0.028908860475541573,full,False
tests/data/csd_families/TUXFIC/TUXFIC.cif,tests/data/csd_families/TUXFIC/TUXFIC01.cif,1,0.004057099111378193,1,0.044321644716326325,full,True
tests/data/csd_families/TUXFIC/TUXFIC.cif,tests/data/csd_families/TUXFIC/TUXFIC01.cif,2,0.004471536725759506,2,0.07196207555170778,full,True
tests/data/csd_families/TUXFIC/TUXFIC.cif,tests/data/csd_families/TUXFIC/TUXFIC01.cif,3,0.004995973780751228,3,0.12504344092990746,full,True
tests/data/csd_families/TUXFIC/TUXFIC.cif,tests/data/csd_families/TUXFIC/TUXFIC01.cif,5,0.006267067044973373,5,0.10220586439389033,full,True
tests/data/csd_families/TUXFIC/TUXFIC.cif,tests/data/csd_families/TUXFIC/TUXFIC01.cif,8,0.008234640583395958,8,0.1012553227255812,full,True
tests/data/csd_families/TUXFIC/TUXFIC.cif,tests/data/csd_families/TUXFIC/TUXFIC01.cif,10,0.010070061311125755,10,0.11024047088209214,full,True
tests/data/csd_families/TUXFIC/TUXFIC.cif,tests/data/csd_families/TUXFIC/TUXFIC01.cif,15,0.011296860873699188,15,0.10596878270556924,full,True
tests/data/csd_families/TUXFIC/TUXFIC.cif,tests/data/csd_families/TUXFIC/TUXFIC01.cif,20,0.013562580570578575,20,0.1122372299809361,full,True
tests/data/csd_families/TUXFIC/TUXFIC.cif,tests/data/csd_families/TUXFIC/TUXFIC01.cif,25,0.015109666623175144,25,0.11358527761180837,full,True
tests/data/csd_families/TUXFIC/TUXFIC.cif,tests/data/csd_families/TUXFIC/TUXFIC01.cif,30,0.01702060829848051,30,0.14105456666951205,full,True
tests/data/csd_families/TUXFIC/TUXFIC.cif,tests/data/csd_families/TUXFIC/TUXFIC01.cif,40,0.022663774900138378,40,0.16965805782663437,full,True
tests/data/csd_families/TUXFIC/TUXFIC.cif,tests/data/csd_families/TUXFIC/TUXFIC01.cif,50,0.027542846277356148,50,0.17610786206646303,full,True
tests/data/csd_families/TUXFIC/TUXFIC.cif,tests/data/csd_families/TUXFIC/TUXFIC01.cif,75,0.044313739985227585,75,0.20188686198801734,full,True
tests/data/csd_families/TUXFIC/TUXFIC.cif,tests/data/csd_families/TUXFIC/TUXFIC01.cif,100,0.06639265455305576,100,0.2382852809353784,full,True
tests/data/csd_families/TUXFIC/TUXFIC.cif,tests/data/csd_families/TUXFIC/TUXFIC01.cif,150,0.1119011864066124,150,0.25198511099499293,full,True
tests/data/csd_families/AQACNI/AQACNI.cif,tests/data/csd_families/AQACNI/AQACNI01.cif,1,0.007005578838288784,1,0.03879933562031319,full,False
tests/data/csd_families/FIWFOH/FIWFOH03.cif,tests/data/csd_families/FIWFOH/FIWFOH04.cif,1,0.0027175461873412132,1,0.004282164777520685,full,False
tests/data/csd_families/BENZAC/BENZAC07.cif,tests/data/csd_families/BENZAC/BENZAC08.cif,1,0.0031077731400728226,1,0.00554741274195211,full,False
tests/data/csd_families/BENZAC/BENZAC.cif,tests/data/csd_families/BENZAC/BENZAC01.cif,1,0.003163013607263565,1,0.037857044193909686,full,True
tests/data/csd_families/AQACNI/AQACNI.cif,tests/data/csd_families/AQACNI/AQACNI01.cif,2,0.007142090238630772,2,0.038956698751081084,full,False
tests/data/csd_families/FIWFOH/FIWFOH03.cif,tests/data/csd_families/FIWFOH/FIWFOH04.cif,2,0.003088252618908882,2,0.005170793849730438,full,False
tests/data/csd_families/BENZAC/BENZAC07.cif,tests/data/csd_families/BENZAC/BENZAC08.cif,2,0.003672492690384388,2,0.009103864019706576,full,False
tests/data/csd_families/BENZAC/BENZAC.cif,tests/data/csd_families/BENZAC/BENZAC01.cif,2,0.0037293732166290283,2,0.04157210227986135,full,True
tests/data/csd_families/AQACNI/AQACNI.cif,tests/data/csd_families/AQACNI/AQACNI01.cif,3,0.006404738873243332,3,0.04615065512831491,full,False
tests/data/csd_families/FIWFOH/FIWFOH03.cif,tests/data/csd_families/FIWFOH/FIWFOH04.cif,3,0.002898098900914192,3,0.009296161572791888,full,False
tests/data/csd_families/BENZAC/BENZAC07.cif,tests/data/csd_families/BENZAC/BENZAC08.cif,3,0.003809964284300804,3,0.01193483786428388,full,False
tests/data/csd_families/BENZAC/BENZAC.cif,tests/data/csd_families/BENZAC/BENZAC01.cif,3,0.003817414864897728,3,0.045404781004519244,full,True
tests/data/csd_families/AQACNI/AQACNI.cif,tests/data/csd_families/AQACNI/AQACNI01.cif,5,0.0069878678768873215,5,0.07897457086589964,full,False
tests/data/csd_families/FIWFOH/FIWFOH03.cif,tests/data/csd_families/FIWFOH/FIWFOH04.cif,5,0.0033063963055610657,5,0.00950384125148476,full,False
tests/data/csd_families/BENZAC/BENZAC07.cif,tests/data/csd_families/BENZAC/BENZAC08.cif,5,0.0037495633587241173,5,0.01609874426707166,full,False
tests/data/csd_families/BENZAC/BENZAC.cif,tests/data/csd_families/BENZAC/BENZAC01.cif,5,0.0042375121265649796,5,0.050630002246100016,full,True
tests/data/csd_families/AQACNI/AQACNI.cif,tests/data/csd_families/AQACNI/AQACNI01.cif,8,0.009847166948020458,8,0.10374663635792782,full,False
tests/data/csd_families/FIWFOH/FIWFOH03.cif,tests/data/csd_families/FIWFOH/FIWFOH04.cif,8,0.0033894572407007217,8,0.011947485120121696,full,False
tests/data/csd_families/BENZAC/BENZAC07.cif,tests/data/csd_families/BENZAC/BENZAC08.cif,8,0.004683870822191238,8,0.01782332717622489,full,False
tests/data/csd_families/BENZAC/BENZAC.cif,tests/data/csd_families/BENZAC/BENZAC01.cif,8,0.00450790673494339,8,0.05663493852069688,full,True
tests/data/csd_families/AQACNI/AQACNI.cif,tests/data/csd_families/AQACNI/AQACNI01.cif,10,0.011420292779803276,10,0.13412168320936665,full,False
tests/data/csd_families/FIWFOH/FIWFOH03.cif,tests/data/csd_families/FIWFOH/FIWFOH04.cif,10,0.0037142429500818253,10,0.011822436747568348,full,False
tests/data/csd_families/BENZAC/BENZAC07.cif,tests/data/csd_families/BENZAC/BENZAC08.cif,10,0.004714559763669968,10,0.016627748512333472,full,False
tests/data/csd_families/BENZAC/BENZAC.cif,tests/data/csd_families/BENZAC/BENZAC01.cif,10,0.004949125461280346,10,0.05513200598998462,full,True
tests/data/csd_families/AQACNI/AQACNI.cif,tests/data/csd_families/AQACNI/AQACNI01.cif,15,0.014290351420640945,15,0.14616902667400755,full,False
tests/data/csd_families/FIWFOH/FIWFOH03.cif,tests/data/csd_families/FIWFOH/FIWFOH04.cif,15,0.004745660349726677,15,0.013590315505039965,full,False
tests/data/csd_families/BENZAC/BENZAC07.cif,tests/data/csd_families/BENZAC/BENZAC08.cif,15,0.005465633235871792,15,0.01735745858824278,full,False
tests/data/csd_families/BENZAC/BENZAC.cif,tests/data/csd_families/BENZAC/BENZAC01.cif,15,0.005493982695043087,15,0.05680059778220627,full,True
tests/data/csd_families/AQACNI/AQACNI.cif,tests/data/csd_families/AQACNI/AQACNI01.cif,20,0.016074893064796925,20,0.14448156636884024,full,False
tests/data/csd_families/FIWFOH/FIWFOH03.cif,tests/data/csd_families/FIWFOH/FIWFOH04.cif,20,0.0051809679716825485,20,0.014392937117692836,full,False
tests/data/csd_families/BENZAC/BENZAC07.cif,tests/data/csd_families/BENZAC/BENZAC08.cif,20,0.006278085522353649,20,0.019617056206530672,full,False
tests/data/csd_families/BENZAC/BENZAC.cif,tests/data/csd_families/BENZAC/BENZAC01.cif,20,0.006372838281095028,20,0.059275370391071704,full,True
tests/data/csd_families/AQACNI/AQACNI.cif,tests/data/csd_families/AQACNI/AQACNI01.cif,25,0.01901158317923546,25,0.1444916007902654,full,False
tests/data/csd_families/FIWFOH/FIWFOH03.cif,tests/data/csd_families/FIWFOH/FIWFOH04.cif,25,0.006082593463361263,25,0.015666675045521612,full,False
tests/data/csd_families/BENZAC/BENZAC07.cif,tests/data/csd_families/BENZAC/BENZAC08.cif,25,0.006610912270843983,25,0.023266674284905843,full,False
tests/data/csd_families/BENZAC/BENZAC.cif,tests/data/csd_families/BENZAC/BENZAC01.cif,25,0.007623978890478611,25,0.06264930627790183,full,True
tests/data/csd_families/AQACNI/AQACNI.cif,tests/data/csd_families/AQACNI/AQACNI01.cif,30,0.022072603926062584,30,0.14498051746139412,full,False
tests/data/csd_families/FIWFOH/FIWFOH03.cif,tests/data/csd_families/FIWFOH/FIWFOH04.cif,30,0.006895466707646847,30,0.01638774241158768,full,False
tests/data/csd_families/BENZAC/BENZAC07.cif,tests/data/csd_families/BENZAC/BENZAC08.cif,30,0.008770507760345936,30,0.024909077795308956,full,False
tests/data/csd_families/BENZAC/BENZAC.cif,tests/data/csd_families/BENZAC/BENZAC01.cif,30,0.008382633328437805,30,0.06270840061539909,full,True
tests/data/csd_families/AQACNI/AQACNI.cif,tests/data/csd_families/AQACNI/AQACNI01.cif,40,0.029242705553770065,40,0.166017988547192,full,False
tests/data/csd_families/FIWFOH/FIWFOH03.cif,tests/data/csd_families/FIWFOH/FIWFOH04.cif,40,0.008819199167191982,40,0.018633748685099084,full,False
tests/data/csd_families/BENZAC/BENZAC07.cif,tests/data/csd_families/BENZAC/BENZAC08.cif,40,0.010000740177929401,40,0.02608824862982987,full,False
tests/data/csd_families/BENZAC/BENZAC.cif,tests/data/csd_families/BENZAC/BENZAC01.cif,40,0.010671519674360752,40,0.0649741417393124,full,True
tests/data/csd_families/AQACNI/AQACNI.cif,tests/data/csd_families/AQACNI/AQACNI01.cif,50,0.03615362197160721,50,0.19150583104115923,full,False
tests/data/csd_families/FIWFOH/FIWFOH03.cif,tests/data/csd_families/FIWFOH/FIWFOH04.cif,50,0.010947776027023792,50,0.018902057069441557,full,False
tests/data/csd_families/BENZAC/BENZAC07.cif,tests/data/csd_families/BENZAC/BENZAC08.cif,50,0.01172626856714487,50,0.026014401877470603,full,False
tests/data/csd_families/BENZAC/BENZAC.cif,tests/data/csd_families/BENZAC/BENZAC01.cif,50,0.012152745388448238,50,0.06820988284437135,full,True
tests/data/csd_families/AQACNI/AQACNI.cif,tests/data/csd_families/AQACNI/AQACNI01.cif,75,0.05620118137449026,75,0.21852407418893902,full,False
tests/data/csd_families/FIWFOH/FIWFOH03.cif,tests/data/csd_families/FIWFOH/FIWFOH04.cif,75,0.01620161533355713,75,0.022151133736555362,full,False
tests/data/csd_families/BENZAC/BENZAC07.cif,tests/data/csd_families/BENZAC/BENZAC08.cif,75,0.01891479082405567,75,0.029805095370141258,full,False
tests/data/csd_families/BENZAC/BENZAC.cif,tests/data/csd_families/BENZAC/BENZAC01.cif,75,0.0195598304271698,75,0.07252708909611605,full,True
tests/data/csd_families/AQACNI/AQACNI.cif,tests/data/csd_families/AQACNI/AQACNI01.cif,100,0.07886418607085943,100,0.24097263209318412,full,False
tests/data/csd_families/FIWFOH/FIWFOH03.cif,tests/data/csd_families/FIWFOH/FIWFOH04.cif,100,0.02309988159686327,100,0.023865228189074786,full,False
tests/data/csd_families/BENZAC/BENZAC07.cif,tests/data/csd_families/BENZAC/BENZAC08.cif,100,0.02940215729176998,100,0.033061892653453544,full,False
tests/data/csd_families/BENZAC/BENZAC.cif,tests/data/csd_families/BENZAC/BENZAC01.cif,100,0.02931265626102686,100,0.07619650343629554,full,True
tests/data/csd_families/AQACNI/AQACNI.cif,tests/data/csd_families/AQACNI/AQACNI01.cif,150,0.1611473811790347,150,0.2787707993874597,full,False
tests/data/csd_families/FIWFOH/FIWFOH03.cif,tests/data/csd_families/FIWFOH/FIWFOH04.cif,150,0.04891425743699074,150,0.027382556283762027,full,False
tests/data/csd_families/BENZAC/BENZAC07.cif,tests/data/csd_families/BENZAC/BENZAC08.cif,150,0.04548431094735861,150,0.03743500394009066,full,False
tests/data/csd_families/BENZAC/BENZAC.cif,tests/data/csd_families/BENZAC/BENZAC01.cif,150,0.04327786434441805,150,0.08167933068489137,full,True
tests/data/csd_families/VIPJUA/VIPJUA.cif,tests/data/csd_families/VIPJUA/VIPJUA01.cif,1,0.005940529517829418,1,0.06300696647017466,full,False
tests/data/csd_families/VIPJUA/VIPJUA.cif,tests/data/csd_families/VIPJUA/VIPJUA01.cif,2,0.005936481058597565,2,0.13366530829576237,full,False
tests/data/csd_families/VIPJUA/VIPJUA.cif,tests/data/csd_families/VIPJUA/VIPJUA01.cif,3,0.006169755011796951,3,0.12736642786135163,full,False
tests/data/csd_families/VIPJUA/VIPJUA.cif,tests/data/csd_families/VIPJUA/VIPJUA01.cif,5,0.006696732714772224,5,0.1731129969955914,full,False
tests/data/csd_families/VIPJUA/VIPJUA.cif,tests/data/csd_families/VIPJUA/VIPJUA01.cif,8,0.0069391680881381035,8,0.2024112930430303,full,False
tests/data/csd_families/VIPJUA/VIPJUA.cif,tests/data/csd_families/VIPJUA/VIPJUA01.cif,10,0.0077299512922763824,10,0.1881336503151339,full,False
tests/data/csd_families/VIPJUA/VIPJUA.cif,tests/data/csd_families/VIPJUA/VIPJUA01.cif,15,0.00898258201777935,15,0.20607078840454954,full,False
tests/data/csd_families/VIPJUA/VIPJUA.cif,tests/data/csd_families/VIPJUA/VIPJUA01.cif,20,0.010483537800610065,20,0.26570748069368816,full,False
tests/data/csd_families/VIPJUA/VIPJUA.cif,tests/data/csd_families/VIPJUA/VIPJUA01.cif,25,0.012682954780757427,25,0.28225898572997254,full,False
tests/data/csd_families/VIPJUA/VIPJUA.cif,tests/data/csd_families/VIPJUA/VIPJUA01.cif,30,0.014383633621037006,30,0.2983065137730522,full,False
tests/data/csd_families/VIPJUA/VIPJUA.cif,tests/data/csd_families/VIPJUA/VIPJUA01.cif,40,0.017659508623182774,40,0.3310613187212134,full,False
tests/data/csd_families/VIPJUA/VIPJUA.cif,tests/data/csd_families/VIPJUA/VIPJUA01.cif,50,0.02299056015908718,50,0.3490532088131419,full,False
tests/data/csd_families/VIPJUA/VIPJUA.cif,tests/data/csd_families/VIPJUA/VIPJUA01.cif,75,0.033581558614969254,75,0.37730237671681705,full,False
tests/data/csd_families/VIPJUA/VIPJUA.cif,tests/data/csd_families/VIPJUA/VIPJUA01.cif,100,0.049348145723342896,100,0.4388576580089731,full,False
tests/data/csd_families/VIPJUA/VIPJUA.cif,tests/data/csd_families/VIPJUA/VIPJUA01.cif,150,0.08009372744709253,150,0.5005223920142763,full,False
tests/data/csd_families/TAPYEP/TAPYEP.cif,tests/data/csd_families/TAPYEP/TAPYEP05.cif,1,0.0041680000722408295,1,0.009095711887791047,full,False
tests/data/csd_families/HOGBUD/HOGBUD.cif,tests/data/csd_families/HOGBUD/HOGBUD04.cif,1,0.007313353940844536,1,0.07766719892417721,full,False
tests/data/csd_families/TAPYEP/TAPYEP.cif,tests/data/csd_families/TAPYEP/TAPYEP05.cif,2,0.0046748388558626175,2,0.0091004260625126,full,False
tests/data/csd_families/HOGBUD/HOGBUD.cif,tests/data/csd_families/HOGBUD/HOGBUD04.cif,2,0.007303724065423012,2,0.12715717838733862,full,False
tests/data/csd_families/TAPYEP/TAPYEP.cif,tests/data/csd_families/TAPYEP/TAPYEP05.cif,3,0.006096292287111282,3,0.011628203048872708,full,False
tests/data/csd_families/HOGBUD/HOGBUD.cif,tests/data/csd_families/HOGBUD/HOGBUD04.cif,3,0.008102986961603165,3,0.15241499924570118,full,False
tests/data/csd_families/TAPYEP/TAPYEP.cif,tests/data/csd_families/TAPYEP/TAPYEP05.cif,5,0.00717192143201828,5,0.018106552337369183,full,False
tests/data/csd_families/HOGBUD/HOGBUD.cif,tests/data/csd_families/HOGBUD/HOGBUD04.cif,5,0.007905404083430767,5,0.20574682494320923,full,False
tests/data/csd_families/TAPYEP/TAPYEP.cif,tests/data/csd_families/TAPYEP/TAPYEP05.cif,8,0.008706176653504372,8,0.023722165820588066,full,False
tests/data/csd_families/HOGBUD/HOGBUD.cif,tests/data/csd_families/HOGBUD/HOGBUD04.cif,8,0.00883524026721716,8,0.20180956483282092,full,False
tests/data/csd_families/TAPYEP/TAPYEP.cif,tests/data/csd_families/TAPYEP/TAPYEP05.cif,10,0.009353968314826488,10,0.024390272069222195,full,False
tests/data/csd_families/HOGBUD/HOGBUD.cif,tests/data/csd_families/HOGBUD/HOGBUD04.cif,10,0.009243386797606945,9,0.20133430351104037,partial,False
tests/data/csd_families/TAPYEP/TAPYEP.cif,tests/data/csd_families/TAPYEP/TAPYEP05.cif,15,0.012194306589663029,15,0.02808886046510585,full,False
tests/data/csd_families/HOGBUD/HOGBUD.cif,tests/data/csd_families/HOGBUD/HOGBUD04.cif,15,0.009515521116554737,11,0.21605232500242338,partial,False
tests/data/csd_families/TAPYEP/TAPYEP.cif,tests/data/csd_families/TAPYEP/TAPYEP05.cif,20,0.014970864169299603,20,0.02990330811595219,full,False
tests/data/csd_families/HOGBUD/HOGBUD.cif,tests/data/csd_families/HOGBUD/HOGBUD04.cif,20,0.011326191946864128,16,0.24127314048959783,partial,False
tests/data/csd_families/TAPYEP/TAPYEP.cif,tests/data/csd_families/TAPYEP/TAPYEP05.cif,25,0.01725528296083212,25,0.03130846530151927,full,False
tests/data/csd_families/HOGBUD/HOGBUD.cif,tests/data/csd_families/HOGBUD/HOGBUD04.cif,25,0.011868350207805634,21,0.2737091493989981,partial,False
tests/data/csd_families/TAPYEP/TAPYEP.cif,tests/data/csd_families/TAPYEP/TAPYEP05.cif,30,0.02045073639601469,30,0.0320007805570276,full,False
tests/data/csd_families/HOGBUD/HOGBUD.cif,tests/data/csd_families/HOGBUD/HOGBUD04.cif,30,0.014201311394572258,22,0.2721473928319062,partial,False
tests/data/csd_families/TAPYEP/TAPYEP.cif,tests/data/csd_families/TAPYEP/TAPYEP05.cif,40,0.03092668391764164,40,0.03412930445097785,full,False
tests/data/csd_families/HOGBUD/HOGBUD.cif,tests/data/csd_families/HOGBUD/HOGBUD04.cif,40,0.016603420488536358,27,0.29532293693843825,partial,False
tests/data/csd_families/TAPYEP/TAPYEP.cif,tests/data/csd_families/TAPYEP/TAPYEP05.cif,50,0.03650304954499006,50,0.03595109130268727,full,False
tests/data/csd_families/HOGBUD/HOGBUD.cif,tests/data/csd_families/HOGBUD/HOGBUD04.cif,50,0.018158407881855965,29,0.30422003815597454,partial,False
tests/data/csd_families/TAPYEP/TAPYEP.cif,tests/data/csd_families/TAPYEP/TAPYEP05.cif,75,0.054720996879041195,75,0.038474672843127736,full,False
tests/data/csd_families/HOGBUD/HOGBUD.cif,tests/data/csd_families/HOGBUD/HOGBUD04.cif,75,0.027460374869406223,43,0.343807223870883,partial,False
tests/data/csd_families/TAPYEP/TAPYEP.cif,tests/data/csd_families/TAPYEP/TAPYEP05.cif,100,0.07320486009120941,100,0.04290324366076082,full,False
tests/data/csd_families/HOGBUD/HOGBUD.cif,tests/data/csd_families/HOGBUD/HOGBUD04.cif,100,0.035074024461209774,51,0.37552147485217197,partial,False
tests/data/csd_families/TAPYEP/TAPYEP.cif,tests/data/csd_families/TAPYEP/TAPYEP05.cif,150,0.11983972042798996,150,0.047565631450736806,full,False
tests/data/csd_families/HOGBUD/HOGBUD.cif,tests/data/csd_families/HOGBUD/HOGBUD04.cif,150,0.056765591725707054,67,0.41940250575078464,failed,False
tests/data/csd_families/MEBXID/MEBXID03.cif,tests/data/csd_families/MEBXID/MEBXID04.cif,1,0.0041576409712433815,1,0.012727117746018616,full,False
tests/data/csd_families/MEBXID/MEBXID03.cif,tests/data/csd_families/MEBXID/MEBXID04.cif,2,0.004758031107485294,2,0.018261008900551094,full,False
tests/data/csd_families/MEBXID/MEBXID03.cif,tests/data/csd_families/MEBXID/MEBXID04.cif,3,0.005253198556602001,3,0.01911342392146119,full,True
tests/data/csd_families/MEBXID/MEBXID03.cif,tests/data/csd_families/MEBXID/MEBXID04.cif,5,0.006016131490468979,5,0.02731101666301604,full,False
tests/data/csd_families/MEBXID/MEBXID03.cif,tests/data/csd_families/MEBXID/MEBXID04.cif,8,0.006581311114132404,8,0.02895583150267268,full,False
tests/data/csd_families/MEBXID/MEBXID03.cif,tests/data/csd_families/MEBXID/MEBXID04.cif,10,0.007244313135743141,10,0.033471713133192964,full,False
tests/data/csd_families/MEBXID/MEBXID03.cif,tests/data/csd_families/MEBXID/MEBXID04.cif,15,0.00825267843902111,15,0.03892115134555607,full,True
tests/data/csd_families/MEBXID/MEBXID03.cif,tests/data/csd_families/MEBXID/MEBXID04.cif,20,0.01055630948394537,20,0.050668167431358054,full,False
tests/data/csd_families/MEBXID/MEBXID03.cif,tests/data/csd_families/MEBXID/MEBXID04.cif,25,0.012281098403036594,25,0.06193416470068072,full,False
tests/data/csd_families/MEBXID/MEBXID03.cif,tests/data/csd_families/MEBXID/MEBXID04.cif,30,0.017421694472432137,30,0.061288921097099526,full,True
tests/data/csd_families/MEBXID/MEBXID03.cif,tests/data/csd_families/MEBXID/MEBXID04.cif,40,0.021603716537356377,40,0.06878755834817696,full,True
tests/data/csd_families/MEBXID/MEBXID03.cif,tests/data/csd_families/MEBXID/MEBXID04.cif,50,0.025327589362859726,50,0.07057104879108404,full,False
tests/data/csd_families/MEBXID/MEBXID03.cif,tests/data/csd_families/MEBXID/MEBXID04.cif,75,0.03976302407681942,75,0.08728382081118845,full,True
tests/data/csd_families/MEBXID/MEBXID03.cif,tests/data/csd_families/MEBXID/MEBXID04.cif,100,0.0562876146286726,100,0.0889795912921453,full,True
tests/data/csd_families/MEBXID/MEBXID03.cif,tests/data/csd_families/MEBXID/MEBXID04.cif,150,0.10137730743736029,150,0.10612529518891496,full,False
tests/data/csd_families/XIHVUG/XIHVUG01.cif,tests/data/csd_families/XIHVUG/XIHVUG02.cif,1,0.005490303039550781,1,0.012169002422840776,full,False
tests/data/csd_families/XIHVUG/XIHVUG01.cif,tests/data/csd_families/XIHVUG/XIHVUG02.cif,2,0.005907770246267319,2,0.03242889014902268,full,True
tests/data/csd_families/XIHVUG/XIHVUG01.cif,tests/data/csd_families/XIHVUG/XIHVUG02.cif,3,0.00613914430141449,3,0.03508875631838825,full,False
tests/data/csd_families/XIHVUG/XIHVUG01.cif,tests/data/csd_families/XIHVUG/XIHVUG02.cif,5,0.006599812768399715,5,0.055416512007811926,full,False
tests/data/csd_families/XIHVUG/XIHVUG01.cif,tests/data/csd_families/XIHVUG/XIHVUG02.cif,8,0.009352969005703926,8,0.05646910486924323,full,False
tests/data/csd_families/XIHVUG/XIHVUG01.cif,tests/data/csd_families/XIHVUG/XIHVUG02.cif,10,0.011624837294220924,10,0.06259448261954169,full,True
tests/data/csd_families/XIHVUG/XIHVUG01.cif,tests/data/csd_families/XIHVUG/XIHVUG02.cif,15,0.013324515894055367,15,0.07528610407225991,full,False
tests/data/csd_families/XIHVUG/XIHVUG01.cif,tests/data/csd_families/XIHVUG/XIHVUG02.cif,20,0.016528849489986897,20,0.08406692674706896,full,False
tests/data/csd_families/XIHVUG/XIHVUG01.cif,tests/data/csd_families/XIHVUG/XIHVUG02.cif,25,0.019395719282329082,25,0.08893513060078678,full,True
tests/data/csd_families/XIHVUG/XIHVUG01.cif,tests/data/csd_families/XIHVUG/XIHVUG02.cif,30,0.022442521527409554,30,0.0902977122244851,full,False
tests/data/csd_families/XIHVUG/XIHVUG01.cif,tests/data/csd_families/XIHVUG/XIHVUG02.cif,40,0.029833675362169743,40,0.09631568764683711,full,True
tests/data/csd_families/XIHVUG/XIHVUG01.cif,tests/data/csd_families/XIHVUG/XIHVUG02.cif,50,0.03725466225296259,50,0.1088445407694897,full,False
tests/data/csd_families/XIHVUG/XIHVUG01.cif,tests/data/csd_families/XIHVUG/XIHVUG02.cif,75,0.060700918547809124,75,0.12498849269621377,full,True
tests/data/csd_families/XIHVUG/XIHVUG01.cif,tests/data/csd_families/XIHVUG/XIHVUG02.cif,100,0.0856310622766614,100,0.1393407110502493,full,True
tests/data/csd_families/XIHVUG/XIHVUG01.cif,tests/data/csd_families/XIHVUG/XIHVUG02.cif,150,0.13416314404457808,150,0.16449162544512377,full,True
tests/data/csd_families/VITDEL/VITDEL.cif,tests/data/csd_families/VITDEL/VITDEL02.cif,1,0.0024608606472611427,0,nan,failed,False
tests/data/csd_families/VITDEL/VITDEL.cif,tests/data/csd_families/VITDEL/VITDEL02.cif,2,0.002377031370997429,0,nan,failed,False
tests/data/csd_families/VITDEL/VITDEL.cif,tests/data/csd_families/VITDEL/VITDEL02.cif,3,0.002436630427837372,0,nan,failed,False
tests/data/csd_families/VITDEL/VITDEL.cif,tests/data/csd_families/VITDEL/VITDEL02.cif,5,0.0025273431092500687,0,nan,failed,False
tests/data/csd_families/VITDEL/VITDEL.cif,tests/data/csd_families/VITDEL/VITDEL02.cif,8,0.00254199281334877,0,nan,failed,False
tests/data/csd_families/VITDEL/VITDEL.cif,tests/data/csd_families/VITDEL/VITDEL02.cif,10,0.0032663363963365555,0,nan,failed,False
tests/data/csd_families/VITDEL/VITDEL.cif,tests/data/csd_families/VITDEL/VITDEL02.cif,15,0.003093182109296322,0,nan,failed,False
tests/data/csd_families/VITDEL/VITDEL.cif,tests/data/csd_families/VITDEL/VITDEL02.cif,20,0.0035110898315906525,0,nan,failed,False
tests/data/csd_families/VITDEL/VITDEL.cif,tests/data/csd_families/VITDEL/VITDEL02.cif,25,0.003916527144610882,0,nan,failed,False
tests/data/csd_families/VITDEL/VITDEL.cif,tests/data/csd_families/VITDEL/VITDEL02.cif,30,0.004232550971210003,0,nan,failed,False
tests/data/csd_families/VITDEL/VITDEL.cif,tests/data/csd_families/VITDEL/VITDEL02.cif,40,0.004968464374542236,0,nan,failed,False
tests/data/csd_families/VITDEL/VITDEL.cif,tests/data/csd_families/VITDEL/VITDEL02.cif,50,0.005890079773962498,0,nan,failed,False
tests/data/csd_families/VITDEL/VITDEL.cif,tests/data/csd_families/VITDEL/VITDEL02.cif,75,0.008644826710224152,0,nan,failed,False
tests/data/csd_families/VITDEL/VITDEL.cif,tests/data/csd_families/VITDEL/VITDEL02.cif,100,0.012237638235092163,0,nan,failed,False
tests/data/csd_families/VITDEL/VITDEL.cif,tests/data/csd_families/VITDEL/VITDEL02.cif,150,0.022610442712903023,0,nan,failed,False
tests/data/csd_families/LSERIN/LSERIN11.cif,tests/data/csd_families/LSERIN/LSERIN12.cif,1,0.0032843556255102158,1,0.015932776087228324,full,False
tests/data/experimental/galunisertib/Galunisertib_FORM_III.cif,tests/data/experimental/galunisertib/Galunisertib_FORM_VIII.cif,1,0.004837351851165295,0,nan,failed,False
tests/data/csd_families/LSERIN/LSERIN11.cif,tests/data/csd_families/LSERIN/LSERIN12.cif,2,0.0031187525019049644,2,0.03333496660602902,full,False
tests/data/experimental/galunisertib/Galunisertib_FORM_III.cif,tests/data/experimental/galunisertib/Galunisertib_FORM_VIII.cif,2,0.004938863217830658,0,nan,failed,False
tests/data/csd_families/LSERIN/LSERIN11.cif,tests/data/csd_families/LSERIN/LSERIN12.cif,3,0.003220394253730774,3,0.0342337412266663,full,False
tests/data/experimental/galunisertib/Galunisertib_FORM_III.cif,tests/data/experimental/galunisertib/Galunisertib_FORM_VIII.cif,3,0.005327519960701466,0,nan,failed,False
tests/data/csd_families/LSERIN/LSERIN11.cif,tests/data/csd_families/LSERIN/LSERIN12.cif,5,0.003843804821372032,5,0.05943401440595261,full,False
tests/data/experimental/galunisertib/Galunisertib_FORM_III.cif,tests/data/experimental/galunisertib/Galunisertib_FORM_VIII.cif,5,0.005023514851927757,0,nan,failed,False
tests/data/csd_families/LSERIN/LSERIN11.cif,tests/data/csd_families/LSERIN/LSERIN12.cif,8,0.004159510135650635,8,0.07558989775072783,full,False
tests/data/experimental/galunisertib/Galunisertib_FORM_III.cif,tests/data/experimental/galunisertib/Galunisertib_FORM_VIII.cif,8,0.00532614067196846,0,nan,failed,False
tests/data/csd_families/LSERIN/LSERIN11.cif,tests/data/csd_families/LSERIN/LSERIN12.cif,10,0.004634039476513863,10,0.09202359208312946,full,False
tests/data/experimental/galunisertib/Galunisertib_FORM_III.cif,tests/data/experimental/galunisertib/Galunisertib_FORM_VIII.cif,10,0.004583598114550114,0,nan,failed,False
tests/data/csd_families/LSERIN/LSERIN11.cif,tests/data/csd_families/LSERIN/LSERIN12.cif,15,0.0052212681621313095,15,0.09578210364811636,full,False
tests/data/experimental/galunisertib/Galunisertib_FORM_III.cif,tests/data/experimental/galunisertib/Galunisertib_FORM_VIII.cif,15,0.005811838433146477,0,nan,failed,False
tests/data/csd_families/LSERIN/LSERIN11.cif,tests/data/csd_families/LSERIN/LSERIN12.cif,20,0.006203155033290386,20,0.0960800529646811,full,False
tests/data/experimental/galunisertib/Galunisertib_FORM_III.cif,tests/data/experimental/galunisertib/Galunisertib_FORM_VIII.cif,20,0.007147741504013538,0,nan,failed,False
tests/data/csd_families/LSERIN/LSERIN11.cif,tests/data/csd_families/LSERIN/LSERIN12.cif,25,0.008381452411413193,25,0.1193618421499858,full,False
tests/data/experimental/galunisertib/Galunisertib_FORM_III.cif,tests/data/experimental/galunisertib/Galunisertib_FORM_VIII.cif,25,0.007387884892523289,0,nan,failed,False
tests/data/csd_families/LSERIN/LSERIN11.cif,tests/data/csd_families/LSERIN/LSERIN12.cif,30,0.00933011807501316,30,0.13064435383678968,full,False
tests/data/experimental/galunisertib/Galunisertib_FORM_III.cif,tests/data/experimental/galunisertib/Galunisertib_FORM_VIII.cif,30,0.008329581469297409,0,nan,failed,False
tests/data/csd_families/LSERIN/LSERIN11.cif,tests/data/csd_families/LSERIN/LSERIN12.cif,40,0.012020313180983067,40,0.13198283160625662,full,False
tests/data/experimental/galunisertib/Galunisertib_FORM_III.cif,tests/data/experimental/galunisertib/Galunisertib_FORM_VIII.cif,40,0.010703062638640404,0,nan,failed,False
tests/data/csd_families/LSERIN/LSERIN11.cif,tests/data/csd_families/LSERIN/LSERIN12.cif,50,0.015347669832408428,50,0.14586272067683717,full,False
tests/data/experimental/galunisertib/Galunisertib_FORM_III.cif,tests/data/experimental/galunisertib/Galunisertib_FORM_VIII.cif,50,0.012318129651248455,0,nan,failed,False
tests/data/csd_families/LSERIN/LSERIN11.cif,tests/data/csd_families/LSERIN/LSERIN12.cif,75,0.027325542643666267,75,0.15094569972186409,full,False
tests/data/experimental/galunisertib/Galunisertib_FORM_III.cif,tests/data/experimental/galunisertib/Galunisertib_FORM_VIII.cif,75,0.019907837733626366,0,nan,failed,False
tests/data/csd_families/LSERIN/LSERIN11.cif,tests/data/csd_families/LSERIN/LSERIN12.cif,100,0.04440743196755648,100,0.1720308648011159,full,False
tests/data/experimental/galunisertib/Galunisertib_FORM_III.cif,tests/data/experimental/galunisertib/Galunisertib_FORM_VIII.cif,100,0.028066965751349926,0,nan,failed,False
tests/data/csd_families/LSERIN/LSERIN11.cif,tests/data/csd_families/LSERIN/LSERIN12.cif,150,0.0665878290310502,150,0.1972200117561313,full,False
tests/data/experimental/galunisertib/Galunisertib_FORM_III.cif,tests/data/experimental/galunisertib/Galunisertib_FORM_VIII.cif,150,0.04713121894747019,0,nan,failed,False
tests/data/csd_families/TCBENQ/TCBENQ02.cif,tests/data/csd_families/TCBENQ/TCBENQ03.cif,1,0.004194281063973904,1,8.974393957329486e-05,full,False
tests/data/csd_families/TCBENQ/TCBENQ02.cif,tests/data/csd_families/TCBENQ/TCBENQ03.cif,2,0.004354043863713741,2,0.06687377049911201,full,True
tests/data/csd_families/TCBENQ/TCBENQ02.cif,tests/data/csd_families/TCBENQ/TCBENQ03.cif,3,0.005460641346871853,3,0.12726711086185194,full,True
tests/data/csd_families/TCBENQ/TCBENQ02.cif,tests/data/csd_families/TCBENQ/TCBENQ03.cif,5,0.006653874181210995,5,0.173955748401087,full,False
tests/data/csd_families/TCBENQ/TCBENQ02.cif,tests/data/csd_families/TCBENQ/TCBENQ03.cif,8,0.008067416027188301,8,0.23203443355874317,full,False
tests/data/csd_families/TCBENQ/TCBENQ02.cif,tests/data/csd_families/TCBENQ/TCBENQ03.cif,10,0.009210965596139431,10,0.23679856923503306,full,True
tests/data/csd_families/TCBENQ/TCBENQ02.cif,tests/data/csd_families/TCBENQ/TCBENQ03.cif,15,0.010379116050899029,15,0.24714153751643683,full,False
tests/data/csd_families/TCBENQ/TCBENQ02.cif,tests/data/csd_families/TCBENQ/TCBENQ03.cif,20,0.012612893246114254,20,0.25514057372315097,full,True
tests/data/csd_families/TCBENQ/TCBENQ02.cif,tests/data/csd_families/TCBENQ/TCBENQ03.cif,25,0.014711270108819008,25,0.26331115923225307,full,True
tests/data/csd_families/TCBENQ/TCBENQ02.cif,tests/data/csd_families/TCBENQ/TCBENQ03.cif,30,0.017136869952082634,30,0.2682051260843693,full,False
tests/data/csd_families/TCBENQ/TCBENQ02.cif,tests/data/csd_families/TCBENQ/TCBENQ03.cif,40,0.022637613117694855,40,0.2673322267306036,full,False
tests/data/csd_families/TCBENQ/TCBENQ02.cif,tests/data/csd_families/TCBENQ/TCBENQ03.cif,50,0.02692966628819704,50,0.2750195903651126,full,True
tests/data/csd_families/TCBENQ/TCBENQ02.cif,tests/data/csd_families/TCBENQ/TCBENQ03.cif,75,0.04949710797518492,75,0.2945850992093771,full,False
tests/data/csd_families/TCBENQ/TCBENQ02.cif,tests/data/csd_families/TCBENQ/TCBENQ03.cif,100,0.0715631227940321,100,0.297676865653045,full,False
tests/data/csd_families/TCBENQ/TCBENQ02.cif,tests/data/csd_families/TCBENQ/TCBENQ03.cif,150,0.11402233224362135,150,0.31963107107494226,full,True
tests/data/csd_families/OXALDH/OXALDH.cif,tests/data/csd_families/OXALDH/OXALDH01.cif,1,0.0040963189676404,1,0.0004841537824288398,full,False
tests/data/csd_families/FULPIM/FULPIM.cif,tests/data/csd_families/FULPIM/FULPIM02.cif,1,0.0026491647586226463,1,0.00766766797848424,full,False
tests/data/csd_families/CEGHED/CEGHED02.cif,tests/data/csd_families/CEGHED/CEGHED03.cif,1,0.004295382648706436,1,0.009035078733684473,full,False
tests/data/csd_families/OXALDH/OXALDH01.cif,tests/data/csd_families/OXALDH/OXALDH04.cif,1,0.003700852394104004,1,0.0009120728835780963,full,True
tests/data/csd_families/OXALDH/OXALDH.cif,tests/data/csd_families/OXALDH/OXALDH01.cif,2,0.004191541112959385,2,0.00046836763513012224,full,True
tests/data/csd_families/FULPIM/FULPIM.cif,tests/data/csd_families/FULPIM/FULPIM02.cif,2,0.0031281234696507454,2,0.008509619330864958,full,False
tests/data/csd_families/CEGHED/CEGHED02.cif,tests/data/csd_families/CEGHED/CEGHED03.cif,2,0.004727059975266457,2,0.02055218794053959,full,False
tests/data/csd_families/OXALDH/OXALDH01.cif,tests/data/csd_families/OXALDH/OXALDH04.cif,2,0.004452896304428577,2,0.000960268374074265,full,True
tests/data/csd_families/OXALDH/OXALDH.cif,tests/data/csd_families/OXALDH/OXALDH01.cif,3,0.004809841513633728,3,0.0004454176555033522,full,False
tests/data/csd_families/FULPIM/FULPIM.cif,tests/data/csd_families/FULPIM/FULPIM02.cif,3,0.0030140215530991554,3,0.009504263450569502,full,False
tests/data/csd_families/CEGHED/CEGHED02.cif,tests/data/csd_families/CEGHED/CEGHED03.cif,3,0.0051689669489860535,3,0.025372891274372877,full,False
tests/data/csd_families/OXALDH/OXALDH01.cif,tests/data/csd_families/OXALDH/OXALDH04.cif,3,0.005043446086347103,3,0.0009686197769853509,full,False
tests/data/csd_families/OXALDH/OXALDH.cif,tests/data/csd_families/OXALDH/OXALDH01.cif,5,0.005961110815405846,5,0.00046902277069595897,full,True
tests/data/csd_families/FULPIM/FULPIM.cif,tests/data/csd_families/FULPIM/FULPIM02.cif,5,0.0034751994535326958,5,0.009997749902459762,full,False
tests/data/csd_families/CEGHED/CEGHED02.cif,tests/data/csd_families/CEGHED/CEGHED03.cif,5,0.004915532656013966,5,0.03653132463473162,full,False
tests/data/csd_families/OXALDH/OXALDH01.cif,tests/data/csd_families/OXALDH/OXALDH04.cif,5,0.005824718624353409,5,0.0009237105639237517,full,False
tests/data/csd_families/OXALDH/OXALDH.cif,tests/data/csd_families/OXALDH/OXALDH01.cif,8,0.006880796514451504,8,0.0005365218382900286,full,False
tests/data/csd_families/FULPIM/FULPIM.cif,tests/data/csd_families/FULPIM/FULPIM02.cif,8,0.003973416984081268,8,0.010250093654602546,full,False
tests/data/csd_families/CEGHED/CEGHED02.cif,tests/data/csd_families/CEGHED/CEGHED03.cif,8,0.005633375607430935,8,0.040362697660919156,full,False
tests/data/csd_families/OXALDH/OXALDH01.cif,tests/data/csd_families/OXALDH/OXALDH04.cif,8,0.006563181057572365,8,0.0009733209586181179,full,False
tests/data/csd_families/OXALDH/OXALDH.cif,tests/data/csd_families/OXALDH/OXALDH01.cif,10,0.008755089715123177,10,0.000537583885922002,full,False
tests/data/csd_families/FULPIM/FULPIM.cif,tests/data/csd_families/FULPIM/FULPIM02.cif,10,0.004182111471891403,10,0.010628441969594305,full,False
tests/data/csd_families/CEGHED/CEGHED02.cif,tests/data/csd_families/CEGHED/CEGHED03.cif,10,0.005536744371056557,10,0.044475875909535244,full,False
tests/data/csd_families/OXALDH/OXALDH01.cif,tests/data/csd_families/OXALDH/OXALDH04.cif,10,0.008450223132967949,10,0.0010014847873705103,full,False
tests/data/csd_families/OXALDH/OXALDH.cif,tests/data/csd_families/OXALDH/OXALDH01.cif,15,0.010103972628712654,15,0.0005618171826881414,full,False
tests/data/csd_families/FULPIM/FULPIM.cif,tests/data/csd_families/FULPIM/FULPIM02.cif,15,0.0049579935148358345,15,0.012756711467452733,full,False
tests/data/csd_families/CEGHED/CEGHED02.cif,tests/data/csd_families/CEGHED/CEGHED03.cif,15,0.006147333420813084,15,0.047965993051331056,full,False
tests/data/csd_families/OXALDH/OXALDH01.cif,tests/data/csd_families/OXALDH/OXALDH04.cif,15,0.010348565876483917,15,0.0010259121692980729,full,True
tests/data/csd_families/OXALDH/OXALDH.cif,tests/data/csd_families/OXALDH/OXALDH01.cif,20,0.012322728522121906,20,0.0007335108657973439,full,True
tests/data/csd_families/FULPIM/FULPIM.cif,tests/data/csd_families/FULPIM/FULPIM02.cif,20,0.005613295361399651,20,0.013045901485252656,full,False
tests/data/csd_families/CEGHED/CEGHED02.cif,tests/data/csd_families/CEGHED/CEGHED03.cif,20,0.007181150838732719,20,0.049106535710952755,full,False
tests/data/csd_families/OXALDH/OXALDH01.cif,tests/data/csd_families/OXALDH/OXALDH04.cif,20,0.012760556302964687,20,0.0010209854301380097,full,False
tests/data/csd_families/OXALDH/OXALDH.cif,tests/data/csd_families/OXALDH/OXALDH01.cif,25,0.015540803782641888,25,0.000805561087813769,full,False
tests/data/csd_families/FULPIM/FULPIM.cif,tests/data/csd_families/FULPIM/FULPIM02.cif,25,0.007302653975784779,25,0.012911595014138091,full,False
tests/data/csd_families/CEGHED/CEGHED02.cif,tests/data/csd_families/CEGHED/CEGHED03.cif,25,0.008357631973922253,25,0.054241979241762654,full,False
tests/data/csd_families/OXALDH/OXALDH01.cif,tests/data/csd_families/OXALDH/OXALDH04.cif,25,0.015442971140146255,25,0.001020851546091701,full,False
tests/data/csd_families/OXALDH/OXALDH.cif,tests/data/csd_families/OXALDH/OXALDH01.cif,30,0.018527673557400703,30,0.0009113884930192058,full,True
tests/data/csd_families/FULPIM/FULPIM.cif,tests/data/csd_families/FULPIM/FULPIM02.cif,30,0.008236228488385677,30,0.013380020897673454,full,False
tests/data/csd_families/CEGHED/CEGHED02.cif,tests/data/csd_families/CEGHED/CEGHED03.cif,30,0.009217195212841034,30,0.054446782765961654,full,False
tests/data/csd_families/OXALDH/OXALDH01.cif,tests/data/csd_families/OXALDH/OXALDH04.cif,30,0.018223078921437263,30,0.0010382881843195209,full,False
tests/data/csd_families/OXALDH/OXALDH.cif,tests/data/csd_families/OXALDH/OXALDH01.cif,40,0.027020378038287163,40,0.0009152254446944685,full,False
tests/data/csd_families/FULPIM/FULPIM.cif,tests/data/csd_families/FULPIM/FULPIM02.cif,40,0.010495038703083992,40,0.014871825090994165,full,False
tests/data/csd_families/CEGHED/CEGHED02.cif,tests/data/csd_families/CEGHED/CEGHED03.cif,40,0.010970615781843662,40,0.06541617836896846,full,False
tests/data/csd_families/OXALDH/OXALDH01.cif,tests/data/csd_families/OXALDH/OXALDH04.cif,40,0.026778063736855984,40,0.0010476676923867952,full,True
tests/data/csd_families/OXALDH/OXALDH.cif,tests/data/csd_families/OXALDH/OXALDH01.cif,50,0.038267478346824646,50,0.0009157744373427039,full,True
tests/data/csd_families/FULPIM/FULPIM.cif,tests/data/csd_families/FULPIM/FULPIM02.cif,50,0.013630500063300133,50,0.015419321673490576,full,False
tests/data/csd_families/CEGHED/CEGHED02.cif,tests/data/csd_families/CEGHED/CEGHED03.cif,50,0.0137763237580657,50,0.06946167125283902,full,False
tests/data/csd_families/OXALDH/OXALDH01.cif,tests/data/csd_families/OXALDH/OXALDH04.cif,50,0.036949776113033295,50,0.0010611065150200368,full,True
tests/data/csd_families/OXALDH/OXALDH.cif,tests/data/csd_families/OXALDH/OXALDH01.cif,75,0.055588792078197,75,0.000985810397798955,full,False
tests/data/csd_families/FULPIM/FULPIM.cif,tests/data/csd_families/FULPIM/FULPIM02.cif,75,0.019863796420395374,75,0.017635044452790283,full,False
tests/data/csd_families/CEGHED/CEGHED02.cif,tests/data/csd_families/CEGHED/CEGHED03.cif,75,0.02104487642645836,75,0.07600657232780353,full,False
tests/data/csd_families/OXALDH/OXALDH01.cif,tests/data/csd_families/OXALDH/OXALDH04.cif,75,0.05211149249225855,75,0.0010618430249937996,full,False
tests/data/csd_families/OXALDH/OXALDH.cif,tests/data/csd_families/OXALDH/OXALDH01.cif,100,0.0969855235889554,100,0.0010153372767329955,full,True
tests/data/csd_families/FULPIM/FULPIM.cif,tests/data/csd_families/FULPIM/FULPIM02.cif,100,0.03513581492006779,100,0.01786010262864161,full,False
tests/data/csd_families/CEGHED/CEGHED02.cif,tests/data/csd_families/CEGHED/CEGHED03.cif,100,0.027807441540062428,100,0.08803332619238431,full,False
tests/data/csd_families/OXALDH/OXALDH01.cif,tests/data/csd_families/OXALDH/OXALDH04.cif,100,0.09560209047049284,100,0.001055905923360991,full,False
tests/data/csd_families/OXALDH/OXALDH.cif,tests/data/csd_families/OXALDH/OXALDH01.cif,150,0.143245798535645,150,0.001225292662477817,full,False
tests/data/csd_families/FULPIM/FULPIM.cif,tests/data/csd_families/FULPIM/FULPIM02.cif,150,0.06403044518083334,150,0.020688090880492508,full,False
tests/data/csd_families/CEGHED/CEGHED02.cif,tests/data/csd_families/CEGHED/CEGHED03.cif,150,0.04673229157924652,150,0.09468403938441196,full,False
tests/data/csd_families/OXALDH/OXALDH01.cif,tests/data/csd_families/OXALDH/OXALDH04.cif,150,0.1405001012608409,150,0.0011121827851269766,full,True
tests/data/csd_families/BACKOK/BACKOK.cif,tests/data/csd_families/BACKOK/BACKOK03.cif,1,0.004265991970896721,1,0.024994152980064292,full,True
tests/data/csd_families/BACKOK/BACKOK.cif,tests/data/csd_families/BACKOK/BACKOK03.cif,2,0.004519397392868996,2,0.030330531013490137,full,False
tests/data/csd_families/BACKOK/BACKOK.cif,tests/data/csd_families/BACKOK/BACKOK03.cif,3,0.0047897109761834145,3,0.030084806463164086,full,True
tests/data/csd_families/BACKOK/BACKOK.cif,tests/data/csd_families/BACKOK/BACKOK03.cif,5,0.005252678878605366,5,0.030153634708960243,full,False
tests/data/csd_families/BACKOK/BACKOK.cif,tests/data/csd_families/BACKOK/BACKOK03.cif,8,0.005956060253083706,8,0.037231435535506466,full,True
tests/data/csd_families/BACKOK/BACKOK.cif,tests/data/csd_families/BACKOK/BACKOK03.cif,10,0.006949718110263348,10,0.03746018341367597,full,True
tests/data/csd_families/BACKOK/BACKOK.cif,tests/data/csd_families/BACKOK/BACKOK03.cif,15,0.007771112024784088,15,0.03826753029183112,full,False
tests/data/csd_families/BACKOK/BACKOK.cif,tests/data/csd_families/BACKOK/BACKOK03.cif,20,0.009214965626597404,20,0.040702304240557444,full,True
tests/data/csd_families/BACKOK/BACKOK.cif,tests/data/csd_families/BACKOK/BACKOK03.cif,25,0.011218320578336716,25,0.04177164264748477,full,True
tests/data/csd_families/BACKOK/BACKOK.cif,tests/data/csd_families/BACKOK/BACKOK03.cif,30,0.012868737801909447,30,0.045791035415797876,full,False
tests/data/csd_families/BACKOK/BACKOK.cif,tests/data/csd_families/BACKOK/BACKOK03.cif,40,0.01771514117717743,40,0.047482929260193506,full,False
tests/data/csd_families/BACKOK/BACKOK.cif,tests/data/csd_families/BACKOK/BACKOK03.cif,50,0.021555814892053604,50,0.0481025552243693,full,True
tests/data/csd_families/BACKOK/BACKOK.cif,tests/data/csd_families/BACKOK/BACKOK03.cif,75,0.03445309400558472,75,0.0557384133497128,full,False
tests/data/csd_families/BACKOK/BACKOK.cif,tests/data/csd_families/BACKOK/BACKOK03.cif,100,0.049784572795033455,100,0.05775712492704192,full,True
tests/data/csd_families/BACKOK/BACKOK.cif,tests/data/csd_families/BACKOK/BACKOK03.cif,150,0.08124408684670925,150,0.06476598751519974,full,True
tests/data/csd_families/MEUREA/MEUREA02.cif,tests/data/csd_families/MEUREA/MEUREA03.cif,1,0.0022268183529376984,1,0.039036578690834337,full,True
tests/data/csd_families/LALNIN/LALNIN01.cif,tests/data/csd_families/LALNIN/LALNIN14.cif,1,2.2110529243946075e-05,0,nan,failed,False
tests/data/csd_families/DMSULO/DMSULO.cif,tests/data/csd_families/DMSULO/DMSULO05.cif,1,0.002608194947242737,1,0.01036037053899738,full,False
tests/data/csd_families/LALNIN/LALNIN.cif,tests/data/csd_families/LALNIN/LALNIN14.cif,1,1.5300698578357697e-05,0,nan,failed,False
tests/data/csd_families/MEUREA/MEUREA02.cif,tests/data/csd_families/MEUREA/MEUREA03.cif,2,0.001853671856224537,2,0.0599172149096652,full,True
tests/data/csd_families/LALNIN/LALNIN01.cif,tests/data/csd_families/LALNIN/LALNIN14.cif,2,7.66012817621231e-06,0,nan,failed,False
tests/data/csd_families/DMSULO/DMSULO.cif,tests/data/csd_families/DMSULO/DMSULO05.cif,2,0.0026526255533099174,2,0.018411810108587202,full,False
tests/data/csd_families/LALNIN/LALNIN.cif,tests/data/csd_families/LALNIN/LALNIN14.cif,2,7.0193782448768616e-06,0,nan,failed,False
tests/data/csd_families/MEUREA/MEUREA02.cif,tests/data/csd_families/MEUREA/MEUREA03.cif,3,0.0019271336495876312,3,0.06781080540809624,full,True
tests/data/csd_families/LALNIN/LALNIN01.cif,tests/data/csd_families/LALNIN/LALNIN14.cif,3,7.100403308868408e-06,0,nan,failed,False
tests/data/csd_families/DMSULO/DMSULO.cif,tests/data/csd_families/DMSULO/DMSULO05.cif,3,0.0033499961718916893,3,0.05399849353615282,full,True
tests/data/csd_families/LALNIN/LALNIN.cif,tests/data/csd_families/LALNIN/LALNIN14.cif,3,2.09808349609375e-05,0,nan,failed,False
tests/data/csd_families/MEUREA/MEUREA02.cif,tests/data/csd_families/MEUREA/MEUREA03.cif,5,0.0023292088881134987,5,0.31192348083348864,full,True
tests/data/csd_families/LALNIN/LALNIN01.cif,tests/data/csd_families/LALNIN/LALNIN14.cif,5,8.330680429935455e-06,0,nan,failed,False
tests/data/csd_families/DMSULO/DMSULO.cif,tests/data/csd_families/DMSULO/DMSULO05.cif,5,0.0035790307447314262,5,0.06206974432487497,full,True
tests/data/csd_families/LALNIN/LALNIN.cif,tests/data/csd_families/LALNIN/LALNIN14.cif,5,2.2860243916511536e-05,0,nan,failed,False
tests/data/csd_families/MEUREA/MEUREA02.cif,tests/data/csd_families/MEUREA/MEUREA03.cif,8,0.002967230975627899,7,0.35950708032188056,partial,True
tests/data/csd_families/LALNIN/LALNIN01.cif,tests/data/csd_families/LALNIN/LALNIN14.cif,8,1.4120712876319885e-05,0,nan,failed,False
tests/data/csd_families/DMSULO/DMSULO.cif,tests/data/csd_families/DMSULO/DMSULO05.cif,8,0.00460409838706255,8,0.08613750432993995,full,False
tests/data/csd_families/LALNIN/LALNIN.cif,tests/data/csd_families/LALNIN/LALNIN14.cif,8,7.160007953643799e-06,0,nan,failed,False
tests/data/csd_families/MEUREA/MEUREA02.cif,tests/data/csd_families/MEUREA/MEUREA03.cif,10,0.003216855227947235,8,0.45972801606907854,partial,True
tests/data/csd_families/LALNIN/LALNIN01.cif,tests/data/csd_families/LALNIN/LALNIN14.cif,10,1.6050413250923157e-05,0,nan,failed,False
tests/data/csd_families/DMSULO/DMSULO.cif,tests/data/csd_families/DMSULO/DMSULO05.cif,10,0.005153137259185314,10,0.09337723302665514,full,True
tests/data/csd_families/LALNIN/LALNIN.cif,tests/data/csd_families/LALNIN/LALNIN14.cif,10,2.134963870048523e-05,0,nan,failed,False
tests/data/csd_families/MEUREA/MEUREA02.cif,tests/data/csd_families/MEUREA/MEUREA03.cif,15,0.0037430329248309135,11,0.5929916918827327,partial,True
tests/data/csd_families/LALNIN/LALNIN01.cif,tests/data/csd_families/LALNIN/LALNIN14.cif,15,5.059875547885895e-06,0,nan,failed,False
tests/data/csd_families/DMSULO/DMSULO.cif,tests/data/csd_families/DMSULO/DMSULO05.cif,15,0.006233345717191696,15,0.10103769998701247,full,False
tests/data/csd_families/LALNIN/LALNIN.cif,tests/data/csd_families/LALNIN/LALNIN14.cif,15,7.269904017448425e-06,0,nan,failed,False
tests/data/csd_families/MEUREA/MEUREA02.cif,tests/data/csd_families/MEUREA/MEUREA03.cif,20,0.004084519110620022,15,0.6231432814230391,partial,True
tests/data/csd_families/LALNIN/LALNIN01.cif,tests/data/csd_families/LALNIN/LALNIN14.cif,20,7.60052353143692e-06,0,nan,failed,False
tests/data/csd_families/DMSULO/DMSULO.cif,tests/data/csd_families/DMSULO/DMSULO05.cif,20,0.007907613180577755,20,0.12977689615486726,full,True
tests/data/csd_families/LALNIN/LALNIN.cif,tests/data/csd_families/LALNIN/LALNIN14.cif,20,8.510425686836243e-06,0,nan,failed,False
tests/data/csd_families/MEUREA/MEUREA02.cif,tests/data/csd_families/MEUREA/MEUREA03.cif,25,0.004721499979496002,17,0.6578927630288351,partial,True
tests/data/csd_families/LALNIN/LALNIN01.cif,tests/data/csd_families/LALNIN/LALNIN14.cif,25,7.840804755687714e-06,0,nan,failed,False
tests/data/csd_families/DMSULO/DMSULO.cif,tests/data/csd_families/DMSULO/DMSULO05.cif,25,0.008934992365539074,25,0.13470520982307546,full,False
tests/data/csd_families/LALNIN/LALNIN.cif,tests/data/csd_families/LALNIN/LALNIN14.cif,25,1.3081356883049011e-05,0,nan,failed,False
tests/data/csd_families/MEUREA/MEUREA02.cif,tests/data/csd_families/MEUREA/MEUREA03.cif,30,0.0048065707087516785,15,0.5712387439881472,partial,True
tests/data/csd_families/LALNIN/LALNIN01.cif,tests/data/csd_families/LALNIN/LALNIN14.cif,30,8.769333362579346e-06,0,nan,failed,False
tests/data/csd_families/DMSULO/DMSULO.cif,tests/data/csd_families/DMSULO/DMSULO05.cif,30,0.010955524630844593,30,0.13446488364607448,full,True
tests/data/csd_families/LALNIN/LALNIN.cif,tests/data/csd_families/LALNIN/LALNIN14.cif,30,8.31950455904007e-06,0,nan,failed,False
tests/data/csd_families/MEUREA/MEUREA02.cif,tests/data/csd_families/MEUREA/MEUREA03.cif,40,0.006336446851491928,22,0.6254499256466594,partial,True
tests/data/csd_families/LALNIN/LALNIN01.cif,tests/data/csd_families/LALNIN/LALNIN14.cif,40,7.820315659046173e-06,0,nan,failed,False
tests/data/csd_families/DMSULO/DMSULO.cif,tests/data/csd_families/DMSULO/DMSULO05.cif,40,0.013849684968590736,40,0.14593055428911234,full,False
tests/data/csd_families/LALNIN/LALNIN.cif,tests/data/csd_families/LALNIN/LALNIN14.cif,40,8.109956979751587e-06,0,nan,failed,False
tests/data/csd_families/MEUREA/MEUREA02.cif,tests/data/csd_families/MEUREA/MEUREA03.cif,50,0.0077830720692873,23,0.6355704725914267,failed,True
tests/data/csd_families/LALNIN/LALNIN01.cif,tests/data/csd_families/LALNIN/LALNIN14.cif,50,1.4409422874450684e-05,0,nan,failed,False
tests/data/csd_families/DMSULO/DMSULO.cif,tests/data/csd_families/DMSULO/DMSULO05.cif,50,0.017916384153068066,50,0.15218067407481264,full,True
tests/data/csd_families/LALNIN/LALNIN.cif,tests/data/csd_families/LALNIN/LALNIN14.cif,50,8.599832653999329e-06,0,nan,failed,False
tests/data/csd_families/MEUREA/MEUREA02.cif,tests/data/csd_families/MEUREA/MEUREA03.cif,75,0.013650480657815933,33,0.6838657166410257,failed,True
tests/data/csd_families/LALNIN/LALNIN01.cif,tests/data/csd_families/LALNIN/LALNIN14.cif,75,8.469447493553162e-06,0,nan,failed,False
tests/data/csd_families/DMSULO/DMSULO.cif,tests/data/csd_families/DMSULO/DMSULO05.cif,75,0.026482589542865753,75,0.1798258386153999,full,True
tests/data/csd_families/LALNIN/LALNIN.cif,tests/data/csd_families/LALNIN/LALNIN14.cif,75,9.039416909217834e-06,0,nan,failed,False
tests/data/csd_families/MEUREA/MEUREA02.cif,tests/data/csd_families/MEUREA/MEUREA03.cif,100,0.016462398692965508,36,0.6782163993114271,failed,True
tests/data/csd_families/LALNIN/LALNIN01.cif,tests/data/csd_families/LALNIN/LALNIN14.cif,100,7.960014045238495e-06,0,nan,failed,False
tests/data/csd_families/DMSULO/DMSULO.cif,tests/data/csd_families/DMSULO/DMSULO05.cif,100,0.03752919565886259,100,0.1948194074489259,full,False
tests/data/csd_families/LALNIN/LALNIN.cif,tests/data/csd_families/LALNIN/LALNIN14.cif,100,8.580274879932404e-06,0,nan,failed,False
tests/data/csd_families/MEUREA/MEUREA02.cif,tests/data/csd_families/MEUREA/MEUREA03.cif,150,0.028210128657519817,48,0.6865554018177745,failed,True
tests/data/csd_families/LALNIN/LALNIN01.cif,tests/data/csd_families/LALNIN/LALNIN14.cif,150,1.1820346117019653e-05,0,nan,failed,False
tests/data/csd_families/DMSULO/DMSULO.cif,tests/data/csd_families/DMSULO/DMSULO05.cif,150,0.058596513234078884,150,0.22234538624633432,full,False
tests/data/csd_families/LALNIN/LALNIN.cif,tests/data/csd_families/LALNIN/LALNIN14.cif,150,1.5980564057826996e-05,0,nan,failed,False
tests/data/csd_families/BBENAN/BBENAN.cif,tests/data/csd_families/BBENAN/BBENAN03.cif,1,0.0041445400565862656,1,0.17173733715522693,full,False
tests/data/csd_families/QODLAZ/QODLAZ.cif,tests/data/csd_families/QODLAZ/QODLAZ01.cif,1,0.003996697254478931,1,0.008711850717285311,full,True
tests/data/csd_families/BBENAN/BBENAN01.cif,tests/data/csd_families/BBENAN/BBENAN03.cif,1,0.0035964716225862503,1,0.012728581071042949,full,True
tests/data/csd_families/CUSALA/CUSALA.cif,tests/data/csd_families/CUSALA/CUSALA04.cif,1,0.004144799895584583,1,0.04514545367313114,full,True
tests/data/csd_families/CUSALA/CUSALA01.cif,tests/data/csd_families/CUSALA/CUSALA05.cif,1,0.003955787047743797,1,0.0373287424462565,full,True
tests/data/csd_families/BBENAN/BBENAN.cif,tests/data/csd_families/BBENAN/BBENAN03.cif,2,0.004831881262362003,2,0.17606576320559356,full,False
tests/data/csd_families/QODLAZ/QODLAZ.cif,tests/data/csd_families/QODLAZ/QODLAZ01.cif,2,0.004299042746424675,2,0.017406632143511316,full,True
tests/data/csd_families/BBENAN/BBENAN01.cif,tests/data/csd_families/BBENAN/BBENAN03.cif,2,0.0041237398982048035,2,0.06891187726616811,full,True
tests/data/csd_families/CUSALA/CUSALA.cif,tests/data/csd_families/CUSALA/CUSALA04.cif,2,0.004381703212857246,1,0.04514545367313114,partial,True
tests/data/csd_families/CUSALA/CUSALA01.cif,tests/data/csd_families/CUSALA/CUSALA05.cif,2,0.00480872206389904,1,0.0373287424462565,partial,True
tests/data/csd_families/BBENAN/BBENAN.cif,tests/data/csd_families/BBENAN/BBENAN03.cif,3,0.005424431525170803,3,0.18305250514492988,full,False
tests/data/csd_families/QODLAZ/QODLAZ.cif,tests/data/csd_families/QODLAZ/QODLAZ01.cif,3,0.0044782161712646484,3,0.02377437535479202,full,True
tests/data/csd_families/BBENAN/BBENAN01.cif,tests/data/csd_families/BBENAN/BBENAN03.cif,3,0.004322303459048271,3,0.09610950797928167,full,True
tests/data/csd_families/CUSALA/CUSALA.cif,tests/data/csd_families/CUSALA/CUSALA04.cif,3,0.004546476528048515,1,0.04514545367313114,failed,True
tests/data/csd_families/CUSALA/CUSALA01.cif,tests/data/csd_families/CUSALA/CUSALA05.cif,3,0.004864542745053768,1,0.0373287424462565,failed,True
tests/data/csd_families/BBENAN/BBENAN.cif,tests/data/csd_families/BBENAN/BBENAN03.cif,5,0.005975550971925259,5,0.19213580700827687,full,False
tests/data/csd_families/QODLAZ/QODLAZ.cif,tests/data/csd_families/QODLAZ/QODLAZ01.cif,5,0.004767430946230888,5,0.022409194638645165,full,True
tests/data/csd_families/BBENAN/BBENAN01.cif,tests/data/csd_families/BBENAN/BBENAN03.cif,5,0.00498641561716795,5,0.12271915894400054,full,True
tests/data/csd_families/CUSALA/CUSALA.cif,tests/data/csd_families/CUSALA/CUSALA04.cif,5,0.004578796215355396,1,0.04514545367313114,failed,True
tests/data/csd_families/CUSALA/CUSALA01.cif,tests/data/csd_families/CUSALA/CUSALA05.cif,5,0.004853301681578159,1,0.0373287424462565,failed,True
tests/data/csd_families/BBENAN/BBENAN.cif,tests/data/csd_families/BBENAN/BBENAN03.cif,8,0.006263646297156811,8,0.19826790260370183,full,False
tests/data/csd_families/QODLAZ/QODLAZ.cif,tests/data/csd_families/QODLAZ/QODLAZ01.cif,8,0.0050107333809137344,8,0.025221574448383917,full,True
tests/data/csd_families/BBENAN/BBENAN01.cif,tests/data/csd_families/BBENAN/BBENAN03.cif,8,0.005731197074055672,8,0.1132089527762172,full,True
tests/data/csd_families/CUSALA/CUSALA.cif,tests/data/csd_families/CUSALA/CUSALA04.cif,8,0.004821380600333214,1,0.04514545367313114,failed,True
tests/data/csd_families/CUSALA/CUSALA01.cif,tests/data/csd_families/CUSALA/CUSALA05.cif,8,0.005449982360005379,1,0.0373287424462565,failed,True
tests/data/csd_families/BBENAN/BBENAN.cif,tests/data/csd_families/BBENAN/BBENAN03.cif,10,0.007073570042848587,10,0.1991854319350659,full,False
tests/data/csd_families/QODLAZ/QODLAZ.cif,tests/data/csd_families/QODLAZ/QODLAZ01.cif,10,0.005420261062681675,10,0.024988565551327637,full,True
tests/data/csd_families/BBENAN/BBENAN01.cif,tests/data/csd_families/BBENAN/BBENAN03.cif,10,0.006643052212893963,10,0.11175840155366003,full,True
tests/data/csd_families/CUSALA/CUSALA.cif,tests/data/csd_families/CUSALA/CUSALA04.cif,10,0.005147947929799557,1,0.04514545367313114,failed,True
tests/data/csd_families/CUSALA/CUSALA01.cif,tests/data/csd_families/CUSALA/CUSALA05.cif,10,0.006061713211238384,1,0.0373287424462565,failed,True
tests/data/csd_families/BBENAN/BBENAN.cif,tests/data/csd_families/BBENAN/BBENAN03.cif,15,0.00975632481276989,15,0.19524041296037642,full,False
tests/data/csd_families/QODLAZ/QODLAZ.cif,tests/data/csd_families/QODLAZ/QODLAZ01.cif,15,0.006001992151141167,15,0.029777292880416417,full,True
tests/data/csd_families/BBENAN/BBENAN01.cif,tests/data/csd_families/BBENAN/BBENAN03.cif,15,0.008231059648096561,15,0.10185650973434904,full,True
tests/data/csd_families/CUSALA/CUSALA.cif,tests/data/csd_families/CUSALA/CUSALA04.cif,15,0.005409032106399536,1,0.04514545367313114,failed,True
tests/data/csd_families/CUSALA/CUSALA01.cif,tests/data/csd_families/CUSALA/CUSALA05.cif,15,0.006385738030076027,1,0.0373287424462565,failed,True
tests/data/csd_families/BBENAN/BBENAN.cif,tests/data/csd_families/BBENAN/BBENAN03.cif,20,0.011384631507098675,20,0.19982542366057512,full,False
tests/data/csd_families/QODLAZ/QODLAZ.cif,tests/data/csd_families/QODLAZ/QODLAZ01.cif,20,0.0069765979424119,20,0.03163337342418479,full,True
tests/data/csd_families/BBENAN/BBENAN01.cif,tests/data/csd_families/BBENAN/BBENAN03.cif,20,0.010689240880310535,20,0.11443843759120244,full,True
tests/data/csd_families/CUSALA/CUSALA.cif,tests/data/csd_families/CUSALA/CUSALA04.cif,20,0.007408075965940952,3,0.8092969331258496,failed,True
tests/data/csd_families/CUSALA/CUSALA01.cif,tests/data/csd_families/CUSALA/CUSALA05.cif,20,0.009553782641887665,1,0.0373287424462565,failed,True
tests/data/csd_families/BBENAN/BBENAN.cif,tests/data/csd_families/BBENAN/BBENAN03.cif,25,0.011119598522782326,25,0.21636716332156858,full,False
tests/data/csd_families/QODLAZ/QODLAZ.cif,tests/data/csd_families/QODLAZ/QODLAZ01.cif,25,0.007944835349917412,25,0.033380245775034914,full,True
tests/data/csd_families/BBENAN/BBENAN01.cif,tests/data/csd_families/BBENAN/BBENAN03.cif,25,0.010959305800497532,25,0.14394409527852098,full,True
tests/data/csd_families/CUSALA/CUSALA.cif,tests/data/csd_families/CUSALA/CUSALA04.cif,25,0.008129088208079338,3,0.8092969331258496,failed,True
tests/data/csd_families/CUSALA/CUSALA01.cif,tests/data/csd_families/CUSALA/CUSALA05.cif,25,0.009828627109527588,1,0.0373287424462565,failed,True
tests/data/csd_families/BBENAN/BBENAN.cif,tests/data/csd_families/BBENAN/BBENAN03.cif,30,0.012771615758538246,30,0.22092799239864377,full,False
tests/data/csd_families/QODLAZ/QODLAZ.cif,tests/data/csd_families/QODLAZ/QODLAZ01.cif,30,0.010583649389445782,30,0.03348049218959179,full,True
tests/data/csd_families/BBENAN/BBENAN01.cif,tests/data/csd_families/BBENAN/BBENAN03.cif,30,0.012411650270223618,30,0.14613797973550086,full,True
tests/data/csd_families/CUSALA/CUSALA.cif,tests/data/csd_families/CUSALA/CUSALA04.cif,30,0.010748793371021748,3,0.497059242026188,failed,False
tests/data/csd_families/CUSALA/CUSALA01.cif,tests/data/csd_families/CUSALA/CUSALA05.cif,30,0.009936448186635971,1,0.0373287424462565,failed,True
tests/data/csd_families/BBENAN/BBENAN.cif,tests/data/csd_families/BBENAN/BBENAN03.cif,40,0.0165448896586895,40,0.2224735535174543,full,False
tests/data/csd_families/QODLAZ/QODLAZ.cif,tests/data/csd_families/QODLAZ/QODLAZ01.cif,40,0.01193902175873518,40,0.03715831813447996,full,True
tests/data/csd_families/BBENAN/BBENAN01.cif,tests/data/csd_families/BBENAN/BBENAN03.cif,40,0.016682692803442478,40,0.15030381993482075,full,True
tests/data/csd_families/CUSALA/CUSALA.cif,tests/data/csd_families/CUSALA/CUSALA04.cif,40,0.01251062098890543,3,0.6434481667735366,failed,True
tests/data/csd_families/CUSALA/CUSALA01.cif,tests/data/csd_families/CUSALA/CUSALA05.cif,40,0.01446988433599472,3,0.6309350251820226,failed,True
tests/data/csd_families/BBENAN/BBENAN.cif,tests/data/csd_families/BBENAN/BBENAN03.cif,50,0.02024203259497881,50,0.2283766598348419,full,False
tests/data/csd_families/QODLAZ/QODLAZ.cif,tests/data/csd_families/QODLAZ/QODLAZ01.cif,50,0.016453648917376995,50,0.04131644753592475,full,True
tests/data/csd_families/BBENAN/BBENAN01.cif,tests/data/csd_families/BBENAN/BBENAN03.cif,50,0.019481969997286797,50,0.16219700809445545,full,True
tests/data/csd_families/CUSALA/CUSALA.cif,tests/data/csd_families/CUSALA/CUSALA04.cif,50,0.015188847668468952,3,0.6434481667735366,failed,True
tests/data/csd_families/CUSALA/CUSALA01.cif,tests/data/csd_families/CUSALA/CUSALA05.cif,50,0.018503332510590553,3,0.6309350251820226,failed,True
tests/data/csd_families/BBENAN/BBENAN.cif,tests/data/csd_families/BBENAN/BBENAN03.cif,75,0.029180455021560192,75,0.25913938216026206,full,False
tests/data/csd_families/QODLAZ/QODLAZ.cif,tests/data/csd_families/QODLAZ/QODLAZ01.cif,75,0.02570422552525997,75,0.04817967384263479,full,True
tests/data/csd_families/BBENAN/BBENAN01.cif,tests/data/csd_families/BBENAN/BBENAN03.cif,75,0.02693212777376175,75,0.2045888947214128,full,True
tests/data/csd_families/CUSALA/CUSALA.cif,tests/data/csd_families/CUSALA/CUSALA04.cif,75,0.027651408687233925,3,0.6434481667735366,failed,True
tests/data/csd_families/CUSALA/CUSALA01.cif,tests/data/csd_families/CUSALA/CUSALA05.cif,75,0.0314345620572567,3,0.6309350251820226,failed,True
tests/data/csd_families/BBENAN/BBENAN.cif,tests/data/csd_families/BBENAN/BBENAN03.cif,100,0.042340357787907124,100,0.27967369080825044,full,False
tests/data/csd_families/QODLAZ/QODLAZ.cif,tests/data/csd_families/QODLAZ/QODLAZ01.cif,100,0.03490933123975992,100,0.052998760913171516,full,True
tests/data/csd_families/BBENAN/BBENAN01.cif,tests/data/csd_families/BBENAN/BBENAN03.cif,100,0.038579453714191914,100,0.2354326057923364,full,True
tests/data/csd_families/CUSALA/CUSALA.cif,tests/data/csd_families/CUSALA/CUSALA04.cif,100,0.03516300581395626,3,0.6434481667735366,failed,True
tests/data/csd_families/CUSALA/CUSALA01.cif,tests/data/csd_families/CUSALA/CUSALA05.cif,100,0.046961535699665546,3,0.6309350251820226,failed,True
tests/data/csd_families/BBENAN/BBENAN.cif,tests/data/csd_families/BBENAN/BBENAN03.cif,150,0.08369471784681082,150,0.3113461545598948,full,False
tests/data/csd_families/QODLAZ/QODLAZ.cif,tests/data/csd_families/QODLAZ/QODLAZ01.cif,150,0.05753644462674856,150,0.061740452205802036,full,True
tests/data/csd_families/BBENAN/BBENAN01.cif,tests/data/csd_families/BBENAN/BBENAN03.cif,150,0.07157305348664522,150,0.27662301188511496,full,True
tests/data/csd_families/CUSALA/CUSALA.cif,tests/data/csd_families/CUSALA/CUSALA04.cif,150,0.07167501375079155,5,0.5545530915562489,failed,True
tests/data/csd_families/CUSALA/CUSALA01.cif,tests/data/csd_families/CUSALA/CUSALA05.cif,150,0.10392801091074944,7,0.6783780450823949,failed,False
tests/data/csd_families/PDHTEZ/PDHTEZ02.cif,tests/data/csd_families/PDHTEZ/PDHTEZ03.cif,1,0.003955698572099209,1,0.007651172140225376,full,True
tests/data/experimental/ROY/QAXMEH26.cif,tests/data/experimental/ROY/QAXMEH28.cif,1,0.002271507866680622,0,nan,failed,False
tests/data/csd_families/PDHTEZ/PDHTEZ02.cif,tests/data/csd_families/PDHTEZ/PDHTEZ03.cif,2,0.004219241440296173,2,0.011892282336269645,full,True
tests/data/experimental/ROY/QAXMEH26.cif,tests/data/experimental/ROY/QAXMEH28.cif,2,0.002452121116220951,0,nan,failed,False
tests/data/csd_families/PDHTEZ/PDHTEZ02.cif,tests/data/csd_families/PDHTEZ/PDHTEZ03.cif,3,0.004472406581044197,3,0.014424716673688316,full,True
tests/data/experimental/ROY/QAXMEH26.cif,tests/data/experimental/ROY/QAXMEH28.cif,3,0.00264846533536911,0,nan,failed,False
tests/data/csd_families/PDHTEZ/PDHTEZ02.cif,tests/data/csd_families/PDHTEZ/PDHTEZ03.cif,5,0.005651406012475491,5,0.01713582477263178,full,True
tests/data/experimental/ROY/QAXMEH26.cif,tests/data/experimental/ROY/QAXMEH28.cif,5,0.0027589062228798866,0,nan,failed,False
tests/data/csd_families/PDHTEZ/PDHTEZ02.cif,tests/data/csd_families/PDHTEZ/PDHTEZ03.cif,8,0.006963158026337624,8,0.02206278550490213,full,True
tests/data/experimental/ROY/QAXMEH26.cif,tests/data/experimental/ROY/QAXMEH28.cif,8,0.002994891256093979,0,nan,failed,False
tests/data/csd_families/PDHTEZ/PDHTEZ02.cif,tests/data/csd_families/PDHTEZ/PDHTEZ03.cif,10,0.006969748064875603,10,0.022060964893858774,full,True
tests/data/experimental/ROY/QAXMEH26.cif,tests/data/experimental/ROY/QAXMEH28.cif,10,0.0037661343812942505,0,nan,failed,False
tests/data/csd_families/PDHTEZ/PDHTEZ02.cif,tests/data/csd_families/PDHTEZ/PDHTEZ03.cif,15,0.008389072492718697,15,0.02404393099768722,full,True
tests/data/experimental/ROY/QAXMEH26.cif,tests/data/experimental/ROY/QAXMEH28.cif,15,0.0029227491468191147,0,nan,failed,False
tests/data/csd_families/PDHTEZ/PDHTEZ02.cif,tests/data/csd_families/PDHTEZ/PDHTEZ03.cif,20,0.010019530542194843,20,0.028888490500756047,full,True
tests/data/experimental/ROY/QAXMEH26.cif,tests/data/experimental/ROY/QAXMEH28.cif,20,0.003412197344005108,0,nan,failed,False
tests/data/csd_families/PDHTEZ/PDHTEZ02.cif,tests/data/csd_families/PDHTEZ/PDHTEZ03.cif,25,0.012591534294188023,25,0.03366298616404749,full,True
tests/data/experimental/ROY/QAXMEH26.cif,tests/data/experimental/ROY/QAXMEH28.cif,25,0.0034987889230251312,0,nan,failed,False
tests/data/csd_families/PDHTEZ/PDHTEZ02.cif,tests/data/csd_families/PDHTEZ/PDHTEZ03.cif,30,0.013878765515983105,30,0.034220549785344105,full,True
tests/data/experimental/ROY/QAXMEH26.cif,tests/data/experimental/ROY/QAXMEH28.cif,30,0.004354394041001797,0,nan,failed,False
tests/data/csd_families/PDHTEZ/PDHTEZ02.cif,tests/data/csd_families/PDHTEZ/PDHTEZ03.cif,40,0.017500977031886578,40,0.036440964712448946,full,True
tests/data/experimental/ROY/QAXMEH26.cif,tests/data/experimental/ROY/QAXMEH28.cif,40,0.004861042834818363,0,nan,failed,False
tests/data/csd_families/PDHTEZ/PDHTEZ02.cif,tests/data/csd_families/PDHTEZ/PDHTEZ03.cif,50,0.020890123210847378,50,0.04078832949235352,full,True
tests/data/experimental/ROY/QAXMEH26.cif,tests/data/experimental/ROY/QAXMEH28.cif,50,0.0053799208253622055,0,nan,failed,False
tests/data/csd_families/PDHTEZ/PDHTEZ02.cif,tests/data/csd_families/PDHTEZ/PDHTEZ03.cif,75,0.03354382794350386,75,0.047592334395631375,full,True
tests/data/experimental/ROY/QAXMEH26.cif,tests/data/experimental/ROY/QAXMEH28.cif,75,0.009318987838923931,0,nan,failed,False
tests/data/csd_families/PDHTEZ/PDHTEZ02.cif,tests/data/csd_families/PDHTEZ/PDHTEZ03.cif,100,0.05157089326530695,100,0.05230690239331134,full,True
tests/data/experimental/ROY/QAXMEH26.cif,tests/data/experimental/ROY/QAXMEH28.cif,100,0.008699078112840652,0,nan,failed,False
tests/data/csd_families/PDHTEZ/PDHTEZ02.cif,tests/data/csd_families/PDHTEZ/PDHTEZ03.cif,150,0.09333954192698002,150,0.06148911287150468,full,True
tests/data/experimental/ROY/QAXMEH26.cif,tests/data/experimental/ROY/QAXMEH28.cif,150,0.018311720341444016,0,nan,failed,False
tests/data/csd_families/TAZDNC/TAZDNC04.cif,tests/data/csd_families/TAZDNC/TAZDNC06.cif,1,0.0047204699367284775,1,0.006474547843776643,full,False
tests/data/csd_families/TAZDNC/TAZDNC04.cif,tests/data/csd_families/TAZDNC/TAZDNC06.cif,2,0.004644908010959625,2,0.014079022712558774,full,False
tests/data/csd_families/TAZDNC/TAZDNC04.cif,tests/data/csd_families/TAZDNC/TAZDNC06.cif,3,0.004969353787600994,3,0.02012132655952176,full,True
tests/data/csd_families/TAZDNC/TAZDNC04.cif,tests/data/csd_families/TAZDNC/TAZDNC06.cif,5,0.0057350872084498405,5,0.01737429073983808,full,True
tests/data/csd_families/TAZDNC/TAZDNC04.cif,tests/data/csd_families/TAZDNC/TAZDNC06.cif,8,0.006348866969347,8,0.023208498956311212,full,False
tests/data/csd_families/TAZDNC/TAZDNC04.cif,tests/data/csd_families/TAZDNC/TAZDNC06.cif,10,0.0071000102907419205,10,0.024227671672884966,full,False
tests/data/csd_families/TAZDNC/TAZDNC04.cif,tests/data/csd_families/TAZDNC/TAZDNC06.cif,15,0.008281051181256771,15,0.02405969227495019,full,False
tests/data/csd_families/TAZDNC/TAZDNC04.cif,tests/data/csd_families/TAZDNC/TAZDNC06.cif,20,0.009569532237946987,20,0.02927347171864713,full,True
tests/data/csd_families/TAZDNC/TAZDNC04.cif,tests/data/csd_families/TAZDNC/TAZDNC06.cif,25,0.011608786880970001,25,0.03188825174133856,full,True
tests/data/csd_families/TAZDNC/TAZDNC04.cif,tests/data/csd_families/TAZDNC/TAZDNC06.cif,30,0.013270934112370014,30,0.03119036638506449,full,False
tests/data/csd_families/TAZDNC/TAZDNC04.cif,tests/data/csd_families/TAZDNC/TAZDNC06.cif,40,0.016705882735550404,40,0.034511018896577886,full,False
tests/data/csd_families/TAZDNC/TAZDNC04.cif,tests/data/csd_families/TAZDNC/TAZDNC06.cif,50,0.019620222970843315,50,0.03771692348524101,full,False
tests/data/csd_families/TAZDNC/TAZDNC04.cif,tests/data/csd_families/TAZDNC/TAZDNC06.cif,75,0.029456259682774544,75,0.04228325396672226,full,False
tests/data/csd_families/TAZDNC/TAZDNC04.cif,tests/data/csd_families/TAZDNC/TAZDNC06.cif,100,0.04666053131222725,100,0.04785776605539629,full,True
tests/data/csd_families/TAZDNC/TAZDNC04.cif,tests/data/csd_families/TAZDNC/TAZDNC06.cif,150,0.07576316408813,150,0.053751152210959,full,False
tests/data/csd_families/NCKLCN/NCKLCN01.cif,tests/data/csd_families/NCKLCN/NCKLCN04.cif,1,1.1749565601348877e-05,0,nan,failed,False
tests/data/csd_families/NCKLCN/NCKLCN01.cif,tests/data/csd_families/NCKLCN/NCKLCN04.cif,2,3.97954136133194e-06,0,nan,failed,False
tests/data/csd_families/NCKLCN/NCKLCN01.cif,tests/data/csd_families/NCKLCN/NCKLCN04.cif,3,2.7008354663848877e-06,0,nan,failed,False
tests/data/csd_families/NCKLCN/NCKLCN01.cif,tests/data/csd_families/NCKLCN/NCKLCN04.cif,5,2.0498409867286682e-06,0,nan,failed,False
tests/data/csd_families/NCKLCN/NCKLCN01.cif,tests/data/csd_families/NCKLCN/NCKLCN04.cif,8,1.8803402781486511e-06,0,nan,failed,False
tests/data/csd_families/NCKLCN/NCKLCN01.cif,tests/data/csd_families/NCKLCN/NCKLCN04.cif,10,3.390014171600342e-06,0,nan,failed,False
tests/data/csd_families/NCKLCN/NCKLCN01.cif,tests/data/csd_families/NCKLCN/NCKLCN04.cif,15,2.2202730178833008e-06,0,nan,failed,False
tests/data/csd_families/NCKLCN/NCKLCN01.cif,tests/data/csd_families/NCKLCN/NCKLCN04.cif,20,1.8998980522155762e-06,0,nan,failed,False
tests/data/csd_families/NCKLCN/NCKLCN01.cif,tests/data/csd_families/NCKLCN/NCKLCN04.cif,25,1.819804310798645e-06,0,nan,failed,False
tests/data/csd_families/NCKLCN/NCKLCN01.cif,tests/data/csd_families/NCKLCN/NCKLCN04.cif,30,1.7201527953147888e-06,0,nan,failed,False
tests/data/csd_families/NCKLCN/NCKLCN01.cif,tests/data/csd_families/NCKLCN/NCKLCN04.cif,40,2.5294721126556396e-06,0,nan,failed,False
tests/data/csd_families/NCKLCN/NCKLCN01.cif,tests/data/csd_families/NCKLCN/NCKLCN04.cif,50,2.18953937292099e-06,0,nan,failed,False
tests/data/csd_families/NCKLCN/NCKLCN01.cif,tests/data/csd_families/NCKLCN/NCKLCN04.cif,75,1.950189471244812e-06,0,nan,failed,False
tests/data/csd_families/NCKLCN/NCKLCN01.cif,tests/data/csd_families/NCKLCN/NCKLCN04.cif,100,1.8095597624778748e-06,0,nan,failed,False
tests/data/csd_families/NCKLCN/NCKLCN01.cif,tests/data/csd_families/NCKLCN/NCKLCN04.cif,150,1.7695128917694092e-06,0,nan,failed,False
tests/data/csd_families/GLYCIN/GLYCIN01.cif,tests/data/csd_families/GLYCIN/GLYCIN02.cif,1,0.0026691751554608345,1,0.03556155324824652,full,True
tests/data/csd_families/GLYCIN/GLYCIN01.cif,tests/data/csd_families/GLYCIN/GLYCIN02.cif,2,0.002418399788439274,2,0.05338717309009789,full,True
tests/data/csd_families/GLYCIN/GLYCIN01.cif,tests/data/csd_families/GLYCIN/GLYCIN02.cif,3,0.002622213214635849,3,0.05697277554443657,full,True
tests/data/csd_families/GLYCIN/GLYCIN01.cif,tests/data/csd_families/GLYCIN/GLYCIN02.cif,5,0.002672305330634117,3,0.05697277554443657,partial,True
tests/data/csd_families/GLYCIN/GLYCIN01.cif,tests/data/csd_families/GLYCIN/GLYCIN02.cif,8,0.002918750047683716,3,0.05697277554443657,failed,True
tests/data/csd_families/GLYCIN/GLYCIN01.cif,tests/data/csd_families/GLYCIN/GLYCIN02.cif,10,0.0037481626495718956,3,0.05697277554443657,failed,True
tests/data/csd_families/GLYCIN/GLYCIN01.cif,tests/data/csd_families/GLYCIN/GLYCIN02.cif,15,0.0037493743002414703,5,0.6327375602036885,failed,True
tests/data/csd_families/GLYCIN/GLYCIN01.cif,tests/data/csd_families/GLYCIN/GLYCIN02.cif,20,0.005123886279761791,5,0.6200461690679706,failed,True
tests/data/csd_families/GLYCIN/GLYCIN01.cif,tests/data/csd_families/GLYCIN/GLYCIN02.cif,25,0.006125502288341522,5,0.5196674313744892,failed,False
tests/data/csd_families/GLYCIN/GLYCIN01.cif,tests/data/csd_families/GLYCIN/GLYCIN02.cif,30,0.006684483960270882,5,0.5196674313744892,failed,False
tests/data/csd_families/GLYCIN/GLYCIN01.cif,tests/data/csd_families/GLYCIN/GLYCIN02.cif,40,0.009226505644619465,6,0.5502970489989616,failed,False
tests/data/csd_families/GLYCIN/GLYCIN01.cif,tests/data/csd_families/GLYCIN/GLYCIN02.cif,50,0.010489367879927158,6,0.5502970489989616,failed,False
tests/data/csd_families/GLYCIN/GLYCIN01.cif,tests/data/csd_families/GLYCIN/GLYCIN02.cif,75,0.020059799775481224,9,0.5362479953788226,failed,False
tests/data/csd_families/GLYCIN/GLYCIN01.cif,tests/data/csd_families/GLYCIN/GLYCIN02.cif,100,0.025882328860461712,9,0.5362479953788226,failed,False
tests/data/csd_families/GLYCIN/GLYCIN01.cif,tests/data/csd_families/GLYCIN/GLYCIN02.cif,150,0.0453939288854599,13,0.5839261442236166,failed,False
tests/data/csd_families/DECVIQ/DECVIQ01.cif,tests/data/csd_families/DECVIQ/DECVIQ11.cif,1,0.006662053056061268,1,1.9809539515562222e-15,full,False
tests/data/csd_families/DECVIQ/DECVIQ01.cif,tests/data/csd_families/DECVIQ/DECVIQ10.cif,1,0.006164073944091797,1,0.1691285965377498,full,True
tests/data/csd_families/DECVIQ/DECVIQ01.cif,tests/data/csd_families/DECVIQ/DECVIQ11.cif,2,0.006448528729379177,2,3.0617757727544485e-15,full,False
tests/data/csd_families/DECVIQ/DECVIQ01.cif,tests/data/csd_families/DECVIQ/DECVIQ10.cif,2,0.006393139250576496,2,0.17003695116287004,full,True
tests/data/csd_families/DECVIQ/DECVIQ01.cif,tests/data/csd_families/DECVIQ/DECVIQ11.cif,3,0.006832684390246868,3,7.0427788927890815e-15,full,False
tests/data/csd_families/DECVIQ/DECVIQ01.cif,tests/data/csd_families/DECVIQ/DECVIQ10.cif,3,0.007884942926466465,3,0.17049231689042943,full,False
tests/data/csd_families/DECVIQ/DECVIQ01.cif,tests/data/csd_families/DECVIQ/DECVIQ11.cif,5,0.007529017515480518,5,5.016459350115609e-15,full,False
tests/data/csd_families/DECVIQ/DECVIQ01.cif,tests/data/csd_families/DECVIQ/DECVIQ10.cif,5,0.007519938051700592,5,0.17058551010872772,full,False
tests/data/csd_families/DECVIQ/DECVIQ01.cif,tests/data/csd_families/DECVIQ/DECVIQ11.cif,8,0.008694186806678772,8,3.914648698211886e-15,full,False
tests/data/csd_families/DECVIQ/DECVIQ01.cif,tests/data/csd_families/DECVIQ/DECVIQ10.cif,8,0.008717017248272896,8,0.17105021042940163,full,False
tests/data/csd_families/DECVIQ/DECVIQ01.cif,tests/data/csd_families/DECVIQ/DECVIQ11.cif,10,0.010406657122075558,10,4.939672511267797e-15,full,False
tests/data/csd_families/DECVIQ/DECVIQ01.cif,tests/data/csd_families/DECVIQ/DECVIQ10.cif,10,0.009291217662394047,10,0.17116533803606176,full,False
tests/data/csd_families/DECVIQ/DECVIQ01.cif,tests/data/csd_families/DECVIQ/DECVIQ11.cif,15,0.01144348457455635,15,4.3924390133264034e-15,full,False
tests/data/csd_families/DECVIQ/DECVIQ01.cif,tests/data/csd_families/DECVIQ/DECVIQ10.cif,15,0.010708642192184925,15,0.1713022570948376,full,False
tests/data/csd_families/DECVIQ/DECVIQ01.cif,tests/data/csd_families/DECVIQ/DECVIQ11.cif,20,0.013787894509732723,20,6.602539407116202e-15,full,False
tests/data/csd_families/DECVIQ/DECVIQ01.cif,tests/data/csd_families/DECVIQ/DECVIQ10.cif,20,0.014283401891589165,20,0.17169855046046628,full,True
tests/data/csd_families/DECVIQ/DECVIQ01.cif,tests/data/csd_families/DECVIQ/DECVIQ11.cif,25,0.016254165209829807,25,7.358940733914646e-15,full,False
tests/data/csd_families/DECVIQ/DECVIQ01.cif,tests/data/csd_families/DECVIQ/DECVIQ10.cif,25,0.01449754647910595,25,0.17188463574424015,full,False
tests/data/csd_families/DECVIQ/DECVIQ01.cif,tests/data/csd_families/DECVIQ/DECVIQ11.cif,30,0.01863530557602644,30,1.031489829987349e-14,full,False
tests/data/csd_families/DECVIQ/DECVIQ01.cif,tests/data/csd_families/DECVIQ/DECVIQ10.cif,30,0.016443339176476002,30,0.17193388572903487,full,True
tests/data/csd_families/DECVIQ/DECVIQ01.cif,tests/data/csd_families/DECVIQ/DECVIQ11.cif,40,0.02325410395860672,40,5.900592671041046e-15,full,False
tests/data/csd_families/DECVIQ/DECVIQ01.cif,tests/data/csd_families/DECVIQ/DECVIQ10.cif,40,0.020167862065136433,40,0.17204817972905084,full,False
tests/data/csd_families/DECVIQ/DECVIQ01.cif,tests/data/csd_families/DECVIQ/DECVIQ11.cif,50,0.02801163401454687,50,8.53128781722598e-15,full,False
tests/data/csd_families/DECVIQ/DECVIQ01.cif,tests/data/csd_families/DECVIQ/DECVIQ10.cif,50,0.02476199995726347,50,0.17241369660129033,full,False
tests/data/csd_families/DECVIQ/DECVIQ01.cif,tests/data/csd_families/DECVIQ/DECVIQ11.cif,75,0.04153846390545368,75,1.2218539597505895e-14,full,False
tests/data/csd_families/DECVIQ/DECVIQ01.cif,tests/data/csd_families/DECVIQ/DECVIQ10.cif,75,0.04361504875123501,75,0.17286362244136444,full,False
tests/data/csd_families/DECVIQ/DECVIQ01.cif,tests/data/csd_families/DECVIQ/DECVIQ11.cif,100,0.05729363113641739,100,1.028897331286248e-14,full,False
tests/data/csd_families/DECVIQ/DECVIQ01.cif,tests/data/csd_families/DECVIQ/DECVIQ10.cif,100,0.05239410791546106,100,0.17334135783099788,full,False
tests/data/csd_families/DECVIQ/DECVIQ01.cif,tests/data/csd_families/DECVIQ/DECVIQ11.cif,150,0.09189662709832191,150,1.4559805433617794e-14,full,False
tests/data/csd_families/DECVIQ/DECVIQ01.cif,tests/data/csd_families/DECVIQ/DECVIQ10.cif,150,0.09533078502863646,150,0.1741063454556704,full,True
tests/data/csd_families/JOFJEW/JOFJEW03.cif,tests/data/csd_families/JOFJEW/JOFJEW04.cif,1,0.004502495750784874,1,0.0035165995815473763,full,False
tests/data/csd_families/JOFJEW/JOFJEW03.cif,tests/data/csd_families/JOFJEW/JOFJEW04.cif,2,0.00479994248598814,2,0.003186206706005122,full,True
tests/data/csd_families/JOFJEW/JOFJEW03.cif,tests/data/csd_families/JOFJEW/JOFJEW04.cif,3,0.005240239202976227,3,0.0028886226336075666,full,False
tests/data/csd_families/JOFJEW/JOFJEW03.cif,tests/data/csd_families/JOFJEW/JOFJEW04.cif,5,0.0065525611862540245,5,0.005080233275847873,full,True
tests/data/csd_families/JOFJEW/JOFJEW03.cif,tests/data/csd_families/JOFJEW/JOFJEW04.cif,8,0.007301202975213528,8,0.005955470393786089,full,False
tests/data/csd_families/JOFJEW/JOFJEW03.cif,tests/data/csd_families/JOFJEW/JOFJEW04.cif,10,0.007816183380782604,10,0.006466878063179746,full,True
tests/data/csd_families/JOFJEW/JOFJEW03.cif,tests/data/csd_families/JOFJEW/JOFJEW04.cif,15,0.00890096090734005,15,0.0064553784998942106,full,True
tests/data/csd_families/JOFJEW/JOFJEW03.cif,tests/data/csd_families/JOFJEW/JOFJEW04.cif,20,0.011622646823525429,20,0.00837797213718901,full,True
tests/data/csd_families/JOFJEW/JOFJEW03.cif,tests/data/csd_families/JOFJEW/JOFJEW04.cif,25,0.012967749498784542,25,0.009120952570663135,full,True
tests/data/csd_families/JOFJEW/JOFJEW03.cif,tests/data/csd_families/JOFJEW/JOFJEW04.cif,30,0.014950722455978394,30,0.010128390845651697,full,False
tests/data/csd_families/JOFJEW/JOFJEW03.cif,tests/data/csd_families/JOFJEW/JOFJEW04.cif,40,0.01865139603614807,40,0.010756559438303098,full,False
tests/data/csd_families/JOFJEW/JOFJEW03.cif,tests/data/csd_families/JOFJEW/JOFJEW04.cif,50,0.0243081022053957,50,0.012620955496112736,full,True
tests/data/csd_families/JOFJEW/JOFJEW03.cif,tests/data/csd_families/JOFJEW/JOFJEW04.cif,75,0.04590094834566116,75,0.013837915399503109,full,False
tests/data/csd_families/JOFJEW/JOFJEW03.cif,tests/data/csd_families/JOFJEW/JOFJEW04.cif,100,0.06285725627094507,100,0.015879266892609066,full,True
tests/data/csd_families/JOFJEW/JOFJEW03.cif,tests/data/csd_families/JOFJEW/JOFJEW04.cif,150,0.10436471831053495,150,0.017612657220389287,full,False
tests/data/csd_families/BUCACT/BUCACT02.cif,tests/data/csd_families/BUCACT/BUCACT04.cif,1,0.0038498155772686005,1,0.006868891933929741,full,True
tests/data/csd_families/BUCACT/BUCACT.cif,tests/data/csd_families/BUCACT/BUCACT02.cif,1,0.003614291548728943,1,0.05390658921520228,full,True
tests/data/csd_families/TETBBZ/TETBBZ01.cif,tests/data/csd_families/TETBBZ/TETBBZ04.cif,1,0.0039788177236914635,1,0.03501537126910349,full,False
tests/data/csd_families/BUCACT/BUCACT02.cif,tests/data/csd_families/BUCACT/BUCACT03.cif,1,0.0033323559910058975,1,0.0070848161610837694,full,False
tests/data/csd_families/BUCACT/BUCACT02.cif,tests/data/csd_families/BUCACT/BUCACT04.cif,2,0.0042955828830599785,2,0.012757936351235967,full,True
tests/data/csd_families/BUCACT/BUCACT.cif,tests/data/csd_families/BUCACT/BUCACT02.cif,2,0.004578367806971073,2,0.08460215462933451,full,True
tests/data/csd_families/TETBBZ/TETBBZ01.cif,tests/data/csd_families/TETBBZ/TETBBZ04.cif,2,0.0045472364872694016,2,0.07976047033175071,full,True
tests/data/csd_families/BUCACT/BUCACT02.cif,tests/data/csd_families/BUCACT/BUCACT03.cif,2,0.004188270308077335,2,0.012165128569123931,full,True
tests/data/csd_families/BUCACT/BUCACT02.cif,tests/data/csd_families/BUCACT/BUCACT04.cif,3,0.0048912931233644485,3,0.01376056628153172,full,True
tests/data/csd_families/BUCACT/BUCACT.cif,tests/data/csd_families/BUCACT/BUCACT02.cif,3,0.004545937292277813,3,0.11705462341951894,full,True
tests/data/csd_families/TETBBZ/TETBBZ01.cif,tests/data/csd_families/TETBBZ/TETBBZ04.cif,3,0.005395391024649143,3,0.11681602271763161,full,True
tests/data/csd_families/BUCACT/BUCACT02.cif,tests/data/csd_families/BUCACT/BUCACT03.cif,3,0.0049707042053341866,3,0.012804013055122037,full,True
tests/data/csd_families/BUCACT/BUCACT02.cif,tests/data/csd_families/BUCACT/BUCACT04.cif,5,0.005637745372951031,5,0.020469586955212928,full,False
tests/data/csd_families/BUCACT/BUCACT.cif,tests/data/csd_families/BUCACT/BUCACT02.cif,5,0.005118196830153465,5,0.12076474770138255,full,False
tests/data/csd_families/TETBBZ/TETBBZ01.cif,tests/data/csd_families/TETBBZ/TETBBZ04.cif,5,0.006335807032883167,5,0.12743505496192095,full,True
tests/data/csd_families/BUCACT/BUCACT02.cif,tests/data/csd_families/BUCACT/BUCACT03.cif,5,0.005761456675827503,5,0.017861021843450828,full,True
tests/data/csd_families/BUCACT/BUCACT02.cif,tests/data/csd_families/BUCACT/BUCACT04.cif,8,0.006513861007988453,8,0.043961238203595786,full,True
tests/data/csd_families/BUCACT/BUCACT.cif,tests/data/csd_families/BUCACT/BUCACT02.cif,8,0.006094982847571373,8,0.15329960390746072,full,True
tests/data/csd_families/TETBBZ/TETBBZ01.cif,tests/data/csd_families/TETBBZ/TETBBZ04.cif,8,0.007402205839753151,8,0.13272251430665935,full,False
tests/data/csd_families/BUCACT/BUCACT02.cif,tests/data/csd_families/BUCACT/BUCACT03.cif,8,0.005698235705494881,8,0.041273801750256404,full,True
tests/data/csd_families/BUCACT/BUCACT02.cif,tests/data/csd_families/BUCACT/BUCACT04.cif,10,0.007314953953027725,10,0.05040240733624049,full,True
tests/data/csd_families/BUCACT/BUCACT.cif,tests/data/csd_families/BUCACT/BUCACT02.cif,10,0.00631293747574091,10,0.15088859875067281,full,False
tests/data/csd_families/TETBBZ/TETBBZ01.cif,tests/data/csd_families/TETBBZ/TETBBZ04.cif,10,0.008596065454185009,10,0.14296819292859345,full,False
tests/data/csd_families/BUCACT/BUCACT02.cif,tests/data/csd_families/BUCACT/BUCACT03.cif,10,0.006298316642642021,10,0.0472443300331212,full,False
tests/data/csd_families/BUCACT/BUCACT02.cif,tests/data/csd_families/BUCACT/BUCACT04.cif,15,0.007811123505234718,15,0.05715154553710164,full,True
tests/data/csd_families/BUCACT/BUCACT.cif,tests/data/csd_families/BUCACT/BUCACT02.cif,15,0.007433457300066948,15,0.15624286400676285,full,False
tests/data/csd_families/TETBBZ/TETBBZ01.cif,tests/data/csd_families/TETBBZ/TETBBZ04.cif,15,0.01073491107672453,15,0.16121638404399916,full,False
tests/data/csd_families/BUCACT/BUCACT02.cif,tests/data/csd_families/BUCACT/BUCACT03.cif,15,0.00740523636341095,15,0.05337277112685203,full,True
tests/data/csd_families/BUCACT/BUCACT02.cif,tests/data/csd_families/BUCACT/BUCACT04.cif,20,0.009091133251786232,20,0.06086301471200971,full,True
tests/data/csd_families/BUCACT/BUCACT.cif,tests/data/csd_families/BUCACT/BUCACT02.cif,20,0.008934211917221546,20,0.1584579409626068,full,True
tests/data/csd_families/TETBBZ/TETBBZ01.cif,tests/data/csd_families/TETBBZ/TETBBZ04.cif,20,0.0145603371784091,20,0.1730163177768529,full,True
tests/data/csd_families/BUCACT/BUCACT02.cif,tests/data/csd_families/BUCACT/BUCACT03.cif,20,0.00923907570540905,20,0.05641495261035372,full,True
tests/data/csd_families/BUCACT/BUCACT02.cif,tests/data/csd_families/BUCACT/BUCACT04.cif,25,0.010414817370474339,25,0.08289803109330146,full,False
tests/data/csd_families/BUCACT/BUCACT.cif,tests/data/csd_families/BUCACT/BUCACT02.cif,25,0.00997041817754507,25,0.16653936739669367,full,True
tests/data/csd_families/TETBBZ/TETBBZ01.cif,tests/data/csd_families/TETBBZ/TETBBZ04.cif,25,0.014299832284450531,25,0.18122025526619828,full,True
tests/data/csd_families/BUCACT/BUCACT02.cif,tests/data/csd_families/BUCACT/BUCACT03.cif,25,0.010481297969818115,25,0.0772887040321446,full,False
tests/data/csd_families/BUCACT/BUCACT02.cif,tests/data/csd_families/BUCACT/BUCACT04.cif,30,0.012323318049311638,30,0.08469701063335582,full,True
tests/data/csd_families/BUCACT/BUCACT.cif,tests/data/csd_families/BUCACT/BUCACT02.cif,30,0.011601007543504238,30,0.20163593057103438,full,True
tests/data/csd_families/TETBBZ/TETBBZ01.cif,tests/data/csd_families/TETBBZ/TETBBZ04.cif,30,0.01721090078353882,30,0.1865625466813859,full,True
tests/data/csd_families/BUCACT/BUCACT02.cif,tests/data/csd_families/BUCACT/BUCACT03.cif,30,0.011135369539260864,30,0.07884663517810561,full,True
tests/data/csd_families/BUCACT/BUCACT02.cif,tests/data/csd_families/BUCACT/BUCACT04.cif,40,0.017959914170205593,40,0.0902586877708024,full,True
tests/data/csd_families/BUCACT/BUCACT.cif,tests/data/csd_families/BUCACT/BUCACT02.cif,40,0.01722138188779354,40,0.22373821446193523,full,False
tests/data/csd_families/TETBBZ/TETBBZ01.cif,tests/data/csd_families/TETBBZ/TETBBZ04.cif,40,0.02249162085354328,40,0.20332308905670957,full,True
tests/data/csd_families/BUCACT/BUCACT02.cif,tests/data/csd_families/BUCACT/BUCACT03.cif,40,0.01696384698152542,40,0.08408846564566543,full,False
tests/data/csd_families/BUCACT/BUCACT02.cif,tests/data/csd_families/BUCACT/BUCACT04.cif,50,0.022845747880637646,50,0.09565443716910511,full,True
tests/data/csd_families/BUCACT/BUCACT.cif,tests/data/csd_families/BUCACT/BUCACT02.cif,50,0.023075150325894356,50,0.23629712244434106,full,False
tests/data/csd_families/TETBBZ/TETBBZ01.cif,tests/data/csd_families/TETBBZ/TETBBZ04.cif,50,0.02635083720088005,50,0.22160600391083696,full,False
tests/data/csd_families/BUCACT/BUCACT02.cif,tests/data/csd_families/BUCACT/BUCACT03.cif,50,0.022700064815580845,50,0.08915418082346438,full,False
tests/data/csd_families/BUCACT/BUCACT02.cif,tests/data/csd_families/BUCACT/BUCACT04.cif,75,0.034135627560317516,75,0.11586434398744244,full,False
tests/data/csd_families/BUCACT/BUCACT.cif,tests/data/csd_families/BUCACT/BUCACT02.cif,75,0.03390156477689743,75,0.2706403469773923,full,False
tests/data/csd_families/TETBBZ/TETBBZ01.cif,tests/data/csd_families/TETBBZ/TETBBZ04.cif,75,0.04045248590409756,75,0.24744023783853034,full,False
tests/data/csd_families/BUCACT/BUCACT02.cif,tests/data/csd_families/BUCACT/BUCACT03.cif,75,0.033852593973279,75,0.1079233009277658,full,False
tests/data/csd_families/BUCACT/BUCACT02.cif,tests/data/csd_families/BUCACT/BUCACT04.cif,100,0.0512155881151557,100,0.12959883018617308,full,False
tests/data/csd_families/BUCACT/BUCACT.cif,tests/data/csd_families/BUCACT/BUCACT02.cif,100,0.06316701043397188,100,0.29256811276455263,full,True
tests/data/csd_families/TETBBZ/TETBBZ01.cif,tests/data/csd_families/TETBBZ/TETBBZ04.cif,100,0.05685786437243223,100,0.26488317679134343,full,True
tests/data/csd_families/BUCACT/BUCACT02.cif,tests/data/csd_families/BUCACT/BUCACT03.cif,100,0.05142913106828928,100,0.12059212281893565,full,False
tests/data/csd_families/BUCACT/BUCACT02.cif,tests/data/csd_families/BUCACT/BUCACT04.cif,150,0.09992089308798313,150,0.14410774214063526,full,True
tests/data/csd_families/BUCACT/BUCACT.cif,tests/data/csd_families/BUCACT/BUCACT02.cif,150,0.10244510602205992,150,0.3389431838878301,full,False
tests/data/csd_families/TETBBZ/TETBBZ01.cif,tests/data/csd_families/TETBBZ/TETBBZ04.cif,150,0.09710579458624125,150,0.3013032616350927,full,True
tests/data/csd_families/BUCACT/BUCACT02.cif,tests/data/csd_families/BUCACT/BUCACT03.cif,150,0.09816966392099857,150,0.1340864792318504,full,True
tests/data/csd_families/WATCID/WATCID10.cif,tests/data/csd_families/WATCID/WATCID11.cif,1,0.004301232285797596,1,0.028192066636505957,full,True
tests/data/csd_families/WATCID/WATCID10.cif,tests/data/csd_families/WATCID/WATCID11.cif,2,0.004863082431256771,2,0.028192066636506107,full,True
tests/data/csd_families/WATCID/WATCID10.cif,tests/data/csd_families/WATCID/WATCID11.cif,3,0.005392951890826225,3,0.028192066636505964,full,True
tests/data/csd_families/WATCID/WATCID10.cif,tests/data/csd_families/WATCID/WATCID11.cif,5,0.006172983907163143,5,0.028192066636505864,full,True
tests/data/csd_families/WATCID/WATCID10.cif,tests/data/csd_families/WATCID/WATCID11.cif,8,0.007447697222232819,8,0.02819206663650595,full,True
tests/data/csd_families/WATCID/WATCID10.cif,tests/data/csd_families/WATCID/WATCID11.cif,10,0.008749808184802532,10,0.028192066636505947,full,True
tests/data/csd_families/WATCID/WATCID10.cif,tests/data/csd_families/WATCID/WATCID11.cif,15,0.010622769594192505,15,0.028192066636505968,full,True
tests/data/csd_families/WATCID/WATCID10.cif,tests/data/csd_families/WATCID/WATCID11.cif,20,0.0122924679890275,20,0.028192066636505975,full,True
tests/data/csd_families/WATCID/WATCID10.cif,tests/data/csd_families/WATCID/WATCID11.cif,25,0.014294183813035488,25,0.028192066636505954,full,True
tests/data/csd_families/WATCID/WATCID10.cif,tests/data/csd_families/WATCID/WATCID11.cif,30,0.01718481071293354,30,0.028192066636505943,full,True
tests/data/csd_families/WATCID/WATCID10.cif,tests/data/csd_families/WATCID/WATCID11.cif,40,0.022520901635289192,40,0.02819206663650598,full,True
tests/data/csd_families/WATCID/WATCID10.cif,tests/data/csd_families/WATCID/WATCID11.cif,50,0.026933825574815273,50,0.028192066636505947,full,True
tests/data/csd_families/WATCID/WATCID10.cif,tests/data/csd_families/WATCID/WATCID11.cif,75,0.041946341283619404,75,0.02819206663650597,full,True
tests/data/csd_families/WATCID/WATCID10.cif,tests/data/csd_families/WATCID/WATCID11.cif,100,0.05840680003166199,100,0.028192066636505968,full,True
tests/data/csd_families/WATCID/WATCID10.cif,tests/data/csd_families/WATCID/WATCID11.cif,150,0.09725202806293964,150,0.02819206663650596,full,True
